smiles,canonical_smiles,toxicity,aureus_MIC,ecoli_MIC,sa_score,similarity_335,distance_335,mic_percentile,sa_percentile,distance_335_percentile,total_score,rank,is_candidate,is_star,is_validated,validated_label,x,y
O=C(c1nn[nH]c1N(Cc1ccccc1)Cc1ccccc1)C1SCCS1,O=C(c1nn[nH]c1N(Cc1ccccc1)Cc1ccccc1)C1SCCS1,中毒,8.702762,42.01063,3.001988077,0.617021277,0.382978723,0.236321304,0.518044237,0.388824214,0.381063252,292,True,False,False,,4.5484324,-35.964405
O=C(c1nn[nH]c1N(Cc1ccccc1)Cc1ccccc1)N1Sc2ccc(F)c3c2C1CNO3,O=C(c1nn[nH]c1N(Cc1ccccc1)Cc1ccccc1)N1Sc2ccc(F)c3c2C1CNO3,中毒,51.713787,29.806166,,,,,,,,,False,False,False,,-4.2112722,33.719345
O=C(c1nn[nH]c1N(Cc1ccccc1)Cc1ccccc1)C(F)(F)Cl,O=C(c1nn[nH]c1N(Cc1ccccc1)Cc1ccccc1)C(F)(F)Cl,高毒,5.6548896,56.60067,2.744746745,0.644444444,0.355555556,0.093131548,0.21653085,0.277648428,0.195770276,85,True,True,False,,-14.111444,-13.19102
O=C(c1ccn(-c2ccc(Cl)cc2)n1)c1nn[nH]c1N(Cc1ccccc1)Cc1ccccc1,O=C(c1ccn(-c2ccc(Cl)cc2)n1)c1nn[nH]c1N(Cc1ccccc1)Cc1ccccc1,低毒,17.851467,106.40436,2.709357092,0.603773585,0.396226415,0.894644936,0.175785797,0.430733411,0.500388048,429,True,False,False,,24.515217,-9.48006
O=C(c1cc2[nH]ccc2o1)c1nn[nH]c1N(Cc1ccccc1)Cc1ccccc1,O=C(c1cc2[nH]ccc2o1)c1nn[nH]c1N(Cc1ccccc1)Cc1ccccc1,低毒,20.311756,64.433624,,,,,,,,,False,False,False,,6.4002748,2.177133
O=C(c1nn[nH]c1N(Cc1ccccc1)Cc1ccccc1)C(c1cc[nH]n1)c1ccc(I)cc1Br,O=C(c1nn[nH]c1N(Cc1ccccc1)Cc1ccccc1)C(c1cc[nH]n1)c1ccc(I)cc1Br,中毒,52.382164,80.76574,,,,,,,,,False,False,False,,-23.638968,-19.981565
O=C(C1=NCON=N1)c1nn[nH]c1N(Cc1ccccc1)Cc1ccccc1,O=C(C1=NCON=N1)c1nn[nH]c1N(Cc1ccccc1)Cc1ccccc1,中毒,12.382022,35.762074,3.386393272,0.632653061,0.367346939,0.533178114,0.763678696,0.313154831,0.536670547,473,True,False,False,,12.876968,5.650745
O=C(c1nn[nH]c1N(Cc1ccccc1)Cc1ccccc1)N1CCOCC1,O=C(c1nn[nH]c1N(Cc1ccccc1)Cc1ccccc1)N1CCOCC1,中毒,31.753386,26.523224,,,,,,,,,False,False,False,,4.652924,34.357254
O=C(c1nn[nH]c1N(Cc1ccccc1)Cc1ccccc1)c1cccc2ccccc12,O=C(c1nn[nH]c1N(Cc1ccccc1)Cc1ccccc1)c1cccc2ccccc12,中毒,23.398779,34.50007,,,,,,,,,False,False,False,,-4.6456914,14.627108
O=C(c1nn[nH]c1N(Cc1ccccc1)Cc1ccccc1)N1CCNCC1,O=C(c1nn[nH]c1N(Cc1ccccc1)Cc1ccccc1)N1CCNCC1,中毒,31.753386,21.591461,,,,,,,,,False,False,False,,1.728715,36.182255
O=C(c1nn[nH]c1N(Cc1ccccc1)Cc1ccccc1)[N+](=O)[O-],O=C(c1nn[nH]c1N(Cc1ccccc1)Cc1ccccc1)[N+](=O)[O-],低毒,8.844177,24.885092,2.741782005,0.659090909,0.340909091,0.250873108,0.215366705,0.19790454,0.221381451,108,True,False,False,,-9.728009,-13.874456
O=C(c1c[nH]cn1)c1nn[nH]c1N(Cc1ccccc1)Cc1ccccc1,O=C(c1c[nH]cn1)c1nn[nH]c1N(Cc1ccccc1)Cc1ccccc1,低毒,28.480597,54.16356,,,,,,,,,False,False,False,,17.500917,-2.8963203
O=C(c1ccc2nsnc2c1)c1nn[nH]c1N(Cc1ccccc1)Cc1ccccc1,O=C(c1ccc2nsnc2c1)c1nn[nH]c1N(Cc1ccccc1)Cc1ccccc1,低毒,26.343826,34.50007,,,,,,,,,False,False,False,,13.235811,17.738995
O=C(c1nn[nH]c1N(Cc1ccccc1)Cc1ccccc1)S(=O)(=O)c1ccccc1,O=C(c1nn[nH]c1N(Cc1ccccc1)Cc1ccccc1)S(=O)(=O)c1ccccc1,中毒,17.033323,64.723854,2.660320627,0.644444444,0.355555556,0.844004657,0.128055879,0.277648428,0.416569655,337,True,False,False,,-12.611124,-30.751556
O=C(c1nn[nH]c1N(Cc1ccccc1)Cc1ccccc1)C1CCCP2(=O)N1OP2(=O)Br,O=C(c1nn[nH]c1N(Cc1ccccc1)Cc1ccccc1)C1CCCP2(=O)N1OP2(=O)Br,中毒,22.649944,30.503714,,,,,,,,,False,False,False,,10.238493,-30.50631
O=C(c1nn[nH]c1N(Cc1ccccc1)Cc1ccccc1)n1nnc2ccccc21,O=C(c1nn[nH]c1N(Cc1ccccc1)Cc1ccccc1)n1nnc2ccccc21,中毒,12.719338,15.41628,2.676791998,0.58,0.42,0.578579744,0.146682189,0.533178114,0.419480016,341,True,False,False,,-0.57874614,28.638962
O=C(c1nn[nH]c1N(Cc1ccccc1)Cc1ccccc1)c1nsc2ccccc12,O=C(c1nn[nH]c1N(Cc1ccccc1)Cc1ccccc1)c1nsc2ccccc12,中毒,49.512,34.579483,,,,,,,,,False,False,False,,27.051767,-0.7075868
O=C(c1nn[nH]c1N(Cc1ccccc1)Cc1ccccc1)C1CC1,O=C(c1nn[nH]c1N(Cc1ccccc1)Cc1ccccc1)C1CC1,高毒,10.869423,32.817757,2.517722469,0.659090909,0.340909091,0.4225844,0.02677532,0.19790454,0.215754754,100,True,True,False,,5.9809165,-32.621628
O=C(c1nn[nH]c1N(Cc1ccccc1)Cc1ccccc1)C1CCCc2c(Br)cccc21,O=C(c1nn[nH]c1N(Cc1ccccc1)Cc1ccccc1)C1CCCc2c(Br)cccc21,中毒,9.605489,24.365522,3.286528256,0.491525424,0.508474576,0.31548312,0.715948778,0.831199069,0.620876989,571,True,False,False,,9.013431,-40.859344
O=C(c1ccc[nH]1)c1nn[nH]c1N(Cc1ccccc1)Cc1ccccc1,O=C(c1ccc[nH]1)c1nn[nH]c1N(Cc1ccccc1)Cc1ccccc1,低毒,4.2356267,34.50007,2.735174423,0.761904762,0.238095238,0.022700815,0.204889406,0.025611176,0.084400466,23,True,True,False,,11.73621,5.7893267
O=C(OCCC(Br)c1cccc([N+](=O)[O-])c1O)c1nn[nH]c1N(Cc1ccccc1)Cc1ccccc1,O=C(OCCC(Br)c1cccc([N+](=O)[O-])c1O)c1nn[nH]c1N(Cc1ccccc1)Cc1ccccc1,低毒,61.441788,68.58584,,,,,,,,,False,False,False,,-24.628912,-4.8374867
O=C(c1ccc(Br)o1)c1nn[nH]c1N(Cc1ccccc1)Cc1ccccc1,O=C(c1ccc(Br)o1)c1nn[nH]c1N(Cc1ccccc1)Cc1ccccc1,低毒,8.125519,37.892868,2.679538126,0.673913043,0.326086957,0.203725262,0.15250291,0.123399302,0.159875825,59,True,True,False,,8.656363,0.6648041
O=C(c1nn[nH]c1N(Cc1ccccc1)Cc1ccccc1)c1c[nH]c2ccccc12,O=C(c1nn[nH]c1N(Cc1ccccc1)Cc1ccccc1)c1c[nH]c2ccccc12,中毒,48.891884,21.234655,,,,,,,,,False,False,False,,-20.312632,22.032524
O=C(c1nn[nH]c1N(Cc1ccccc1)Cc1ccccc1)c1c(O)ccc2c(Br)cccc12,O=C(c1nn[nH]c1N(Cc1ccccc1)Cc1ccccc1)c1c(O)ccc2c(Br)cccc12,中毒,93.0046,14.9330225,,,,,,,,,False,False,False,,1.3784424,3.0068939
O=C(c1ccsc1)c1nn[nH]c1N(Cc1ccccc1)Cc1ccccc1,O=C(c1ccsc1)c1nn[nH]c1N(Cc1ccccc1)Cc1ccccc1,高毒,11.527643,30.313057,2.631409616,0.75,0.25,0.477299185,0.100116414,0.03201397,0.20314319,89,True,True,False,,13.460076,8.0929575
O=C(c1nn[nH]c1N(Cc1ccccc1)Cc1ccccc1)C(c1ccccc1Br)N1CCOC1=O,O=C(c1nn[nH]c1N(Cc1ccccc1)Cc1ccccc1)C(c1ccccc1Br)N1CCOC1=O,中毒,71.58263,33.790993,,,,,,,,,False,False,False,,-23.694078,-29.112806
O=C(c1cnn(-c2ccccc2)c1CNC(F)(F)F)c1nn[nH]c1N(Cc1ccccc1)Cc1ccccc1,O=C(c1cnn(-c2ccccc2)c1CNC(F)(F)F)c1nn[nH]c1N(Cc1ccccc1)Cc1ccccc1,中毒,12.53793,31.966595,3.065906125,0.516666667,0.483333333,0.55355064,0.573923166,0.765424913,0.63096624,584,True,False,False,,-16.043098,7.1038465
O=C(c1cc(O)ccc1Cl)c1nn[nH]c1N(Cc1ccccc1)Cc1ccccc1,O=C(c1cc(O)ccc1Cl)c1nn[nH]c1N(Cc1ccccc1)Cc1ccccc1,中毒,10.806441,32.390194,2.593735571,0.632653061,0.367346939,0.389988359,0.08032596,0.313154831,0.261156383,148,True,False,False,,-12.059381,13.325618
O=C(c1nn[nH]c1N(Cc1ccccc1)Cc1ccccc1)[SH](C1=NOC2(CCCC2)N1c1ccccc1)c1nsnc1N1CCOCC1,O=C(c1nn[nH]c1N(Cc1ccccc1)Cc1ccccc1)[SH](C1=NOC2(CCCC2)N1c1ccccc1)c1nsnc1N1CCOCC1,中毒,44.425186,21.192566,,,,,,,,,False,False,False,,25.90177,4.913263
O=C(c1nn[nH]c1N(Cc1ccccc1)Cc1ccccc1)C(Cl)Cl,O=C(c1nn[nH]c1N(Cc1ccccc1)Cc1ccccc1)C(Cl)Cl,高毒,6.8399177,56.60067,2.704253159,0.674418605,0.325581395,0.151920838,0.172293364,0.10419092,0.142801707,53,True,True,False,,-18.675697,-21.73734
O=C(c1cc(C2CCCCS2(=O)=O)n(-c2nsc(Cl)n2)n1)c1nn[nH]c1N(Cc1ccccc1)Cc1ccccc1,O=C(c1cc(C2CCCCS2(=O)=O)n(-c2nsc(Cl)n2)n1)c1nn[nH]c1N(Cc1ccccc1)Cc1ccccc1,中毒,14.805283,34.700733,4.067174281,0.418918919,0.581081081,0.710128056,0.935972061,0.945285215,0.863795111,814,True,False,False,,22.445148,-1.1043234
O=C(c1nn[nH]c1N(Cc1ccccc1)Cc1ccccc1)c1cn(C2CC2)c2cc(-n3ncc(OC(F)F)cc3=O)ccc12,O=C(c1nn[nH]c1N(Cc1ccccc1)Cc1ccccc1)c1cn(C2CC2)c2cc(-n3ncc(OC(F)F)cc3=O)ccc12,中毒,48.427822,12.816132,,,,,,,,,False,False,False,,-4.6948743,17.306734
O=C(c1cnco1)c1nn[nH]c1N(Cc1ccccc1)Cc1ccccc1,O=C(c1cnco1)c1nn[nH]c1N(Cc1ccccc1)Cc1ccccc1,高毒,14.704881,54.97219,2.848446346,0.673913043,0.326086957,0.706053551,0.34225844,0.123399302,0.390570431,305,True,False,False,,11.675293,2.0140002
O=C(c1cnccn1)c1nn[nH]c1N(Cc1ccccc1)Cc1ccccc1,O=C(c1cnccn1)c1nn[nH]c1N(Cc1ccccc1)Cc1ccccc1,低毒,28.480597,34.579483,,,,,,,,,False,False,False,,16.673258,-5.580134
O=C(c1nn[nH]c1N(Cc1ccccc1)Cc1ccccc1)C(F)(Cl)Cl,O=C(c1nn[nH]c1N(Cc1ccccc1)Cc1ccccc1)C(F)(Cl)Cl,高毒,6.8399177,56.60067,2.817803918,0.644444444,0.355555556,0.151920838,0.306169965,0.277648428,0.245246411,134,True,False,False,,-14.115415,-13.190246
O=C(c1cscc1Cl)c1nn[nH]c1N(Cc1ccccc1)Cc1ccccc1,O=C(c1cscc1Cl)c1nn[nH]c1N(Cc1ccccc1)Cc1ccccc1,中毒,11.527643,30.13742,2.855164768,0.645833333,0.354166667,0.477299185,0.352735739,0.241559953,0.357198293,259,True,False,False,,-7.93287,10.647386
O=C(c1nn[nH]c1N(Cc1ccccc1)Cc1ccccc1)C(F)(F)F,O=C(c1nn[nH]c1N(Cc1ccccc1)Cc1ccccc1)C(F)(F)F,高毒,5.5011296,56.60067,2.631713481,0.69047619,0.30952381,0.09080326,0.103608847,0.080908033,0.09177338,24,True,True,False,,-14.456149,-12.798478
O=C(c1ncns1)c1nn[nH]c1N(Cc1ccccc1)Cc1ccccc1,O=C(c1ncns1)c1nn[nH]c1N(Cc1ccccc1)Cc1ccccc1,低毒,5.7749395,30.845133,3.011792885,0.659574468,0.340425532,0.105355064,0.527357392,0.169965076,0.267559177,158,True,False,False,,8.581829,-11.04881
O=C(c1ccccc1-c1cccc2cccnc12)c1nn[nH]c1N(Cc1ccccc1)Cc1ccccc1,O=C(c1ccccc1-c1cccc2cccnc12)c1nn[nH]c1N(Cc1ccccc1)Cc1ccccc1,中毒,10.461635,32.179115,2.689424871,0.574074074,0.425925926,0.363213038,0.159487776,0.55878929,0.360496702,263,True,False,False,,-6.248356,3.8602374
O=C(c1ccc(C(F)(F)F)cc1)c1nn[nH]c1N(Cc1ccccc1)Cc1ccccc1,O=C(c1ccc(C(F)(F)F)cc1)c1nn[nH]c1N(Cc1ccccc1)Cc1ccccc1,低毒,9.796233,31.501791,2.536377629,0.772727273,0.227272727,0.321303842,0.039580908,0.01862631,0.126503686,37,True,True,False,,12.135243,9.813661
O=C(c1ccc(Cl)cc1)c1nn[nH]c1N(Cc1ccccc1)Cc1ccccc1,O=C(c1ccc(Cl)cc1)c1nn[nH]c1N(Cc1ccccc1)Cc1ccccc1,低毒,4.2356267,34.50007,2.401552523,0.829268293,0.170731707,0.022700815,0.002328289,0.006402794,0.010477299,3,True,True,False,,12.256604,10.748341
O=C(c1nn[nH]c1N(Cc1ccccc1)Cc1ccccc1)c1snc(F)c1I,O=C(c1nn[nH]c1N(Cc1ccccc1)Cc1ccccc1)c1snc(F)c1I,中毒,50.64892,20.081724,,,,,,,,,False,False,False,,25.923214,-3.0017252
O=C(c1nn[nH]c1N(Cc1ccccc1)Cc1ccccc1)C(Cl)(Cl)Cl,O=C(c1nn[nH]c1N(Cc1ccccc1)Cc1ccccc1)C(Cl)(Cl)Cl,低毒,6.8399177,56.60067,2.759090612,0.674418605,0.325581395,0.151920838,0.231664726,0.10419092,0.162592161,62,True,True,False,,-13.368501,-13.204868
O=C(c1n[nH]c(CC=CBr)n1)c1nn[nH]c1N(Cc1ccccc1)Cc1ccccc1,O=C(c1n[nH]c(CC=CBr)n1)c1nn[nH]c1N(Cc1ccccc1)Cc1ccccc1,低毒,12.574484,26.708387,3.311165411,0.574074074,0.425925926,0.562281723,0.732246799,0.55878929,0.617772604,566,True,False,False,,19.6509,3.7517247
O=C(Nc1ncc2n1COCCO2)C(=O)c1nn[nH]c1N(Cc1ccccc1)Cc1ccccc1,O=C(Nc1ncc2n1COCCO2)C(=O)c1nn[nH]c1N(Cc1ccccc1)Cc1ccccc1,中毒,37.569088,20.02914,,,,,,,,,False,False,False,,5.7156343,33.81935
O=C(C(=O)c1nn[nH]c1N(Cc1ccccc1)Cc1ccccc1)c1ccccn1,O=C(C(=O)c1nn[nH]c1N(Cc1ccccc1)Cc1ccccc1)c1ccccn1,高毒,9.562925,45.099583,2.676894837,0.617021277,0.382978723,0.308498254,0.147846333,0.388824214,0.281722934,169,True,False,False,,2.0129685,-13.584211
O=C(c1ccc(OCCCOc2ccccc2I)cc1)c1nn[nH]c1N(Cc1ccccc1)Cc1ccccc1,O=C(c1ccc(OCCCOc2ccccc2I)cc1)c1nn[nH]c1N(Cc1ccccc1)Cc1ccccc1,高毒,10.806441,48.35956,2.72152045,0.62962963,0.37037037,0.389988359,0.192083818,0.356810244,0.312960807,199,True,False,False,,16.095926,13.219533
O=C(c1nn[nH]c1N(Cc1ccccc1)Cc1ccccc1)N1CCN(c2ccc([N+](=O)[O-])cc2)CC1,O=C(c1nn[nH]c1N(Cc1ccccc1)Cc1ccccc1)N1CCN(c2ccc([N+](=O)[O-])cc2)CC1,中毒,28.38094,12.11019,,,,,,,,,False,False,False,,3.9636097,42.3434
Nc1nonc1C(=O)c1nn[nH]c1N(Cc1ccccc1)Cc1ccccc1,Nc1nonc1C(=O)c1nn[nH]c1N(Cc1ccccc1)Cc1ccccc1,微毒,16.576067,30.879324,2.836681841,0.659574468,0.340425532,0.811990687,0.330616997,0.169965076,0.437524253,369,True,False,False,,24.751816,7.731262
O=C(c1ccc2c(c1)OCCO2)c1nn[nH]c1N(Cc1ccccc1)Cc1ccccc1,O=C(c1ccc2c(c1)OCCO2)c1nn[nH]c1N(Cc1ccccc1)Cc1ccccc1,高毒,10.806441,32.818672,2.612530002,0.673469388,0.326530612,0.389988359,0.088474971,0.138533178,0.205665503,91,True,True,False,,16.373917,16.927559
O=C(c1n[nH]nc1-c1cnc2ccccc2n1)c1nn[nH]c1N(Cc1ccccc1)Cc1ccccc1,O=C(c1n[nH]nc1-c1cnc2ccccc2n1)c1nn[nH]c1N(Cc1ccccc1)Cc1ccccc1,中毒,17.45666,32.46234,3.029440581,0.574074074,0.425925926,0.880093132,0.542491269,0.55878929,0.660457897,619,True,False,False,,36.25541,7.186326
O=C(C(F)=CCNc1ccon1)c1nn[nH]c1N(Cc1ccccc1)Cc1ccccc1,O=C(C(F)=CCNc1ccon1)c1nn[nH]c1N(Cc1ccccc1)Cc1ccccc1,高毒,12.537953,50.495193,3.218399877,0.483333333,0.516666667,0.557625146,0.670547148,0.844586729,0.690919674,650,True,False,False,,-17.514482,-11.301182
O=C(c1nc2ccccc2s1)c1nn[nH]c1N(Cc1ccccc1)Cc1ccccc1,O=C(c1nc2ccccc2s1)c1nn[nH]c1N(Cc1ccccc1)Cc1ccccc1,中毒,7.6844206,51.940323,2.667840158,0.632653061,0.367346939,0.18451688,0.137369034,0.313154831,0.211680248,96,True,True,False,,10.7954035,-16.000643
NC(=S)ONC1CSC([O-])C(C(O[N+](=O)[O-])C(=O)c2nn[nH]c2N(Cc2ccccc2)Cc2ccccc2)=CO1,NC(=S)ONC1CSC([O-])C(C(O[N+](=O)[O-])C(=O)c2nn[nH]c2N(Cc2ccccc2)Cc2ccccc2)=CO1,中毒,27.588196,98.6666,,,,,,,,,False,False,False,,-14.396548,-20.567066
O=C(c1ccncc1)c1nn[nH]c1N(Cc1ccccc1)Cc1ccccc1,O=C(c1ccncc1)c1nn[nH]c1N(Cc1ccccc1)Cc1ccccc1,低毒,10.806441,34.50007,2.519740816,0.85,0.15,0.389988359,0.029103609,0.002910361,0.140667443,51,True,True,False,,12.028358,8.573762
O=C(c1cscn1)c1nn[nH]c1N(Cc1ccccc1)Cc1ccccc1,O=C(c1cscn1)c1nn[nH]c1N(Cc1ccccc1)Cc1ccccc1,低毒,5.7749395,33.37947,2.7817875,0.659574468,0.340425532,0.105355064,0.26193248,0.169965076,0.179084206,73,True,True,False,,16.599188,-4.81237
O=C(c1ccsc1Cl)c1nn[nH]c1N(Cc1ccccc1)Cc1ccccc1,O=C(c1ccsc1Cl)c1nn[nH]c1N(Cc1ccccc1)Cc1ccccc1,中毒,11.527643,30.13742,2.775632123,0.645833333,0.354166667,0.477299185,0.254947614,0.241559953,0.324602251,217,True,False,False,,-5.2204494,7.521526
O=C(c1nn[nH]c1N(Cc1ccccc1)Cc1ccccc1)c1ncsc1Br,O=C(c1nn[nH]c1N(Cc1ccccc1)Cc1ccccc1)c1ncsc1Br,低毒,5.7749395,57.25769,2.935038502,0.645833333,0.354166667,0.105355064,0.444703143,0.241559953,0.26387272,151,True,False,False,,7.9260726,-6.8757467
O=C(c1ccccc1)c1nn[nH]c1N(Cc1ccccc1)Cc1ccccc1,O=C(c1ccccc1)c1nn[nH]c1N(Cc1ccccc1)Cc1ccccc1,低毒,4.2356267,34.50007,2.35137659,1.0,0.0,0.022700815,0.0,0.0,0.007566938,1,True,True,False,,13.165324,7.2816467
O=C1OCC(=S)N(C(=O)c2nn[nH]c2N(Cc2ccccc2)Cc2ccccc2)O1,O=C1OCC(=S)N(C(=O)c2nn[nH]c2N(Cc2ccccc2)Cc2ccccc2)O1,低毒,15.151801,63.511505,3.327459179,0.517857143,0.482142857,0.725261932,0.739231665,0.753783469,0.739425689,710,True,False,False,,2.504221,33.99171
O=C(c1nn[nH]c1N(Cc1ccccc1)Cc1ccccc1)S(=O)(=O)c1cccc(Cl)c1,O=C(c1nn[nH]c1N(Cc1ccccc1)Cc1ccccc1)S(=O)(=O)c1cccc(Cl)c1,中毒,17.033323,64.723854,2.772188164,0.547169811,0.452830189,0.844004657,0.25145518,0.653667055,0.583042297,521,True,False,False,,-13.422464,-31.433537
O=C(c1nn[nH]c1N(Cc1ccccc1)Cc1ccccc1)C(O)c1ccoc1,O=C(c1nn[nH]c1N(Cc1ccccc1)Cc1ccccc1)C(O)c1ccoc1,高毒,15.467282,35.110603,3.321359848,0.58,0.42,0.754365541,0.735739232,0.533178114,0.674427629,636,True,False,False,,-24.456875,-24.117928
O=C(c1ccc(C(F)(F)F)cc1Cl)c1nn[nH]c1N(Cc1ccccc1)Cc1ccccc1,O=C(c1ccc(C(F)(F)F)cc1Cl)c1nn[nH]c1N(Cc1ccccc1)Cc1ccccc1,中毒,9.796233,30.202047,2.64705954,0.596153846,0.403846154,0.321303842,0.111757858,0.448195576,0.293752425,181,True,False,False,,-17.944271,10.007585
O=C(c1coc(NC(=S)Nc2cc(F)ccc2[N+](=O)[O-])n1)c1nn[nH]c1N(Cc1ccccc1)Cc1ccccc1,O=C(c1coc(NC(=S)Nc2cc(F)ccc2[N+](=O)[O-])n1)c1nn[nH]c1N(Cc1ccccc1)Cc1ccccc1,中毒,15.511888,57.303272,3.166724818,0.430555556,0.569444444,0.755529686,0.642607683,0.926658906,0.774932092,740,True,False,False,,13.182876,-9.339853
O=C(c1nn[nH]c1N(Cc1ccccc1)Cc1ccccc1)C(c1cccnc1)N1CCOC1=O,O=C(c1nn[nH]c1N(Cc1ccccc1)Cc1ccccc1)C(c1cccnc1)N1CCOC1=O,中毒,27.919865,43.440685,,,,,,,,,False,False,False,,-23.687386,-28.994946
O=C(c1ccc(O)cc1)c1nn[nH]c1N(Cc1ccccc1)Cc1ccccc1,O=C(c1ccc(O)cc1)c1nn[nH]c1N(Cc1ccccc1)Cc1ccccc1,高毒,4.2356267,28.805965,2.45961189,0.85,0.15,0.022700815,0.012805588,0.002910361,0.012805588,5,True,True,False,,13.183812,10.005384
O=C(c1nn[nH]c1N(Cc1ccccc1)Cc1ccccc1)C(Cl)CO,O=C(c1nn[nH]c1N(Cc1ccccc1)Cc1ccccc1)C(Cl)CO,中毒,18.032986,50.01052,3.24812456,0.630434783,0.369565217,0.903376019,0.694994179,0.344004657,0.647458285,605,True,False,False,,-18.909117,-22.403322
O=C(c1cc(F)ccc1F)c1nn[nH]c1N(Cc1ccccc1)Cc1ccccc1,O=C(c1cc(F)ccc1F)c1nn[nH]c1N(Cc1ccccc1)Cc1ccccc1,中毒,8.977738,20.880424,2.551614616,0.645833333,0.354166667,0.259022119,0.052386496,0.241559953,0.184322856,80,True,True,False,,-11.690102,17.726128
O=C(c1cc[n+]([O-])cn1)c1nn[nH]c1N(Cc1ccccc1)Cc1ccccc1,O=C(c1cc[n+]([O-])cn1)c1nn[nH]c1N(Cc1ccccc1)Cc1ccccc1,低毒,10.806441,56.669506,3.094111075,0.62,0.38,0.389988359,0.594877765,0.369615832,0.451493985,382,True,False,False,,20.061535,15.051763
O=C(c1ncc(-c2cnc3ccccc3n2)s1)c1nn[nH]c1N(Cc1ccccc1)Cc1ccccc1,O=C(c1ncc(-c2cnc3ccccc3n2)s1)c1nn[nH]c1N(Cc1ccccc1)Cc1ccccc1,中毒,16.102814,61.583515,2.968167574,0.553571429,0.446428571,0.784633295,0.483119907,0.63911525,0.635622817,590,True,False,False,,36.25919,7.1824517
O=C(c1cccs1)c1nn[nH]c1N(Cc1ccccc1)Cc1ccccc1,O=C(c1cccs1)c1nn[nH]c1N(Cc1ccccc1)Cc1ccccc1,低毒,4.2356267,21.606764,2.555319808,0.688888889,0.311111111,0.022700815,0.054714785,0.086728754,0.054714785,18,True,True,False,,6.948182,-4.107715
O=C(c1coc(Cl)n1)c1nn[nH]c1N(Cc1ccccc1)Cc1ccccc1,O=C(c1coc(Cl)n1)c1nn[nH]c1N(Cc1ccccc1)Cc1ccccc1,低毒,24.058008,62.754444,,,,,,,,,False,False,False,,14.41364,-8.57483
O=C(c1nn[nH]c1N(Cc1ccccc1)Cc1ccccc1)c1cccc[n+]1CCN1CCCC(OF)(c2ccccc2Oc2ccccc2)CC1,O=C(c1nn[nH]c1N(Cc1ccccc1)Cc1ccccc1)c1cccc[n+]1CCN1CCCC(OF)(c2ccccc2Oc2ccccc2)CC1,中毒,13.028688,23.371883,4.032431558,0.3875,0.6125,0.603026775,0.932479627,0.974388824,0.836631742,797,True,False,False,,22.346632,17.93657
O=C(c1ccc(CN2CCc3ccccc3C2)o1)c1nn[nH]c1N(Cc1ccccc1)Cc1ccccc1,O=C(c1ccc(CN2CCc3ccccc3C2)o1)c1nn[nH]c1N(Cc1ccccc1)Cc1ccccc1,中毒,63.354015,35.060253,,,,,,,,,False,False,False,,9.025015,1.6423953
O=C(c1cnc(Cl)nc1Cl)c1nn[nH]c1N(Cc1ccccc1)Cc1ccccc1,O=C(c1cnc(Cl)nc1Cl)c1nn[nH]c1N(Cc1ccccc1)Cc1ccccc1,中毒,19.640398,21.6476,2.821756261,0.632653061,0.367346939,0.989522701,0.31548312,0.313154831,0.539386884,476,True,False,False,,-10.673475,8.482479
O=C(c1nn[nH]c1N(Cc1ccccc1)Cc1ccccc1)C(O)SCCc1ccccc1,O=C(c1nn[nH]c1N(Cc1ccccc1)Cc1ccccc1)C(O)SCCc1ccccc1,微毒,13.106993,57.782154,3.234075599,0.591836735,0.408163265,0.604772992,0.686845169,0.474388824,0.588668995,527,True,False,False,,-21.139332,-24.790083
O=C1ON2C=CC=CC2=[N+]([O-])C(O)=C1C(=O)c1nn[nH]c1N(Cc1ccccc1)Cc1ccccc1,O=C1ON2C=CC=CC2=[N+]([O-])C(O)=C1C(=O)c1nn[nH]c1N(Cc1ccccc1)Cc1ccccc1,中毒,16.891651,24.79592,3.777346459,0.492063492,0.507936508,0.835273574,0.884749709,0.821303842,0.847109042,802,True,False,False,,20.089167,12.304446
O=C(c1ccco1)c1nn[nH]c1N(Cc1ccccc1)Cc1ccccc1,O=C(c1ccco1)c1nn[nH]c1N(Cc1ccccc1)Cc1ccccc1,低毒,4.2356267,64.433624,2.575727308,0.720930233,0.279069767,0.022700815,0.071012806,0.047729919,0.047147846,17,True,True,False,,11.456529,2.0561295
O=C(c1cccnc1)c1nn[nH]c1N(Cc1ccccc1)Cc1ccccc1,O=C(c1cccnc1)c1nn[nH]c1N(Cc1ccccc1)Cc1ccccc1,中毒,15.429382,20.880424,2.518454625,0.790697674,0.209302326,0.745052386,0.027939464,0.010477299,0.261156383,149,True,False,False,,11.112323,7.985302
O=C(c1nn[nH]c1N(Cc1ccccc1)Cc1ccccc1)c1[nH]nc2ccsc12,O=C(c1nn[nH]c1N(Cc1ccccc1)Cc1ccccc1)c1[nH]nc2ccsc12,低毒,21.866385,56.669506,,,,,,,,,False,False,False,,8.186967,-8.808302
O=C(c1ccccc1Cl)c1nn[nH]c1N(Cc1ccccc1)Cc1ccccc1,O=C(c1ccccc1Cl)c1nn[nH]c1N(Cc1ccccc1)Cc1ccccc1,低毒,4.2356267,34.049644,2.437757772,0.704545455,0.295454545,0.022700815,0.004656577,0.065774156,0.031043849,9,True,True,False,,-9.210579,9.705983
O=C(c1cccc(Nc2ncnc3[nH]ccc23)c1)c1nn[nH]c1N(Cc1ccccc1)Cc1ccccc1,O=C(c1cccc(Nc2ncnc3[nH]ccc23)c1)c1nn[nH]c1N(Cc1ccccc1)Cc1ccccc1,低毒,13.569276,23.145391,2.8751263,0.576271186,0.423728814,0.63911525,0.376018626,0.549476135,0.521536671,453,True,False,False,,8.910699,13.063677
O=C(c1nn[nH]c1N(Cc1ccccc1)Cc1ccccc1)C1CC2C=CC1N2Cc1ncn[nH]1,O=C(c1nn[nH]c1N(Cc1ccccc1)Cc1ccccc1)C1CC2C=CC1N2Cc1ncn[nH]1,中毒,19.878538,32.49456,4.942530699,0.446153846,0.553846154,0.995343423,0.988358556,0.906868452,0.963523477,858,True,False,False,,2.4835005,-32.207195
O=C(c1ccc([N+](=O)[O-])c(Nc2ccccc2)c1O)c1nn[nH]c1N(Cc1ccccc1)Cc1ccccc1,O=C(c1ccc([N+](=O)[O-])c(Nc2ccccc2)c1O)c1nn[nH]c1N(Cc1ccccc1)Cc1ccccc1,低毒,23.90006,15.926857,,,,,,,,,False,False,False,,-21.479092,5.732573
O=C(c1ccncn1)c1nn[nH]c1N(Cc1ccccc1)Cc1ccccc1,O=C(c1ccncn1)c1nn[nH]c1N(Cc1ccccc1)Cc1ccccc1,低毒,10.806441,56.669506,2.704366766,0.659574468,0.340425532,0.389988359,0.173457509,0.169965076,0.244470314,131,True,False,False,,15.439778,-5.5517054
O=C(c1nn[nH]c1N(Cc1ccccc1)Cc1ccccc1)S(=Cc1cccnc1)C(Cl)C(Cl)Cl,O=C(c1nn[nH]c1N(Cc1ccccc1)Cc1ccccc1)S(=Cc1cccnc1)C(Cl)C(Cl)Cl,低毒,38.203026,29.571793,,,,,,,,,False,False,False,,-4.5533643,-17.869019
O=C(c1nn[nH]c1N(Cc1ccccc1)Cc1ccccc1)c1c(C(Cl)(Cl)Cl)no[n+]1[O-],O=C(c1nn[nH]c1N(Cc1ccccc1)Cc1ccccc1)c1c(C(Cl)(Cl)Cl)no[n+]1[O-],中毒,16.576067,38.534748,3.36436749,0.574074074,0.425925926,0.811990687,0.754365541,0.55878929,0.708381839,676,True,False,False,,22.09609,25.475859
O=C(c1ccc(Cl)s1)c1nn[nH]c1N(Cc1ccccc1)Cc1ccccc1,O=C(c1ccc(Cl)s1)c1nn[nH]c1N(Cc1ccccc1)Cc1ccccc1,低毒,10.806441,32.00644,2.638729121,0.673913043,0.326086957,0.389988359,0.105937136,0.123399302,0.206441599,93,True,True,False,,5.697863,-2.9497335
O=C(OCc1cc2c(Br)ccc(NS(=O)(=O)c3ccoc3)c2s1)c1nn[nH]c1N(Cc1ccccc1)Cc1ccccc1,O=C(OCc1cc2c(Br)ccc(NS(=O)(=O)c3ccoc3)c2s1)c1nn[nH]c1N(Cc1ccccc1)Cc1ccccc1,中毒,34.66954,21.714342,,,,,,,,,False,False,False,,-25.06086,-7.0269866
O=C(c1nn[nH]c1N(Cc1ccccc1)Cc1ccccc1)C1C2CC3CC(C2)CC1C3,O=C(c1nn[nH]c1N(Cc1ccccc1)Cc1ccccc1)C1C2CC3CC(C2)CC1C3,高毒,10.869423,22.30062,3.971231951,0.591836735,0.408163265,0.4225844,0.924330617,0.474388824,0.607101281,554,True,False,False,,3.9903798,-32.022697
O=C(c1ccc(Oc2ccc3ccccc3c2)cc1)c1nn[nH]c1N(Cc1ccccc1)Cc1ccccc1,O=C(c1ccc(Oc2ccc3ccccc3c2)cc1)c1nn[nH]c1N(Cc1ccccc1)Cc1ccccc1,高毒,18.430851,20.539291,2.570212264,0.693877551,0.306122449,0.918509895,0.066356228,0.077997672,0.354287932,254,True,False,False,,14.732654,12.985498
O=C(c1cn[nH]c1)c1nn[nH]c1N(Cc1ccccc1)Cc1ccccc1,O=C(c1cn[nH]c1)c1nn[nH]c1N(Cc1ccccc1)Cc1ccccc1,低毒,16.576067,32.37407,2.780731731,0.75,0.25,0.811990687,0.259604191,0.03201397,0.367869616,274,True,False,False,,12.614725,8.094281
O=C(c1nn[nH]c1N(Cc1ccccc1)Cc1ccccc1)S(=O)(=O)c1cccc([N+](=O)[O-])c1,O=C(c1nn[nH]c1N(Cc1ccccc1)Cc1ccccc1)S(=O)(=O)c1cccc([N+](=O)[O-])c1,中毒,13.206232,48.82299,2.858656429,0.50877193,0.49122807,0.61233993,0.357392317,0.778812573,0.582848273,519,True,False,False,,-13.732896,-32.339355
O=C(c1ccnc(Br)c1)c1nn[nH]c1N(Cc1ccccc1)Cc1ccccc1,O=C(c1ccnc(Br)c1)c1nn[nH]c1N(Cc1ccccc1)Cc1ccccc1,低毒,10.806441,34.50007,2.718025103,0.70212766,0.29787234,0.389988359,0.187427241,0.072759022,0.216724874,101,True,False,False,,9.873456,17.253302
O=C(c1coc(F)c1F)c1nn[nH]c1N(Cc1ccccc1)Cc1ccccc1,O=C(c1coc(F)c1F)c1nn[nH]c1N(Cc1ccccc1)Cc1ccccc1,中毒,7.5388303,50.879738,3.011472614,0.632653061,0.367346939,0.175785797,0.526193248,0.313154831,0.338377959,230,True,False,False,,-2.8333375,17.050856
O=C(c1nn[nH]c1N(Cc1ccccc1)Cc1ccccc1)S(=O)(=O)c1ccccn1,O=C(c1nn[nH]c1N(Cc1ccccc1)Cc1ccccc1)S(=O)(=O)c1ccccn1,中毒,22.886202,48.96392,,,,,,,,,False,False,False,,-11.011056,-29.43097
O=C(C(=S)c1ccccn1)c1nn[nH]c1N(Cc1ccccc1)Cc1ccccc1,O=C(C(=S)c1ccccn1)c1nn[nH]c1N(Cc1ccccc1)Cc1ccccc1,中毒,9.562925,66.0139,2.812834173,0.58,0.42,0.308498254,0.299185099,0.533178114,0.380287156,291,True,False,False,,2.1202877,-13.618938
O=C(c1cc(F)ccc1O)c1nn[nH]c1N(Cc1ccccc1)Cc1ccccc1,O=C(c1cc(F)ccc1O)c1nn[nH]c1N(Cc1ccccc1)Cc1ccccc1,中毒,28.010729,19.154457,,,,,,,,,False,False,False,,-12.002875,17.692957
O=C(c1nn[nH]c1N(Cc1ccccc1)Cc1ccccc1)C(Cl)c1csc(Cl)n1,O=C(c1nn[nH]c1N(Cc1ccccc1)Cc1ccccc1)C(Cl)c1csc(Cl)n1,中毒,18.183697,31.825802,3.522411586,0.555555556,0.444444444,0.90919674,0.818393481,0.634458673,0.787349631,753,True,False,False,,-17.342995,-22.634724
O=C(c1cccc(F)c1)c1nn[nH]c1N(Cc1ccccc1)Cc1ccccc1,O=C(c1cccc(F)c1)c1nn[nH]c1N(Cc1ccccc1)Cc1ccccc1,中毒,9.219173,20.880424,2.460242297,0.772727273,0.227272727,0.288125728,0.013969732,0.01862631,0.106907256,31,True,True,False,,8.806878,11.8821945
O=C(c1csc(-c2c[nH]nn2)n1)c1nn[nH]c1N(Cc1ccccc1)Cc1ccccc1,O=C(c1csc(-c2c[nH]nn2)n1)c1nn[nH]c1N(Cc1ccccc1)Cc1ccccc1,中毒,15.116421,12.931412,3.192463767,0.563636364,0.436363636,0.723515716,0.658905704,0.60419092,0.662204113,620,True,False,False,,18.504622,-12.121056
O=C(c1c[nH]nc1S(=O)(=O)c1cc2nc[nH]c2c(F)c1F)c1nn[nH]c1N(Cc1ccccc1)Cc1ccccc1,O=C(c1c[nH]nc1S(=O)(=O)c1cc2nc[nH]c2c(F)c1F)c1nn[nH]c1N(Cc1ccccc1)Cc1ccccc1,中毒,49.24634,26.274765,,,,,,,,,False,False,False,,-20.969444,12.882611
O=C(c1ccc2ccccc2c1)c1nn[nH]c1N(Cc1ccccc1)Cc1ccccc1,O=C(c1ccc2ccccc2c1)c1nn[nH]c1N(Cc1ccccc1)Cc1ccccc1,低毒,5.0276203,34.50007,2.462025224,0.75,0.25,0.063445867,0.015133877,0.03201397,0.036864571,11,True,True,True,336,13.294404,15.612523
O=C(c1ccoc1)c1nn[nH]c1N(Cc1ccccc1)Cc1ccccc1,O=C(c1ccoc1)c1nn[nH]c1N(Cc1ccccc1)Cc1ccccc1,低毒,4.2356267,64.433624,2.682749423,0.785714286,0.214285714,0.022700815,0.153667055,0.013969732,0.063445867,19,True,True,False,,12.096484,7.1122108
O=C(S[N+]([O-])=NCc1cccs1)c1nn[nH]c1N(Cc1ccccc1)Cc1ccccc1,O=C(S[N+]([O-])=NCc1cccs1)c1nn[nH]c1N(Cc1ccccc1)Cc1ccccc1,低毒,9.219413,41.86337,3.32859022,0.491525424,0.508474576,0.293364377,0.740395809,0.831199069,0.621653085,574,True,False,False,,-10.491625,-11.513871
O=C(c1cc(Cl)ccc1F)c1nn[nH]c1N(Cc1ccccc1)Cc1ccccc1,O=C(c1cc(Cl)ccc1F)c1nn[nH]c1N(Cc1ccccc1)Cc1ccccc1,中毒,9.994743,20.880424,2.538475094,0.632653061,0.367346939,0.331781141,0.043073341,0.313154831,0.229336438,116,True,False,False,,-13.239136,15.263048
O=C(C=NO)c1nn[nH]c1N(Cc1ccccc1)Cc1ccccc1,O=C(C=NO)c1nn[nH]c1N(Cc1ccccc1)Cc1ccccc1,高毒,6.7121873,42.472836,2.805369677,0.644444444,0.355555556,0.13911525,0.294528522,0.277648428,0.2370974,123,True,False,False,,-7.6313787,-13.565095
O=C(Oc1ccc(Br)cc1)c1nn[nH]c1N(Cc1ccccc1)Cc1ccccc1,O=C(Oc1ccc(Br)cc1)c1nn[nH]c1N(Cc1ccccc1)Cc1ccccc1,低毒,11.058763,34.70963,2.483500257,0.591836735,0.408163265,0.447031432,0.017462165,0.474388824,0.312960807,199,True,False,False,,-27.58598,-10.99224
CSCc1c[nH]nc1-c1n[nH]cc1C(=O)c1nn[nH]c1N(Cc1ccccc1)Cc1ccccc1,CSCc1c[nH]nc1-c1n[nH]cc1C(=O)c1nn[nH]c1N(Cc1ccccc1)Cc1ccccc1,低毒,12.174841,28.441448,3.500197857,0.543859649,0.456140351,0.514551804,0.813736903,0.671711292,0.666666667,625,True,False,False,,-22.463604,14.9154415
O=C(NS(=O)(=O)c1ccccc1)c1nn[nH]c1N(Cc1ccccc1)Cc1ccccc1,O=C(NS(=O)(=O)c1ccccc1)c1nn[nH]c1N(Cc1ccccc1)Cc1ccccc1,中毒,54.462963,23.091864,,,,,,,,,False,False,False,,-8.877377,-23.380066
O=C(c1cn(-c2cccc3cnccc23)nn1)c1nn[nH]c1N(Cc1ccccc1)Cc1ccccc1,O=C(c1cn(-c2cccc3cnccc23)nn1)c1nn[nH]c1N(Cc1ccccc1)Cc1ccccc1,中毒,13.697946,64.433624,2.944106735,0.5,0.5,0.642607683,0.455180442,0.807916182,0.635234769,589,True,False,False,,16.94199,-7.3372507
O=C(OC1=CC=C(Cc2c[nH]c3ccc(F)cc23)C[N+]N(c2cnc[nH]2)S1)c1nn[nH]c1N(Cc1ccccc1)Cc1ccccc1,O=C(OC1=CC=C(Cc2c[nH]c3ccc(F)cc23)C[N+]N(c2cnc[nH]2)S1)c1nn[nH]c1N(Cc1ccccc1)Cc1ccccc1,中毒,54.72527,11.956418,,,,,,,,,False,False,False,,-19.053516,24.309183
O=C(c1nn[nH]c1N(Cc1ccccc1)Cc1ccccc1)C([N+]F)c1ccc([N+](=O)[O-])cc1,O=C(c1nn[nH]c1N(Cc1ccccc1)Cc1ccccc1)C([N+]F)c1ccc([N+](=O)[O-])cc1,高毒,44.83078,73.095825,,,,,,,,,False,False,False,,-25.58236,-25.841894
O=C(c1nn[nH]c1N(Cc1ccccc1)Cc1ccccc1)C1(C(F)(F)F)CC[S+]([O-])CC1,O=C(c1nn[nH]c1N(Cc1ccccc1)Cc1ccccc1)C1(C(F)(F)F)CC[S+]([O-])CC1,中毒,9.446424,9.744929,3.593473615,0.517857143,0.482142857,0.300349243,0.844004657,0.753783469,0.632712456,586,True,False,False,,-13.205093,-14.975368
O=C(c1cc2occc2s1)c1nn[nH]c1N(Cc1ccccc1)Cc1ccccc1,O=C(c1cc2occc2s1)c1nn[nH]c1N(Cc1ccccc1)Cc1ccccc1,中毒,31.909033,23.11524,,,,,,,,,False,False,False,,3.4771245,-2.5825915
O=C(c1cc2ccccc2o1)c1nn[nH]c1N(Cc1ccccc1)Cc1ccccc1,O=C(c1cc2ccccc2o1)c1nn[nH]c1N(Cc1ccccc1)Cc1ccccc1,低毒,5.0276203,59.342094,2.595215577,0.645833333,0.354166667,0.063445867,0.081490105,0.241559953,0.128831975,39,True,True,False,,6.284216,2.3827808
O=C(C1=CSC1=S)c1nn[nH]c1N(Cc1ccccc1)Cc1ccccc1,O=C(C1=CSC1=S)c1nn[nH]c1N(Cc1ccccc1)Cc1ccccc1,中毒,24.059494,129.39316,,,,,,,,,False,False,False,,13.770071,6.768233
O=C(c1nn[nH]c1N(Cc1ccccc1)Cc1ccccc1)c1n[nH]c2cccc(Cl)c12,O=C(c1nn[nH]c1N(Cc1ccccc1)Cc1ccccc1)c1n[nH]c2cccc(Cl)c12,低毒,22.464615,32.717667,,,,,,,,,False,False,False,,33.621086,1.8888109
O=C(c1nn[nH]c1N(Cc1ccccc1)Cc1ccccc1)C1(S#Cc2ccc(F)cc2)NN(c2ccccc2)CCO1,O=C(c1nn[nH]c1N(Cc1ccccc1)Cc1ccccc1)C1(S#Cc2ccc(F)cc2)NN(c2ccccc2)CCO1,中毒,91.73414,9.088881,,,,,,,,,False,False,False,,11.768463,28.118053
O=C(c1nn[nH]c1N(Cc1ccccc1)Cc1ccccc1)C1CCS(=O)(=O)C1,O=C(c1nn[nH]c1N(Cc1ccccc1)Cc1ccccc1)C1CCS(=O)(=O)C1,高毒,17.928377,32.817757,3.224998762,0.557692308,0.442307692,0.899883586,0.681024447,0.622235157,0.734381063,703,True,False,False,,6.0191064,-31.321095
O=C(c1nn[nH]c1N(Cc1ccccc1)Cc1ccccc1)c1c[nH]c2cccc[n+]12,O=C(c1nn[nH]c1N(Cc1ccccc1)Cc1ccccc1)c1c[nH]c2cccc[n+]12,中毒,35.148827,33.505077,,,,,,,,,False,False,False,,22.970293,16.264797
O=C(Nc1ccccc1)c1nn[nH]c1N(Cc1ccccc1)Cc1ccccc1,O=C(Nc1ccccc1)c1nn[nH]c1N(Cc1ccccc1)Cc1ccccc1,高毒,25.470003,22.836445,,,,,,,,,False,False,False,,-7.6474695,-19.353924
O=C(c1nn[nH]c1N(Cc1ccccc1)Cc1ccccc1)C(c1c[nH]c(-n2nnc(Cl)n2)n1)c1ccsc1F,O=C(c1nn[nH]c1N(Cc1ccccc1)Cc1ccccc1)C(c1c[nH]c(-n2nnc(Cl)n2)n1)c1ccsc1F,中毒,74.48597,19.74883,,,,,,,,,False,False,False,,-20.83653,-17.63494
O=C(c1nn[nH]c1N(Cc1ccccc1)Cc1ccccc1)C1CCOC1,O=C(c1nn[nH]c1N(Cc1ccccc1)Cc1ccccc1)C1CCOC1,高毒,19.267376,25.981432,3.116519994,0.568627451,0.431372549,0.972642608,0.613504075,0.583818393,0.723321692,693,True,False,False,,9.103327,-33.961266
O=C(c1ccccn1)c1nn[nH]c1N(Cc1ccccc1)Cc1ccccc1,O=C(c1ccccn1)c1nn[nH]c1N(Cc1ccccc1)Cc1ccccc1,低毒,4.2356267,34.285435,2.542214959,0.704545455,0.295454545,0.022700815,0.047729919,0.065774156,0.04540163,16,True,True,False,,16.731846,-5.013082
O=C(C(=S)c1cc2ccccc2[nH]1)c1nn[nH]c1N(Cc1ccccc1)Cc1ccccc1,O=C(C(=S)c1cc2ccccc2[nH]1)c1nn[nH]c1N(Cc1ccccc1)Cc1ccccc1,中毒,7.475741,66.0139,2.870469753,0.547169811,0.452830189,0.166472643,0.371362049,0.653667055,0.397167249,313,True,False,False,,5.050408,10.0198345
O=C(c1cc(Cl)sc1Br)c1nn[nH]c1N(Cc1ccccc1)Cc1ccccc1,O=C(c1cc(Cl)sc1Br)c1nn[nH]c1N(Cc1ccccc1)Cc1ccccc1,低毒,11.527643,16.437222,2.824595691,0.62,0.38,0.477299185,0.317811409,0.369615832,0.388242142,302,True,False,False,,-7.1568847,8.262442
O=C(c1nn[nH]c1N(Cc1ccccc1)Cc1ccccc1)c1ccnn1Cc1ccccc1Cl,O=C(c1nn[nH]c1N(Cc1ccccc1)Cc1ccccc1)c1ccnn1Cc1ccccc1Cl,低毒,44.52451,57.103924,,,,,,,,,False,False,False,,-3.6424394,4.82608
O=C(c1nn[nH]c1N(Cc1ccccc1)Cc1ccccc1)C1CCOCC1,O=C(c1nn[nH]c1N(Cc1ccccc1)Cc1ccccc1)C1CCOCC1,高毒,17.100971,38.260345,2.654502262,0.591836735,0.408163265,0.851571595,0.121071013,0.474388824,0.482343811,414,True,False,False,,9.132797,-33.523018
O=C(c1nn[nH]c1N(Cc1ccccc1)Cc1ccccc1)C(S)Cc1ccoc1,O=C(c1nn[nH]c1N(Cc1ccccc1)Cc1ccccc1)C(S)Cc1ccoc1,低毒,8.820913,56.60067,3.442200705,0.557692308,0.442307692,0.243888242,0.782305006,0.622235157,0.549476135,490,True,False,False,,-23.506649,-22.981163
O=C(c1nn[nH]c1N(Cc1ccccc1)Cc1ccccc1)c1ccnn1-c1ccccn1,O=C(c1nn[nH]c1N(Cc1ccccc1)Cc1ccccc1)c1ccnn1-c1ccccn1,低毒,70.70083,112.88969,,,,,,,,,False,False,False,,29.87452,-12.015998
O=C(c1cc2ccccc2s1)c1nn[nH]c1N(Cc1ccccc1)Cc1ccccc1,O=C(c1cc2ccccc2s1)c1nn[nH]c1N(Cc1ccccc1)Cc1ccccc1,中毒,59.081577,34.65899,,,,,,,,,False,False,False,,3.0119092,-2.70974
O=C(c1cc(I)c(-n2nccn2)cc1I)c1nn[nH]c1N(Cc1ccccc1)Cc1ccccc1,O=C(c1cc(I)c(-n2nccn2)cc1I)c1nn[nH]c1N(Cc1ccccc1)Cc1ccccc1,低毒,35.1689,22.838451,,,,,,,,,False,False,False,,-5.1653404,11.08907
O=C(c1nn[nH]c1N(Cc1ccccc1)Cc1ccccc1)c1c[nH]c2cc(Cl)ccc12,O=C(c1nn[nH]c1N(Cc1ccccc1)Cc1ccccc1)c1c[nH]c2cc(Cl)ccc12,中毒,43.23706,22.491127,,,,,,,,,False,False,False,,-18.660046,21.380873
O=C(c1nn[nH]c1N(Cc1ccccc1)Cc1ccccc1)c1n[nH]c(=S)c2ccccc12,O=C(c1nn[nH]c1N(Cc1ccccc1)Cc1ccccc1)c1n[nH]c(=S)c2ccccc12,低毒,12.400565,145.83531,2.888899412,0.645833333,0.354166667,0.536088475,0.389988359,0.241559953,0.389212262,304,True,False,False,,30.825176,2.5700603
O=C(c1nc2ccccc2o1)c1nn[nH]c1N(Cc1ccccc1)Cc1ccccc1,O=C(c1nc2ccccc2o1)c1nn[nH]c1N(Cc1ccccc1)Cc1ccccc1,低毒,48.24036,52.4347,,,,,,,,,False,False,False,,7.653763,3.1086357
O=C(c1nn[nH]c1N(Cc1ccccc1)Cc1ccccc1)N1C=Cc2ccc3ccnc(c3c2F)C1=O,O=C(c1nn[nH]c1N(Cc1ccccc1)Cc1ccccc1)N1C=Cc2ccc3ccnc(c3c2F)C1=O,中毒,49.321167,10.509729,,,,,,,,,False,False,False,,-8.566604,-1.5373442
O=C(c1cc([N+](=O)[O-])c2[nH]ncc2c1)c1nn[nH]c1N(Cc1ccccc1)Cc1ccccc1,O=C(c1cc([N+](=O)[O-])c2[nH]ncc2c1)c1nn[nH]c1N(Cc1ccccc1)Cc1ccccc1,中毒,35.450104,29.353004,,,,,,,,,False,False,False,,7.2907825,20.877113
O=C(c1nn[nH]c1N(Cc1ccccc1)Cc1ccccc1)S(=O)(=O)c1ccc(N2CCC(n3c(=O)[nH]c4cc(I)ccc43)CC2)cc1,O=C(c1nn[nH]c1N(Cc1ccccc1)Cc1ccccc1)S(=O)(=O)c1ccc(N2CCC(n3c(=O)[nH]c4cc(I)ccc43)CC2)cc1,中毒,17.033323,35.548767,3.287156569,0.371794872,0.628205128,0.844004657,0.717112922,0.984866123,0.848661234,803,True,False,False,,-12.115575,-31.776482
O=C(c1nnc[nH]1)c1nn[nH]c1N(Cc1ccccc1)Cc1ccccc1,O=C(c1nnc[nH]1)c1nn[nH]c1N(Cc1ccccc1)Cc1ccccc1,低毒,8.02164,41.86337,3.028081154,0.688888889,0.311111111,0.197322468,0.54016298,0.086728754,0.274738068,164,True,False,False,,13.626326,4.145398
O=C(c1cc(N2CC[S+]([O-])CC2)ccc1Cl)c1nn[nH]c1N(Cc1ccccc1)Cc1ccccc1,O=C(c1cc(N2CC[S+]([O-])CC2)ccc1Cl)c1nn[nH]c1N(Cc1ccccc1)Cc1ccccc1,低毒,8.271775,21.538471,3.329364142,0.508196721,0.491803279,0.211874272,0.741559953,0.793364377,0.582266201,517,True,False,False,,-12.4530735,12.683076
O=C(c1nn[nH]c1N(Cc1ccccc1)Cc1ccccc1)c1noc2ccccc12,O=C(c1nn[nH]c1N(Cc1ccccc1)Cc1ccccc1)c1noc2ccccc12,微毒,19.064232,32.03235,2.725921764,0.645833333,0.354166667,0.961001164,0.195576251,0.241559953,0.46604579,401,True,False,False,,23.77633,-18.957952
O=C(c1nn[nH]c1N(Cc1ccccc1)Cc1ccccc1)c1sccc1Cc1c[nH]cn1,O=C(c1nn[nH]c1N(Cc1ccccc1)Cc1ccccc1)c1sccc1Cc1c[nH]cn1,中毒,30.531507,40.160202,,,,,,,,,False,False,False,,6.2386394,-8.336472
O=C(c1cc2ncc(C(F)(F)F)nc2s1)c1nn[nH]c1N(Cc1ccccc1)Cc1ccccc1,O=C(c1cc2ncc(C(F)(F)F)nc2s1)c1nn[nH]c1N(Cc1ccccc1)Cc1ccccc1,中毒,15.8944,27.352291,3.051849173,0.516666667,0.483333333,0.774155995,0.559953434,0.765424913,0.699844781,664,True,False,False,,2.9133039,-4.968336
O=C(C1=CCCC1)c1nn[nH]c1N(Cc1ccccc1)Cc1ccccc1,O=C(C1=CCCC1)c1nn[nH]c1N(Cc1ccccc1)Cc1ccccc1,高毒,14.497795,22.30062,2.770646539,0.673913043,0.326086957,0.697322468,0.247962747,0.123399302,0.356228172,258,True,False,False,,18.457344,9.026892
O=C(c1nsnc1COc1ccccc1F)c1nn[nH]c1N(Cc1ccccc1)Cc1ccccc1,O=C(c1nsnc1COc1ccccc1F)c1nn[nH]c1N(Cc1ccccc1)Cc1ccccc1,低毒,18.55246,34.595528,2.98570457,0.543859649,0.456140351,0.923166473,0.506402794,0.671711292,0.700426853,665,True,False,False,,25.23813,3.0002773
O=C1CCN(C(=O)c2nn[nH]c2N(Cc2ccccc2)Cc2ccccc2)C1,O=C1CCN(C(=O)c2nn[nH]c2N(Cc2ccccc2)Cc2ccccc2)C1,中毒,57.72675,41.819942,,,,,,,,,False,False,False,,-0.49535593,39.599148
O=C(c1nn[nH]c1N(Cc1ccccc1)Cc1ccccc1)N1CCNc2ccccc21,O=C(c1nn[nH]c1N(Cc1ccccc1)Cc1ccccc1)N1CCNc2ccccc21,中毒,23.737013,20.145674,,,,,,,,,False,False,False,,-5.985389,39.79778
O=C(c1nn[nH]c1N(Cc1ccccc1)Cc1ccccc1)N1CCCNCC1,O=C(c1nn[nH]c1N(Cc1ccccc1)Cc1ccccc1)N1CCCNCC1,中毒,57.72675,21.591461,,,,,,,,,False,False,False,,1.5977472,36.142002
O=C(c1ccnc(Nc2cccc(Cl)c2)n1)c1nn[nH]c1N(Cc1ccccc1)Cc1ccccc1,O=C(c1ccnc(Nc2cccc(Cl)c2)n1)c1nn[nH]c1N(Cc1ccccc1)Cc1ccccc1,低毒,19.30661,34.571663,2.770959867,0.508196721,0.491803279,0.979627474,0.249126892,0.793364377,0.674039581,634,True,False,False,,20.095852,-6.8876834
O=C(c1nn[nH]c1N(Cc1ccccc1)Cc1ccccc1)S(=O)(=O)c1ccccc1-n1cccn1,O=C(c1nn[nH]c1N(Cc1ccccc1)Cc1ccccc1)S(=O)(=O)c1ccccc1-n1cccn1,中毒,21.439947,40.09689,,,,,,,,,False,False,False,,-14.872891,-31.029375
O=C(c1cc(Cl)sc1N=CN1CCN1)c1nn[nH]c1N(Cc1ccccc1)Cc1ccccc1,O=C(c1cc(Cl)sc1N=CN1CCN1)c1nn[nH]c1N(Cc1ccccc1)Cc1ccccc1,中毒,77.86342,24.330715,,,,,,,,,False,False,False,,-7.2625875,8.061136
O=C(c1cc[nH]n1)c1nn[nH]c1N(Cc1ccccc1)Cc1ccccc1,O=C(c1cc[nH]n1)c1nn[nH]c1N(Cc1ccccc1)Cc1ccccc1,低毒,18.950224,56.669506,2.986167116,0.688888889,0.311111111,0.949359721,0.507566938,0.086728754,0.514551804,447,True,False,False,,19.387877,-2.3594334
O=C(c1nn[nH]c1N(Cc1ccccc1)Cc1ccccc1)c1c(F)cc(Br)cc1Br,O=C(c1nn[nH]c1N(Cc1ccccc1)Cc1ccccc1)c1c(F)cc(Br)cc1Br,中毒,12.223096,20.880424,2.804335164,0.607843137,0.392156863,0.520372526,0.293364377,0.408032596,0.4072565,330,True,False,False,,1.7924696,7.2326226
O=C1Nc2nonc2-c2c(Br)c1cc(C(=O)c1nn[nH]c1N(Cc1ccccc1)Cc1ccccc1)c2Br,O=C1Nc2nonc2-c2c(Br)c1cc(C(=O)c1nn[nH]c1N(Cc1ccccc1)Cc1ccccc1)c2Br,中毒,40.95537,29.770737,,,,,,,,,False,False,False,,-1.5737759,11.829108
O=C(c1nn[nH]c1N(Cc1ccccc1)Cc1ccccc1)C12CC3CC(CC(C3)C1)C2,O=C(c1nn[nH]c1N(Cc1ccccc1)Cc1ccccc1)C12CC3CC(CC(C3)C1)C2,高毒,10.869423,10.310754,3.916990008,0.591836735,0.408163265,0.4225844,0.916181607,0.474388824,0.604384944,549,True,False,False,,-1.6193206,-25.504221
O=C(c1cc([N+](=O)[O-])ccc1Oc1ccccc1)c1nn[nH]c1N(Cc1ccccc1)Cc1ccccc1,O=C(c1cc([N+](=O)[O-])ccc1Oc1ccccc1)c1nn[nH]c1N(Cc1ccccc1)Cc1ccccc1,低毒,21.94675,19.882467,,,,,,,,,False,False,False,,-24.372992,4.6478744
O=C(c1nn[nH]c1N(Cc1ccccc1)Cc1ccccc1)C1CNCCO1,O=C(c1nn[nH]c1N(Cc1ccccc1)Cc1ccccc1)C1CNCCO1,中毒,12.901145,55.22629,3.268929337,0.576923077,0.423076923,0.592549476,0.708963912,0.547729919,0.616414435,564,True,False,False,,11.994227,-36.22385
O=C(NS(=O)(=O)C(F)(F)F)c1nn[nH]c1N(Cc1ccccc1)Cc1ccccc1,O=C(NS(=O)(=O)C(F)(F)F)c1nn[nH]c1N(Cc1ccccc1)Cc1ccccc1,高毒,14.211713,43.502377,2.808055901,0.58,0.42,0.685681024,0.29685681,0.533178114,0.50523865,437,True,False,False,,-9.232631,-22.963333
O=C(c1nn[nH]c1N(Cc1ccccc1)Cc1ccccc1)C1CCCCC1,O=C(c1nn[nH]c1N(Cc1ccccc1)Cc1ccccc1)C1CCCCC1,高毒,10.869423,22.30062,2.531139704,0.617021277,0.382978723,0.4225844,0.037252619,0.388824214,0.282887078,171,True,False,False,,6.7652245,-31.775362
O=C(c1nn[nH]c1N(Cc1ccccc1)Cc1ccccc1)c1[nH]nc2c(Br)cccc12,O=C(c1nn[nH]c1N(Cc1ccccc1)Cc1ccccc1)c1[nH]nc2c(Br)cccc12,低毒,18.35759,39.49306,2.934254705,0.607843137,0.392156863,0.915017462,0.442374854,0.408032596,0.588474971,526,True,False,False,,-0.78911394,10.040591
O=C(c1nn[nH]c1N(Cc1ccccc1)Cc1ccccc1)N1CCN(c2ncccn2)CC1,O=C(c1nn[nH]c1N(Cc1ccccc1)Cc1ccccc1)N1CCN(c2ncccn2)CC1,中毒,31.753386,33.614918,,,,,,,,,False,False,False,,3.532402,39.625526
O=C(c1ccn(CCBr)c1)c1nn[nH]c1N(Cc1ccccc1)Cc1ccccc1,O=C(c1ccn(CCBr)c1)c1nn[nH]c1N(Cc1ccccc1)Cc1ccccc1,中毒,12.6855,40.152443,2.945385921,0.66,0.34,0.570430733,0.457508731,0.145518044,0.391152503,306,True,False,False,,29.28707,19.715254
O=C(C[S+]([O-])P(=O)(O)O)c1nn[nH]c1N(Cc1ccccc1)Cc1ccccc1,O=C(C[S+]([O-])P(=O)(O)O)c1nn[nH]c1N(Cc1ccccc1)Cc1ccccc1,中毒,6.807589,31.777111,3.749307017,0.58,0.42,0.147264261,0.877764843,0.533178114,0.519402406,451,True,False,False,,-11.004122,-16.862507
O=C(c1nn[nH]c1N(Cc1ccccc1)Cc1ccccc1)C1CC(O)C([N+](=O)[O-])=N1,O=C(c1nn[nH]c1N(Cc1ccccc1)Cc1ccccc1)C1CC(O)C([N+](=O)[O-])=N1,中毒,15.417523,24.861216,3.952710143,0.517857143,0.482142857,0.73806752,0.920838184,0.753783469,0.804229724,775,True,False,False,,0.30566084,-33.1147
N#CC(c1cc2cc(Cl)sc2nc1F)C(C(=O)c1nn[nH]c1N(Cc1ccccc1)Cc1ccccc1)c1ccnnc1,N#CC(c1cc2cc(Cl)sc2nc1F)C(C(=O)c1nn[nH]c1N(Cc1ccccc1)Cc1ccccc1)c1ccnnc1,中毒,34.78769,40.855667,,,,,,,,,False,False,False,,-19.771698,-19.034266
O=C(c1nn[nH]c1N(Cc1ccccc1)Cc1ccccc1)[PH](c1ccccc1)(c1ccccc1)c1ccccc1Br,O=C(c1nn[nH]c1N(Cc1ccccc1)Cc1ccccc1)[PH](c1ccccc1)(c1ccccc1)c1ccccc1Br,中毒,40.22983,33.61609,,,,,,,,,False,False,False,,-8.503986,-11.162129
O=C(c1ccc2nonc2c1)c1nn[nH]c1N(Cc1ccccc1)Cc1ccccc1,O=C(c1ccc2nonc2c1)c1nn[nH]c1N(Cc1ccccc1)Cc1ccccc1,低毒,23.382105,34.579483,,,,,,,,,False,False,False,,13.720772,17.970684
O=C(c1nn[nH]c1N(Cc1ccccc1)Cc1ccccc1)C1OC2OC(CO)C(O)C(O)C21,O=C(c1nn[nH]c1N(Cc1ccccc1)Cc1ccccc1)C1OC2OC(CO)C(O)C(O)C21,中毒,22.868757,34.49402,,,,,,,,,False,False,False,,-6.118903,-40.47925
O=C(c1ccc([N+](=O)[O-])cc1[N+](=O)[O-])c1nn[nH]c1N(Cc1ccccc1)Cc1ccccc1,O=C(c1ccc([N+](=O)[O-])cc1[N+](=O)[O-])c1nn[nH]c1N(Cc1ccccc1)Cc1ccccc1,中毒,4.958859,25.358694,2.737819475,0.58490566,0.41509434,0.058207218,0.208381839,0.504656577,0.257081878,145,True,False,False,,-22.969759,5.01938
O=C(Sc1ccncn1)c1nn[nH]c1N(Cc1ccccc1)Cc1ccccc1,O=C(Sc1ccncn1)c1nn[nH]c1N(Cc1ccccc1)Cc1ccccc1,中毒,21.374958,30.458624,,,,,,,,,False,False,False,,-13.517681,-5.2286487
O=C(c1ccccc1C=Cc1cc2cc(Cl)ccc2[nH]1)c1nn[nH]c1N(Cc1ccccc1)Cc1ccccc1,O=C(c1ccccc1C=Cc1cc2cc(Cl)ccc2[nH]1)c1nn[nH]c1N(Cc1ccccc1)Cc1ccccc1,中毒,20.211132,36.154747,,,,,,,,,False,False,False,,-14.611527,13.245166
O=C(c1nn[nH]c1N(Cc1ccccc1)Cc1ccccc1)S(=O)(=O)c1cccs1,O=C(c1nn[nH]c1N(Cc1ccccc1)Cc1ccccc1)S(=O)(=O)c1cccs1,中毒,27.909283,44.452656,,,,,,,,,False,False,False,,-10.682196,-31.919466
O=C(c1nc[nH]n1)c1nn[nH]c1N(Cc1ccccc1)Cc1ccccc1,O=C(c1nc[nH]n1)c1nn[nH]c1N(Cc1ccccc1)Cc1ccccc1,低毒,8.02164,41.86337,3.093912693,0.673913043,0.326086957,0.197322468,0.59371362,0.123399302,0.304811797,191,True,False,False,,18.700447,3.0637953
O=C(c1nn[nH]c1N(Cc1ccccc1)Cc1ccccc1)C1COCCO1,O=C(c1nn[nH]c1N(Cc1ccccc1)Cc1ccccc1)C1COCCO1,高毒,13.195499,70.70963,3.235506723,0.588235294,0.411764706,0.610011641,0.688009313,0.487194412,0.595071789,534,True,False,False,,11.79436,-36.689182
[434H]OCCCCC[n+]1ccc(C(=O)c2nn[nH]c2N(Cc2ccccc2)Cc2ccccc2)cc1,[434H]OCCCCC[n+]1ccc(C(=O)c2nn[nH]c2N(Cc2ccccc2)Cc2ccccc2)cc1,低毒,10.806441,31.436531,3.299538857,0.68627451,0.31372549,0.389988359,0.724097788,0.094295693,0.402793946,320,True,False,False,,18.365974,13.059253
O=C(C(=NF)c1cccc2ccccc12)c1nn[nH]c1N(Cc1ccccc1)Cc1ccccc1,O=C(C(=NF)c1cccc2ccccc12)c1nn[nH]c1N(Cc1ccccc1)Cc1ccccc1,高毒,6.54649,45.70164,2.925675228,0.527272727,0.472727273,0.133294529,0.426076834,0.722351572,0.427240978,356,True,False,False,,-13.92358,0.20865443
O=C(ON1CCCNCC1)c1nn[nH]c1N(Cc1ccccc1)Cc1ccccc1,O=C(ON1CCCNCC1)c1nn[nH]c1N(Cc1ccccc1)Cc1ccccc1,高毒,11.058763,28.311388,2.905589331,0.527272727,0.472727273,0.447031432,0.400465658,0.722351572,0.523282887,455,True,False,False,,-6.599253,34.500153
O=C(c1nn[nH]c1N(Cc1ccccc1)Cc1ccccc1)C1CSCN1C1CC1,O=C(c1nn[nH]c1N(Cc1ccccc1)Cc1ccccc1)C1CSCN1C1CC1,中毒,18.981178,58.01186,3.444656824,0.517857143,0.482142857,0.956926659,0.78346915,0.753783469,0.831393093,792,True,False,False,,3.7690344,-39.661003
O=C(c1nn[nH]c1N(Cc1ccccc1)Cc1ccccc1)S(=O)(=S)Cc1n[nH]c(=S)o1,O=C(c1nn[nH]c1N(Cc1ccccc1)Cc1ccccc1)S(=O)(=S)Cc1n[nH]c(=S)o1,中毒,30.738754,153.51414,,,,,,,,,False,False,False,,-10.30268,-26.148987
O=C(c1ccccc1-c1cc(F)c(F)cc1F)c1nn[nH]c1N(Cc1ccccc1)Cc1ccccc1,O=C(c1ccccc1-c1cc(F)c(F)cc1F)c1nn[nH]c1N(Cc1ccccc1)Cc1ccccc1,中毒,8.476882,20.039776,2.728170201,0.607843137,0.392156863,0.225844005,0.19790454,0.408032596,0.27726038,166,True,False,False,,-9.327727,16.957283
O=C(c1nn[nH]c1N(Cc1ccccc1)Cc1ccccc1)c1nnsc1C(F)(F)F,O=C(c1nn[nH]c1N(Cc1ccccc1)Cc1ccccc1)c1nnsc1C(F)(F)F,低毒,7.84223,50.808228,3.091495061,0.62,0.38,0.190337602,0.591385332,0.369615832,0.383779589,298,True,False,False,,28.285215,-5.991496
O=C(c1nn[nH]c1N(Cc1ccccc1)Cc1ccccc1)N1CCCSC1,O=C(c1nn[nH]c1N(Cc1ccccc1)Cc1ccccc1)N1CCCSC1,中毒,31.753386,25.051384,,,,,,,,,False,False,False,,1.2116299,39.245853
O=C(c1c[nH]nc1-c1ccc[n+]([O-])c1)c1nn[nH]c1N(Cc1ccccc1)Cc1ccccc1,O=C(c1c[nH]nc1-c1ccc[n+]([O-])c1)c1nn[nH]c1N(Cc1ccccc1)Cc1ccccc1,中毒,12.53793,37.583416,3.283350785,0.525423729,0.474576271,0.55355064,0.714784633,0.739231665,0.669188979,628,True,False,False,,-23.395689,15.2958975
O=C(c1cncs1)c1nn[nH]c1N(Cc1ccccc1)Cc1ccccc1,O=C(c1cncs1)c1nn[nH]c1N(Cc1ccccc1)Cc1ccccc1,低毒,23.225828,34.65899,,,,,,,,,False,False,False,,7.068647,-4.038383
O=C(c1ccc2c(c1)NNC=N2)c1nn[nH]c1N(Cc1ccccc1)Cc1ccccc1,O=C(c1ccc2c(c1)NNC=N2)c1nn[nH]c1N(Cc1ccccc1)Cc1ccccc1,低毒,5.3406773,11.872601,3.098984738,0.634615385,0.365384615,0.08032596,0.598370198,0.290454016,0.323050058,214,True,False,False,,13.328938,14.469585
O=C(Cc1cccc(S(=O)(=O)N2CCc3ccccc32)c1)c1nn[nH]c1N(Cc1ccccc1)Cc1ccccc1,O=C(Cc1cccc(S(=O)(=O)N2CCc3ccccc32)c1)c1nn[nH]c1N(Cc1ccccc1)Cc1ccccc1,中毒,10.167218,48.753246,2.820731572,0.446153846,0.553846154,0.341094296,0.313154831,0.906868452,0.520372526,452,True,False,False,,-6.99506,41.42634
O=C(c1nn[nH]c1N(Cc1ccccc1)Cc1ccccc1)c1cccc2ncccc12,O=C(c1nn[nH]c1N(Cc1ccccc1)Cc1ccccc1)c1cccc2ncccc12,中毒,52.71559,36.282906,,,,,,,,,False,False,False,,-8.468668,13.378982
O=C(OCc1cn[nH]n1)c1nn[nH]c1N(Cc1ccccc1)Cc1ccccc1,O=C(OCc1cn[nH]n1)c1nn[nH]c1N(Cc1ccccc1)Cc1ccccc1,高毒,9.562925,34.70963,2.819501594,0.547169811,0.452830189,0.308498254,0.310826542,0.653667055,0.424330617,350,True,False,False,,-22.958097,-7.5293136
O=C(c1nn[nH]c1N(Cc1ccccc1)Cc1ccccc1)C(F)(F)C(F)F,O=C(c1nn[nH]c1N(Cc1ccccc1)Cc1ccccc1)C(F)(F)C(F)F,高毒,8.394683,58.01186,2.883512705,0.617021277,0.382978723,0.222933644,0.383003492,0.388824214,0.331587117,224,True,False,False,,-14.962019,-13.481944
O=C(c1nn[nH]c1N(Cc1ccccc1)Cc1ccccc1)c1nc2nsnc2n1-c1ccco1,O=C(c1nn[nH]c1N(Cc1ccccc1)Cc1ccccc1)c1nc2nsnc2n1-c1ccco1,中毒,24.288965,26.229519,,,,,,,,,False,False,False,,21.217249,2.7724226
O=C(c1nn[nH]c1N(Cc1ccccc1)Cc1ccccc1)c1oc2ccccc2c1C(F)(F)F,O=C(c1nn[nH]c1N(Cc1ccccc1)Cc1ccccc1)c1oc2ccccc2c1C(F)(F)F,低毒,17.854982,57.14756,2.908394794,0.574074074,0.425925926,0.896391153,0.407450524,0.55878929,0.620876989,571,True,False,False,,-2.6955824,-0.61161596
O=C(c1nn[nH]c1N(Cc1ccccc1)Cc1ccccc1)c1csc2ccccc12,O=C(c1nn[nH]c1N(Cc1ccccc1)Cc1ccccc1)c1csc2ccccc12,中毒,129.17392,39.76604,,,,,,,,,False,False,False,,-5.742091,20.800568
O=C(c1nn[nH]c1N(Cc1ccccc1)Cc1ccccc1)c1ccnc2cc(I)ccc12,O=C(c1nn[nH]c1N(Cc1ccccc1)Cc1ccccc1)c1ccnc2cc(I)ccc12,中毒,48.06879,36.282906,,,,,,,,,False,False,False,,-9.374325,13.009971
O=C(c1nn[nH]c1N(Cc1ccccc1)Cc1ccccc1)N1CCCCCCC1,O=C(c1nn[nH]c1N(Cc1ccccc1)Cc1ccccc1)N1CCCCCCC1,中毒,31.753386,21.923925,,,,,,,,,False,False,False,,0.7587268,36.718548
O=C(C1=NCCCS1)c1nn[nH]c1N(Cc1ccccc1)Cc1ccccc1,O=C(C1=NCCCS1)c1nn[nH]c1N(Cc1ccccc1)Cc1ccccc1,中毒,12.4404955,41.518845,3.047339333,0.632653061,0.367346939,0.538998836,0.555296857,0.313154831,0.469150175,405,True,False,False,,17.756624,5.262501
O=C(Cc1c(F)cccc1F)c1nn[nH]c1N(Cc1ccccc1)Cc1ccccc1,O=C(Cc1c(F)cccc1F)c1nn[nH]c1N(Cc1ccccc1)Cc1ccccc1,中毒,14.037337,54.13144,2.624991396,0.604166667,0.395833333,0.672293364,0.094295693,0.423748545,0.396779201,312,True,False,False,,-6.3116546,-6.14037
O=C(c1cnn[nH]1)c1nn[nH]c1N(Cc1ccccc1)Cc1ccccc1,O=C(c1cnn[nH]1)c1nn[nH]c1N(Cc1ccccc1)Cc1ccccc1,低毒,16.576067,34.50007,3.077698846,0.720930233,0.279069767,0.811990687,0.580908033,0.047729919,0.480209546,412,True,False,False,,11.514737,5.344866
O=C(C1=CC=[N+]NCCN1)c1nn[nH]c1N(Cc1ccccc1)Cc1ccccc1,O=C(C1=CC=[N+]NCCN1)c1nn[nH]c1N(Cc1ccccc1)Cc1ccccc1,高毒,18.650099,56.60067,3.645057957,0.58490566,0.41509434,0.929569267,0.857974389,0.504656577,0.764066744,730,True,False,False,,16.290783,5.4178286
O=C(c1ccon1)c1nn[nH]c1N(Cc1ccccc1)Cc1ccccc1,O=C(c1ccon1)c1nn[nH]c1N(Cc1ccccc1)Cc1ccccc1,微毒,4.2356267,29.762762,2.787085385,0.673913043,0.326086957,0.022700815,0.268917346,0.123399302,0.138339154,49,True,True,False,,15.885143,-1.2987043
O=C(c1ccncc1[18F])c1nn[nH]c1N(Cc1ccccc1)Cc1ccccc1,O=C(c1ccncc1[18F])c1nn[nH]c1N(Cc1ccccc1)Cc1ccccc1,中毒,15.362902,34.50007,2.65152284,0.645833333,0.354166667,0.734575087,0.115832363,0.241559953,0.363989135,268,True,False,False,,-12.906826,5.045219
O=C(c1nn[nH]c1N(Cc1ccccc1)Cc1ccccc1)c1c(F)cc2cc(OCCON3CCCC3)ccc2c1Cl,O=C(c1nn[nH]c1N(Cc1ccccc1)Cc1ccccc1)c1c(F)cc2cc(OCCON3CCCC3)ccc2c1Cl,中毒,12.815021,15.482069,3.226904677,0.424657534,0.575342466,0.58556461,0.682188591,0.936554133,0.734769111,706,True,False,False,,2.9555027,7.178383
O=C(c1nn[nH]c1N(Cc1ccccc1)Cc1ccccc1)C(c1ccc(Cl)c(Cl)c1F)N1c2ccccc2CC1F,O=C(c1nn[nH]c1N(Cc1ccccc1)Cc1ccccc1)C(c1ccc(Cl)c(Cl)c1F)N1c2ccccc2CC1F,中毒,13.291125,25.00937,4.00185823,0.408450704,0.591549296,0.620488941,0.928987194,0.95983702,0.836437718,796,True,False,False,,-17.417091,-20.097403
O=C(c1cnn(S(=O)(=O)C(O)=NO)c1-n1c(F)cc(F)c1F)c1nn[nH]c1N(Cc1ccccc1)Cc1ccccc1,O=C(c1cnn(S(=O)(=O)C(O)=NO)c1-n1c(F)cc(F)c1F)c1nn[nH]c1N(Cc1ccccc1)Cc1ccccc1,中毒,320.73346,16.729147,,,,,,,,,False,False,False,,-8.670773,17.611311
O=C(c1nn[nH]c1N(Cc1ccccc1)Cc1ccccc1)S(=O)(=O)c1ccco1,O=C(c1nn[nH]c1N(Cc1ccccc1)Cc1ccccc1)S(=O)(=O)c1ccco1,低毒,17.29244,42.09225,2.943315943,0.6,0.4,0.877764843,0.454016298,0.434225844,0.588668995,527,True,False,False,,-11.912066,-29.204107
O=C(O)c1ccc(-c2s[nH]c2C(=O)c2nn[nH]c2N(Cc2ccccc2)Cc2ccccc2)cc1I,O=C(O)c1ccc(-c2s[nH]c2C(=O)c2nn[nH]c2N(Cc2ccccc2)Cc2ccccc2)cc1I,低毒,11.238054,17.309227,3.219904299,0.534482759,0.465517241,0.457508731,0.674039581,0.703725262,0.611757858,557,True,False,False,,-5.9962554,11.079922
O=C(NN1C(=O)C(c2csc(Cl)n2)CC1Cn1ccnc1)c1nn[nH]c1N(Cc1ccccc1)Cc1ccccc1,O=C(NN1C(=O)C(c2csc(Cl)n2)CC1Cn1ccnc1)c1nn[nH]c1N(Cc1ccccc1)Cc1ccccc1,中毒,30.860775,17.421562,,,,,,,,,False,False,False,,16.221605,-14.581852
O=C(c1nn[nH]c1N(Cc1ccccc1)Cc1ccccc1)c1cn(CC2CCCC2)c2cccc(Cc3cc(F)c4ccccc4n3)c2c1=O,O=C(c1nn[nH]c1N(Cc1ccccc1)Cc1ccccc1)c1cn(CC2CCCC2)c2cccc(Cc3cc(F)c4ccccc4n3)c2c1=O,中毒,38.55977,12.570087,,,,,,,,,False,False,False,,-6.5885124,17.95457
O=C(c1ncc(SC(F)(F)c2ccc(F)cc2)s1)c1nn[nH]c1N(Cc1ccccc1)Cc1ccccc1,O=C(c1ncc(SC(F)(F)c2ccc(F)cc2)s1)c1nn[nH]c1N(Cc1ccccc1)Cc1ccccc1,中毒,34.439213,47.578785,,,,,,,,,False,False,False,,8.538446,7.8078027
O=C(OCCO)c1nn[nH]c1N(Cc1ccccc1)Cc1ccccc1,O=C(OCCO)c1nn[nH]c1N(Cc1ccccc1)Cc1ccccc1,高毒,25.45441,37.091206,,,,,,,,,False,False,False,,-22.48585,-9.054392
O=C(c1nn[nH]c1N(Cc1ccccc1)Cc1ccccc1)c1c(Cl)cnn1Cl,O=C(c1nn[nH]c1N(Cc1ccccc1)Cc1ccccc1)c1c(Cl)cnn1Cl,低毒,31.767456,23.173279,,,,,,,,,False,False,False,,-2.5535161,4.923521
O=C(c1cc(I)c(Br)cc1Br)c1nn[nH]c1N(Cc1ccccc1)Cc1ccccc1,O=C(c1cc(I)c(Br)cc1Br)c1nn[nH]c1N(Cc1ccccc1)Cc1ccccc1,中毒,4.2356267,34.50007,2.89295366,0.62,0.38,0.022700815,0.39580908,0.369615832,0.262708576,150,True,False,False,,-3.7139626,11.634194
O=C(c1nn[nH]c1N(Cc1ccccc1)Cc1ccccc1)c1cn(-c2ccc(F)cc2)c2ccc(Cl)cc12,O=C(c1nn[nH]c1N(Cc1ccccc1)Cc1ccccc1)c1cn(-c2ccc(F)cc2)c2ccc(Cl)cc12,中毒,89.035614,18.638416,,,,,,,,,False,False,False,,-14.494001,15.787109
NS(=O)(=O)c1ccc(Nc2nc(C(=O)c3nn[nH]c3N(Cc3ccccc3)Cc3ccccc3)cs2)c(F)c1,NS(=O)(=O)c1ccc(Nc2nc(C(=O)c3nn[nH]c3N(Cc3ccccc3)Cc3ccccc3)cs2)c(F)c1,中毒,14.863919,26.277933,2.958574243,0.455882353,0.544117647,0.7112922,0.476135041,0.888242142,0.691889794,652,True,False,False,,20.071169,-15.345661
O=C(c1cc(-c2ccco2)n[nH]1)c1nn[nH]c1N(Cc1ccccc1)Cc1ccccc1,O=C(c1cc(-c2ccco2)n[nH]1)c1nn[nH]c1N(Cc1ccccc1)Cc1ccccc1,中毒,18.021437,94.41073,2.882563524,0.58490566,0.41509434,0.902211874,0.381839348,0.504656577,0.596235933,537,True,False,False,,10.755604,2.426585
O=C(c1nn[nH]c1N(Cc1ccccc1)Cc1ccccc1)P(O)O,O=C(c1nn[nH]c1N(Cc1ccccc1)Cc1ccccc1)P(O)O,微毒,6.7121873,45.30162,2.934357005,0.69047619,0.30952381,0.13911525,0.443538999,0.080908033,0.221187427,106,True,False,False,,-7.3323817,-14.195111
O=C(c1ccno1)c1nn[nH]c1N(Cc1ccccc1)Cc1ccccc1,O=C(c1ccno1)c1nn[nH]c1N(Cc1ccccc1)Cc1ccccc1,低毒,10.806441,50.920006,2.799410193,0.688888889,0.311111111,0.389988359,0.285215367,0.086728754,0.253977493,141,True,False,False,,10.846871,1.5502023
O=C(c1nn[nH]c1N(Cc1ccccc1)Cc1ccccc1)C(O)CNO,O=C(c1nn[nH]c1N(Cc1ccccc1)Cc1ccccc1)C(O)CNO,低毒,8.2911215,44.787975,3.336768678,0.604166667,0.395833333,0.217694994,0.743888242,0.423748545,0.46177726,399,True,False,False,,-21.117815,-23.488966
O=C(c1nn[nH]c1N(Cc1ccccc1)Cc1ccccc1)S(=O)(=O)c1ccncc1-c1ccccc1,O=C(c1nn[nH]c1N(Cc1ccccc1)Cc1ccccc1)S(=O)(=O)c1ccncc1-c1ccccc1,中毒,37.38295,48.10254,,,,,,,,,False,False,False,,-14.750862,-33.525326
O=C(c1nn[nH]c1N(Cc1ccccc1)Cc1ccccc1)N1CCNCC1S,O=C(c1nn[nH]c1N(Cc1ccccc1)Cc1ccccc1)N1CCNCC1S,中毒,31.753386,14.395053,,,,,,,,,False,False,False,,1.3665086,34.79371
O=C(c1c[nH]nc1-c1cnccn1)c1nn[nH]c1N(Cc1ccccc1)Cc1ccccc1,O=C(c1c[nH]nc1-c1cnccn1)c1nn[nH]c1N(Cc1ccccc1)Cc1ccccc1,中毒,22.66685,25.665722,,,,,,,,,False,False,False,,-23.85232,13.986166
O=C(Oc1cccc([I+](=O)[O-])c1)c1nn[nH]c1N(Cc1ccccc1)Cc1ccccc1,O=C(Oc1cccc([I+](=O)[O-])c1)c1nn[nH]c1N(Cc1ccccc1)Cc1ccccc1,低毒,11.058763,34.70963,3.274101693,0.517857143,0.482142857,0.447031432,0.710128056,0.753783469,0.636980986,591,True,False,False,,-28.3115,-11.990718
O=C(c1ncco1)c1nn[nH]c1N(Cc1ccccc1)Cc1ccccc1,O=C(c1ncco1)c1nn[nH]c1N(Cc1ccccc1)Cc1ccccc1,低毒,9.168307,49.112568,2.831815385,0.659574468,0.340425532,0.272409779,0.32363213,0.169965076,0.255335662,143,True,False,False,,12.091473,0.74225354
O=C(c1c[nH]nc1-c1ccccc1)c1nn[nH]c1N(Cc1ccccc1)Cc1ccccc1,O=C(c1c[nH]nc1-c1ccccc1)c1nn[nH]c1N(Cc1ccccc1)Cc1ccccc1,中毒,12.53793,31.01351,2.862812317,0.632653061,0.367346939,0.55355064,0.362048894,0.313154831,0.409584789,331,True,False,False,,-23.015062,14.708719
O=C(c1ccc(Cl)cc1Cl)c1nn[nH]c1N(Cc1ccccc1)Cc1ccccc1,O=C(c1ccc(Cl)cc1Cl)c1nn[nH]c1N(Cc1ccccc1)Cc1ccccc1,低毒,4.2356267,34.049644,2.515737163,0.659574468,0.340425532,0.022700815,0.025611176,0.169965076,0.072759022,21,True,True,False,,-13.776981,12.677357
O=C(c1nn[nH]c1N(Cc1ccccc1)Cc1ccccc1)P(=S)(OO)SS,O=C(c1nn[nH]c1N(Cc1ccccc1)Cc1ccccc1)P(=S)(OO)SS,中毒,7.5406265,53.32705,3.772822154,0.557692308,0.442307692,0.176949942,0.883585565,0.622235157,0.560923555,503,True,False,False,,-12.498779,-17.042498
O=C(c1n[nH]c(=S)[nH]1)c1nn[nH]c1N(Cc1ccccc1)Cc1ccccc1,O=C(c1n[nH]c(=S)[nH]1)c1nn[nH]c1N(Cc1ccccc1)Cc1ccccc1,低毒,8.02164,115.43383,3.094661016,0.673913043,0.326086957,0.197322468,0.596041909,0.123399302,0.305587893,192,True,False,False,,14.609453,3.905503
O=C(c1nn[nH]c1N(Cc1ccccc1)Cc1ccccc1)S(=O)(=O)Nc1cc(Cl)cc(C(F)(F)F)c1,O=C(c1nn[nH]c1N(Cc1ccccc1)Cc1ccccc1)S(=O)(=O)Nc1cc(Cl)cc(C(F)(F)F)c1,低毒,16.891651,72.27336,3.03229088,0.467741935,0.532258065,0.835273574,0.545983702,0.873690338,0.751649205,719,True,False,False,,-14.586852,-26.19028
O=C(c1nnc(N2CCCC2C=NNc2ccncn2)s1)c1nn[nH]c1N(Cc1ccccc1)Cc1ccccc1,O=C(c1nnc(N2CCCC2C=NNc2ccncn2)s1)c1nn[nH]c1N(Cc1ccccc1)Cc1ccccc1,低毒,38.595486,37.183544,,,,,,,,,False,False,False,,13.910374,-5.8805933
O=C(c1nsnc1O)c1nn[nH]c1N(Cc1ccccc1)Cc1ccccc1,O=C(c1nsnc1O)c1nn[nH]c1N(Cc1ccccc1)Cc1ccccc1,低毒,79.00918,27.645193,,,,,,,,,False,False,False,,24.27775,2.912422
O=C(c1cc([N+](=O)[O-])ccc1Cl)c1nn[nH]c1N(Cc1ccccc1)Cc1ccccc1,O=C(c1cc([N+](=O)[O-])ccc1Cl)c1nn[nH]c1N(Cc1ccccc1)Cc1ccccc1,低毒,5.3406773,22.320736,2.626612411,0.574074074,0.425925926,0.08032596,0.095459837,0.55878929,0.244858362,133,True,False,False,,-24.199524,5.1372876
O=C(c1cc(Cl)sc1Cl)c1nn[nH]c1N(Cc1ccccc1)Cc1ccccc1,O=C(c1cc(Cl)sc1Cl)c1nn[nH]c1N(Cc1ccccc1)Cc1ccccc1,中毒,11.527643,30.13742,2.766417119,0.632653061,0.367346939,0.477299185,0.236321304,0.313154831,0.34225844,235,True,False,False,,-7.2061357,8.238416
O=C(c1ncn[nH]1)c1nn[nH]c1N(Cc1ccccc1)Cc1ccccc1,O=C(c1ncn[nH]1)c1nn[nH]c1N(Cc1ccccc1)Cc1ccccc1,低毒,8.02164,41.86337,2.817979616,0.688888889,0.311111111,0.197322468,0.307334109,0.086728754,0.197128444,87,True,True,False,,13.706184,3.5782223
O=C(Nc1ccccc1Nc1c(Cl)ncnc1Cl)c1nn[nH]c1N(Cc1ccccc1)Cc1ccccc1,O=C(Nc1ccccc1Nc1c(Cl)ncnc1Cl)c1nn[nH]c1N(Cc1ccccc1)Cc1ccccc1,低毒,20.009462,22.05256,,,,,,,,,False,False,False,,-8.0942545,-20.43853
O=C(c1nn[nH]c1N(Cc1ccccc1)Cc1ccccc1)C1C=CC(O)C1,O=C(c1nn[nH]c1N(Cc1ccccc1)Cc1ccccc1)C1C=CC(O)C1,中毒,17.100971,20.387478,3.674856111,0.58,0.42,0.851571595,0.867287544,0.533178114,0.750679084,718,True,False,False,,2.7710302,-33.458572
O=C(c1cc(F)cc(Cl)c1)c1nn[nH]c1N(Cc1ccccc1)Cc1ccccc1,O=C(c1cc(F)cc(Cl)c1)c1nn[nH]c1N(Cc1ccccc1)Cc1ccccc1,中毒,9.219173,20.880424,2.601118595,0.6875,0.3125,0.288125728,0.083818393,0.091967404,0.154637175,55,True,True,False,,8.076755,11.821909
O=C(c1nn[nH]c1N(Cc1ccccc1)Cc1ccccc1)c1n[nH]c(=O)c2ccccc12,O=C(c1nn[nH]c1N(Cc1ccccc1)Cc1ccccc1)c1n[nH]c(=O)c2ccccc12,低毒,7.657384,62.66939,2.71056666,0.659574468,0.340425532,0.181606519,0.180442375,0.169965076,0.17733799,72,True,True,False,,30.64567,2.5572278
O=C(C1=C(Br)C(C(F)(F)F)=CI(c2c[nH]cn2)C=C1)c1nn[nH]c1N(Cc1ccccc1)Cc1ccccc1,O=C(C1=C(Br)C(C(F)(F)F)=CI(c2c[nH]cn2)C=C1)c1nn[nH]c1N(Cc1ccccc1)Cc1ccccc1,中毒,96.30033,13.04225,,,,,,,,,False,False,False,,17.296265,-2.4424007
O=C(c1nn[nH]c1N(Cc1ccccc1)Cc1ccccc1)c1[nH]nnc1-c1cc[nH]n1,O=C(c1nn[nH]c1N(Cc1ccccc1)Cc1ccccc1)c1[nH]nnc1-c1cc[nH]n1,中毒,20.013626,21.411777,,,,,,,,,False,False,False,,19.80077,-2.1159077
O=C(c1nn[nH]c1N(Cc1ccccc1)Cc1ccccc1)c1[nH]nnc1OCc1csc2cccc(Cl)c12,O=C(c1nn[nH]c1N(Cc1ccccc1)Cc1ccccc1)c1[nH]nnc1OCc1csc2cccc(Cl)c12,中毒,70.387,19.231985,,,,,,,,,False,False,False,,-5.990889,23.219028
O=C(c1csc(NCCCF)n1)c1nn[nH]c1N(Cc1ccccc1)Cc1ccccc1,O=C(c1csc(NCCCF)n1)c1nn[nH]c1N(Cc1ccccc1)Cc1ccccc1,低毒,6.5956955,23.603157,2.938256832,0.534482759,0.465517241,0.135040745,0.447031432,0.703725262,0.428599146,358,True,False,False,,20.299582,-13.633498
O=C(c1nn[nH]c1N(Cc1ccccc1)Cc1ccccc1)[S+]([O-])Cn1ccnc1[N+](=O)[O-],O=C(c1nn[nH]c1N(Cc1ccccc1)Cc1ccccc1)[S+]([O-])Cn1ccnc1[N+](=O)[O-],中毒,13.18576,33.353508,3.886714805,0.475409836,0.524590164,0.607683353,0.910360885,0.859720605,0.792588281,767,True,False,False,,-8.730521,-14.744812
O=C1COCCN1C(=O)c1nn[nH]c1N(Cc1ccccc1)Cc1ccccc1,O=C1COCCN1C(=O)c1nn[nH]c1N(Cc1ccccc1)Cc1ccccc1,中毒,31.753386,27.578505,,,,,,,,,False,False,False,,3.5545805,33.492325
O=C(c1cn2ccnc2s1)c1nn[nH]c1N(Cc1ccccc1)Cc1ccccc1,O=C(c1cn2ccnc2s1)c1nn[nH]c1N(Cc1ccccc1)Cc1ccccc1,中毒,16.413984,57.69787,3.0018201,0.596153846,0.403846154,0.799767171,0.516880093,0.448195576,0.588280947,525,True,False,False,,8.8099785,-4.2738147
O=C(c1nn[nH]c1N(Cc1ccccc1)Cc1ccccc1)C(c1cn[nH]c1)C(F)(F)F,O=C(c1nn[nH]c1N(Cc1ccccc1)Cc1ccccc1)C(c1cn[nH]c1)C(F)(F)F,高毒,8.820913,41.393444,3.578161636,0.517857143,0.482142857,0.243888242,0.83701979,0.753783469,0.611563834,555,True,False,False,,-19.088783,-16.452303
O=C(c1nn[nH]c1N(Cc1ccccc1)Cc1ccccc1)c1c[nH]c2c(C(F)(F)F)cc(Cl)cc12,O=C(c1nn[nH]c1N(Cc1ccccc1)Cc1ccccc1)c1c[nH]c2c(C(F)(F)F)cc(Cl)cc12,中毒,85.93878,20.286806,,,,,,,,,False,False,False,,-17.361813,20.938597
O=C(OCBr)c1nn[nH]c1N(Cc1ccccc1)Cc1ccccc1,O=C(OCBr)c1nn[nH]c1N(Cc1ccccc1)Cc1ccccc1,高毒,9.562925,35.818108,2.709749656,0.659090909,0.340909091,0.308498254,0.178114086,0.19790454,0.228172293,114,True,False,False,,-23.465218,-8.945338
O=C(c1ccccc1C(F)(F)F)c1nn[nH]c1N(Cc1ccccc1)Cc1ccccc1,O=C(c1ccccc1C(F)(F)F)c1nn[nH]c1N(Cc1ccccc1)Cc1ccccc1,中毒,21.929697,42.20913,,,,,,,,,False,False,False,,-15.929909,8.2565365
O=C(OS(=O)(=O)O)c1nn[nH]c1N(Cc1ccccc1)Cc1ccccc1,O=C(OS(=O)(=O)O)c1nn[nH]c1N(Cc1ccccc1)Cc1ccccc1,中毒,12.190424,35.42031,2.774398689,0.630434783,0.369565217,0.516880093,0.252619325,0.344004657,0.371168025,280,True,False,False,,-23.728333,-11.318293
O=C(c1cncc(Br)c1)c1nn[nH]c1N(Cc1ccccc1)Cc1ccccc1,O=C(c1cncc(Br)c1)c1nn[nH]c1N(Cc1ccccc1)Cc1ccccc1,中毒,15.429382,20.880424,2.658989989,0.70212766,0.29787234,0.745052386,0.12572759,0.072759022,0.314513,204,True,False,False,,10.357,9.286791
O=C(c1nn[nH]c1N(Cc1ccccc1)Cc1ccccc1)C(Cl)c1ccsc1,O=C(c1nn[nH]c1N(Cc1ccccc1)Cc1ccccc1)C(Cl)c1ccsc1,中毒,7.0482006,23.258205,3.293392246,0.547169811,0.452830189,0.157159488,0.719441211,0.653667055,0.510089251,441,True,False,False,,-17.857729,-22.811367
O=C(C1=C2C3=CC=CN2C=CC3=NC=C1)c1nn[nH]c1N(Cc1ccccc1)Cc1ccccc1,O=C(C1=C2C3=CC=CN2C=CC3=NC=C1)c1nn[nH]c1N(Cc1ccccc1)Cc1ccccc1,中毒,11.41407,19.633484,5.087742909,0.508196721,0.491803279,0.470314319,0.993015134,0.793364377,0.752231277,720,True,False,False,,13.792838,5.709329
O=C(c1nn[nH]c1N(Cc1ccccc1)Cc1ccccc1)N1CCCNC1,O=C(c1nn[nH]c1N(Cc1ccccc1)Cc1ccccc1)N1CCCNC1,中毒,57.72675,22.349182,,,,,,,,,False,False,False,,1.3546661,36.063686
O=C(c1nn[nH]c1N(Cc1ccccc1)Cc1ccccc1)C12CC(=CO1)N=C(O)NC1=CC=C12,O=C(c1nn[nH]c1N(Cc1ccccc1)Cc1ccccc1)C12CC(=CO1)N=C(O)NC1=CC=C12,中毒,15.99479,10.263556,4.903865533,0.46031746,0.53968254,0.779394645,0.987194412,0.881839348,0.882809468,830,True,False,False,,-1.0258108,-18.495228
O=C(c1nn[nH]c1N(Cc1ccccc1)Cc1ccccc1)n1c2c(sc1=S)CCN(Cc1ccc(-n3cnc(-c4ncco4)c3F)cc1)CC2,O=C(c1nn[nH]c1N(Cc1ccccc1)Cc1ccccc1)n1c2c(sc1=S)CCN(Cc1ccc(-n3cnc(-c4ncco4)c3F)cc1)CC2,中毒,17.13649,108.1768,3.738469138,0.325842697,0.674157303,0.869615832,0.875436554,0.997089639,0.914047342,844,True,False,False,,8.033308,37.506813
O=C(c1nn[nH]c1N(Cc1ccccc1)Cc1ccccc1)C1CCSc2ncccc21,O=C(c1nn[nH]c1N(Cc1ccccc1)Cc1ccccc1)C1CCSc2ncccc21,中毒,11.20721,40.621,3.47494206,0.491525424,0.508474576,0.456344587,0.798603027,0.831199069,0.695382227,655,True,False,False,,7.8141274,-39.752148
O=C(c1nn[nH]c1N(Cc1ccccc1)Cc1ccccc1)c1nc2ccccc2sc1=S,O=C(c1nn[nH]c1N(Cc1ccccc1)Cc1ccccc1)c1nc2ccccc2sc1=S,中毒,13.106993,135.96582,2.891360316,0.596153846,0.403846154,0.604772992,0.394644936,0.448195576,0.482537835,416,True,False,False,,11.093599,-16.308199
O=C(C(=O)c1nn[nH]c1N(Cc1ccccc1)Cc1ccccc1)C1=[N+]2OC(F)(F)OC2=Cc2ccccc2S1,O=C(C(=O)c1nn[nH]c1N(Cc1ccccc1)Cc1ccccc1)C1=[N+]2OC(F)(F)OC2=Cc2ccccc2S1,中毒,27.919865,40.298187,,,,,,,,,False,False,False,,-5.6556034,-10.291559
O=C(Nc1ccccc1C(F)(F)Br)c1nn[nH]c1N(Cc1ccccc1)Cc1ccccc1,O=C(Nc1ccccc1C(F)(F)Br)c1nn[nH]c1N(Cc1ccccc1)Cc1ccccc1,中毒,20.762747,20.273445,,,,,,,,,False,False,False,,-8.523815,-19.92385
O=C(c1nn[nH]c1N(Cc1ccccc1)Cc1ccccc1)c1c(Cl)sc2nc[nH]c12,O=C(c1nn[nH]c1N(Cc1ccccc1)Cc1ccccc1)c1c(Cl)sc2nc[nH]c12,中毒,38.836617,24.659214,,,,,,,,,False,False,False,,-1.7155318,2.5394247
O=C(c1cccc(Cl)c1)c1nn[nH]c1N(Cc1ccccc1)Cc1ccccc1,O=C(c1cccc(Cl)c1)c1nn[nH]c1N(Cc1ccccc1)Cc1ccccc1,低毒,4.2356267,34.50007,2.453446279,0.772727273,0.227272727,0.022700815,0.010477299,0.01862631,0.017268141,6,True,True,False,,7.7178006,13.259532
O=C(c1nsnc1N1CCCC1)c1nn[nH]c1N(Cc1ccccc1)Cc1ccccc1,O=C(c1nsnc1N1CCCC1)c1nn[nH]c1N(Cc1ccccc1)Cc1ccccc1,低毒,18.950224,55.06953,2.972750082,0.58490566,0.41509434,0.949359721,0.490104773,0.504656577,0.648040357,606,True,False,False,,25.309265,4.8325405
O=C(OC(F)(Cl)Cl)c1nn[nH]c1N(Cc1ccccc1)Cc1ccccc1,O=C(OC(F)(Cl)Cl)c1nn[nH]c1N(Cc1ccccc1)Cc1ccccc1,低毒,43.77213,24.496613,,,,,,,,,False,False,False,,-21.294758,-11.545525
O=C(c1nccnc1Nc1ccccc1)c1nn[nH]c1N(Cc1ccccc1)Cc1ccccc1,O=C(c1nccnc1Nc1ccccc1)c1nn[nH]c1N(Cc1ccccc1)Cc1ccccc1,低毒,145.2774,34.579483,,,,,,,,,False,False,False,,21.83807,4.9181
O=CN(O)C1C(CO)=[S+]([O-])C(c2ccccc2)CC1C(=O)c1nn[nH]c1N(Cc1ccccc1)Cc1ccccc1,O=CN(O)C1C(CO)=[S+]([O-])C(c2ccccc2)CC1C(=O)c1nn[nH]c1N(Cc1ccccc1)Cc1ccccc1,中毒,14.08831,43.709972,4.795768944,0.426470588,0.573529412,0.681024447,0.983701979,0.932479627,0.865735351,816,True,False,False,,2.5356233,-31.309671
O=C(c1nn[nH]c1N(Cc1ccccc1)Cc1ccccc1)N1CCN(CCO)CC1,O=C(c1nn[nH]c1N(Cc1ccccc1)Cc1ccccc1)N1CCN(CCO)CC1,中毒,31.753386,19.434464,,,,,,,,,False,False,False,,2.3089292,37.297745
O=C(C1=COC=CN(c2cccn3cnnc23)C1)c1nn[nH]c1N(Cc1ccccc1)Cc1ccccc1,O=C(C1=COC=CN(c2cccn3cnnc23)C1)c1nn[nH]c1N(Cc1ccccc1)Cc1ccccc1,中毒,28.239386,11.744189,,,,,,,,,False,False,False,,15.8557625,8.482538
O=C(c1nn[nH]c1N(Cc1ccccc1)Cc1ccccc1)[SH](c1ccc(F)cc1)P(=O)(O)OCCOCc1c(Cl)cccc1Cl,O=C(c1nn[nH]c1N(Cc1ccccc1)Cc1ccccc1)[SH](c1ccc(F)cc1)P(=O)(O)OCCOCc1c(Cl)cccc1Cl,中毒,43.175888,13.401106,,,,,,,,,False,False,False,,-29.276625,-3.8204153
O=C(c1nn[nH]c1N(Cc1ccccc1)Cc1ccccc1)[N+]([O-])=NNCc1noc2ccccc12,O=C(c1nn[nH]c1N(Cc1ccccc1)Cc1ccccc1)[N+]([O-])=NNCc1noc2ccccc12,低毒,19.55234,11.3553915,3.333681928,0.453125,0.546875,0.988358556,0.742724098,0.895227008,0.875436554,826,True,False,False,,22.94737,-19.688063
O=C(c1cocn1)c1nn[nH]c1N(Cc1ccccc1)Cc1ccccc1,O=C(c1cocn1)c1nn[nH]c1N(Cc1ccccc1)Cc1ccccc1,低毒,9.168307,62.754444,2.907190385,0.659574468,0.340425532,0.272409779,0.405122235,0.169965076,0.28249903,170,True,False,False,,16.384817,-3.4973848
O=C(c1nn[nH]c1N(Cc1ccccc1)Cc1ccccc1)c1c(Br)coc1Br,O=C(c1nn[nH]c1N(Cc1ccccc1)Cc1ccccc1)c1c(Br)coc1Br,低毒,42.72836,37.023136,,,,,,,,,False,False,False,,0.9620712,11.931171
O=C(SC(F)(F)F)c1nn[nH]c1N(Cc1ccccc1)Cc1ccccc1,O=C(SC(F)(F)F)c1nn[nH]c1N(Cc1ccccc1)Cc1ccccc1,高毒,5.7749395,32.175953,2.875890997,0.630434783,0.369565217,0.105355064,0.377182771,0.344004657,0.275514164,165,True,False,False,,-13.419094,-9.147055
O=C(c1nn[nH]c1N(Cc1ccccc1)Cc1ccccc1)C(O)C(F)(F)F,O=C(c1nn[nH]c1N(Cc1ccccc1)Cc1ccccc1)C(O)C(F)(F)F,低毒,8.2911215,83.59449,3.249264462,0.617021277,0.382978723,0.217694994,0.696158324,0.388824214,0.434225844,364,True,False,False,,-18.679316,-17.851469
O=C(c1ccc(I)cc1Cl)c1nn[nH]c1N(Cc1ccccc1)Cc1ccccc1,O=C(c1ccc(I)cc1Cl)c1nn[nH]c1N(Cc1ccccc1)Cc1ccccc1,低毒,4.2356267,22.11593,2.658589683,0.632653061,0.367346939,0.022700815,0.124563446,0.313154831,0.153473031,54,True,True,False,,-12.862787,11.109773
O=C(c1cscc1O)c1nn[nH]c1N(Cc1ccccc1)Cc1ccccc1,O=C(c1cscc1O)c1nn[nH]c1N(Cc1ccccc1)Cc1ccccc1,中毒,11.527643,17.286322,2.885285218,0.659574468,0.340425532,0.477299185,0.384167637,0.169965076,0.343810633,238,True,False,False,,-7.642671,10.951054
O=C(c1nn[nH]c1N(Cc1ccccc1)Cc1ccccc1)C1CCN(c2ccccc2[N+](=O)[O-])CC1,O=C(c1nn[nH]c1N(Cc1ccccc1)Cc1ccccc1)C1CCN(c2ccccc2[N+](=O)[O-])CC1,中毒,9.2972555,34.94612,2.731512329,0.475409836,0.524590164,0.295692666,0.201396973,0.859720605,0.452270081,383,True,False,False,,9.195271,-32.112442
O=C(c1ccccc1Oc1c(Br)[nH]c2ccc(Cl)nc12)c1nn[nH]c1N(Cc1ccccc1)Cc1ccccc1,O=C(c1ccccc1Oc1c(Br)[nH]c2ccc(Cl)nc12)c1nn[nH]c1N(Cc1ccccc1)Cc1ccccc1,低毒,28.33646,27.355776,,,,,,,,,False,False,False,,-11.7132,9.175803
O=C(c1nn[nH]c1N(Cc1ccccc1)Cc1ccccc1)N1CCn2cccc2C1O,O=C(c1nn[nH]c1N(Cc1ccccc1)Cc1ccccc1)N1CCn2cccc2C1O,中毒,21.971928,20.765152,,,,,,,,,False,False,False,,0.13702375,34.183643
O=C(c1nn[nH]c1N(Cc1ccccc1)Cc1ccccc1)C1CCCO1,O=C(c1nn[nH]c1N(Cc1ccccc1)Cc1ccccc1)C1CCCO1,低毒,12.901145,41.11201,3.116862687,0.6,0.4,0.592549476,0.614668219,0.434225844,0.547147846,487,True,False,False,,11.564818,-35.76555
O=C(c1nn[nH]c1N(Cc1ccccc1)Cc1ccccc1)S(=O)(=O)C=CN1CCCCC1,O=C(c1nn[nH]c1N(Cc1ccccc1)Cc1ccccc1)S(=O)(=O)C=CN1CCCCC1,中毒,32.757816,52.269203,,,,,,,,,False,False,False,,-9.486409,-27.151497
O=C(c1cc2c(F)cc(I)cc2[nH]1)c1nn[nH]c1N(Cc1ccccc1)Cc1ccccc1,O=C(c1cc2c(F)cc(I)cc2[nH]1)c1nn[nH]c1N(Cc1ccccc1)Cc1ccccc1,低毒,11.746033,19.85378,2.971785757,0.563636364,0.436363636,0.48661234,0.48661234,0.60419092,0.5258052,458,True,False,False,,3.8498595,9.9717045
CC12CC3CC(C1)CC(C(=O)c1nn[nH]c1N(Cc1ccccc1)Cc1ccccc1)(C3)C2,CC12CC3CC(C1)CC(C(=O)c1nn[nH]c1N(Cc1ccccc1)Cc1ccccc1)(C3)C2,高毒,10.869423,10.310754,4.777098728,0.517857143,0.482142857,0.4225844,0.98137369,0.753783469,0.719247187,689,True,False,False,,-1.1310067,-25.647324
O=C(SOc1cc2cn[nH]c2cc1C1CCN1)c1nn[nH]c1N(Cc1ccccc1)Cc1ccccc1,O=C(SOc1cc2cn[nH]c2cc1C1CCN1)c1nn[nH]c1N(Cc1ccccc1)Cc1ccccc1,中毒,18.877516,23.679771,3.808789359,0.420289855,0.579710145,0.941792782,0.894062864,0.940628638,0.925494761,848,True,False,False,,-15.397346,-7.8192973
O=C(c1cccnc1F)c1nn[nH]c1N(Cc1ccccc1)Cc1ccccc1,O=C(c1cccnc1F)c1nn[nH]c1N(Cc1ccccc1)Cc1ccccc1,中毒,15.429382,38.285244,2.648385465,0.659574468,0.340425532,0.745052386,0.112922002,0.169965076,0.342646488,236,True,False,False,,-8.120343,5.2230725
O=C(c1ccccc1[S+])c1nn[nH]c1N(Cc1ccccc1)Cc1ccccc1,O=C(c1ccccc1[S+])c1nn[nH]c1N(Cc1ccccc1)Cc1ccccc1,中毒,6.0083222,32.63324,2.946323745,0.704545455,0.295454545,0.128055879,0.45983702,0.065774156,0.217889018,102,True,False,False,,-5.98781,12.494243
O=C(c1ccc(F)cc1-[n+]1ccc(I)cc1)c1nn[nH]c1N(Cc1ccccc1)Cc1ccccc1,O=C(c1ccc(F)cc1-[n+]1ccc(I)cc1)c1nn[nH]c1N(Cc1ccccc1)Cc1ccccc1,中毒,10.910183,18.810434,3.21974612,0.534482759,0.465517241,0.4330617,0.672875437,0.703725262,0.603220799,547,True,False,False,,-11.686231,18.484982
O=C(c1nn[nH]c1N(Cc1ccccc1)Cc1ccccc1)c1cccn1-c1cccnc1,O=C(c1nn[nH]c1N(Cc1ccccc1)Cc1ccccc1)c1cccn1-c1cccnc1,低毒,8.2594,29.762762,2.827774483,0.574074074,0.425925926,0.208381839,0.320139697,0.55878929,0.362436942,266,True,False,False,,28.985968,-13.894933
O=C(Cc1ccc(Cl)o1)c1nn[nH]c1N(Cc1ccccc1)Cc1ccccc1,O=C(Cc1ccc(Cl)o1)c1nn[nH]c1N(Cc1ccccc1)Cc1ccccc1,中毒,15.714015,34.68165,2.796995419,0.568627451,0.431372549,0.766589057,0.279394645,0.583818393,0.543267365,479,True,False,False,,-4.2146792,-6.955867
O=C(c1nn[nH]c1N(Cc1ccccc1)Cc1ccccc1)C(Br)c1ccco1,O=C(c1nn[nH]c1N(Cc1ccccc1)Cc1ccccc1)C(Br)c1ccco1,中毒,15.033959,41.4148,3.297637314,0.568627451,0.431372549,0.719441211,0.722933644,0.583818393,0.675397749,637,True,False,False,,-26.345726,-22.087421
O=C(Sc1ccccn1)c1nn[nH]c1N(Cc1ccccc1)Cc1ccccc1,O=C(Sc1ccccn1)c1nn[nH]c1N(Cc1ccccc1)Cc1ccccc1,中毒,11.934584,30.458624,2.741283705,0.591836735,0.408163265,0.502910361,0.213038417,0.474388824,0.396779201,311,True,False,False,,-13.446801,-5.2295485
O=C(c1nn[nH]c1N(Cc1ccccc1)Cc1ccccc1)n1ccnc1,O=C(c1nn[nH]c1N(Cc1ccccc1)Cc1ccccc1)n1ccnc1,高毒,10.842651,41.60291,2.741592116,0.591836735,0.408163265,0.411525029,0.214202561,0.474388824,0.366705471,273,True,False,False,,-16.41613,-4.969867
O=C(c1nn[nH]c1N(Cc1ccccc1)Cc1ccccc1)c1ccnn1-c1cccc(O)c1,O=C(c1nn[nH]c1N(Cc1ccccc1)Cc1ccccc1)c1ccnn1-c1cccc(O)c1,低毒,18.55246,88.8869,2.872027246,0.553571429,0.446428571,0.923166473,0.373690338,0.63911525,0.64532402,602,True,False,False,,29.716835,-11.691713
O=C(c1nn[nH]c1N(Cc1ccccc1)Cc1ccccc1)C(OCc1ccccc1)P(=O)(O)O,O=C(c1nn[nH]c1N(Cc1ccccc1)Cc1ccccc1)C(OCc1ccccc1)P(=O)(O)O,中毒,11.783293,32.051662,3.356107157,0.557692308,0.442307692,0.495343423,0.750873108,0.622235157,0.622817229,577,True,False,False,,-22.082119,-18.764296
O=C(c1cc(Br)ccn1)c1nn[nH]c1N(Cc1ccccc1)Cc1ccccc1,O=C(c1cc(Br)ccn1)c1nn[nH]c1N(Cc1ccccc1)Cc1ccccc1,低毒,4.2356267,34.285435,2.722460759,0.632653061,0.367346939,0.022700815,0.193247963,0.313154831,0.17636787,71,True,True,False,,17.387094,-5.2934303
O=C(c1cscc1[N+](=O)[O-])c1nn[nH]c1N(Cc1ccccc1)Cc1ccccc1,O=C(c1cscc1[N+](=O)[O-])c1nn[nH]c1N(Cc1ccccc1)Cc1ccccc1,中毒,11.527643,26.548447,2.940465545,0.596153846,0.403846154,0.477299185,0.450523865,0.448195576,0.458672875,396,True,False,False,,-21.128902,4.8133855
O=C(c1nn[nH]c1N(Cc1ccccc1)Cc1ccccc1)c1onc2c(Cl)c-2ccc1Br,O=C(c1nn[nH]c1N(Cc1ccccc1)Cc1ccccc1)c1onc2c(Cl)c-2ccc1Br,中毒,38.942436,33.737434,,,,,,,,,False,False,False,,0.9662701,10.76718
O=C(c1nn[nH]c1N(Cc1ccccc1)Cc1ccccc1)c1c2sc3ccccc3nc-2c2c(OCCN3CCNC3=O)cccc2c1=O,O=C(c1nn[nH]c1N(Cc1ccccc1)Cc1ccccc1)c1c2sc3ccccc3nc-2c2c(OCCN3CCNC3=O)cccc2c1=O,中毒,57.349663,21.726702,,,,,,,,,False,False,False,,9.646239,-16.152079
O=C(c1nn[nH]c1N(Cc1ccccc1)Cc1ccccc1)c1c(SCc2ccccc2OC(F)F)nsc1Cl,O=C(c1nn[nH]c1N(Cc1ccccc1)Cc1ccccc1)c1c(SCc2ccccc2OC(F)F)nsc1Cl,中毒,28.38782,57.913963,,,,,,,,,False,False,False,,-0.11246065,4.3087406
O=C(c1nn[nH]c1N(Cc1ccccc1)Cc1ccccc1)N1CCCC2=C(CON2)CC(N2CCOCC2)CC1,O=C(c1nn[nH]c1N(Cc1ccccc1)Cc1ccccc1)N1CCCC2=C(CON2)CC(N2CCOCC2)CC1,中毒,361.05753,39.075317,,,,,,,,,False,False,False,,5.5079775,35.195183
O=C(c1nn[nH]c1N(Cc1ccccc1)Cc1ccccc1)[n+]1ccccc1Br,O=C(c1nn[nH]c1N(Cc1ccccc1)Cc1ccccc1)[n+]1ccccc1Br,中毒,17.762047,23.78606,3.02726836,0.591836735,0.408163265,0.890570431,0.538998836,0.474388824,0.634652697,588,True,False,False,,-2.0391986,-15.228038
O=C(NC(Cc1cscn1)C(=O)c1nn[nH]c1N(Cc1ccccc1)Cc1ccccc1)c1ncccc1F,O=C(NC(Cc1cscn1)C(=O)c1nn[nH]c1N(Cc1ccccc1)Cc1ccccc1)c1ncccc1F,中毒,70.39719,22.46335,,,,,,,,,False,False,False,,-17.914104,-29.169044
O=C(c1nn[nH]c1N(Cc1ccccc1)Cc1ccccc1)c1nsc2c1CCS2,O=C(c1nn[nH]c1N(Cc1ccccc1)Cc1ccccc1)c1nsc2c1CCS2,中毒,11.527643,29.423944,3.205134534,0.58490566,0.41509434,0.477299185,0.66589057,0.504656577,0.549282111,489,True,False,False,,26.701775,0.52266765
O=C(c1nn[nH]c1N(Cc1ccccc1)Cc1ccccc1)P(=O)(O)SC=CP(=O)(O)O,O=C(c1nn[nH]c1N(Cc1ccccc1)Cc1ccccc1)P(=O)(O)SC=CP(=O)(O)O,中毒,11.783293,46.07614,3.888586352,0.557692308,0.442307692,0.495343423,0.912689173,0.622235157,0.676755918,638,True,False,False,,-12.044375,-18.578466
O=C(c1nn[nH]c1N(Cc1ccccc1)Cc1ccccc1)C(O)c1ccccn1,O=C(c1nn[nH]c1N(Cc1ccccc1)Cc1ccccc1)C(O)c1ccccn1,高毒,9.562925,38.660896,3.166632348,0.58,0.42,0.308498254,0.641443539,0.533178114,0.494373302,422,True,False,False,,-22.71964,-23.869633
O=C(c1ccc([N+](=O)[O-])s1)c1nn[nH]c1N(Cc1ccccc1)Cc1ccccc1,O=C(c1ccc([N+](=O)[O-])s1)c1nn[nH]c1N(Cc1ccccc1)Cc1ccccc1,中毒,9.219173,9.519632,2.784109046,0.607843137,0.392156863,0.288125728,0.267753201,0.408032596,0.321303842,210,True,False,False,,-20.235928,2.2766042
NC1C2C3C=CC(CC12C(=O)c1nn[nH]c1N(Cc1ccccc1)Cc1ccccc1)O3,NC1C2C3C=CC(CC12C(=O)c1nn[nH]c1N(Cc1ccccc1)Cc1ccccc1)O3,中毒,52.18346,12.3704405,,,,,,,,,False,False,False,,-2.4835546,-24.230358
O=C(c1nn[nH]c1N(Cc1ccccc1)Cc1ccccc1)c1nssc1=S,O=C(c1nn[nH]c1N(Cc1ccccc1)Cc1ccccc1)c1nssc1=S,中毒,60.356018,100.19464,,,,,,,,,False,False,False,,24.449614,1.6760186
O=C(c1cc[n+]([O-])cc1)c1nn[nH]c1N(Cc1ccccc1)Cc1ccccc1,O=C(c1cc[n+]([O-])cc1)c1nn[nH]c1N(Cc1ccccc1)Cc1ccccc1,中毒,10.806441,34.50007,2.815210442,0.790697674,0.209302326,0.389988359,0.302677532,0.010477299,0.234381063,119,True,False,False,,19.48703,14.783731
O=C(c1nn[nH]c1N(Cc1ccccc1)Cc1ccccc1)S(=O)(=O)c1ccccc1CO,O=C(c1nn[nH]c1N(Cc1ccccc1)Cc1ccccc1)S(=O)(=O)c1ccccc1CO,中毒,17.033323,52.928974,2.859348414,0.568627451,0.431372549,0.844004657,0.359720605,0.583818393,0.595847885,536,True,False,False,,-14.171863,-30.372227
Nc1ccc2c(c1)c(C(=O)c1nn[nH]c1N(Cc1ccccc1)Cc1ccccc1)nn2Cc1ccc(F)cc1,Nc1ccc2c(c1)c(C(=O)c1nn[nH]c1N(Cc1ccccc1)Cc1ccccc1)nn2Cc1ccc(F)cc1,低毒,39.24402,61.469467,,,,,,,,,False,False,False,,8.693835,9.592069
O=C(c1ccc(I)o1)c1nn[nH]c1N(Cc1ccccc1)Cc1ccccc1,O=C(c1ccc(I)o1)c1nn[nH]c1N(Cc1ccccc1)Cc1ccccc1,低毒,4.2356267,99.39865,2.794407169,0.673913043,0.326086957,0.022700815,0.277066356,0.123399302,0.141055491,52,True,True,False,,9.163772,0.37450027
O=C(c1ccc(Cl)c(Cl)c1)c1nn[nH]c1N(Cc1ccccc1)Cc1ccccc1,O=C(c1ccc(Cl)c(Cl)c1)c1nn[nH]c1N(Cc1ccccc1)Cc1ccccc1,低毒,4.2356267,20.880424,2.501763688,0.733333333,0.266666667,0.022700815,0.022118743,0.037252619,0.027357392,8,True,True,False,,10.307705,14.547356
O=C(c1nn[nH]c1N(Cc1ccccc1)Cc1ccccc1)C1CC2CCC1C2,O=C(c1nn[nH]c1N(Cc1ccccc1)Cc1ccccc1)C1CC2CCC1C2,中毒,10.869423,22.30062,4.300321781,0.557692308,0.442307692,0.4225844,0.95459837,0.622235157,0.666472643,624,True,False,False,,4.0293303,-31.765316
O=C(c1ccccc1Br)c1nn[nH]c1N(Cc1ccccc1)Cc1ccccc1,O=C(c1ccccc1Br)c1nn[nH]c1N(Cc1ccccc1)Cc1ccccc1,中毒,4.2356267,34.50007,2.502072342,0.704545455,0.295454545,0.022700815,0.023282887,0.065774156,0.037252619,12,True,True,False,,-2.310104,12.256611
O=C(c1nn[nH]c1N(Cc1ccccc1)Cc1ccccc1)C1CSSC1,O=C(c1nn[nH]c1N(Cc1ccccc1)Cc1ccccc1)C1CSSC1,低毒,10.869423,34.49861,2.980249616,0.617021277,0.382978723,0.4225844,0.500582072,0.388824214,0.437330229,368,True,False,False,,6.515186,-35.10918
O=C(Sc1cccnc1)c1nn[nH]c1N(Cc1ccccc1)Cc1ccccc1,O=C(Sc1cccnc1)c1nn[nH]c1N(Cc1ccccc1)Cc1ccccc1,中毒,14.040698,29.393785,2.770103025,0.568627451,0.431372549,0.675785797,0.246798603,0.583818393,0.502134265,431,True,False,False,,-13.043366,-6.474272
O=C(c1coc(=O)nc1O)c1nn[nH]c1N(Cc1ccccc1)Cc1ccccc1,O=C(c1coc(=O)nc1O)c1nn[nH]c1N(Cc1ccccc1)Cc1ccccc1,低毒,18.704037,50.153683,3.064603476,0.607843137,0.392156863,0.937136205,0.572759022,0.408032596,0.639309274,594,True,False,False,,-2.4709911,17.562592
O=C(c1ccc(F)c(Cl)n1)c1nn[nH]c1N(Cc1ccccc1)Cc1ccccc1,O=C(c1ccc(F)c(Cl)n1)c1nn[nH]c1N(Cc1ccccc1)Cc1ccccc1,低毒,10.217187,34.285435,2.782735571,0.62,0.38,0.343422584,0.265424913,0.369615832,0.326154443,219,True,False,False,,21.594702,-6.98796
O=C(c1nn[nH]c1N(Cc1ccccc1)Cc1ccccc1)c1cccc[n+]1[O-],O=C(c1nn[nH]c1N(Cc1ccccc1)Cc1ccccc1)c1cccc[n+]1[O-],低毒,4.2356267,32.172657,2.893605736,0.659574468,0.340425532,0.022700815,0.396973225,0.169965076,0.196546372,86,True,True,False,,22.75503,17.115208
O=C(Oc1cc(F)ccc1Br)c1nn[nH]c1N(Cc1ccccc1)Cc1ccccc1,O=C(Oc1cc(F)ccc1Br)c1nn[nH]c1N(Cc1ccccc1)Cc1ccccc1,低毒,12.719338,17.081175,2.642465242,0.527272727,0.472727273,0.578579744,0.108265425,0.722351572,0.469732247,407,True,False,False,,-29.725176,-9.458278
O=C(c1nn[nH]c1N(Cc1ccccc1)Cc1ccccc1)N1CCS(=O)(=O)c2nc(CCCc3ccccc3)c(-c3ccoc3)n2C(=O)C1,O=C(c1nn[nH]c1N(Cc1ccccc1)Cc1ccccc1)N1CCS(=O)(=O)c2nc(CCCc3ccccc3)c(-c3ccoc3)n2C(=O)C1,中毒,19.504885,18.740925,3.587093312,0.376623377,0.623376623,0.984866123,0.841676368,0.98137369,0.935972061,854,True,False,False,,0.083900586,39.09327
O=C(c1nn[nH]c1N(Cc1ccccc1)Cc1ccccc1)c1cccn(-c2ccccc2)c1=O,O=C(c1nn[nH]c1N(Cc1ccccc1)Cc1ccccc1)c1cccn(-c2ccccc2)c1=O,低毒,15.429382,34.571663,2.684737364,0.64,0.36,0.745052386,0.155995343,0.286379511,0.39580908,309,True,False,False,,-5.152122,12.687089
[N-]=[N+]=Nc1c(C(=O)c2nn[nH]c2N(Cc2ccccc2)Cc2ccccc2)cc([N+](=O)[O-])cc1C(F)(F)F,[N-]=[N+]=Nc1c(C(=O)c2nn[nH]c2N(Cc2ccccc2)Cc2ccccc2)cc([N+](=O)[O-])cc1C(F)(F)F,低毒,20.42323,31.108728,,,,,,,,,False,False,False,,-25.521034,3.767872
O=C([Cl+]I)c1nn[nH]c1N(Cc1ccccc1)Cc1ccccc1,O=C([Cl+]I)c1nn[nH]c1N(Cc1ccccc1)Cc1ccccc1,微毒,10.057922,22.105541,3.08351654,0.674418605,0.325581395,0.33701979,0.587892899,0.10419092,0.343034536,237,True,False,False,,-6.381105,-14.573691
O=C(c1nn[nH]c1N(Cc1ccccc1)Cc1ccccc1)N1CCCCC1c1ccn(Cc2ccc(Br)s2)n1,O=C(c1nn[nH]c1N(Cc1ccccc1)Cc1ccccc1)N1CCCCC1c1ccn(Cc2ccc(Br)s2)n1,中毒,36.086296,11.732461,,,,,,,,,False,False,False,,-0.93204314,33.061626
O=C(c1nn[nH]c1N(Cc1ccccc1)Cc1ccccc1)C(Br)Br,O=C(c1nn[nH]c1N(Cc1ccccc1)Cc1ccccc1)C(Br)Br,中毒,6.7121873,56.60067,2.756735852,0.674418605,0.325581395,0.13911525,0.229336438,0.10419092,0.157547536,58,True,True,False,,-20.143032,-21.278185
O=C(c1nn[nH]c1N(Cc1ccccc1)Cc1ccccc1)N(C1C=COCC1)S(=O)(=O)n1ccnc1Br,O=C(c1nn[nH]c1N(Cc1ccccc1)Cc1ccccc1)N(C1C=COCC1)S(=O)(=O)n1ccnc1Br,低毒,15.6024685,12.578119,4.108125192,0.402777778,0.597222222,0.758440047,0.939464494,0.962747381,0.886883974,834,True,False,False,,-6.008131,-29.644913
O=C(c1nn[nH]c1N(Cc1ccccc1)Cc1ccccc1)C(c1ccc(Cl)c(Cl)c1O)N1CCOCC1,O=C(c1nn[nH]c1N(Cc1ccccc1)Cc1ccccc1)C(c1ccc(Cl)c(Cl)c1O)N1CCOCC1,中毒,17.55994,31.952164,3.499560297,0.446153846,0.553846154,0.884749709,0.812572759,0.906868452,0.86806364,818,True,False,False,,-21.296326,-15.55829
O=C(c1nn[nH]c1N(Cc1ccccc1)Cc1ccccc1)C(F)(F)Br,O=C(c1nn[nH]c1N(Cc1ccccc1)Cc1ccccc1)C(F)(F)Br,低毒,5.5011296,93.74722,2.804292691,0.659090909,0.340909091,0.09080326,0.292200233,0.19790454,0.193636011,84,True,True,False,,-14.395979,-12.531143
O=C(c1nn[nH]c1N(Cc1ccccc1)Cc1ccccc1)N1CCSCC1,O=C(c1nn[nH]c1N(Cc1ccccc1)Cc1ccccc1)N1CCSCC1,中毒,31.753386,25.051384,,,,,,,,,False,False,False,,1.49374,38.68905
O=C(c1cc(C(F)(F)F)ccc1Cl)c1nn[nH]c1N(Cc1ccccc1)Cc1ccccc1,O=C(c1cc(C(F)(F)F)ccc1Cl)c1nn[nH]c1N(Cc1ccccc1)Cc1ccccc1,中毒,8.69717,33.737434,2.65806134,0.58490566,0.41509434,0.233993015,0.123399302,0.504656577,0.287349631,178,True,False,False,,-17.901154,10.034216
O=C(c1nn[nH]c1N(Cc1ccccc1)Cc1ccccc1)c1n[nH]c2ncccc12,O=C(c1nn[nH]c1N(Cc1ccccc1)Cc1ccccc1)c1n[nH]c2ncccc12,低毒,37.033554,45.44481,,,,,,,,,False,False,False,,31.450224,2.1654513
O=C(c1nn[nH]c1N(Cc1ccccc1)Cc1ccccc1)c1ccc[nH]c1=S,O=C(c1nn[nH]c1N(Cc1ccccc1)Cc1ccccc1)c1ccc[nH]c1=S,低毒,15.429382,68.47388,2.813698768,0.645833333,0.354166667,0.745052386,0.300349243,0.241559953,0.428987194,359,True,False,False,,1.404244,18.271288
O=C(S[S+]([O-])c1ccccc1Br)c1nn[nH]c1N(Cc1ccccc1)Cc1ccccc1,O=C(S[S+]([O-])c1ccccc1Br)c1nn[nH]c1N(Cc1ccccc1)Cc1ccccc1,低毒,7.6844206,42.893295,3.737812208,0.537037037,0.462962963,0.18451688,0.87427241,0.688009313,0.582266201,517,True,False,False,,-11.941757,-9.480646
O=C(c1nn[nH]c1N(Cc1ccccc1)Cc1ccccc1)[SH](C(Cl)=NO)n1nc[n+]([O-])c1-c1cccnc1,O=C(c1nn[nH]c1N(Cc1ccccc1)Cc1ccccc1)[SH](C(Cl)=NO)n1nc[n+]([O-])c1-c1cccnc1,中毒,20.909166,26.652384,,,,,,,,,False,False,False,,-4.0821056,-10.652045
O=C(c1ccn2ncnc2c1)c1nn[nH]c1N(Cc1ccccc1)Cc1ccccc1,O=C(c1ccn2ncnc2c1)c1nn[nH]c1N(Cc1ccccc1)Cc1ccccc1,低毒,30.482504,34.396038,,,,,,,,,False,False,False,,9.661358,8.686621
O=C(c1cnc[nH]1)c1nn[nH]c1N(Cc1ccccc1)Cc1ccccc1,O=C(c1cnc[nH]1)c1nn[nH]c1N(Cc1ccccc1)Cc1ccccc1,低毒,28.480597,54.16356,,,,,,,,,False,False,False,,11.196707,5.8023624
O=C(c1nn[nH]c1N(Cc1ccccc1)Cc1ccccc1)S(F)(F)F,O=C(c1nn[nH]c1N(Cc1ccccc1)Cc1ccccc1)S(F)(F)F,高毒,5.7749395,42.069656,2.976654853,0.674418605,0.325581395,0.105355064,0.49476135,0.10419092,0.234769111,120,True,False,False,,-12.409213,-26.557713
O=C(c1n[nH]c(=S)o1)c1nn[nH]c1N(Cc1ccccc1)Cc1ccccc1,O=C(c1n[nH]c(=S)o1)c1nn[nH]c1N(Cc1ccccc1)Cc1ccccc1,中毒,11.750876,150.51297,3.054068145,0.645833333,0.354166667,0.489522701,0.562281723,0.241559953,0.431121459,360,True,False,False,,10.879398,-0.25606665
O=C(c1nn[nH]c1N(Cc1ccccc1)Cc1ccccc1)S(=O)(=O)c1nc2ccccc2s1,O=C(c1nn[nH]c1N(Cc1ccccc1)Cc1ccccc1)S(=O)(=O)c1nc2ccccc2s1,中毒,16.28776,46.861023,2.921164309,0.527272727,0.472727273,0.794528522,0.419091967,0.722351572,0.64532402,602,True,False,False,,-9.5219755,-30.80276
O=C(c1ccc2ccccc2n1)c1nn[nH]c1N(Cc1ccccc1)Cc1ccccc1,O=C(c1ccc2ccccc2n1)c1nn[nH]c1N(Cc1ccccc1)Cc1ccccc1,低毒,6.7213836,31.82146,2.576245791,0.659574468,0.340425532,0.1443539,0.07217695,0.169965076,0.128831975,40,True,True,False,,22.091097,-6.0949497
O=C(c1ccccc1O)c1nn[nH]c1N(Cc1ccccc1)Cc1ccccc1,O=C(c1ccccc1O)c1nn[nH]c1N(Cc1ccccc1)Cc1ccccc1,低毒,17.132633,19.154457,2.48798836,0.720930233,0.279069767,0.862048894,0.019790454,0.047729919,0.309856422,195,True,False,False,,-6.4989114,12.374095
O=C(c1nn[nH]c1N(Cc1ccccc1)Cc1ccccc1)C1CCCCS1=CC(F)F,O=C(c1nn[nH]c1N(Cc1ccccc1)Cc1ccccc1)C1CCCCS1=CC(F)F,中毒,13.471501,14.387409,4.230319708,0.483333333,0.516666667,0.632130384,0.951105937,0.844586729,0.80927435,778,True,False,False,,7.1849003,-30.232697
O=C(c1nn[nH]c1N(Cc1ccccc1)Cc1ccccc1)C(c1c(Br)[nH]c2ccc(F)cc12)C12C=C3CC(CC(C3)C1)C2,O=C(c1nn[nH]c1N(Cc1ccccc1)Cc1ccccc1)C(c1c(Br)[nH]c2ccc(F)cc12)C12C=C3CC(CC(C3)C1)C2,中毒,33.34957,8.147813,,,,,,,,,False,False,False,,-17.297306,-18.709026
O=C(c1nn[nH]c1N(Cc1ccccc1)Cc1ccccc1)N1CCc2ccccc2C1,O=C(c1nn[nH]c1N(Cc1ccccc1)Cc1ccccc1)N1CCc2ccccc2C1,中毒,70.005104,40.914406,,,,,,,,,False,False,False,,-1.4962875,40.562298
O=C(c1ccc(-c2c(-c3c(O)cccc3Oc3ccc4ccccc4c3O)sc3ccccc23)[nH]1)c1nn[nH]c1N(Cc1ccccc1)Cc1ccccc1,O=C(c1ccc(-c2c(-c3c(O)cccc3Oc3ccc4ccccc4c3O)sc3ccccc23)[nH]1)c1nn[nH]c1N(Cc1ccccc1)Cc1ccccc1,中毒,83.23365,13.348358,,,,,,,,,False,False,False,,1.0144893,-0.73929775
O=C(c1nn[nH]c1N(Cc1ccccc1)Cc1ccccc1)N1CCSC1,O=C(c1nn[nH]c1N(Cc1ccccc1)Cc1ccccc1)N1CCSC1,中毒,31.753386,25.051384,,,,,,,,,False,False,False,,1.2603277,39.190567
O=C(c1cccc2c1S(=O)(=O)N2)c1nn[nH]c1N(Cc1ccccc1)Cc1ccccc1,O=C(c1cccc2c1S(=O)(=O)N2)c1nn[nH]c1N(Cc1ccccc1)Cc1ccccc1,中毒,10.826503,47.39916,3.015537425,0.607843137,0.392156863,0.407450524,0.530849825,0.408032596,0.448777648,376,True,False,False,,-6.453444,13.26548
O=C(c1nn[nH]c1N(Cc1ccccc1)Cc1ccccc1)c1nsc(CN2CC(F)(F)C2)c1N(O)C1CCC1,O=C(c1nn[nH]c1N(Cc1ccccc1)Cc1ccccc1)c1nsc(CN2CC(F)(F)C2)c1N(O)C1CCC1,中毒,58.12477,43.79421,,,,,,,,,False,False,False,,28.936344,-2.0843432
O=C(c1nn[nH]c1N(Cc1ccccc1)Cc1ccccc1)c1c(F)ccc(F)[n+]1[O-],O=C(c1nn[nH]c1N(Cc1ccccc1)Cc1ccccc1)c1c(F)ccc(F)[n+]1[O-],中毒,36.56314,36.46865,,,,,,,,,False,False,False,,20.794851,19.445786
O=C(c1nn[nH]c1N(Cc1ccccc1)Cc1ccccc1)C(Cl)c1c[nH]c2cncnc12,O=C(c1nn[nH]c1N(Cc1ccccc1)Cc1ccccc1)C(Cl)c1c[nH]c2cncnc12,中毒,11.662971,43.922756,3.536996614,0.475409836,0.524590164,0.485448196,0.823050058,0.859720605,0.72273962,692,True,False,False,,-17.698538,-21.7473
O=C(c1nn[nH]c1N(Cc1ccccc1)Cc1ccccc1)c1noc2c(Cl)cc(Cl)cc12,O=C(c1nn[nH]c1N(Cc1ccccc1)Cc1ccccc1)c1noc2c(Cl)cc(Cl)cc12,中毒,19.064232,32.03235,2.930329507,0.563636364,0.436363636,0.961001164,0.431897555,0.60419092,0.665696546,623,True,False,False,,23.94316,-17.610699
O=C(c1csc(Nc2nncs2)n1)c1nn[nH]c1N(Cc1ccccc1)Cc1ccccc1,O=C(c1csc(Nc2nncs2)n1)c1nn[nH]c1N(Cc1ccccc1)Cc1ccccc1,低毒,4.7253957,23.603157,3.029310904,0.543859649,0.456140351,0.052968568,0.541327125,0.671711292,0.422002328,346,True,False,False,,19.57181,-14.3208685
O=C(c1nn[nH]c1N(Cc1ccccc1)Cc1ccccc1)C1COc2ncnn2C1c1ccc(Br)cc1[N+](=O)[O-],O=C(c1nn[nH]c1N(Cc1ccccc1)Cc1ccccc1)C1COc2ncnn2C1c1ccc(Br)cc1[N+](=O)[O-],中毒,26.254335,19.363712,,,,,,,,,False,False,False,,-1.2523111,-34.565624
N=[N+]([O-])c1ccc(Cl)cc1C(=O)c1nn[nH]c1N(Cc1ccccc1)Cc1ccccc1,N=[N+]([O-])c1ccc(Cl)cc1C(=O)c1nn[nH]c1N(Cc1ccccc1)Cc1ccccc1,中毒,5.0276203,27.951027,2.966493348,0.563636364,0.436363636,0.063445867,0.480791618,0.60419092,0.382809468,297,True,False,False,,-15.454312,14.120088
O=C(c1ccc([N+](=O)[O-])nc1)c1nn[nH]c1N(Cc1ccccc1)Cc1ccccc1,O=C(c1ccc([N+](=O)[O-])nc1)c1nn[nH]c1N(Cc1ccccc1)Cc1ccccc1,中毒,13.795804,23.603157,2.755359088,0.66,0.34,0.650174622,0.228172293,0.145518044,0.34128832,233,True,False,False,,9.09669,19.445799
O=C(c1nn[nH]c1N(Cc1ccccc1)Cc1ccccc1)c1n[nH]c2ccccc12,O=C(c1nn[nH]c1N(Cc1ccccc1)Cc1ccccc1)c1n[nH]c2ccccc12,低毒,22.464615,56.669506,,,,,,,,,False,False,False,,31.7399,2.8367999
O=C(c1nn[nH]c1N(Cc1ccccc1)Cc1ccccc1)c1c(Cl)cncc1Cl,O=C(c1nn[nH]c1N(Cc1ccccc1)Cc1ccccc1)c1c(Cl)cncc1Cl,高毒,10.806441,34.049644,2.7543239,0.673913043,0.326086957,0.389988359,0.227008149,0.123399302,0.246798603,135,True,False,False,,-1.3368207,5.191572
O=C(c1nn[nH]c1N(Cc1ccccc1)Cc1ccccc1)c1cccc2cc(Br)ccc12,O=C(c1nn[nH]c1N(Cc1ccccc1)Cc1ccccc1)c1cccc2cc(Br)ccc12,中毒,23.398779,34.50007,,,,,,,,,False,False,False,,-4.243023,14.463233
O=C(c1ccc([N+](=O)[O-])cc1)c1nn[nH]c1N(Cc1ccccc1)Cc1ccccc1,O=C(c1ccc([N+](=O)[O-])cc1)c1nn[nH]c1N(Cc1ccccc1)Cc1ccccc1,低毒,5.3406773,33.37947,2.512932934,0.755555556,0.244444444,0.08032596,0.024447031,0.027939464,0.044237485,15,True,True,False,,-23.58655,2.4598534
O=C(c1nn[nH]c1N(Cc1ccccc1)Cc1ccccc1)C1ON=CC1CF,O=C(c1nn[nH]c1N(Cc1ccccc1)Cc1ccccc1)C1ON=CC1CF,中毒,11.829852,52.276863,3.965439871,0.547169811,0.452830189,0.499417928,0.923166473,0.653667055,0.692083818,653,True,False,False,,3.1658392,-28.378263
O=C(SCI)c1nn[nH]c1N(Cc1ccccc1)Cc1ccccc1,O=C(SCI)c1nn[nH]c1N(Cc1ccccc1)Cc1ccccc1,低毒,5.7749395,41.86337,2.930868939,0.644444444,0.355555556,0.105355064,0.435389988,0.277648428,0.272797827,161,True,False,False,,-10.75917,-8.670988
O=C(c1nn[nH]c1N(Cc1ccccc1)Cc1ccccc1)C1C=CN(S(=O)(=O)N2CCNCC2)CC1,O=C(c1nn[nH]c1N(Cc1ccccc1)Cc1ccccc1)C1C=CN(S(=O)(=O)N2CCNCC2)CC1,中毒,17.100971,30.947563,3.860688477,0.453125,0.546875,0.851571595,0.908032596,0.895227008,0.884943733,831,True,False,False,,10.751295,-28.682772
O=C(c1nn[nH]c1N(Cc1ccccc1)Cc1ccccc1)N1CCn2c1nc1ccccc2c1=O,O=C(c1nn[nH]c1N(Cc1ccccc1)Cc1ccccc1)N1CCn2c1nc1ccccc2c1=O,中毒,88.53504,19.51411,,,,,,,,,False,False,False,,0.099048555,31.158089
O=C(c1coc(-c2ccccn2)n1)c1nn[nH]c1N(Cc1ccccc1)Cc1ccccc1,O=C(c1coc(-c2ccccn2)n1)c1nn[nH]c1N(Cc1ccccc1)Cc1ccccc1,中毒,9.168307,68.55407,2.836770245,0.592592593,0.407407407,0.272409779,0.331781141,0.461001164,0.355064028,255,True,False,False,,14.739529,-7.749153
O=C(c1csc(Nc2ccncc2)n1)c1nn[nH]c1N(Cc1ccccc1)Cc1ccccc1,O=C(c1csc(Nc2ccncc2)n1)c1nn[nH]c1N(Cc1ccccc1)Cc1ccccc1,低毒,4.7253957,10.337043,2.827899143,0.543859649,0.456140351,0.052968568,0.321303842,0.671711292,0.348661234,246,True,False,False,,19.575504,-14.472646
O=C(c1nn[nH]c1N(Cc1ccccc1)Cc1ccccc1)N1CCCCC1,O=C(c1nn[nH]c1N(Cc1ccccc1)Cc1ccccc1)N1CCCCC1,中毒,31.753386,21.923925,,,,,,,,,False,False,False,,0.7587764,36.72017
O=C1NC(NN2CCOCC2)COc2cc3c(C(=O)c4nn[nH]c4N(Cc4ccccc4)Cc4ccccc4)c[nH]c3cc21,O=C1NC(NN2CCOCC2)COc2cc3c(C(=O)c4nn[nH]c4N(Cc4ccccc4)Cc4ccccc4)c[nH]c3cc21,中毒,49.970566,17.196432,,,,,,,,,False,False,False,,-19.877935,23.226446
O=C(c1nn[nH]c1N(Cc1ccccc1)Cc1ccccc1)S(=O)(=O)O,O=C(c1nn[nH]c1N(Cc1ccccc1)Cc1ccccc1)S(=O)(=O)O,低毒,17.653475,66.38732,2.767493731,0.674418605,0.325581395,0.888242142,0.239813737,0.10419092,0.410748933,332,True,False,False,,-11.833257,-27.291506
O=C(C1=CCSO1)c1nn[nH]c1N(Cc1ccccc1)Cc1ccccc1,O=C(C1=CCSO1)c1nn[nH]c1N(Cc1ccccc1)Cc1ccccc1,高毒,16.281225,80.50812,3.243354231,0.645833333,0.354166667,0.792782305,0.692665891,0.241559953,0.575669383,511,True,False,False,,17.122099,6.892836
O=C(c1nn[nH]c1N(Cc1ccccc1)Cc1ccccc1)C(N1CC1)N1CCc2ccccc21,O=C(c1nn[nH]c1N(Cc1ccccc1)Cc1ccccc1)C(N1CC1)N1CCc2ccccc21,中毒,34.878963,20.497007,,,,,,,,,False,False,False,,-6.395277,41.228767
O=C(c1ccccc1[N+](=O)[O-])c1nn[nH]c1N(Cc1ccccc1)Cc1ccccc1,O=C(c1ccccc1[N+](=O)[O-])c1nn[nH]c1N(Cc1ccccc1)Cc1ccccc1,中毒,5.0276203,25.358694,2.56901755,0.645833333,0.354166667,0.063445867,0.064027939,0.241559953,0.123011253,36,True,True,False,,-21.420622,4.8507595
O=C(c1nn(-c2ccccc2Cl)cc1S(=O)(=O)c1ccccn1)c1nn[nH]c1N(Cc1ccccc1)Cc1ccccc1,O=C(c1nn(-c2ccccc2Cl)cc1S(=O)(=O)c1ccccn1)c1nn[nH]c1N(Cc1ccccc1)Cc1ccccc1,中毒,13.186038,147.43402,3.154481407,0.46969697,0.53030303,0.608847497,0.635622817,0.868451688,0.704307334,670,True,False,False,,-18.349588,12.880324
O=C(Oc1ccco1)c1nn[nH]c1N(Cc1ccccc1)Cc1ccccc1,O=C(Oc1ccco1)c1nn[nH]c1N(Cc1ccccc1)Cc1ccccc1,低毒,11.058763,25.268124,2.793562688,0.58,0.42,0.447031432,0.273573923,0.533178114,0.417927823,340,True,False,False,,-26.237814,-11.965657
NC(=O)c1c(C(=O)c2nn[nH]c2N(Cc2ccccc2)Cc2ccccc2)sc2c1CCCC2,NC(=O)c1c(C(=O)c2nn[nH]c2N(Cc2ccccc2)Cc2ccccc2)sc2c1CCCC2,中毒,18.33461,32.06942,2.951299974,0.571428571,0.428571429,0.912689173,0.466821886,0.568684517,0.649398525,611,True,False,False,,20.20182,8.54001
O=C(c1cc(Br)c[nH]1)c1nn[nH]c1N(Cc1ccccc1)Cc1ccccc1,O=C(c1cc(Br)c[nH]1)c1nn[nH]c1N(Cc1ccccc1)Cc1ccccc1,低毒,4.2356267,34.50007,2.794891785,0.659574468,0.340425532,0.022700815,0.278230501,0.169965076,0.156965464,57,True,True,False,,6.84216,8.247938
O=C(c1cc2cc[nH]c2nc1Nc1cccc(Oc2cccc(F)c2)c1)c1nn[nH]c1N(Cc1ccccc1)Cc1ccccc1,O=C(c1cc2cc[nH]c2nc1Nc1cccc(Oc2cccc(F)c2)c1)c1nn[nH]c1N(Cc1ccccc1)Cc1ccccc1,中毒,42.157497,17.511269,,,,,,,,,False,False,False,,-12.191902,19.825443
O=C(c1nn[nH]c1N(Cc1ccccc1)Cc1ccccc1)N1CCCCC(Oc2cc(Cl)cc(Cl)c2)C1,O=C(c1nn[nH]c1N(Cc1ccccc1)Cc1ccccc1)N1CCCCC(Oc2cc(Cl)cc(Cl)c2)C1,中毒,179.4358,16.12439,,,,,,,,,False,False,False,,-0.394925,36.353306
O=C(c1n[nH]c([N+](=O)[O-])n1)c1nn[nH]c1N(Cc1ccccc1)Cc1ccccc1,O=C(c1n[nH]c([N+](=O)[O-])n1)c1nn[nH]c1N(Cc1ccccc1)Cc1ccccc1,中毒,8.008091,38.05627,3.164685704,0.62,0.38,0.192083818,0.640279395,0.369615832,0.400659682,317,True,False,False,,-21.870348,2.5400023
O=C(Oc1cc2ocnc2n2cccc12)c1nn[nH]c1N(Cc1ccccc1)Cc1ccccc1,O=C(Oc1cc2ocnc2n2cccc12)c1nn[nH]c1N(Cc1ccccc1)Cc1ccccc1,低毒,9.175912,9.091128,3.115518057,0.446153846,0.553846154,0.277066356,0.61233993,0.906868452,0.598758246,541,True,False,False,,-29.933558,-10.85863
O=C(C1=Cc2cccn2CC1)c1nn[nH]c1N(Cc1ccccc1)Cc1ccccc1,O=C(C1=Cc2cccn2CC1)c1nn[nH]c1N(Cc1ccccc1)Cc1ccccc1,中毒,91.35385,21.847343,,,,,,,,,False,False,False,,18.824749,9.816164
O=C(c1ccc2c(c1)N=C(c1ccccc1Cl)OS(=O)C1(O)CN1C2O)c1nn[nH]c1N(Cc1ccccc1)Cc1ccccc1,O=C(c1ccc2c(c1)N=C(c1ccccc1Cl)OS(=O)C1(O)CN1C2O)c1nn[nH]c1N(Cc1ccccc1)Cc1ccccc1,中毒,49.549255,17.21324,,,,,,,,,False,False,False,,9.755384,15.167926
O=C(c1nn[nH]c1N(Cc1ccccc1)Cc1ccccc1)C1CSc2ccccc21,O=C(c1nn[nH]c1N(Cc1ccccc1)Cc1ccccc1)C1CSc2ccccc21,中毒,11.014306,39.408356,3.289260955,0.547169811,0.452830189,0.438882421,0.718277066,0.653667055,0.603608847,548,True,False,False,,6.465845,-38.753353
O=C(c1nn[nH]c1N(Cc1ccccc1)Cc1ccccc1)[PH](Br)(c1ccncc1)C(F)(F)F,O=C(c1nn[nH]c1N(Cc1ccccc1)Cc1ccccc1)[PH](Br)(c1ccncc1)C(F)(F)F,中毒,95.46692,29.90356,,,,,,,,,False,False,False,,-12.889598,-11.028419
O=C(c1nn[nH]c1N(Cc1ccccc1)Cc1ccccc1)N1CCc2nscc2C1,O=C(c1nn[nH]c1N(Cc1ccccc1)Cc1ccccc1)N1CCc2nscc2C1,中毒,57.349663,19.50927,,,,,,,,,False,False,False,,-0.7398114,40.676975
O=C(c1nn[nH]c1N(Cc1ccccc1)Cc1ccccc1)c1c[nH]c2ncc(Cl)cc12,O=C(c1nn[nH]c1N(Cc1ccccc1)Cc1ccccc1)c1c[nH]c2ncc(Cl)cc12,中毒,67.415634,34.50007,,,,,,,,,False,False,False,,-17.259867,22.610573
O=C(c1cc(F)cc(F)c1)c1nn[nH]c1N(Cc1ccccc1)Cc1ccccc1,O=C(c1cc(F)cc(F)c1)c1nn[nH]c1N(Cc1ccccc1)Cc1ccccc1,中毒,9.219173,20.880424,2.584348834,0.76744186,0.23255814,0.288125728,0.077997672,0.023282887,0.129802095,42,True,True,False,,8.806034,11.470725
O=C(c1nn[nH]c1N(Cc1ccccc1)Cc1ccccc1)c1ccc(Br)c2ccccc12,O=C(c1nn[nH]c1N(Cc1ccccc1)Cc1ccccc1)c1ccc(Br)c2ccccc12,中毒,22.96055,34.50007,,,,,,,,,False,False,False,,-5.284169,15.735776
O=C(c1cc[n+](CC[PH](=O)[O-])cc1)c1nn[nH]c1N(Cc1ccccc1)Cc1ccccc1,O=C(c1cc[n+](CC[PH](=O)[O-])cc1)c1nn[nH]c1N(Cc1ccccc1)Cc1ccccc1,高毒,10.217187,36.120674,3.810758539,0.68,0.32,0.343422584,0.897555297,0.097788126,0.446255336,372,True,False,False,,18.734114,14.001991
O=C(c1nn[nH]c1N(Cc1ccccc1)Cc1ccccc1)c1sccc1S(=O)(=O)F,O=C(c1nn[nH]c1N(Cc1ccccc1)Cc1ccccc1)c1sccc1S(=O)(=O)F,中毒,91.272644,17.314074,,,,,,,,,False,False,False,,5.1314197,-8.867805
O=C(c1nn[nH]c1N(Cc1ccccc1)Cc1ccccc1)C(O)SSCO,O=C(c1nn[nH]c1N(Cc1ccccc1)Cc1ccccc1)C(O)SSCO,高毒,8.02164,79.133804,3.583895231,0.591836735,0.408163265,0.197322468,0.839348079,0.474388824,0.503686457,435,True,False,False,,-21.17512,-24.714735
O=C(c1nn[nH]c1N(Cc1ccccc1)Cc1ccccc1)c1sc(F)c(C(F)(F)F)c1Cl,O=C(c1nn[nH]c1N(Cc1ccccc1)Cc1ccccc1)c1sc(F)c(C(F)(F)F)c1Cl,中毒,15.228178,30.306967,3.169339805,0.592592593,0.407407407,0.727590221,0.646100116,0.461001164,0.611563834,556,True,False,False,,-0.8283285,-3.1403527
O=C(c1nn[nH]c1N(Cc1ccccc1)Cc1ccccc1)c1nnc2ccccn12,O=C(c1nn[nH]c1N(Cc1ccccc1)Cc1ccccc1)c1nnc2ccccn12,低毒,26.571814,62.692104,,,,,,,,,False,False,False,,10.111525,6.832692
O=C(c1nn[nH]c1N(Cc1ccccc1)Cc1ccccc1)C1CCCc2ccccc21,O=C(c1nn[nH]c1N(Cc1ccccc1)Cc1ccccc1)C1CCCc2ccccc21,高毒,12.528493,23.10993,3.106388052,0.537037037,0.462962963,0.547147846,0.60419092,0.688009313,0.613116026,558,True,False,False,,8.953654,-40.977795
O=C(c1nn[nH]c1N(Cc1ccccc1)Cc1ccccc1)c1onc2c1C(=O)n1cnnc1NN2c1ccccc1,O=C(c1nn[nH]c1N(Cc1ccccc1)Cc1ccccc1)c1onc2c1C(=O)n1cnnc1NN2c1ccccc1,中毒,83.4524,25.373991,,,,,,,,,False,False,False,,14.962355,-0.15488008
O=C(C1=NNC2=CC=C[N+]([O-])=C1C2c1ccc(F)s1)c1nn[nH]c1N(Cc1ccccc1)Cc1ccccc1,O=C(C1=NNC2=CC=C[N+]([O-])=C1C2c1ccc(F)s1)c1nn[nH]c1N(Cc1ccccc1)Cc1ccccc1,中毒,72.910164,17.54973,,,,,,,,,False,False,False,,19.378437,20.095367
O=C(Nc1ccc2c(c1)CCC2)c1nn[nH]c1N(Cc1ccccc1)Cc1ccccc1,O=C(Nc1ccc2c(c1)CCC2)c1nn[nH]c1N(Cc1ccccc1)Cc1ccccc1,中毒,25.470003,38.806087,,,,,,,,,False,False,False,,-7.110171,-19.706783
O=C(c1nonc1N1CC1)c1nn[nH]c1N(Cc1ccccc1)Cc1ccccc1,O=C(c1nonc1N1CC1)c1nn[nH]c1N(Cc1ccccc1)Cc1ccccc1,中毒,16.576067,30.879324,2.88772141,0.607843137,0.392156863,0.811990687,0.38766007,0.408032596,0.535894451,472,True,False,False,,24.771772,6.4172773
O=C(c1nn[nH]c1N(Cc1ccccc1)Cc1ccccc1)C1(Br)C(Br)=NN2CCCC(CC=CI)=NN21,O=C(c1nn[nH]c1N(Cc1ccccc1)Cc1ccccc1)C1(Br)C(Br)=NN2CCCC(CC=CI)=NN21,中毒,30.645031,23.106897,,,,,,,,,False,False,False,,0.8929337,-19.445728
O=C(c1ccn[nH]1)c1nn[nH]c1N(Cc1ccccc1)Cc1ccccc1,O=C(c1ccn[nH]1)c1nn[nH]c1N(Cc1ccccc1)Cc1ccccc1,低毒,18.950224,56.669506,2.798067116,0.720930233,0.279069767,0.949359721,0.281722934,0.047729919,0.426270858,354,True,False,False,,11.735384,4.6411304
O=C(c1nn[nH]c1N(Cc1ccccc1)Cc1ccccc1)C1(Cl)OC(Cl)C1c1ccc(Cl)c(Cl)c1,O=C(c1nn[nH]c1N(Cc1ccccc1)Cc1ccccc1)C1(Cl)OC(Cl)C1c1ccc(Cl)c(Cl)c1,中毒,16.638714,46.46917,4.073538158,0.467741935,0.532258065,0.821885914,0.937136205,0.873690338,0.877570819,827,True,False,False,,-3.0879736,-3.5089242
O=C(c1nn[nH]c1N(Cc1ccccc1)Cc1ccccc1)C(F)(F)C(F)(F)C(F)(F)F,O=C(c1nn[nH]c1N(Cc1ccccc1)Cc1ccccc1)C(F)(F)C(F)(F)C(F)(F)F,高毒,8.394683,49.83237,2.928013491,0.617021277,0.382978723,0.222933644,0.429569267,0.388824214,0.347109042,244,True,False,False,,-14.897343,-12.8842325
O=C(c1c[n+](-c2ccc(Cl)cc2Cl)c(N2CCNCC2)c(CNc2cccc(Br)c2)n1)c1nn[nH]c1N(Cc1ccccc1)Cc1ccccc1,O=C(c1c[n+](-c2ccc(Cl)cc2Cl)c(N2CCNCC2)c(CNc2cccc(Br)c2)n1)c1nn[nH]c1N(Cc1ccccc1)Cc1ccccc1,低毒,132.65091,19.381754,,,,,,,,,False,False,False,,-14.759358,11.019054
O=C(c1nn[nH]c1N(Cc1ccccc1)Cc1ccccc1)c1ncnc2c1cnn2-c1cccc(Cl)c1,O=C(c1nn[nH]c1N(Cc1ccccc1)Cc1ccccc1)c1ncnc2c1cnn2-c1cccc(Cl)c1,低毒,12.543434,106.40436,2.923342698,0.492063492,0.507936508,0.55878929,0.420256112,0.821303842,0.600116414,543,True,False,False,,-12.323404,23.769636
O=C(c1nn[nH]c1N(Cc1ccccc1)Cc1ccccc1)[SH](c1ccc(I)cc1)c1cc([N+](=O)[O-])ccc1C[SH](=O)=O,O=C(c1nn[nH]c1N(Cc1ccccc1)Cc1ccccc1)[SH](c1ccc(I)cc1)c1cc([N+](=O)[O-])ccc1C[SH](=O)=O,低毒,7.778932,23.547396,4.303809598,0.414285714,0.585714286,0.187427241,0.955762515,0.950523865,0.69790454,661,True,False,False,,-25.806843,1.8989596
O=C(c1nn[nH]c1N(Cc1ccccc1)Cc1ccccc1)c1c(O)cccc1O,O=C(c1nn[nH]c1N(Cc1ccccc1)Cc1ccccc1)c1c(O)cccc1O,低毒,17.132633,15.683915,2.665482521,0.720930233,0.279069767,0.862048894,0.133876601,0.047729919,0.347885138,245,True,False,False,,1.5658112,2.8759398
O=C(c1csc(Cn2ncc3ncccc32)n1)c1nn[nH]c1N(Cc1ccccc1)Cc1ccccc1,O=C(c1csc(Cn2ncc3ncccc32)n1)c1nn[nH]c1N(Cc1ccccc1)Cc1ccccc1,中毒,120.427765,31.992182,,,,,,,,,False,False,False,,17.018673,-13.258649
O=C(c1nc(OCCc2cc3cc(-c4cc(F)ccn4)ccc3[nH]2)no1)c1nn[nH]c1N(Cc1ccccc1)Cc1ccccc1,O=C(c1nc(OCCc2cc3cc(-c4cc(F)ccn4)ccc3[nH]2)no1)c1nn[nH]c1N(Cc1ccccc1)Cc1ccccc1,中毒,46.50398,19.226871,,,,,,,,,False,False,False,,13.499528,-1.5707709
O=C(c1cncc(Br)c1OPCI)c1nn[nH]c1N(Cc1ccccc1)Cc1ccccc1,O=C(c1cncc(Br)c1OPCI)c1nn[nH]c1N(Cc1ccccc1)Cc1ccccc1,中毒,18.603756,41.16868,3.797239789,0.525423729,0.474576271,0.926076834,0.890570431,0.739231665,0.851959643,804,True,False,False,,-11.608786,3.51701
O=C(Sn1ccnc1)c1nn[nH]c1N(Cc1ccccc1)Cc1ccccc1,O=C(Sn1ccnc1)c1nn[nH]c1N(Cc1ccccc1)Cc1ccccc1,高毒,5.7749395,41.86337,3.071925432,0.568627451,0.431372549,0.105355064,0.576251455,0.583818393,0.421808304,345,True,False,False,,-16.24407,-5.35892
O=C(c1nn[nH]c1N(Cc1ccccc1)Cc1ccccc1)c1cc(Br)cc[n+]1[O-],O=C(c1nn[nH]c1N(Cc1ccccc1)Cc1ccccc1)c1cc(Br)cc[n+]1[O-],低毒,9.217758,32.172657,3.073188091,0.596153846,0.403846154,0.281140861,0.579743888,0.448195576,0.436360109,367,True,False,False,,22.707094,17.096037
O=C(c1nnc(-c2cccs2)o1)c1nn[nH]c1N(Cc1ccccc1)Cc1ccccc1,O=C(c1nnc(-c2cccs2)o1)c1nn[nH]c1N(Cc1ccccc1)Cc1ccccc1,中毒,150.01529,36.137024,,,,,,,,,False,False,False,,9.526515,-2.0991023
O=C(c1nn[nH]c1N(Cc1ccccc1)Cc1ccccc1)c1c[nH]c2cc(Br)ccc12,O=C(c1nn[nH]c1N(Cc1ccccc1)Cc1ccccc1)c1c[nH]c2cc(Br)ccc12,中毒,48.891884,21.234655,,,,,,,,,False,False,False,,-19.534742,21.487976
O=C(c1cc(Cl)cc(Cl)c1)c1nn[nH]c1N(Cc1ccccc1)Cc1ccccc1,O=C(c1cc(Cl)cc(Cl)c1)c1nn[nH]c1N(Cc1ccccc1)Cc1ccccc1,低毒,4.2356267,34.50007,2.575480929,0.76744186,0.23255814,0.022700815,0.069848661,0.023282887,0.038610788,13,True,True,False,,7.706751,12.24002
O=C(Oc1ccc2sc(N3CCOCC3)cc2c1)c1nn[nH]c1N(Cc1ccccc1)Cc1ccccc1,O=C(Oc1ccc2sc(N3CCOCC3)cc2c1)c1nn[nH]c1N(Cc1ccccc1)Cc1ccccc1,中毒,11.35661,18.170855,2.977736103,0.432835821,0.567164179,0.461001164,0.497089639,0.922002328,0.626697711,580,True,False,False,,-29.303663,-12.543902
O=C(c1cc(S(=O)(=O)NCc2ccc3ccccc3n2)ccc1O)c1nn[nH]c1N(Cc1ccccc1)Cc1ccccc1,O=C(c1cc(S(=O)(=O)NCc2ccc3ccccc3n2)ccc1O)c1nn[nH]c1N(Cc1ccccc1)Cc1ccccc1,中毒,45.906727,15.362118,,,,,,,,,False,False,False,,-11.822318,14.793076
O=C(c1nn[nH]c1N(Cc1ccccc1)Cc1ccccc1)N1CCN(Cc2ccco2)CC1,O=C(c1nn[nH]c1N(Cc1ccccc1)Cc1ccccc1)N1CCN(Cc2ccco2)CC1,中毒,57.72675,36.287693,,,,,,,,,False,False,False,,3.6727138,36.701252
O=C(c1ccc(Nc2cc(Br)c(I)cn2)cc1)c1nn[nH]c1N(Cc1ccccc1)Cc1ccccc1,O=C(c1ccc(Nc2cc(Br)c(I)cn2)cc1)c1nn[nH]c1N(Cc1ccccc1)Cc1ccccc1,低毒,11.046027,34.50007,2.910614893,0.586206897,0.413793103,0.440046566,0.409778813,0.490104773,0.446643384,373,True,False,False,,11.795158,13.688756
O=C(c1ccc(CP(=O)(O)O)cc1)c1nn[nH]c1N(Cc1ccccc1)Cc1ccccc1,O=C(c1ccc(CP(=O)(O)O)cc1)c1nn[nH]c1N(Cc1ccccc1)Cc1ccccc1,中毒,5.243576,32.63324,2.738241207,0.755555556,0.244444444,0.069266589,0.209545984,0.027939464,0.102250679,29,True,True,False,,14.995203,10.264277
O=C(c1nn[nH]c1N(Cc1ccccc1)Cc1ccccc1)c1c[nH]c2cc(-c3ccco3)ccc12,O=C(c1nn[nH]c1N(Cc1ccccc1)Cc1ccccc1)c1c[nH]c2cc(-c3ccco3)ccc12,中毒,29.549267,26.606503,,,,,,,,,False,False,False,,-19.496433,20.70543
O=C(c1nn[nH]c1N(Cc1ccccc1)Cc1ccccc1)C12CC3CC(C1)NC(C3)C2,O=C(c1nn[nH]c1N(Cc1ccccc1)Cc1ccccc1)C12CC3CC(C1)NC(C3)C2,中毒,18.870733,21.612333,4.977410368,0.537037037,0.462962963,0.940046566,0.990686845,0.688009313,0.872914241,824,True,False,False,,-1.8517013,-25.549593
O=C1OCCN1C(=O)c1nn[nH]c1N(Cc1ccccc1)Cc1ccccc1,O=C1OCCN1C(=O)c1nn[nH]c1N(Cc1ccccc1)Cc1ccccc1,中毒,37.391415,48.421444,,,,,,,,,False,False,False,,3.2857594,33.569897
O=C(Oc1ccncc1S(=O)(=O)O)c1nn[nH]c1N(Cc1ccccc1)Cc1ccccc1,O=C(Oc1ccncc1S(=O)(=O)O)c1nn[nH]c1N(Cc1ccccc1)Cc1ccccc1,低毒,11.783112,34.80541,2.836795215,0.50877193,0.49122807,0.493015134,0.332945285,0.778812573,0.534924331,470,True,False,False,,-28.011587,-8.3413725
O=C(c1nn[nH]c1N(Cc1ccccc1)Cc1ccccc1)c1c(N=C=S)n[nH]c1Nc1ccc(Cl)c(Cl)c1,O=C(c1nn[nH]c1N(Cc1ccccc1)Cc1ccccc1)c1c(N=C=S)n[nH]c1Nc1ccc(Cl)c(Cl)c1,低毒,48.9396,26.393616,,,,,,,,,False,False,False,,-1.8604804,3.7763681
[N-]=[N+]=Nc1ccc(CC(=O)c2nn[nH]c2N(Cc2ccccc2)Cc2ccccc2)cc1,[N-]=[N+]=Nc1ccc(CC(=O)c2nn[nH]c2N(Cc2ccccc2)Cc2ccccc2)cc1,高毒,6.54649,65.40903,2.839874017,0.547169811,0.452830189,0.133294529,0.335273574,0.653667055,0.374078386,283,True,False,False,,-7.390314,-7.513383
O=C(c1nn[nH]c1N(Cc1ccccc1)Cc1ccccc1)c1snn[n+]1-c1c[nH]c2ccccc12,O=C(c1nn[nH]c1N(Cc1ccccc1)Cc1ccccc1)c1snn[n+]1-c1c[nH]c2ccccc12,中毒,51.677902,32.43277,,,,,,,,,False,False,False,,-21.769985,21.34734
O=C(c1cc2cc[nH]c2[nH]1)c1nn[nH]c1N(Cc1ccccc1)Cc1ccccc1,O=C(c1cc2cc[nH]c2[nH]1)c1nn[nH]c1N(Cc1ccccc1)Cc1ccccc1,低毒,4.2356267,56.669506,3.051026842,0.632653061,0.367346939,0.022700815,0.55878929,0.313154831,0.298214979,186,True,False,False,,5.9878907,9.6224985
O=C(c1nn[nH]c1N(Cc1ccccc1)Cc1ccccc1)N1CCCC1CBr,O=C(c1nn[nH]c1N(Cc1ccccc1)Cc1ccccc1)N1CCCC1CBr,中毒,57.72675,21.923925,,,,,,,,,False,False,False,,-0.9424979,33.655273
O=C(Oc1cccc(Br)c1)c1nn[nH]c1N(Cc1ccccc1)Cc1ccccc1,O=C(Oc1cccc(Br)c1)c1nn[nH]c1N(Cc1ccccc1)Cc1ccccc1,低毒,11.058763,25.876787,2.531212844,0.557692308,0.442307692,0.447031432,0.038416764,0.622235157,0.369227784,276,True,False,False,,-28.154705,-11.276975
O=C(c1nn[nH]c1N(Cc1ccccc1)Cc1ccccc1)N1CCCN(c2ccnc3c(C(F)(F)F)cccc23)CC1,O=C(c1nn[nH]c1N(Cc1ccccc1)Cc1ccccc1)N1CCCN(c2ccnc3c(C(F)(F)F)cccc23)CC1,中毒,22.497276,20.67045,,,,,,,,,False,False,False,,5.709459,40.661472
O=C(c1ccc2s[nH]c(=O)c2c1)c1nn[nH]c1N(Cc1ccccc1)Cc1ccccc1,O=C(c1ccc2s[nH]c(=O)c2c1)c1nn[nH]c1N(Cc1ccccc1)Cc1ccccc1,中毒,13.22057,56.669506,2.93711968,0.634615385,0.365384615,0.614668219,0.445867288,0.290454016,0.450329841,378,True,False,False,,15.144801,14.888915
O=C(c1nn[nH]c1N(Cc1ccccc1)Cc1ccccc1)c1nnc(Cl)c(O)c1O,O=C(c1nn[nH]c1N(Cc1ccccc1)Cc1ccccc1)c1nnc(Cl)c(O)c1O,低毒,12.736391,57.935555,3.042555908,0.659574468,0.340425532,0.582072177,0.551804424,0.169965076,0.434613892,365,True,False,False,,7.6512785,6.399961
O=C1CC2CC3C(CC3(C(=O)c3nn[nH]c3N(Cc3ccccc3)Cc3ccccc3)C1)O2,O=C1CC2CC3C(CC3(C(=O)c3nn[nH]c3N(Cc3ccccc3)Cc3ccccc3)C1)O2,中毒,10.861907,11.128978,5.03044623,0.46031746,0.53968254,0.413271246,0.99185099,0.881839348,0.762320528,728,True,False,False,,-3.1154106,-25.45325
O=C(c1nn[nH]c1N(Cc1ccccc1)Cc1ccccc1)c1[nH]ncc1Br,O=C(c1nn[nH]c1N(Cc1ccccc1)Cc1ccccc1)c1[nH]ncc1Br,中毒,23.90006,56.669506,,,,,,,,,False,False,False,,2.3904335,13.608947
O=C(c1nn[nH]c1N(Cc1ccccc1)Cc1ccccc1)N1CCOC1c1ccncc1,O=C(c1nn[nH]c1N(Cc1ccccc1)Cc1ccccc1)N1CCOC1c1ccncc1,中毒,38.126373,45.697975,,,,,,,,,False,False,False,,4.0582466,31.89906
O=C(c1ccncc1Cl)c1nn[nH]c1N(Cc1ccccc1)Cc1ccccc1,O=C(c1ccncc1Cl)c1nn[nH]c1N(Cc1ccccc1)Cc1ccccc1,低毒,10.806441,34.049644,2.631595781,0.645833333,0.354166667,0.389988359,0.102444703,0.241559953,0.244664338,132,True,False,False,,-11.927841,6.356064
Cc1c(C(=O)c2nn[nH]c2N(Cc2ccccc2)Cc2ccccc2)cc(C(F)(F)F)cc1[N+](=O)[O-],Cc1c(C(=O)c2nn[nH]c2N(Cc2ccccc2)Cc2ccccc2)cc(C(F)(F)F)cc1[N+](=O)[O-],中毒,15.300411,23.433012,2.864851702,0.516666667,0.483333333,0.731082654,0.365541327,0.765424913,0.620682965,570,True,False,False,,-20.668217,6.507222
O=C(SCBr)c1nn[nH]c1N(Cc1ccccc1)Cc1ccccc1,O=C(SCBr)c1nn[nH]c1N(Cc1ccccc1)Cc1ccccc1,低毒,5.7749395,41.86337,2.917701816,0.644444444,0.355555556,0.105355064,0.416763679,0.277648428,0.266589057,154,True,False,False,,-10.818089,-8.798734
O=C(c1csnn1)c1nn[nH]c1N(Cc1ccccc1)Cc1ccccc1,O=C(c1csnn1)c1nn[nH]c1N(Cc1ccccc1)Cc1ccccc1,低毒,7.84223,22.001596,2.848714616,0.673913043,0.326086957,0.190337602,0.343422584,0.123399302,0.219053163,104,True,False,False,,18.440596,-4.297926
O=C(c1nn[nH]c1N(Cc1ccccc1)Cc1ccccc1)c1nc[n+]([O-])c2cc([SH](F)(F)(F)F)ccc2c1=O,O=C(c1nn[nH]c1N(Cc1ccccc1)Cc1ccccc1)c1nc[n+]([O-])c2cc([SH](F)(F)(F)F)ccc2c1=O,低毒,11.786728,36.893288,4.025709058,0.484375,0.515625,0.497089639,0.931315483,0.839930151,0.756111758,721,True,False,False,,20.81008,16.681433
O=C(c1nn[nH]c1N(Cc1ccccc1)Cc1ccccc1)C12CC3CC(C1)C(C3)C2,O=C(c1nn[nH]c1N(Cc1ccccc1)Cc1ccccc1)C12CC3CC(C1)C(C3)C2,中毒,10.869423,10.310754,4.655056651,0.557692308,0.442307692,0.4225844,0.975552969,0.622235157,0.673457509,633,True,False,False,,-1.8425709,-25.670515
O=C(c1nn[nH]c1N(Cc1ccccc1)Cc1ccccc1)N1CC1,O=C(c1nn[nH]c1N(Cc1ccccc1)Cc1ccccc1)N1CC1,中毒,31.753386,25.051384,,,,,,,,,False,False,False,,1.5426079,36.915794
O=C(c1ccncc1-c1ccc2nc[nH]c2c1)c1nn[nH]c1N(Cc1ccccc1)Cc1ccccc1,O=C(c1ccncc1-c1ccc2nc[nH]c2c1)c1nn[nH]c1N(Cc1ccccc1)Cc1ccccc1,中毒,15.850709,32.831234,2.92539177,0.5,0.5,0.770663562,0.423748545,0.807916182,0.667442763,626,True,False,False,,-10.22248,24.948748
O=C(c1nn[nH]c1N(Cc1ccccc1)Cc1ccccc1)N1CCCC1,O=C(c1nn[nH]c1N(Cc1ccccc1)Cc1ccccc1)N1CCCC1,中毒,31.753386,25.051384,,,,,,,,,False,False,False,,0.7974393,36.689888
O=C(C(=Cc1ccc(OC[118F])cc1Br)Nc1c(Cl)ccc(Cl)c1Cl)c1nn[nH]c1N(Cc1ccccc1)Cc1ccccc1,O=C(C(=Cc1ccc(OC[118F])cc1Br)Nc1c(Cl)ccc(Cl)c1Cl)c1nn[nH]c1N(Cc1ccccc1)Cc1ccccc1,中毒,38.931076,67.05767,,,,,,,,,False,False,False,,-7.153298,-4.046547
O=C(NC1CC1)c1nn[nH]c1N(Cc1ccccc1)Cc1ccccc1,O=C(NC1CC1)c1nn[nH]c1N(Cc1ccccc1)Cc1ccccc1,中毒,13.487066,25.051384,2.449686979,0.652173913,0.347826087,0.633294529,0.009313155,0.208381839,0.283663174,174,True,False,False,,3.1485093,-23.007614
O=C(c1csc(Nc2ccccn2)n1)c1nn[nH]c1N(Cc1ccccc1)Cc1ccccc1,O=C(c1csc(Nc2ccccn2)n1)c1nn[nH]c1N(Cc1ccccc1)Cc1ccccc1,低毒,13.41099,10.611208,2.81658094,0.534482759,0.465517241,0.63096624,0.303841676,0.703725262,0.546177726,482,True,False,False,,19.601671,-14.35171
O=C(c1nn[nH]c1N(Cc1ccccc1)Cc1ccccc1)N1CCc2sccc2C1F,O=C(c1nn[nH]c1N(Cc1ccccc1)Cc1ccccc1)N1CCc2sccc2C1F,中毒,107.21265,16.102783,,,,,,,,,False,False,False,,-2.5170481,36.287537
O=C(OCc1ccccc1)c1nn[nH]c1N(Cc1ccccc1)Cc1ccccc1,O=C(OCc1ccccc1)c1nn[nH]c1N(Cc1ccccc1)Cc1ccccc1,高毒,20.95386,34.70963,,,,,,,,,False,False,False,,-23.507568,-7.876059
O=C(c1nn[nH]c1N(Cc1ccccc1)Cc1ccccc1)C1CC=CCC1,O=C(c1nn[nH]c1N(Cc1ccccc1)Cc1ccccc1)C1CC=CCC1,高毒,16.12268,22.30062,3.232096899,0.58,0.42,0.786379511,0.685681024,0.533178114,0.668412883,627,True,False,False,,6.457101,-33.33539
O=C(CSc1nccs1)c1nn[nH]c1N(Cc1ccccc1)Cc1ccccc1,O=C(CSc1nccs1)c1nn[nH]c1N(Cc1ccccc1)Cc1ccccc1,中毒,4.2356267,56.60067,2.794378875,0.537037037,0.462962963,0.022700815,0.275902212,0.688009313,0.32887078,220,True,False,False,,6.4442096,-12.289398
O=C(c1nn[nH]c1N(Cc1ccccc1)Cc1ccccc1)C(Nc1ccccn1)C(Br)(NCCl)OC[n+]1cncnc1Cl,O=C(c1nn[nH]c1N(Cc1ccccc1)Cc1ccccc1)C(Nc1ccccn1)C(Br)(NCCl)OC[n+]1cncnc1Cl,中毒,16.796028,35.855057,4.652251577,0.367088608,0.632911392,0.82887078,0.974388824,0.988940629,0.930733411,850,True,False,False,,-19.853922,-22.471186
O=C(c1cc2ccccc2[nH]1)c1nn[nH]c1N(Cc1ccccc1)Cc1ccccc1,O=C(c1cc2ccccc2[nH]1)c1nn[nH]c1N(Cc1ccccc1)Cc1ccccc1,低毒,6.7213836,31.82146,2.63741775,0.659574468,0.340425532,0.1443539,0.104772992,0.169965076,0.139697322,50,True,True,False,,5.070056,10.133828
O=C(c1nn[nH]c1N(Cc1ccccc1)Cc1ccccc1)c1sccc1-c1o[n+]([O-])cc1Cl,O=C(c1nn[nH]c1N(Cc1ccccc1)Cc1ccccc1)c1sccc1-c1o[n+]([O-])cc1Cl,中毒,55.29387,17.239014,,,,,,,,,False,False,False,,3.5918603,-8.049272
O=C(Nn1ncc2ccccc21)c1nn[nH]c1N(Cc1ccccc1)Cc1ccccc1,O=C(Nn1ncc2ccccc21)c1nn[nH]c1N(Cc1ccccc1)Cc1ccccc1,低毒,9.386746,19.964197,2.851535022,0.537037037,0.462962963,0.29685681,0.345750873,0.688009313,0.443538999,370,True,False,False,,-6.5746737,-21.2495
O=C(c1nn[nH]c1N(Cc1ccccc1)Cc1ccccc1)c1n[nH]c2cc(Cl)ccc12,O=C(c1nn[nH]c1N(Cc1ccccc1)Cc1ccccc1)c1n[nH]c2cc(Cl)ccc12,低毒,22.464615,53.6493,,,,,,,,,False,False,False,,31.86931,3.5829535
O=C(c1nn[nH]c1N(Cc1ccccc1)Cc1ccccc1)c1ccnc2cccnc12,O=C(c1nn[nH]c1N(Cc1ccccc1)Cc1ccccc1)c1ccnc2cccnc12,中毒,12.6855,20.805614,2.730248544,0.62,0.38,0.570430733,0.200232829,0.369615832,0.380093132,290,True,False,False,,-6.162902,5.0330763
NS(=O)(=O)C(=O)c1nn[nH]c1N(Cc1ccccc1)Cc1ccccc1,NS(=O)(=O)C(=O)c1nn[nH]c1N(Cc1ccccc1)Cc1ccccc1,低毒,13.811252,69.663536,2.777513481,0.659090909,0.340909091,0.654249127,0.257275902,0.19790454,0.369809856,277,True,False,False,,-11.936169,-27.296892
O=C(c1nn[nH]c1N(Cc1ccccc1)Cc1ccccc1)c1nc(Nc2nnc3cc4[nH]ncc4n3n2)nc(O)c1OC(F)(F)F,O=C(c1nn[nH]c1N(Cc1ccccc1)Cc1ccccc1)c1nc(Nc2nnc3cc4[nH]ncc4n3n2)nc(O)c1OC(F)(F)F,中毒,29.298227,70.24745,,,,,,,,,False,False,False,,16.469746,20.265083
O=C(c1nn[nH]c1N(Cc1ccccc1)Cc1ccccc1)S(CSC1NC=Nc2cccc(Cl)c21)=NC1CCNC1,O=C(c1nn[nH]c1N(Cc1ccccc1)Cc1ccccc1)S(CSC1NC=Nc2cccc(Cl)c21)=NC1CCNC1,中毒,12.490036,10.493414,4.879141383,0.3625,0.6375,0.542491269,0.984866123,0.991268917,0.839542103,799,True,False,False,,6.633939,-25.831198
O=C(c1nn[nH]c1N(Cc1ccccc1)Cc1ccccc1)[n+]1ccccc1,O=C(c1nn[nH]c1N(Cc1ccccc1)Cc1ccccc1)[n+]1ccccc1,高毒,12.970445,24.44561,2.835363059,0.659090909,0.340909091,0.598370198,0.328288708,0.19790454,0.374854482,285,True,False,False,,-2.6478894,-14.949026
O=C1NN(C(=O)c2nn[nH]c2N(Cc2ccccc2)Cc2ccccc2)Cc2c1[nH]c1ccccc21,O=C1NN(C(=O)c2nn[nH]c2N(Cc2ccccc2)Cc2ccccc2)Cc2c1[nH]c1ccccc21,低毒,50.639133,11.804778,,,,,,,,,False,False,False,,-4.057625,35.911716
O=C(OP(=O)(O)O)c1nn[nH]c1N(Cc1ccccc1)Cc1ccccc1,O=C(OP(=O)(O)O)c1nn[nH]c1N(Cc1ccccc1)Cc1ccccc1,低毒,21.387981,25.876787,,,,,,,,,False,False,False,,-23.161776,-10.649944
O=C(c1nn[nH]c1N(Cc1ccccc1)Cc1ccccc1)C(c1ccc(O)cc1)c1cnnc[n+]1Br,O=C(c1nn[nH]c1N(Cc1ccccc1)Cc1ccccc1)C(c1ccc(O)cc1)c1cnnc[n+]1Br,中毒,54.46914,42.826473,,,,,,,,,False,False,False,,-21.768408,-20.317732
O=C(SC(=Nc1ccccc1N1CCOCC1)Nc1cc2ccccc2cc1Cl)c1nn[nH]c1N(Cc1ccccc1)Cc1ccccc1,O=C(SC(=Nc1ccccc1N1CCOCC1)Nc1cc2ccccc2cc1Cl)c1nn[nH]c1N(Cc1ccccc1)Cc1ccccc1,中毒,14.959062,57.86043,3.353476451,0.371794872,0.628205128,0.715948778,0.749708964,0.984866123,0.816841288,787,True,False,False,,8.573671,31.94191
O=C(c1nn[nH]c1N(Cc1ccccc1)Cc1ccccc1)c1c(O)ccc2sccc12,O=C(c1nn[nH]c1N(Cc1ccccc1)Cc1ccccc1)c1c(O)ccc2sccc12,中毒,129.17392,31.12242,,,,,,,,,False,False,False,,2.4638538,2.1323247
O=C(c1csc(-c2csc(NC3=NCCC3)n2)n1)c1nn[nH]c1N(Cc1ccccc1)Cc1ccccc1,O=C(c1csc(-c2csc(NC3=NCCC3)n2)n1)c1nn[nH]c1N(Cc1ccccc1)Cc1ccccc1,中毒,48.091965,16.874786,,,,,,,,,False,False,False,,19.355457,-12.597934
O=C(c1csc(O)n1)c1nn[nH]c1N(Cc1ccccc1)Cc1ccccc1,O=C(c1csc(O)n1)c1nn[nH]c1N(Cc1ccccc1)Cc1ccccc1,低毒,5.7749395,27.793814,2.954693286,0.645833333,0.354166667,0.105355064,0.470314319,0.241559953,0.272409779,160,True,False,False,,18.260635,-12.480582
O=C(c1ccc(-c2cccs2)o1)c1nn[nH]c1N(Cc1ccccc1)Cc1ccccc1,O=C(c1ccc(-c2cccs2)o1)c1nn[nH]c1N(Cc1ccccc1)Cc1ccccc1,中毒,36.519527,46.387737,,,,,,,,,False,False,False,,9.393,-2.0763023
O=C(c1nn[nH]c1N(Cc1ccccc1)Cc1ccccc1)c1occc1Br,O=C(c1nn[nH]c1N(Cc1ccccc1)Cc1ccccc1)c1occc1Br,中毒,7.6564264,60.39891,2.798809233,0.645833333,0.354166667,0.179278231,0.284051222,0.241559953,0.234963135,121,True,False,False,,0.7911662,11.319624
O=C(c1nn[nH]c1N(Cc1ccccc1)Cc1ccccc1)C(O[N+](=O)[O-])n1nnnc1O,O=C(c1nn[nH]c1N(Cc1ccccc1)Cc1ccccc1)C(O[N+](=O)[O-])n1nnnc1O,中毒,67.055664,22.135231,,,,,,,,,False,False,False,,-18.426525,-19.412281
O=C(c1nn[nH]c1N(Cc1ccccc1)Cc1ccccc1)N1CCOCC1F,O=C(c1nn[nH]c1N(Cc1ccccc1)Cc1ccccc1)N1CCOCC1F,中毒,31.753386,24.974611,,,,,,,,,False,False,False,,4.6991186,32.58703
O=C(c1nn[nH]c1N(Cc1ccccc1)Cc1ccccc1)S(=O)(=O)c1ccsc1,O=C(c1nn[nH]c1N(Cc1ccccc1)Cc1ccccc1)S(=O)(=O)c1ccsc1,中毒,19.250513,62.87364,2.969198701,0.557692308,0.442307692,0.968568102,0.484284051,0.622235157,0.69169577,651,True,False,False,,-12.023272,-30.717064
O=C(c1nc(C2=CC(F)C2)n[nH]1)c1nn[nH]c1N(Cc1ccccc1)Cc1ccccc1,O=C(c1nc(C2=CC(F)C2)n[nH]1)c1nn[nH]c1N(Cc1ccccc1)Cc1ccccc1,中毒,19.331036,38.702,3.699686153,0.581818182,0.418181818,0.982537835,0.869615832,0.51862631,0.790259992,762,True,False,False,,15.446654,4.0693874
NC1CCC(N)N(CNC(=O)C(=O)c2nn[nH]c2N(Cc2ccccc2)Cc2ccccc2)C1CO,NC1CCC(N)N(CNC(=O)C(=O)c2nn[nH]c2N(Cc2ccccc2)Cc2ccccc2)C1CO,中毒,15.033959,32.241837,4.253226283,0.453125,0.546875,0.719441211,0.953434226,0.895227008,0.856034148,809,True,False,False,,8.701082,-21.314426
O=C(c1cnn(-c2cnn(CBr)c2)c1-n1cccn1)c1nn[nH]c1N(Cc1ccccc1)Cc1ccccc1,O=C(c1cnn(-c2cnn(CBr)c2)c1-n1cccn1)c1nn[nH]c1N(Cc1ccccc1)Cc1ccccc1,中毒,15.065524,33.28982,3.393748291,0.462686567,0.537313433,0.721769499,0.768335274,0.877764843,0.789289872,760,True,False,False,,-10.117158,4.31597
O=C(c1nn[nH]c1N(Cc1ccccc1)Cc1ccccc1)S(=O)(=O)C1CSCCO1,O=C(c1nn[nH]c1N(Cc1ccccc1)Cc1ccccc1)S(=O)(=O)C1CSCCO1,低毒,28.71514,32.444996,,,,,,,,,False,False,False,,-10.29111,-27.890564
O=C(Nc1sc2c(c1[N+](=O)[O-])C(=O)c1cc(F)ccc1-2)c1nn[nH]c1N(Cc1ccccc1)Cc1ccccc1,O=C(Nc1sc2c(c1[N+](=O)[O-])C(=O)c1cc(F)ccc1-2)c1nn[nH]c1N(Cc1ccccc1)Cc1ccccc1,中毒,153.55351,12.898468,,,,,,,,,False,False,False,,-19.520746,-2.3416393
O=C(Oc1ccccc1)c1nn[nH]c1N(Cc1ccccc1)Cc1ccccc1,O=C(Oc1ccccc1)c1nn[nH]c1N(Cc1ccccc1)Cc1ccccc1,低毒,11.058763,34.70963,2.395005888,0.659090909,0.340909091,0.447031432,0.001164144,0.19790454,0.215366705,99,True,True,False,,-27.25008,-11.003829
O=C(c1nn[nH]c1N(Cc1ccccc1)Cc1ccccc1)S(=O)(=O)N1CC1,O=C(c1nn[nH]c1N(Cc1ccccc1)Cc1ccccc1)S(=O)(=O)N1CC1,低毒,20.94673,49.83991,,,,,,,,,False,False,False,,-10.96594,-27.223719
O=C(c1nn[nH]c1N(Cc1ccccc1)Cc1ccccc1)c1sc2cc(Cl)ccc2c1F,O=C(c1nn[nH]c1N(Cc1ccccc1)Cc1ccccc1)c1sc2cc(Cl)ccc2c1F,中毒,41.93663,60.01921,,,,,,,,,False,False,False,,0.27932593,22.278927
O=C(CN1CCOCC1)c1nn[nH]c1N(Cc1ccccc1)Cc1ccccc1,O=C(CN1CCOCC1)c1nn[nH]c1N(Cc1ccccc1)Cc1ccccc1,高毒,12.970445,53.697197,2.614277444,0.568627451,0.431372549,0.598370198,0.09080326,0.583818393,0.424330617,350,True,False,False,,6.5446935,32.50136
O=C(c1cc(F)ccc1Cl)c1nn[nH]c1N(Cc1ccccc1)Cc1ccccc1,O=C(c1cc(F)ccc1Cl)c1nn[nH]c1N(Cc1ccccc1)Cc1ccccc1,中毒,9.219173,22.11593,2.5375552,0.62,0.38,0.288125728,0.041909197,0.369615832,0.233216919,118,True,False,False,,-12.9706,17.642143
O=C(c1cnn(S(=O)(=O)c2ccc(Cl)cc2)n1)c1nn[nH]c1N(Cc1ccccc1)Cc1ccccc1,O=C(c1cnn(S(=O)(=O)c2ccc(Cl)cc2)n1)c1nn[nH]c1N(Cc1ccccc1)Cc1ccccc1,中毒,17.239237,15.368224,3.063947196,0.525423729,0.474576271,0.876600698,0.570430733,0.739231665,0.728754366,699,True,False,False,,24.932905,-12.408955
O=C(c1ccc(N2CCOCC2CO)cc1)c1nn[nH]c1N(Cc1ccccc1)Cc1ccccc1,O=C(c1ccc(N2CCOCC2CO)cc1)c1nn[nH]c1N(Cc1ccccc1)Cc1ccccc1,中毒,18.932137,28.352098,3.255262793,0.586206897,0.413793103,0.942956927,0.698486612,0.490104773,0.710516104,680,True,False,False,,14.566312,9.120859
N#CN1CCC(C(=O)c2nn[nH]c2N(Cc2ccccc2)Cc2ccccc2)C1,N#CN1CCC(C(=O)c2nn[nH]c2N(Cc2ccccc2)Cc2ccccc2)C1,中毒,19.267376,20.262547,3.39052383,0.517857143,0.482142857,0.972642608,0.766006985,0.753783469,0.830811021,791,True,False,False,,8.635033,-30.917934
O=C(c1nn[nH]c1N(Cc1ccccc1)Cc1ccccc1)N1CCN(c2c(-c3cncs3)coc3ncc(-c4ccc(Br)cc4)c2-3)CC1,O=C(c1nn[nH]c1N(Cc1ccccc1)Cc1ccccc1)N1CCN(c2c(-c3cncs3)coc3ncc(-c4ccc(Br)cc4)c2-3)CC1,中毒,42.855415,10.92298,,,,,,,,,False,False,False,,4.3902397,40.860714
O=C(c1ccc(Br)s1)c1nn[nH]c1N(Cc1ccccc1)Cc1ccccc1,O=C(c1ccc(Br)s1)c1nn[nH]c1N(Cc1ccccc1)Cc1ccccc1,低毒,5.3406773,21.606764,2.667596663,0.659574468,0.340425532,0.08032596,0.136204889,0.169965076,0.128831975,40,True,True,False,,5.6094813,-2.9164252
O=C(c1nn[nH]c1N(Cc1ccccc1)Cc1ccccc1)N1CC=CCC1,O=C(c1nn[nH]c1N(Cc1ccccc1)Cc1ccccc1)N1CC=CCC1,中毒,33.736214,23.7656,,,,,,,,,False,False,False,,1.0725514,37.561314
O=C(Oc1cccc2cnccc12)c1nn[nH]c1N(Cc1ccccc1)Cc1ccccc1,O=C(Oc1cccc2cnccc12)c1nn[nH]c1N(Cc1ccccc1)Cc1ccccc1,低毒,9.694577,24.477404,2.652654546,0.50877193,0.49122807,0.316647264,0.119906868,0.778812573,0.405122235,326,True,False,False,,-28.382505,-8.189944
O=C(c1nn[nH]c1N(Cc1ccccc1)Cc1ccccc1)c1coc2ccccc2c1=O,O=C(c1nn[nH]c1N(Cc1ccccc1)Cc1ccccc1)c1coc2ccccc2c1=O,低毒,5.0276203,59.342094,2.704141759,0.596153846,0.403846154,0.063445867,0.17112922,0.448195576,0.227590221,113,True,False,False,,-1.6178818,18.007545
O=C(c1cc2c(Br)cccc2[nH]1)c1nn[nH]c1N(Cc1ccccc1)Cc1ccccc1,O=C(c1cc2c(Br)cccc2[nH]1)c1nn[nH]c1N(Cc1ccccc1)Cc1ccccc1,低毒,9.91589,32.746445,2.782963379,0.596153846,0.403846154,0.325960419,0.266589057,0.448195576,0.346915017,243,True,False,False,,4.271621,10.446239
O=C(c1ncc[nH]1)c1nn[nH]c1N(Cc1ccccc1)Cc1ccccc1,O=C(c1ncc[nH]1)c1nn[nH]c1N(Cc1ccccc1)Cc1ccccc1,微毒,5.7749395,41.86337,2.804157693,0.673913043,0.326086957,0.105355064,0.291036088,0.123399302,0.173263485,67,True,True,False,,13.314306,3.8140025
O=C(OC1C(O)SC1n1cnc2c(NC3COC3)ncnc21)c1nn[nH]c1N(Cc1ccccc1)Cc1ccccc1,O=C(OC1C(O)SC1n1cnc2c(NC3COC3)ncnc21)c1nn[nH]c1N(Cc1ccccc1)Cc1ccccc1,中毒,18.642263,24.03849,4.349320322,0.367088608,0.632911392,0.92782305,0.959254948,0.988940629,0.958672875,856,True,False,False,,-2.0876963,-30.923643
O=C(c1cccc(Br)c1)c1nn[nH]c1N(Cc1ccccc1)Cc1ccccc1,O=C(c1cccc(Br)c1)c1nn[nH]c1N(Cc1ccccc1)Cc1ccccc1,中毒,4.2356267,34.50007,2.49152646,0.772727273,0.227272727,0.022700815,0.020954598,0.01862631,0.020760574,7,True,True,False,,8.0103855,14.817813
O=C(O)c1ccc(C(=O)c2nn[nH]c2N(Cc2ccccc2)Cc2ccccc2)cc1,O=C(O)c1ccc(C(=O)c2nn[nH]c2N(Cc2ccccc2)Cc2ccccc2)cc1,低毒,4.2356267,26.775206,2.443534473,0.871794872,0.128205128,0.022700815,0.005820722,0.001164144,0.009895227,2,True,True,False,,13.192119,9.801616
O=C(c1nn[nH]c1N(Cc1ccccc1)Cc1ccccc1)c1nssc1=NCCN(Cc1nc(-c2nccs2)co1)c1cn2ccsc2n1,O=C(c1nn[nH]c1N(Cc1ccccc1)Cc1ccccc1)c1nssc1=NCCN(Cc1nc(-c2nccs2)co1)c1cn2ccsc2n1,中毒,25.401768,25.232527,,,,,,,,,False,False,False,,9.126543,-12.367285
O=C(c1nn[nH]c1N(Cc1ccccc1)Cc1ccccc1)c1cccc2oc(N3CCCCC3F)nc(=O)c12,O=C(c1nn[nH]c1N(Cc1ccccc1)Cc1ccccc1)c1cccc2oc(N3CCCCC3F)nc(=O)c12,中毒,46.11891,18.738924,,,,,,,,,False,False,False,,-4.0727053,19.042257
O=C(c1nn[nH]c1N(Cc1ccccc1)Cc1ccccc1)[SH](Cl)CC(Cl)(Cl)Cl,O=C(c1nn[nH]c1N(Cc1ccccc1)Cc1ccccc1)[SH](Cl)CC(Cl)(Cl)Cl,低毒,7.420611,27.284857,3.837665741,0.591836735,0.408163265,0.164144354,0.903376019,0.474388824,0.513969732,444,True,False,False,,-5.357202,-12.032907
O=C(c1nn[nH]c1N(Cc1ccccc1)Cc1ccccc1)c1[nH]nc[n+]1[O-],O=C(c1nn[nH]c1N(Cc1ccccc1)Cc1ccccc1)c1[nH]nc[n+]1[O-],低毒,13.950026,41.86337,3.240768333,0.645833333,0.354166667,0.664726426,0.691501746,0.241559953,0.532596042,466,True,False,False,,21.115618,16.742188
O=C(c1nn[nH]c1N(Cc1ccccc1)Cc1ccccc1)c1ccc(O)c2ccccc12,O=C(c1nn[nH]c1N(Cc1ccccc1)Cc1ccccc1)c1ccc(O)c2ccccc12,中毒,58.775444,19.057148,,,,,,,,,False,False,False,,-5.7180977,15.756561
O=C(c1cnn2c1C1CSC(=S)N2CC(O)C1)c1nn[nH]c1N(Cc1ccccc1)Cc1ccccc1,O=C(c1cnn2c1C1CSC(=S)N2CC(O)C1)c1nn[nH]c1N(Cc1ccccc1)Cc1ccccc1,中毒,31.790747,51.1797,,,,,,,,,False,False,False,,3.2421527,19.127577
O=C(c1cc(Cl)ccc1O)c1nn[nH]c1N(Cc1ccccc1)Cc1ccccc1,O=C(c1cc(Cl)ccc1O)c1nn[nH]c1N(Cc1ccccc1)Cc1ccccc1,低毒,17.132633,19.154457,2.558715943,0.632653061,0.367346939,0.862048894,0.057043073,0.313154831,0.410748933,332,True,False,False,,-13.292204,14.204177
O=C(c1nn[nH]c1N(Cc1ccccc1)Cc1ccccc1)C1OC2OC(CF)CN2C12C(O)C1=C(O)C3(Cl)OC2(F)C(=O)C13,O=C(c1nn[nH]c1N(Cc1ccccc1)Cc1ccccc1)C1OC2OC(CF)CN2C12C(O)C1=C(O)C3(Cl)OC2(F)C(=O)C13,中毒,50.859703,13.503714,,,,,,,,,False,False,False,,4.444175,-29.039694
O=C(c1nn[nH]c1N(Cc1ccccc1)Cc1ccccc1)C1COCSC1,O=C(c1nn[nH]c1N(Cc1ccccc1)Cc1ccccc1)C1COCSC1,高毒,18.07238,38.401184,3.4985703,0.537037037,0.462962963,0.906868452,0.811408615,0.688009313,0.80209546,773,True,False,False,,7.7706585,-35.1325
O=C(c1nn[nH]c1N(Cc1ccccc1)Cc1ccccc1)C12CC3CC(C1)OC(C3)C2,O=C(c1nn[nH]c1N(Cc1ccccc1)Cc1ccccc1)C12CC3CC(C1)OC(C3)C2,中毒,17.100971,11.312037,4.881807777,0.527272727,0.472727273,0.851571595,0.986030268,0.722351572,0.853317811,807,True,False,False,,-2.2479608,-25.447277
O=C(c1nn[nH]c1N(Cc1ccccc1)Cc1ccccc1)N(C(=S)N=Nc1ccsc1)c1cccc(I)c1,O=C(c1nn[nH]c1N(Cc1ccccc1)Cc1ccccc1)N(C(=S)N=Nc1ccsc1)c1cccc(I)c1,中毒,36.09136,38.86608,,,,,,,,,False,False,False,,-17.459938,29.386547
O=C(c1ccc([18F])o1)c1nn[nH]c1N(Cc1ccccc1)Cc1ccccc1,O=C(c1ccc([18F])o1)c1nn[nH]c1N(Cc1ccccc1)Cc1ccccc1,中毒,9.219173,64.433624,2.858346006,0.673913043,0.326086957,0.288125728,0.356228172,0.123399302,0.255917734,144,True,False,False,,8.853399,0.40413684
O=C(c1nn[nH]c1N(Cc1ccccc1)Cc1ccccc1)c1no[n+]([O-])c1NO,O=C(c1nn[nH]c1N(Cc1ccccc1)Cc1ccccc1)c1no[n+]([O-])c1NO,中毒,11.376357,21.154076,3.315863423,0.596153846,0.403846154,0.463911525,0.734575087,0.448195576,0.548894063,488,True,False,False,,21.670473,25.71477
O=C(c1nn[nH]c1N(Cc1ccccc1)Cc1ccccc1)C(Cl)c1ccc(Br)c(S(=O)(=O)NCC2CCNC2)c1,O=C(c1nn[nH]c1N(Cc1ccccc1)Cc1ccccc1)C(Cl)c1ccc(Br)c(S(=O)(=O)NCC2CCNC2)c1,中毒,42.152023,44.113987,,,,,,,,,False,False,False,,-18.665918,-23.40927
O=C(c1c[nH]cc1Br)c1nn[nH]c1N(Cc1ccccc1)Cc1ccccc1,O=C(c1c[nH]cc1Br)c1nn[nH]c1N(Cc1ccccc1)Cc1ccccc1,高毒,18.950224,34.50007,2.932336813,0.673913043,0.326086957,0.949359721,0.437718277,0.123399302,0.503492433,434,True,False,False,,-2.1481044,12.351377
O=C(OC1CCC1)c1nn[nH]c1N(Cc1ccccc1)Cc1ccccc1,O=C(OC1CCC1)c1nn[nH]c1N(Cc1ccccc1)Cc1ccccc1,高毒,17.19353,37.091206,2.56750863,0.604166667,0.395833333,0.873108265,0.061699651,0.423748545,0.452852154,385,True,False,False,,-2.3257892,-30.750511
O=C(c1nn[nH]c1N(Cc1ccccc1)Cc1ccccc1)c1c(O)[nH]c2ccccc12,O=C(c1nn[nH]c1N(Cc1ccccc1)Cc1ccccc1)c1c(O)[nH]c2ccccc12,中毒,23.636988,29.098383,,,,,,,,,False,False,False,,-0.13224468,1.2697661
O=C(c1ccc2conc2c1)c1nn[nH]c1N(Cc1ccccc1)Cc1ccccc1,O=C(c1ccc2conc2c1)c1nn[nH]c1N(Cc1ccccc1)Cc1ccccc1,高毒,24.476208,34.579483,,,,,,,,,False,False,False,,14.086105,17.660778
[N-]=[N+]=NCC(F)(F)C(=O)c1nn[nH]c1N(Cc1ccccc1)Cc1ccccc1,[N-]=[N+]=NCC(F)(F)C(=O)c1nn[nH]c1N(Cc1ccccc1)Cc1ccccc1,中毒,7.26421,37.68041,3.148406349,0.547169811,0.452830189,0.162398137,0.63096624,0.653667055,0.482343811,414,True,False,False,,-15.12224,-11.826074
O=C(c1cc(I)c2[nH]ccc2c1)c1nn[nH]c1N(Cc1ccccc1)Cc1ccccc1,O=C(c1cc(I)c2[nH]ccc2c1)c1nn[nH]c1N(Cc1ccccc1)Cc1ccccc1,中毒,12.692299,34.50007,2.954060597,0.66,0.34,0.575087311,0.46798603,0.145518044,0.396197128,310,True,False,False,,12.002646,15.345896
O=C(c1nc2ccccc2[nH]1)c1nn[nH]c1N(Cc1ccccc1)Cc1ccccc1,O=C(c1nc2ccccc2[nH]1)c1nn[nH]c1N(Cc1ccccc1)Cc1ccccc1,中毒,5.7749395,40.16329,2.66885755,0.645833333,0.354166667,0.105355064,0.138533178,0.241559953,0.161816065,61,True,True,False,,-0.7448156,-6.4701033
O=C(c1nn[nH]c1N(Cc1ccccc1)Cc1ccccc1)c1cn(CCO)c2c(Br)c(Cl)c(Cl)c(Cl)c12,O=C(c1nn[nH]c1N(Cc1ccccc1)Cc1ccccc1)c1cn(CCO)c2c(Br)c(Cl)c(Cl)c(Cl)c12,中毒,43.23706,12.546354,,,,,,,,,False,False,False,,-3.8031628,9.668828
O=C(c1nn[nH]c1N(Cc1ccccc1)Cc1ccccc1)N1NCCC1C(F)(F)F,O=C(c1nn[nH]c1N(Cc1ccccc1)Cc1ccccc1)N1NCCC1C(F)(F)F,中毒,191.37277,16.223923,,,,,,,,,False,False,False,,-16.814867,-9.35832
O=C(c1nn[nH]c1N(Cc1ccccc1)Cc1ccccc1)N(c1cccc2cccnc12)C1CCCCC1,O=C(c1nn[nH]c1N(Cc1ccccc1)Cc1ccccc1)N(c1cccc2cccnc12)C1CCCCC1,中毒,26.164408,37.64033,,,,,,,,,False,False,False,,8.545895,-27.031313
O=C(c1nn[nH]c1N(Cc1ccccc1)Cc1ccccc1)P(=O)(O)C(F)Br,O=C(c1nn[nH]c1N(Cc1ccccc1)Cc1ccccc1)P(=O)(O)C(F)Br,中毒,14.037337,51.01637,3.76248196,0.58,0.42,0.672293364,0.881257276,0.533178114,0.695576251,657,True,False,False,,-12.910295,-18.607685
O=C(c1nn[nH]c1N(Cc1ccccc1)Cc1ccccc1)C(Nc1csnn1)N(c1cc(Cl)ccc1F)C1CCS(=O)(=O)C1,O=C(c1nn[nH]c1N(Cc1ccccc1)Cc1ccccc1)C(Nc1csnn1)N(c1cc(Cl)ccc1F)C1CCS(=O)(=O)C1,中毒,38.54775,12.75894,,,,,,,,,False,False,False,,-4.207687,-33.861103
O=C(SC1CCc2cc3ncoc3cc2C1c1ccsc1)c1nn[nH]c1N(Cc1ccccc1)Cc1ccccc1,O=C(SC1CCc2cc3ncoc3cc2C1c1ccsc1)c1nn[nH]c1N(Cc1ccccc1)Cc1ccccc1,中毒,29.604685,18.443,,,,,,,,,False,False,False,,12.566441,20.954388
O=C(C1=NNOC=C1)c1nn[nH]c1N(Cc1ccccc1)Cc1ccccc1,O=C(C1=NNOC=C1)c1nn[nH]c1N(Cc1ccccc1)Cc1ccccc1,中毒,12.901145,37.381256,3.313405691,0.632653061,0.367346939,0.592549476,0.733410943,0.313154831,0.54637175,483,True,False,False,,16.134432,2.4790907
O=C(c1nn[nH]c1N(Cc1ccccc1)Cc1ccccc1)N1CC(c2ccc(Cl)s2)=NO1,O=C(c1nn[nH]c1N(Cc1ccccc1)Cc1ccccc1)N1CC(c2ccc(Cl)s2)=NO1,中毒,29.691648,15.474315,,,,,,,,,False,False,False,,2.8565044,29.460566
O=C(c1nn[nH]c1N(Cc1ccccc1)Cc1ccccc1)N1CCCc2ccccc21,O=C(c1nn[nH]c1N(Cc1ccccc1)Cc1ccccc1)N1CCCc2ccccc21,中毒,11.074297,30.241766,2.567458585,0.537037037,0.462962963,0.45459837,0.060535506,0.688009313,0.40104773,319,True,False,False,,-5.46893,40.58602
O=C(C1=C(Br)Sc2ncnn2S1)c1nn[nH]c1N(Cc1ccccc1)Cc1ccccc1,O=C(C1=C(Br)Sc2ncnn2S1)c1nn[nH]c1N(Cc1ccccc1)Cc1ccccc1,低毒,18.661308,62.727425,3.538682037,0.543859649,0.456140351,0.932479627,0.824214203,0.671711292,0.809468374,779,True,False,False,,16.305979,1.0464852
O=C(c1nn[nH]c1N(Cc1ccccc1)Cc1ccccc1)N1CCCc2ccc(I)cc2SC1,O=C(c1nn[nH]c1N(Cc1ccccc1)Cc1ccccc1)N1CCCc2ccc(I)cc2SC1,中毒,31.753386,31.068483,,,,,,,,,False,False,False,,0.80169547,40.836746
O=C(c1nn[nH]c1N(Cc1ccccc1)Cc1ccccc1)C12COCON1c1ccoc1[SH]2c1cccnc1Cl,O=C(c1nn[nH]c1N(Cc1ccccc1)Cc1ccccc1)C12COCON1c1ccoc1[SH]2c1cccnc1Cl,中毒,16.819979,34.717995,4.740830537,0.371794872,0.628205128,0.830616997,0.979045402,0.984866123,0.931509507,851,True,False,False,,-10.221613,1.2574016
O=C(c1cc([N+](=O)[O-])c[nH]1)c1nn[nH]c1N(Cc1ccccc1)Cc1ccccc1,O=C(c1cc([N+](=O)[O-])c[nH]1)c1nn[nH]c1N(Cc1ccccc1)Cc1ccccc1,低毒,5.989378,65.17422,2.863673502,0.607843137,0.392156863,0.123399302,0.363213038,0.408032596,0.298214979,186,True,False,False,,-23.425676,2.6985166
O=C(c1ccn(CCCc2ccccc2)c1)c1nn[nH]c1N(Cc1ccccc1)Cc1ccccc1,O=C(c1ccn(CCCc2ccccc2)c1)c1nn[nH]c1N(Cc1ccccc1)Cc1ccccc1,低毒,12.6855,72.79328,2.749299597,0.647058824,0.352941176,0.570430733,0.223515716,0.2112922,0.33507955,228,True,False,False,,29.29491,19.742952
O=C(c1nn[nH]c1N(Cc1ccccc1)Cc1ccccc1)c1ccnc2cc(Cl)ccc12,O=C(c1nn[nH]c1N(Cc1ccccc1)Cc1ccccc1)c1ccnc2cc(Cl)ccc12,中毒,51.22674,35.80921,,,,,,,,,False,False,False,,-9.7932825,12.732016
O=C(c1nn[nH]c1N(Cc1ccccc1)Cc1ccccc1)P(=S)(Cl)Cl,O=C(c1nn[nH]c1N(Cc1ccccc1)Cc1ccccc1)P(=S)(Cl)Cl,中毒,9.233344,49.83802,2.977068367,0.644444444,0.355555556,0.294528522,0.495925495,0.277648428,0.356034148,257,True,False,False,,-12.244211,-17.36293
O=C(Cl)C(=O)c1nn[nH]c1N(Cc1ccccc1)Cc1ccccc1,O=C(Cl)C(=O)c1nn[nH]c1N(Cc1ccccc1)Cc1ccccc1,高毒,6.8399177,56.60067,2.663764698,0.69047619,0.30952381,0.151920838,0.130384168,0.080908033,0.121071013,35,True,True,False,,-6.6530185,-10.71478
O=C(c1nn[nH]c1N(Cc1ccccc1)Cc1ccccc1)C(Cc1ccccc1)n1cncn1,O=C(c1nn[nH]c1N(Cc1ccccc1)Cc1ccccc1)C(Cc1ccccc1)n1cncn1,中毒,52.791107,58.9828,,,,,,,,,False,False,False,,-27.417835,-28.412874
O=C(NC1c2ccccc2CC1O)C(C(=O)c1nn[nH]c1N(Cc1ccccc1)Cc1ccccc1)C1CCCCC1,O=C(NC1c2ccccc2CC1O)C(C(=O)c1nn[nH]c1N(Cc1ccccc1)Cc1ccccc1)C1CCCCC1,中毒,12.801671,9.244489,3.972489928,0.432835821,0.567164179,0.584400466,0.925494761,0.922002328,0.810632518,780,True,False,False,,1.2786943,-29.372734
O=C(C1=[SH]c2c(Cl)cccc21)c1nn[nH]c1N(Cc1ccccc1)Cc1ccccc1,O=C(C1=[SH]c2c(Cl)cccc21)c1nn[nH]c1N(Cc1ccccc1)Cc1ccccc1,中毒,51.024353,37.440536,,,,,,,,,False,False,False,,-1.7930268,6.1061707
O=C(c1nn[nH]c1N(Cc1ccccc1)Cc1ccccc1)C(Cl)C(Cl)(Cl)Cl,O=C(c1nn[nH]c1N(Cc1ccccc1)Cc1ccccc1)C(Cl)C(Cl)(Cl)Cl,低毒,16.389416,56.60067,3.377606039,0.617021277,0.382978723,0.797438882,0.761350407,0.388824214,0.649204501,609,True,False,False,,-18.871788,-21.412214
O=C(c1nn[nH]c1N(Cc1ccccc1)Cc1ccccc1)P(=O)(O)O,O=C(c1nn[nH]c1N(Cc1ccccc1)Cc1ccccc1)P(=O)(O)O,高毒,7.4814405,48.13457,2.781895602,0.674418605,0.325581395,0.170547148,0.263096624,0.10419092,0.179278231,74,True,True,False,,-11.88668,-18.287687
O=C(c1ccccc1SC(F)(F)F)c1nn[nH]c1N(Cc1ccccc1)Cc1ccccc1,O=C(c1ccccc1SC(F)(F)F)c1nn[nH]c1N(Cc1ccccc1)Cc1ccccc1,中毒,13.315459,34.665947,2.778415458,0.62,0.38,0.625145518,0.258440047,0.369615832,0.417733799,338,True,False,False,,-15.107783,8.651221
O=C(c1cs[n+](Cc2ccccc2Cc2ccccc2)c1)c1nn[nH]c1N(Cc1ccccc1)Cc1ccccc1,O=C(c1cs[n+](Cc2ccccc2Cc2ccccc2)c1)c1nn[nH]c1N(Cc1ccccc1)Cc1ccccc1,中毒,47.79677,13.2197275,,,,,,,,,False,False,False,,14.077211,7.930473
O=C(c1nn[nH]c1N(Cc1ccccc1)Cc1ccccc1)C1CSC2=NC=CC=CN2O1,O=C(c1nn[nH]c1N(Cc1ccccc1)Cc1ccccc1)C1CSC2=NC=CC=CN2O1,低毒,51.126263,83.59449,,,,,,,,,False,False,False,,8.316085,-37.402897
O=C(Nc1ccc([N+](=O)[O-])o1)Nc1nc(C(=O)c2nn[nH]c2N(Cc2ccccc2)Cc2ccccc2)cs1,O=C(Nc1ccc([N+](=O)[O-])o1)Nc1nc(C(=O)c2nn[nH]c2N(Cc2ccccc2)Cc2ccccc2)cs1,中毒,8.991776,41.727467,3.175733082,0.455882353,0.544117647,0.263096624,0.649592549,0.888242142,0.600310438,544,True,False,False,,14.164435,-12.21111
O=C(c1nn[nH]c1N(Cc1ccccc1)Cc1ccccc1)N1CC=C2COC1O2,O=C(c1nn[nH]c1N(Cc1ccccc1)Cc1ccccc1)N1CC=C2COC1O2,中毒,361.05753,26.571674,,,,,,,,,False,False,False,,1.236687,33.586914
O=C(c1nn[nH]c1N(Cc1ccccc1)Cc1ccccc1)C(c1ccco1)[N+](=O)[O-],O=C(c1nn[nH]c1N(Cc1ccccc1)Cc1ccccc1)C(c1ccco1)[N+](=O)[O-],中毒,12.640953,42.178818,3.420385236,0.527272727,0.472727273,0.564610012,0.774155995,0.722351572,0.687039193,647,True,False,False,,-27.340828,-22.789545
O=C(c1nn[nH]c1N(Cc1ccccc1)Cc1ccccc1)C1(c2cccc(Br)c2)CC1,O=C(c1nn[nH]c1N(Cc1ccccc1)Cc1ccccc1)C1(c2cccc(Br)c2)CC1,高毒,19.267376,43.6451,2.765152809,0.527272727,0.472727273,0.972642608,0.235157159,0.722351572,0.64338378,600,True,False,False,,-13.058404,29.697079
O=C(c1nn[nH]c1N(Cc1ccccc1)Cc1ccccc1)S(=O)(=O)c1ccc2nonc2c1,O=C(c1nn[nH]c1N(Cc1ccccc1)Cc1ccccc1)S(=O)(=O)c1ccc2nonc2c1,中毒,17.033323,71.21408,3.022515358,0.517857143,0.482142857,0.844004657,0.536670547,0.753783469,0.711486224,682,True,False,False,,-12.952231,-32.095665
O=C(c1nn[nH]c1N(Cc1ccccc1)Cc1ccccc1)[PH](O)(Cl)Cl,O=C(c1nn[nH]c1N(Cc1ccccc1)Cc1ccccc1)[PH](O)(Cl)Cl,低毒,9.562925,49.524765,3.26843635,0.659090909,0.340909091,0.308498254,0.707799767,0.19790454,0.404734187,325,True,False,False,,-8.0626955,-12.069088
O=C(c1nn[nH]c1N(Cc1ccccc1)Cc1ccccc1)C1CCCc2nnsc21,O=C(c1nn[nH]c1N(Cc1ccccc1)Cc1ccccc1)C1CCCc2nnsc21,中毒,12.528493,18.449442,3.599476507,0.5,0.5,0.547147846,0.848661234,0.807916182,0.734575087,704,True,False,False,,10.084632,-40.06156
O=C(O)c1nnn(SNC(=O)c2nn[nH]c2N(Cc2ccccc2)Cc2ccccc2)n1,O=C(O)c1nnn(SNC(=O)c2nn[nH]c2N(Cc2ccccc2)Cc2ccccc2)n1,低毒,17.211199,21.670536,3.375474894,0.517857143,0.482142857,0.875436554,0.759022119,0.753783469,0.796080714,770,True,False,False,,-6.5083385,-18.99235
O=C(c1cc[nH]c(=O)c1Cl)c1nn[nH]c1N(Cc1ccccc1)Cc1ccccc1,O=C(c1cc[nH]c(=O)c1Cl)c1nn[nH]c1N(Cc1ccccc1)Cc1ccccc1,低毒,10.806441,53.6493,2.851582786,0.632653061,0.367346939,0.389988359,0.346915017,0.313154831,0.350019402,249,True,False,False,,-9.77766,10.495748
O=C(Oc1cc(CO[N+](=O)[O-])cc([N+](=O)[O-])c1)c1nn[nH]c1N(Cc1ccccc1)Cc1ccccc1,O=C(Oc1cc(CO[N+](=O)[O-])cc([N+](=O)[O-])c1)c1nn[nH]c1N(Cc1ccccc1)Cc1ccccc1,低毒,19.845438,14.65498,2.979364434,0.467741935,0.532258065,0.993597206,0.498253783,0.873690338,0.788513776,757,True,False,False,,-25.77368,-3.231994
O=C(c1nn[nH]c1N(Cc1ccccc1)Cc1ccccc1)c1c[nH]c2ccc3[nH]nnc3c12,O=C(c1nn[nH]c1N(Cc1ccccc1)Cc1ccccc1)c1c[nH]c2ccc3[nH]nnc3c12,中毒,48.606182,20.885086,,,,,,,,,False,False,False,,-20.643719,22.424566
N#CN1CCCC1C(=O)c1nn[nH]c1N(Cc1ccccc1)Cc1ccccc1,N#CN1CCCC1C(=O)c1nn[nH]c1N(Cc1ccccc1)Cc1ccccc1,中毒,16.389416,25.851242,3.40819478,0.517857143,0.482142857,0.797438882,0.772991851,0.753783469,0.774738068,739,True,False,False,,8.81352,-30.573153
O=C(c1nn[nH]c1N(Cc1ccccc1)Cc1ccccc1)C1CCCCCCC1,O=C(c1nn[nH]c1N(Cc1ccccc1)Cc1ccccc1)C1CCCCCCC1,高毒,10.869423,22.30062,2.546698579,0.617021277,0.382978723,0.4225844,0.048894063,0.388824214,0.286767559,177,True,False,False,,6.7655816,-31.773743
O=C(c1nn[nH]c1N(Cc1ccccc1)Cc1ccccc1)[n+]1cc(Br)c(Cl)c(Cl)c1O,O=C(c1nn[nH]c1N(Cc1ccccc1)Cc1ccccc1)[n+]1cc(Br)c(Cl)c(Cl)c1O,中毒,88.98289,14.485055,,,,,,,,,False,False,False,,-1.7895408,-15.538465
O=C(c1cc2nc[nH]c(=O)c2s1)c1nn[nH]c1N(Cc1ccccc1)Cc1ccccc1,O=C(c1cc2nc[nH]c(=O)c2s1)c1nn[nH]c1N(Cc1ccccc1)Cc1ccccc1,中毒,16.173136,36.120674,2.995756669,0.553571429,0.446428571,0.789289872,0.51338766,0.63911525,0.647264261,604,True,False,False,,3.6856008,-4.2275176
O=C(c1nn[nH]c1N(Cc1ccccc1)Cc1ccccc1)c1cc2cccnc2n(CCc2cccc3ccccc23)c1=O,O=C(c1nn[nH]c1N(Cc1ccccc1)Cc1ccccc1)c1cc2cccnc2n(CCc2cccc3ccccc23)c1=O,中毒,12.2217,15.171299,2.973258331,0.455882353,0.544117647,0.518044237,0.491268917,0.888242142,0.632518432,585,True,False,False,,-5.2972655,14.256252
O=C(c1cnsc1S)c1nn[nH]c1N(Cc1ccccc1)Cc1ccccc1,O=C(c1cnsc1S)c1nn[nH]c1N(Cc1ccccc1)Cc1ccccc1,中毒,21.982689,32.37407,,,,,,,,,False,False,False,,-5.719244,9.504949
O=C(c1nn[nH]c1N(Cc1ccccc1)Cc1ccccc1)C1CN2CCC1CC2,O=C(c1nn[nH]c1N(Cc1ccccc1)Cc1ccccc1)C1CN2CCC1CC2,中毒,12.986461,21.035542,3.96486617,0.547169811,0.452830189,0.600698487,0.922002328,0.653667055,0.725455957,695,True,False,False,,4.0909758,-30.833864
O=C(c1nn[nH]c1N(Cc1ccccc1)Cc1ccccc1)c1c(O)n(CN2CCC2)c2ccc(Cl)cc12,O=C(c1nn[nH]c1N(Cc1ccccc1)Cc1ccccc1)c1c(O)n(CN2CCC2)c2ccc(Cl)cc12,中毒,20.235384,15.291654,,,,,,,,,False,False,False,,-16.622744,15.182318
O=C(c1nn[nH]c1N(Cc1ccccc1)Cc1ccccc1)c1cn(Cc2ccc(Br)c(F)c2)c2cnccc12,O=C(c1nn[nH]c1N(Cc1ccccc1)Cc1ccccc1)c1cn(Cc2ccc(Br)c(F)c2)c2cnccc12,中毒,81.54111,16.788609,,,,,,,,,False,False,False,,-13.693721,4.753081
O=C(c1nn[nH]c1N(Cc1ccccc1)Cc1ccccc1)C1CCCN1S(=O)(=O)c1cccs1,O=C(c1nn[nH]c1N(Cc1ccccc1)Cc1ccccc1)C1CCCN1S(=O)(=O)c1cccs1,中毒,31.55763,20.086124,,,,,,,,,False,False,False,,-2.0704997,-37.741886
O=C(C(Cl)=Cc1ccccc1)c1nn[nH]c1N(Cc1ccccc1)Cc1ccccc1,O=C(C(Cl)=Cc1ccccc1)c1nn[nH]c1N(Cc1ccccc1)Cc1ccccc1,高毒,22.183216,58.515434,,,,,,,,,False,False,False,,-6.9123855,-10.169158
O=C(c1nn[nH]c1N(Cc1ccccc1)Cc1ccccc1)C1COC(n2cnc3c4[nH]nnc4nc-3c2Br)=N1,O=C(c1nn[nH]c1N(Cc1ccccc1)Cc1ccccc1)C1COC(n2cnc3c4[nH]nnc4nc-3c2Br)=N1,中毒,17.153404,14.911535,4.332499792,0.414285714,0.585714286,0.871944121,0.956926659,0.950523865,0.926464882,849,True,False,False,,4.514068,-34.614243
O=C(c1nn[nH]c1N(Cc1ccccc1)Cc1ccccc1)C1SC2NC=C1CCOC1OC12,O=C(c1nn[nH]c1N(Cc1ccccc1)Cc1ccccc1)C1SC2NC=C1CCOC1OC12,中毒,26.135668,21.70566,,,,,,,,,False,False,False,,9.581532,-36.868324
O=C(OCc1ccccc1[N+](=O)[O-])c1nn[nH]c1N(Cc1ccccc1)Cc1ccccc1,O=C(OCc1ccccc1[N+](=O)[O-])c1nn[nH]c1N(Cc1ccccc1)Cc1ccccc1,高毒,12.568776,26.762428,2.599351622,0.527272727,0.472727273,0.560535506,0.082654249,0.722351572,0.455180442,389,True,False,False,,-24.538452,-5.0342765
O=C(c1nn[nH]c1N(Cc1ccccc1)Cc1ccccc1)N1CCC(c2cc[nH]n2)C(F)(F)C1,O=C(c1nn[nH]c1N(Cc1ccccc1)Cc1ccccc1)N1CCC(c2cc[nH]n2)C(F)(F)C1,中毒,19.273539,13.587211,3.782408084,0.446153846,0.553846154,0.976135041,0.887077998,0.906868452,0.923360497,846,True,False,False,,-1.0004693,38.01079
O=C(c1nn[nH]c1N(Cc1ccccc1)Cc1ccccc1)S(=O)(=O)C12CC3CC(C1)C(C3)C2,O=C(c1nn[nH]c1N(Cc1ccccc1)Cc1ccccc1)S(=O)(=O)C12CC3CC(C1)C(C3)C2,中毒,20.926695,64.433624,,,,,,,,,False,False,False,,-4.422744,-26.792374
O=C(Cc1ccncc1)c1nn[nH]c1N(Cc1ccccc1)Cc1ccccc1,O=C(Cc1ccncc1)c1nn[nH]c1N(Cc1ccccc1)Cc1ccccc1,高毒,7.4814405,42.472836,2.561621809,0.630434783,0.369565217,0.170547148,0.059371362,0.344004657,0.191307722,83,True,True,False,,-7.522429,-7.151441
O=C(c1cc(I)cc([N+](=O)[O-])c1)c1nn[nH]c1N(Cc1ccccc1)Cc1ccccc1,O=C(c1cc(I)cc([N+](=O)[O-])c1)c1nn[nH]c1N(Cc1ccccc1)Cc1ccccc1,低毒,5.3406773,21.606764,2.80158114,0.634615385,0.365384615,0.08032596,0.286379511,0.290454016,0.219053163,105,True,False,False,,-24.318281,2.048066
O=C(OC(Cl)(Cl)Cl)c1nn[nH]c1N(Cc1ccccc1)Cc1ccccc1,O=C(OC(Cl)(Cl)Cl)c1nn[nH]c1N(Cc1ccccc1)Cc1ccccc1,高毒,8.821282,28.179708,2.841086801,0.630434783,0.369565217,0.247962747,0.336437718,0.344004657,0.309468374,194,True,False,False,,-21.467299,-11.5106945
O=C(NOc1ccccc1)c1nn[nH]c1N(Cc1ccccc1)Cc1ccccc1,O=C(NOc1ccccc1)c1nn[nH]c1N(Cc1ccccc1)Cc1ccccc1,低毒,8.844177,22.829683,2.640836868,0.617021277,0.382978723,0.250873108,0.107101281,0.388824214,0.248932868,137,True,False,False,,-8.717135,-17.68055
O=C(C1=CC=CC23CC(CCN2)OCCC1C3)c1nn[nH]c1N(Cc1ccccc1)Cc1ccccc1,O=C(C1=CC=CC23CC(CCN2)OCCC1C3)c1nn[nH]c1N(Cc1ccccc1)Cc1ccccc1,中毒,247.58546,32.080154,,,,,,,,,False,False,False,,13.2675905,-35.16858
O=C(c1nn[nH]c1N(Cc1ccccc1)Cc1ccccc1)C1c2ccccc2Oc2ccccc21,O=C(c1nn[nH]c1N(Cc1ccccc1)Cc1ccccc1)C1c2ccccc2Oc2ccccc21,中毒,59.10706,43.310623,,,,,,,,,False,False,False,,12.79631,-30.663057
O=C(c1nn[nH]c1N(Cc1ccccc1)Cc1ccccc1)C1COS1,O=C(c1nn[nH]c1N(Cc1ccccc1)Cc1ccccc1)C1COS1,中毒,16.666725,47.453873,3.456950577,0.591836735,0.408163265,0.824796275,0.789289872,0.474388824,0.696158324,659,True,False,False,,5.238712,-36.163357
O=C(c1nn[nH]c1N(Cc1ccccc1)Cc1ccccc1)[PH](F)(F)OF,O=C(c1nn[nH]c1N(Cc1ccccc1)Cc1ccccc1)[PH](F)(F)OF,中毒,6.7121873,48.013813,3.406712975,0.617021277,0.382978723,0.13911525,0.771827707,0.388824214,0.433255724,362,True,False,False,,-8.263365,-12.140779
O=C(c1nn[nH]c1N(Cc1ccccc1)Cc1ccccc1)S(=O)(=O)c1cncs1,O=C(c1nn[nH]c1N(Cc1ccccc1)Cc1ccccc1)S(=O)(=O)c1cncs1,中毒,20.94673,44.452656,,,,,,,,,False,False,False,,-10.684741,-32.226173
O=C(OC(=O)c1nn[nH]c1N(Cc1ccccc1)Cc1ccccc1)c1ccccc1,O=C(OC(=O)c1nn[nH]c1N(Cc1ccccc1)Cc1ccccc1)c1ccccc1,高毒,20.95386,34.70963,,,,,,,,,False,False,False,,-24.578217,-10.8546505
O=C(Sc1nncs1)c1nn[nH]c1N(Cc1ccccc1)Cc1ccccc1,O=C(Sc1nncs1)c1nn[nH]c1N(Cc1ccccc1)Cc1ccccc1,中毒,6.4703827,28.596737,2.962233865,0.568627451,0.431372549,0.131548312,0.478463329,0.583818393,0.397943345,315,True,False,False,,-11.871695,-6.3093367
O=C(c1nccs1)c1nn[nH]c1N(Cc1ccccc1)Cc1ccccc1,O=C(c1nccs1)c1nn[nH]c1N(Cc1ccccc1)Cc1ccccc1,中毒,5.7749395,69.663536,2.750289231,0.659574468,0.340425532,0.105355064,0.22467986,0.169965076,0.166666667,64,True,True,False,,7.5181117,-11.59069
O=C(c1nn[nH]c1N(Cc1ccccc1)Cc1ccccc1)N(c1cc[nH]n1)c1cc(Cl)ccc1Cl,O=C(c1nn[nH]c1N(Cc1ccccc1)Cc1ccccc1)N(c1cc[nH]n1)c1cc(Cl)ccc1Cl,中毒,9.44822,28.172316,3.193863044,0.483333333,0.516666667,0.301513388,0.660069849,0.844586729,0.602056655,546,True,False,False,,-15.928208,12.734541
CS(=O)(=O)N(C(=O)c1nn[nH]c1N(Cc1ccccc1)Cc1ccccc1)c1ccccc1,CS(=O)(=O)N(C(=O)c1nn[nH]c1N(Cc1ccccc1)Cc1ccccc1)c1ccccc1,低毒,13.504782,12.952595,2.710706309,0.604166667,0.395833333,0.634458673,0.181606519,0.423748545,0.413271246,335,True,False,False,,-12.16258,-22.367378
O=C(c1nn[nH]c1N(Cc1ccccc1)Cc1ccccc1)N1CCCCN1C(=S)NO,O=C(c1nn[nH]c1N(Cc1ccccc1)Cc1ccccc1)N1CCCCN1C(=S)NO,中毒,50.89002,56.11679,,,,,,,,,False,False,False,,-1.1315682,35.087597
O=C(c1nn[nH]c1N(Cc1ccccc1)Cc1ccccc1)N1CC[S+]([O-])CC1,O=C(c1nn[nH]c1N(Cc1ccccc1)Cc1ccccc1)N1CC[S+]([O-])CC1,中毒,31.753386,24.06637,,,,,,,,,False,False,False,,1.6675088,37.38253
O=C(c1nn[nH]c1N(Cc1ccccc1)Cc1ccccc1)c1c[nH]c2cc(Br)oc12,O=C(c1nn[nH]c1N(Cc1ccccc1)Cc1ccccc1)c1c[nH]c2cc(Br)oc12,中毒,36.329243,29.791418,,,,,,,,,False,False,False,,-20.430517,19.636862
O=C(c1ccc2occc2c1Br)c1nn[nH]c1N(Cc1ccccc1)Cc1ccccc1,O=C(c1ccc2occc2c1Br)c1nn[nH]c1N(Cc1ccccc1)Cc1ccccc1,中毒,8.441496,101.04092,2.863852904,0.574074074,0.425925926,0.22467986,0.364377183,0.55878929,0.382615444,295,True,False,False,,-1.4713341,16.376045
O=C(c1nn[nH]c1N(Cc1ccccc1)Cc1ccccc1)N1CC[N+]2(CCCc3sccc3-c3cscc32)CC1,O=C(c1nn[nH]c1N(Cc1ccccc1)Cc1ccccc1)N1CC[N+]2(CCCc3sccc3-c3cscc32)CC1,中毒,193.85606,15.444187,,,,,,,,,False,False,False,,0.47327673,37.936268
O=C(c1nn[nH]c1N(Cc1ccccc1)Cc1ccccc1)c1c[nH]c2c(F)cccc12,O=C(c1nn[nH]c1N(Cc1ccccc1)Cc1ccccc1)c1c[nH]c2c(F)cccc12,中毒,86.62874,21.234655,,,,,,,,,False,False,False,,-15.222051,21.36471
O=C([125I])c1nn[nH]c1N(Cc1ccccc1)Cc1ccccc1,O=C([125I])c1nn[nH]c1N(Cc1ccccc1)Cc1ccccc1,高毒,20.95386,28.596737,,,,,,,,,False,False,False,,-6.811785,-13.943569
O=C(C1=NN=C(CF)C2=NSN=C1C2)c1nn[nH]c1N(Cc1ccccc1)Cc1ccccc1,O=C(C1=NN=C(CF)C2=NSN=C1C2)c1nn[nH]c1N(Cc1ccccc1)Cc1ccccc1,中毒,10.793987,22.285797,4.439006522,0.534482759,0.465517241,0.373690338,0.963911525,0.703725262,0.680442375,643,True,False,False,,14.928166,7.4430013
O=C(c1nn[nH]c1N(Cc1ccccc1)Cc1ccccc1)C1CCSC1,O=C(c1nn[nH]c1N(Cc1ccccc1)Cc1ccccc1)C1CCSC1,低毒,9.414751,32.817757,3.236837879,0.568627451,0.431372549,0.298603027,0.689173458,0.583818393,0.523864959,456,True,False,False,,7.206771,-35.469383
O=C(c1nn[nH]c1N(Cc1ccccc1)Cc1ccccc1)c1csc2c(F)cccc12,O=C(c1nn[nH]c1N(Cc1ccccc1)Cc1ccccc1)c1csc2c(F)cccc12,中毒,124.80321,29.58691,,,,,,,,,False,False,False,,-6.2216043,19.525578
O=C(Sc1ccccc1)c1nn[nH]c1N(Cc1ccccc1)Cc1ccccc1,O=C(Sc1ccccc1)c1nn[nH]c1N(Cc1ccccc1)Cc1ccccc1,中毒,14.040698,29.393785,2.592529322,0.659090909,0.340909091,0.675785797,0.079161816,0.19790454,0.317617385,208,True,False,False,,-12.851957,-6.705761
O=C(c1nn[nH]c1N(Cc1ccccc1)Cc1ccccc1)c1cnn2cccnc12,O=C(c1nn[nH]c1N(Cc1ccccc1)Cc1ccccc1)c1cnn2cccnc12,高毒,28.480597,18.76,,,,,,,,,False,False,False,,-9.403068,4.544033
O=C(c1c[nH]nc1-n1ccn(-c2ccccc2F)c1=S)c1nn[nH]c1N(Cc1ccccc1)Cc1ccccc1,O=C(c1c[nH]nc1-n1ccn(-c2ccccc2F)c1=S)c1nn[nH]c1N(Cc1ccccc1)Cc1ccccc1,中毒,77.74984,64.692894,,,,,,,,,False,False,False,,-20.026287,15.361855
O=C(c1nn[nH]c1N(Cc1ccccc1)Cc1ccccc1)C1CCCc2[nH]ncc21,O=C(c1nn[nH]c1N(Cc1ccccc1)Cc1ccccc1)C1CCCc2[nH]ncc21,中毒,12.528493,18.804382,3.476161457,0.50877193,0.49122807,0.547147846,0.800931315,0.778812573,0.708963912,678,True,False,False,,9.251679,-40.841824
O=C(c1cnoc1)c1nn[nH]c1N(Cc1ccccc1)Cc1ccccc1,O=C(c1cnoc1)c1nn[nH]c1N(Cc1ccccc1)Cc1ccccc1,低毒,16.576067,59.86826,2.856404423,0.733333333,0.266666667,0.811990687,0.353899884,0.037252619,0.40104773,318,True,False,False,,11.845869,7.3200235
O=C(c1cc2ccccc2nc1CCCOc1ccccc1N1CCN(Cc2ccn[nH]2)CC1)c1nn[nH]c1N(Cc1ccccc1)Cc1ccccc1,O=C(c1cc2ccccc2nc1CCCOc1ccccc1N1CCN(Cc2ccn[nH]2)CC1)c1nn[nH]c1N(Cc1ccccc1)Cc1ccccc1,中毒,13.274667,21.23448,3.339589812,0.382716049,0.617283951,0.619324796,0.746216531,0.976717113,0.780752813,746,True,False,False,,1.3686253,20.080332
O=C(c1nn[nH]c1N(Cc1ccccc1)Cc1ccccc1)c1c(Cl)cccc1Cl,O=C(c1nn[nH]c1N(Cc1ccccc1)Cc1ccccc1)c1c(Cl)cccc1Cl,低毒,10.806441,34.049644,2.57232337,0.704545455,0.295454545,0.389988359,0.067520373,0.065774156,0.174427629,70,True,True,False,,-0.90426457,5.4472613
O=C(c1nn[nH]c1N(Cc1ccccc1)Cc1ccccc1)S(=O)(=O)c1ccc(Br)cc1,O=C(c1nn[nH]c1N(Cc1ccccc1)Cc1ccccc1)S(=O)(=O)c1ccc(Br)cc1,中毒,17.033323,64.723854,2.741038833,0.58,0.42,0.844004657,0.210710128,0.533178114,0.529297633,462,True,False,False,,-12.64338,-31.027094
O=C(c1ccc2[nH]nnc2c1)c1nn[nH]c1N(Cc1ccccc1)Cc1ccccc1,O=C(c1ccc2[nH]nnc2c1)c1nn[nH]c1N(Cc1ccccc1)Cc1ccccc1,中毒,15.362902,30.879324,2.890210894,0.717391304,0.282608696,0.734575087,0.392316647,0.05355064,0.393480792,308,True,False,False,,12.976295,17.354372
O=C(c1nn[nH]c1N(Cc1ccccc1)Cc1ccccc1)S(=O)(=O)C=C(Cl)SP(=O)(O)O,O=C(c1nn[nH]c1N(Cc1ccccc1)Cc1ccccc1)S(=O)(=O)C=C(Cl)SP(=O)(O)O,中毒,17.908615,44.039932,3.504374992,0.50877193,0.49122807,0.897555297,0.814901048,0.778812573,0.830422972,790,True,False,False,,-11.322615,-26.038467
O=C(CP(F)(F)(F)C(F)(F)F)c1nn[nH]c1N(Cc1ccccc1)Cc1ccccc1,O=C(CP(F)(F)(F)C(F)(F)F)c1nn[nH]c1N(Cc1ccccc1)Cc1ccccc1,低毒,182.42018,60.48709,,,,,,,,,False,False,False,,-14.090317,-11.29063
O=C(c1cc2cccnc2o1)c1nn[nH]c1N(Cc1ccccc1)Cc1ccccc1,O=C(c1cc2cccnc2o1)c1nn[nH]c1N(Cc1ccccc1)Cc1ccccc1,低毒,36.814785,59.342094,,,,,,,,,False,False,False,,6.08414,2.6724453
O=C(c1cccc(Cl)c1Cl)c1nn[nH]c1N(Cc1ccccc1)Cc1ccccc1,O=C(c1cccc(Cl)c1Cl)c1nn[nH]c1N(Cc1ccccc1)Cc1ccccc1,低毒,10.806441,22.11593,2.559378012,0.659574468,0.340425532,0.389988359,0.058207218,0.169965076,0.206053551,92,True,True,False,,-9.600208,9.974378
O=C(c1nn[nH]c1N(Cc1ccccc1)Cc1ccccc1)C1CSCCS1,O=C(c1nn[nH]c1N(Cc1ccccc1)Cc1ccccc1)C1CSCCS1,中毒,7.5216007,56.60067,3.444715435,0.557692308,0.442307692,0.174621653,0.784633295,0.622235157,0.527163368,460,True,False,False,,4.5976725,-36.992672
O=C(c1nn[nH]c1N(Cc1ccccc1)Cc1ccccc1)c1ccc(F)c2ccccc12,O=C(c1nn[nH]c1N(Cc1ccccc1)Cc1ccccc1)c1ccc(F)c2ccccc12,低毒,50.520023,21.234655,,,,,,,,,False,False,False,,-6.6472654,16.737991
O=C(c1nn[nH]c1N(Cc1ccccc1)Cc1ccccc1)N1C(NC(c2ccccc2)C(F)(F)F)=Nc2c(Br)cccc2-c2ncccc21,O=C(c1nn[nH]c1N(Cc1ccccc1)Cc1ccccc1)N1C(NC(c2ccccc2)C(F)(F)F)=Nc2c(Br)cccc2-c2ncccc21,中毒,54.10996,15.528323,,,,,,,,,False,False,False,,-11.872189,-0.6772523
O=C(c1nn[nH]c1N(Cc1ccccc1)Cc1ccccc1)c1c[nH]c2ncccc12,O=C(c1nn[nH]c1N(Cc1ccccc1)Cc1ccccc1)c1c[nH]c2ncccc12,中毒,81.438835,34.50007,,,,,,,,,False,False,False,,-16.734373,23.65095
O=C(c1nn[nH]c1N(Cc1ccccc1)Cc1ccccc1)n1nn[n+]([O-])c1-c1cccs1,O=C(c1nn[nH]c1N(Cc1ccccc1)Cc1ccccc1)n1nn[n+]([O-])c1-c1cccs1,中毒,12.512059,11.531792,3.32552574,0.475409836,0.524590164,0.543655413,0.73806752,0.859720605,0.713814513,685,True,False,False,,1.4926989,27.088636
O=C(c1nn[nH]c1N(Cc1ccccc1)Cc1ccccc1)c1ncc[n+](CCBr)c1Br,O=C(c1nn[nH]c1N(Cc1ccccc1)Cc1ccccc1)c1ncc[n+](CCBr)c1Br,中毒,35.148827,26.09783,,,,,,,,,False,False,False,,-1.6049833,8.782822
O=C(c1nn[nH]c1N(Cc1ccccc1)Cc1ccccc1)N1CCN(c2nnc(Br)s2)CC1,O=C(c1nn[nH]c1N(Cc1ccccc1)Cc1ccccc1)N1CCN(c2nnc(Br)s2)CC1,中毒,37.327793,20.45788,,,,,,,,,False,False,False,,2.8278189,38.879944
N#Cc1ccc(-n2ccc(C(=O)c3nn[nH]c3N(Cc3ccccc3)Cc3ccccc3)n2)nc1,N#Cc1ccc(-n2ccc(C(=O)c3nn[nH]c3N(Cc3ccccc3)Cc3ccccc3)n2)nc1,低毒,71.19356,82.18617,,,,,,,,,False,False,False,,24.677593,-8.711905
O=C(c1nn[nH]c1N(Cc1ccccc1)Cc1ccccc1)C1CSc2ccccc2CN1,O=C(c1nn[nH]c1N(Cc1ccccc1)Cc1ccccc1)C1CSc2ccccc2CN1,中毒,28.054842,36.811905,,,,,,,,,False,False,False,,6.0724177,-38.935738
O=C(c1nn[nH]c1N(Cc1ccccc1)Cc1ccccc1)c1cc(O)cc2c1ccc1ncoc12,O=C(c1nn[nH]c1N(Cc1ccccc1)Cc1ccccc1)c1cc(O)cc2c1ccc1ncoc12,中毒,67.078674,33.39955,,,,,,,,,False,False,False,,-8.989368,22.4285
O=C(c1nn[nH]c1N(Cc1ccccc1)Cc1ccccc1)c1c(Cl)ccc(Cl)c1Cl,O=C(c1nn[nH]c1N(Cc1ccccc1)Cc1ccccc1)c1c(Cl)ccc(Cl)c1Cl,低毒,10.806441,22.11593,2.684259451,0.673913043,0.326086957,0.389988359,0.154831199,0.123399302,0.22273962,109,True,False,False,,-0.9712696,4.483439
O=C(c1ccc(Oc2cc(CCBr)ccc2F)nc1)c1nn[nH]c1N(Cc1ccccc1)Cc1ccccc1,O=C(c1ccc(Oc2cc(CCBr)ccc2F)nc1)c1nn[nH]c1N(Cc1ccccc1)Cc1ccccc1,中毒,35.10588,29.861744,,,,,,,,,False,False,False,,10.685436,11.964347
O=C(c1cc(-c2ccc3c(c2)OCO3)[nH]n1)c1nn[nH]c1N(Cc1ccccc1)Cc1ccccc1,O=C(c1cc(-c2ccc3c(c2)OCO3)[nH]n1)c1nn[nH]c1N(Cc1ccccc1)Cc1ccccc1,中毒,21.36694,34.140465,,,,,,,,,False,False,False,,18.994263,-0.20485796
O=C(c1cc(O)ccc1O)c1nn[nH]c1N(Cc1ccccc1)Cc1ccccc1,O=C(c1cc(O)ccc1O)c1nn[nH]c1N(Cc1ccccc1)Cc1ccccc1,低毒,17.132633,19.154457,2.628035836,0.659574468,0.340425532,0.862048894,0.096623981,0.169965076,0.37621265,286,True,False,False,,-11.141303,14.428838
O=C(c1nn[nH]c1N(Cc1ccccc1)Cc1ccccc1)S(=O)(=O)c1ccc(CCNCCCCN2CCC(N(C3CSC3)n3ccnc3)CC2)cc1,O=C(c1nn[nH]c1N(Cc1ccccc1)Cc1ccccc1)S(=O)(=O)c1ccc(CCNCCCCN2CCC(N(C3CSC3)n3ccnc3)CC2)cc1,中毒,25.986988,66.22834,,,,,,,,,False,False,False,,-12.2486725,-33.260315
O=C(c1nn[nH]c1N(Cc1ccccc1)Cc1ccccc1)N1C=NCC1,O=C(c1nn[nH]c1N(Cc1ccccc1)Cc1ccccc1)N1C=NCC1,中毒,31.753386,21.923925,,,,,,,,,False,False,False,,0.60949177,35.305252
O=C(c1nn[nH]c1N(Cc1ccccc1)Cc1ccccc1)n1cccc(Br)c1=O,O=C(c1nn[nH]c1N(Cc1ccccc1)Cc1ccccc1)n1cccc(Br)c1=O,中毒,25.695772,36.123688,,,,,,,,,False,False,False,,-6.0719357,29.402782
O=C(c1nn[nH]c1N(Cc1ccccc1)Cc1ccccc1)C(c1scnc1Cl)C1CC1,O=C(c1nn[nH]c1N(Cc1ccccc1)Cc1ccccc1)C(c1scnc1Cl)C1CC1,中毒,57.82055,25.880949,,,,,,,,,False,False,False,,-17.795172,-24.184261
O=C(c1nn[nH]c1N(Cc1ccccc1)Cc1ccccc1)c1scc[n+]1CSCc1sccc1F,O=C(c1nn[nH]c1N(Cc1ccccc1)Cc1ccccc1)c1scc[n+]1CSCc1sccc1F,中毒,10.057922,69.663536,3.584934758,0.484375,0.515625,0.33701979,0.840512224,0.839930151,0.672487388,631,True,False,False,,24.290825,20.409122
O=C(c1nn[nH]c1N(Cc1ccccc1)Cc1ccccc1)C1CC2CC2C2CN3CN1C23C(=O)O,O=C(c1nn[nH]c1N(Cc1ccccc1)Cc1ccccc1)C1CC2CC2C2CN3CN1C23C(=O)O,中毒,36.98386,23.83532,,,,,,,,,False,False,False,,3.6032128,-30.442654
O=C(c1nn[nH]c1N(Cc1ccccc1)Cc1ccccc1)n1cnnn1,O=C(c1nn[nH]c1N(Cc1ccccc1)Cc1ccccc1)n1cnnn1,高毒,12.719338,39.039207,2.891146154,0.591836735,0.408163265,0.578579744,0.393480792,0.474388824,0.482149787,413,True,False,False,,-2.676688,30.18045
O=C(OCCCO)c1nn[nH]c1N(Cc1ccccc1)Cc1ccccc1,O=C(OCCCO)c1nn[nH]c1N(Cc1ccccc1)Cc1ccccc1,高毒,25.45441,37.091206,,,,,,,,,False,False,False,,-22.35365,-9.049587
O=C(c1cc(Br)c(F)s1)c1nn[nH]c1N(Cc1ccccc1)Cc1ccccc1,O=C(c1cc(Br)c(F)s1)c1nn[nH]c1N(Cc1ccccc1)Cc1ccccc1,中毒,5.8012967,21.606764,2.95770668,0.607843137,0.392156863,0.119906868,0.474970896,0.408032596,0.334303454,226,True,False,False,,4.9092584,-1.9681911
O=C(c1nn[nH]c1N(Cc1ccccc1)Cc1ccccc1)[SH](c1cccs1)P(=O)(c1cccs1)c1ccccc1Cl,O=C(c1nn[nH]c1N(Cc1ccccc1)Cc1ccccc1)[SH](c1cccs1)P(=O)(c1cccs1)c1ccccc1Cl,中毒,24.791605,24.930058,,,,,,,,,False,False,False,,-2.5241587,-11.298209
O=C(c1nn[nH]c1N(Cc1ccccc1)Cc1ccccc1)N1CCCC(O)C1,O=C(c1nn[nH]c1N(Cc1ccccc1)Cc1ccccc1)N1CCCC(O)C1,中毒,37.391415,19.741385,,,,,,,,,False,False,False,,0.19903949,36.30691
O=C(c1ccc2c(c1)OCNO2)c1nn[nH]c1N(Cc1ccccc1)Cc1ccccc1,O=C(c1ccc2c(c1)OCNO2)c1nn[nH]c1N(Cc1ccccc1)Cc1ccccc1,高毒,12.6855,50.170483,3.053782147,0.622641509,0.377358491,0.570430733,0.561117579,0.358556461,0.496701591,427,True,False,False,,16.457611,16.958195
O=C(C1=CC=CC(CON=Cc2cc(Cl)cs2)N1)c1nn[nH]c1N(Cc1ccccc1)Cc1ccccc1,O=C(C1=CC=CC(CON=Cc2cc(Cl)cs2)N1)c1nn[nH]c1N(Cc1ccccc1)Cc1ccccc1,中毒,30.075663,23.897366,,,,,,,,,False,False,False,,6.811158,-1.8889943
O=C(c1nn2c(C3CCNC3)nnc2s1)c1nn[nH]c1N(Cc1ccccc1)Cc1ccccc1,O=C(c1nn2c(C3CCNC3)nnc2s1)c1nn[nH]c1N(Cc1ccccc1)Cc1ccccc1,中毒,10.8373375,28.272287,3.663498495,0.492063492,0.507936508,0.408614668,0.863795111,0.821303842,0.69790454,661,True,False,False,,32.903114,-8.717402
O=C(c1nn[nH]c1N(Cc1ccccc1)Cc1ccccc1)c1[nH]nc(Br)c1-c1nc2[nH]ncc2[nH]1,O=C(c1nn[nH]c1N(Cc1ccccc1)Cc1ccccc1)c1[nH]nc(Br)c1-c1nc2[nH]ncc2[nH]1,低毒,168.31474,49.546413,,,,,,,,,False,False,False,,2.812223,13.43351
O=C(c1nn[nH]c1N(Cc1ccccc1)Cc1ccccc1)N(SF)C1CCCC1,O=C(c1nn[nH]c1N(Cc1ccccc1)Cc1ccccc1)N(SF)C1CCCC1,中毒,34.907677,39.628677,,,,,,,,,False,False,False,,7.6635423,-28.17733
O=C(OCCCCl)c1nn[nH]c1N(Cc1ccccc1)Cc1ccccc1,O=C(OCCCCl)c1nn[nH]c1N(Cc1ccccc1)Cc1ccccc1,低毒,25.45441,37.091206,,,,,,,,,False,False,False,,-22.17945,-8.938254
O=C(SC1CSS1)c1nn[nH]c1N(Cc1ccccc1)Cc1ccccc1,O=C(SC1CSS1)c1nn[nH]c1N(Cc1ccccc1)Cc1ccccc1,低毒,8.125519,41.86337,3.59744987,0.58,0.42,0.203725262,0.845168801,0.533178114,0.527357392,461,True,False,False,,7.0761576,-23.672527
O=C(c1nn[nH]c1N(Cc1ccccc1)Cc1ccccc1)c1occc1C12CC3CC(CC(C3)C1)C2,O=C(c1nn[nH]c1N(Cc1ccccc1)Cc1ccccc1)c1occc1C12CC3CC(CC(C3)C1)C2,低毒,14.3109,41.305355,4.190066741,0.543859649,0.456140351,0.686845169,0.948777648,0.671711292,0.76911137,733,True,False,False,,0.37195337,-23.533234
O=C(c1csc(-c2ccccc2)n1)c1nn[nH]c1N(Cc1ccccc1)Cc1ccccc1,O=C(c1csc(-c2ccccc2)n1)c1nn[nH]c1N(Cc1ccccc1)Cc1ccccc1,中毒,10.624681,23.876022,2.631537749,0.645833333,0.354166667,0.367287544,0.101280559,0.241559953,0.236709352,122,True,False,False,,18.28878,-12.174636
O=C(c1nn[nH]c1N(Cc1ccccc1)Cc1ccccc1)c1c(Cl)ccc(O)c1Cl,O=C(c1nn[nH]c1N(Cc1ccccc1)Cc1ccccc1)c1c(Cl)ccc(O)c1Cl,中毒,22.223331,32.390194,,,,,,,,,False,False,False,,-0.95003295,4.362026
O=C(c1cnccc1-c1ccccc1)c1nn[nH]c1N(Cc1ccccc1)Cc1ccccc1,O=C(c1cnccc1-c1ccccc1)c1nn[nH]c1N(Cc1ccccc1)Cc1ccccc1,中毒,13.773061,16.533592,2.622189166,0.62,0.38,0.647846333,0.093131548,0.369615832,0.370197905,279,True,False,False,,-12.085419,4.987085
O=C(c1nn[nH]c1N(Cc1ccccc1)Cc1ccccc1)c1ncnn1Cc1ccc(Cl)cc1Cl,O=C(c1nn[nH]c1N(Cc1ccccc1)Cc1ccccc1)c1ncnn1Cc1ccc(Cl)cc1Cl,低毒,15.439766,20.206976,2.94852634,0.508196721,0.491803279,0.752037253,0.463329453,0.793364377,0.669577028,629,True,False,False,,-13.810689,12.221924
O=C(c1ccsc1F)c1nn[nH]c1N(Cc1ccccc1)Cc1ccccc1,O=C(c1ccsc1F)c1nn[nH]c1N(Cc1ccccc1)Cc1ccccc1,中毒,11.288659,57.491985,2.839516926,0.645833333,0.354166667,0.458672875,0.33410943,0.241559953,0.344780753,239,True,False,False,,-5.0998554,7.555998
O=C(c1ccc([N+](=O)[O-])o1)c1nn[nH]c1N(Cc1ccccc1)Cc1ccccc1,O=C(c1ccc([N+](=O)[O-])o1)c1nn[nH]c1N(Cc1ccccc1)Cc1ccccc1,低毒,4.7253957,57.69787,2.767657587,0.62,0.38,0.052968568,0.240977881,0.369615832,0.221187427,106,True,False,False,,12.991984,-11.676863
O=C(c1nn[nH]c1N(Cc1ccccc1)Cc1ccccc1)c1cccc(F)[n+]1[O-],O=C(c1nn[nH]c1N(Cc1ccccc1)Cc1ccccc1)c1cccc(F)[n+]1[O-],低毒,24.288965,21.171606,,,,,,,,,False,False,False,,20.899364,19.379286
O=C(c1nn[nH]c1N(Cc1ccccc1)Cc1ccccc1)C1CS1,O=C(c1nn[nH]c1N(Cc1ccccc1)Cc1ccccc1)C1CS1,中毒,8.820913,56.60067,3.220179386,0.630434783,0.369565217,0.243888242,0.675203725,0.344004657,0.421032208,343,True,False,False,,4.772724,-36.50544
O=C1Nc2ccccc2SC1C(=O)c1nn[nH]c1N(Cc1ccccc1)Cc1ccccc1,O=C1Nc2ccccc2SC1C(=O)c1nn[nH]c1N(Cc1ccccc1)Cc1ccccc1,中毒,46.100975,43.413006,,,,,,,,,False,False,False,,1.7203175,-36.455204
O=C(Oc1cc(Br)ccn1)c1nn[nH]c1N(Cc1ccccc1)Cc1ccccc1,O=C(Oc1cc(Br)ccn1)c1nn[nH]c1N(Cc1ccccc1)Cc1ccccc1,低毒,48.535084,34.70963,,,,,,,,,False,False,False,,-28.136238,-9.919637
O=C(c1nn[nH]c1N(Cc1ccccc1)Cc1ccccc1)S(S)=Cc1ccccc1C(F)C(F)(F)F,O=C(c1nn[nH]c1N(Cc1ccccc1)Cc1ccccc1)S(S)=Cc1ccccc1C(F)C(F)(F)F,低毒,17.615337,41.139397,4.142133627,0.5,0.5,0.887077998,0.944121071,0.807916182,0.879705083,828,True,False,False,,-16.746584,-14.986239
O=C(c1nn[nH]c1N(Cc1ccccc1)Cc1ccccc1)C(O)c1ccccc1-c1ccccc1,O=C(c1nn[nH]c1N(Cc1ccccc1)Cc1ccccc1)C(O)c1ccccc1-c1ccccc1,中毒,7.4814405,39.343636,3.086832169,0.568627451,0.431372549,0.170547148,0.589057043,0.583818393,0.447807528,375,True,False,False,,-22.503895,-24.773321
O=C(Cn1c2ccccc2c2ccc(OCc3cc4ccncc4s3)cc21)c1nn[nH]c1N(Cc1ccccc1)Cc1ccccc1,O=C(Cn1c2ccccc2c2ccc(OCc3cc4ccncc4s3)cc21)c1nn[nH]c1N(Cc1ccccc1)Cc1ccccc1,中毒,12.33012,13.331708,3.178066985,0.371794872,0.628205128,0.530849825,0.650756694,0.984866123,0.722157548,691,True,False,False,,-7.8350954,-6.533387
O=COCc1oc2cc1CC2C(=O)c1nn[nH]c1N(Cc1ccccc1)Cc1ccccc1,O=COCc1oc2cc1CC2C(=O)c1nn[nH]c1N(Cc1ccccc1)Cc1ccccc1,中毒,45.7043,36.186535,,,,,,,,,False,False,False,,5.2122607,-33.730743
O=C(c1nn[nH]c1N(Cc1ccccc1)Cc1ccccc1)c1n[nH]c2cccnc12,O=C(c1nn[nH]c1N(Cc1ccccc1)Cc1ccccc1)c1n[nH]c2cccnc12,低毒,37.033554,54.299004,,,,,,,,,False,False,False,,32.154453,2.1171808
O=C(O)C1C2CCC(O2)C1C(=O)c1nn[nH]c1N(Cc1ccccc1)Cc1ccccc1,O=C(O)C1C2CCC(O2)C1C(=O)c1nn[nH]c1N(Cc1ccccc1)Cc1ccccc1,低毒,17.115923,36.986286,4.626858821,0.557692308,0.442307692,0.854481956,0.97322468,0.622235157,0.816647264,786,True,False,False,,5.316386,-32.617146
O=C(c1nn[nH]c1N(Cc1ccccc1)Cc1ccccc1)N(Cc1ccco1)S(=O)(=O)CO,O=C(c1nn[nH]c1N(Cc1ccccc1)Cc1ccccc1)N(Cc1ccco1)S(=O)(=O)CO,高毒,14.6451435,21.840267,3.102322694,0.50877193,0.49122807,0.700814901,0.600698487,0.778812573,0.693441987,654,True,False,False,,-14.022057,-22.437838
O=C(NO[N+](=O)[O-])c1nn[nH]c1N(Cc1ccccc1)Cc1ccccc1,O=C(NO[N+](=O)[O-])c1nn[nH]c1N(Cc1ccccc1)Cc1ccccc1,低毒,5.9662232,15.224212,2.925624187,0.58,0.42,0.121071013,0.424912689,0.533178114,0.359720605,261,True,False,False,,-9.156176,-16.99933
[N-]=[N+]=S1(=O)NCCN1C(=O)c1nn[nH]c1N(Cc1ccccc1)Cc1ccccc1,[N-]=[N+]=S1(=O)NCCN1C(=O)c1nn[nH]c1N(Cc1ccccc1)Cc1ccccc1,中毒,43.307663,12.8458185,,,,,,,,,False,False,False,,2.1527557,35.241776
O=C(SC1=CCCN(Cc2csc(-c3cccs3)n2)C1)c1nn[nH]c1N(Cc1ccccc1)Cc1ccccc1,O=C(SC1=CCCN(Cc2csc(-c3cccs3)n2)C1)c1nn[nH]c1N(Cc1ccccc1)Cc1ccccc1,低毒,31.057707,10.604401,,,,,,,,,False,False,False,,-10.799547,-5.7877407
O=C(C1=C(CCCl)C(c2ccoc2)Oc2cccc(Br)c21)c1nn[nH]c1N(Cc1ccccc1)Cc1ccccc1,O=C(C1=C(CCCl)C(c2ccoc2)Oc2cccc(Br)c21)c1nn[nH]c1N(Cc1ccccc1)Cc1ccccc1,中毒,38.62018,24.338812,,,,,,,,,False,False,False,,0.41167715,9.063085
O=C(c1nn[nH]c1N(Cc1ccccc1)Cc1ccccc1)S(=O)(=O)C1=C(c2ccccc2)n2nc(-c3ccccn3)nc2C=CS1,O=C(c1nn[nH]c1N(Cc1ccccc1)Cc1ccccc1)S(=O)(=O)C1=C(c2ccccc2)n2nc(-c3ccccn3)nc2C=CS1,中毒,24.726294,16.960188,,,,,,,,,False,False,False,,-10.44856,-29.486353
O=C(Oc1nnc(CNc2nc3ccccc3s2)s1)c1nn[nH]c1N(Cc1ccccc1)Cc1ccccc1,O=C(Oc1nnc(CNc2nc3ccccc3s2)s1)c1nn[nH]c1N(Cc1ccccc1)Cc1ccccc1,中毒,83.281296,18.741549,,,,,,,,,False,False,False,,-25.916653,-13.885521
O=C(c1nn[nH]c1N(Cc1ccccc1)Cc1ccccc1)n1cc(Cl)c(=O)[nH]c1=O,O=C(c1nn[nH]c1N(Cc1ccccc1)Cc1ccccc1)n1cc(Cl)c(=O)[nH]c1=O,中毒,25.465242,19.396572,,,,,,,,,False,False,False,,-6.6820083,31.694054
O=C(c1nn[nH]c1N(Cc1ccccc1)Cc1ccccc1)S(=O)(=O)c1ccc(F)cc1,O=C(c1nn[nH]c1N(Cc1ccccc1)Cc1ccccc1)S(=O)(=O)c1ccc(F)cc1,中毒,17.033323,46.550915,2.704555722,0.58,0.42,0.844004657,0.174621653,0.533178114,0.517268141,449,True,False,False,,-12.764143,-30.707472
O=C(c1nn[nH]c1N(Cc1ccccc1)Cc1ccccc1)N1CCN(C(c2ccc(F)cc2)c2ccccn2)CC1,O=C(c1nn[nH]c1N(Cc1ccccc1)Cc1ccccc1)N1CCN(C(c2ccc(F)cc2)c2ccccn2)CC1,中毒,111.68359,17.899239,,,,,,,,,False,False,False,,2.958136,40.913006
O=C(c1cc2cc(SCn3ncnn3)ccc2s1)c1nn[nH]c1N(Cc1ccccc1)Cc1ccccc1,O=C(c1cc2cc(SCn3ncnn3)ccc2s1)c1nn[nH]c1N(Cc1ccccc1)Cc1ccccc1,中毒,85.861565,36.559467,,,,,,,,,False,False,False,,3.0900965,-1.8427984
O=C(c1nn[nH]c1N(Cc1ccccc1)Cc1ccccc1)C1CC=C(c2c[nH]c3ncncc23)CC1,O=C(c1nn[nH]c1N(Cc1ccccc1)Cc1ccccc1)C1CC=C(c2c[nH]c3ncncc23)CC1,中毒,9.06018,21.020603,3.608527009,0.414285714,0.585714286,0.265424913,0.853317811,0.950523865,0.68975553,649,True,False,False,,7.061073,-33.26358
O=C(OCc1ccc[nH]1)c1nn[nH]c1N(Cc1ccccc1)Cc1ccccc1,O=C(OCc1ccc[nH]1)c1nn[nH]c1N(Cc1ccccc1)Cc1ccccc1,高毒,9.562925,34.70963,2.768029322,0.568627451,0.431372549,0.308498254,0.242142026,0.583818393,0.378152891,288,True,False,False,,-23.88404,-7.7530074
O=C(C1=C(Cl)CSC1c1cc2ccoc2s1)c1nn[nH]c1N(Cc1ccccc1)Cc1ccccc1,O=C(C1=C(Cl)CSC1c1cc2ccoc2s1)c1nn[nH]c1N(Cc1ccccc1)Cc1ccccc1,中毒,30.035883,76.263725,,,,,,,,,False,False,False,,20.079828,1.2882801
O=C(c1nn[nH]c1N(Cc1ccccc1)Cc1ccccc1)C1CCN(C2c3[nH]c4ccccc4c3CCC2Cl)CC1,O=C(c1nn[nH]c1N(Cc1ccccc1)Cc1ccccc1)C1CCN(C2c3[nH]c4ccccc4c3CCC2Cl)CC1,中毒,83.976425,37.24203,,,,,,,,,False,False,False,,8.003794,-32.72442
O=C(c1csc2c1C1CCC(C2)NSN1)c1nn[nH]c1N(Cc1ccccc1)Cc1ccccc1,O=C(c1csc2c1C1CCC(C2)NSN1)c1nn[nH]c1N(Cc1ccccc1)Cc1ccccc1,中毒,11.793087,20.7544,4.945487271,0.492063492,0.507936508,0.498253783,0.989522701,0.821303842,0.769693442,735,True,False,False,,-4.5128007,20.994333
O=C(c1ccc(S(F)(F)(F)(F)F)cc1)c1nn[nH]c1N(Cc1ccccc1)Cc1ccccc1,O=C(c1ccc(S(F)(F)(F)(F)F)cc1)c1nn[nH]c1N(Cc1ccccc1)Cc1ccccc1,中毒,6.0083222,32.37407,3.110475323,0.772727273,0.227272727,0.128055879,0.608847497,0.01862631,0.251843229,139,True,False,False,,13.031907,11.069395
O=C(c1nn[nH]c1N(Cc1ccccc1)Cc1ccccc1)[S+](NN1c2ccccc2S1(=O)=O)C1CC1,O=C(c1nn[nH]c1N(Cc1ccccc1)Cc1ccccc1)[S+](NN1c2ccccc2S1(=O)=O)C1CC1,中毒,17.381544,28.212355,4.017223955,0.467741935,0.532258065,0.878928987,0.930151339,0.873690338,0.894256888,838,True,False,False,,4.3603354,-25.632906
O=C(c1ccc(OCCCO[N+](=O)[O-])cc1)c1nn[nH]c1N(Cc1ccccc1)Cc1ccccc1,O=C(c1ccc(OCCCO[N+](=O)[O-])cc1)c1nn[nH]c1N(Cc1ccccc1)Cc1ccccc1,高毒,10.806441,27.793814,2.747084582,0.62962963,0.37037037,0.389988359,0.221187427,0.356810244,0.32266201,212,True,False,False,,16.17071,13.280072
O=C(C[n+]1ccccc1)c1nn[nH]c1N(Cc1ccccc1)Cc1ccccc1,O=C(C[n+]1ccccc1)c1nn[nH]c1N(Cc1ccccc1)Cc1ccccc1,中毒,15.714015,20.222002,2.801760807,0.630434783,0.369565217,0.766589057,0.287543655,0.344004657,0.46604579,401,True,False,False,,-3.3707383,-14.730283
O=C(c1nn[nH]c1N(Cc1ccccc1)Cc1ccccc1)N1CCN(c2ccccn2)CC1,O=C(c1nn[nH]c1N(Cc1ccccc1)Cc1ccccc1)N1CCN(c2ccccn2)CC1,中毒,31.753386,12.740919,,,,,,,,,False,False,False,,3.735225,39.751045
O=C(c1c[nH]c2c1CCCC2)c1nn[nH]c1N(Cc1ccccc1)Cc1ccccc1,O=C(c1c[nH]c2c1CCCC2)c1nn[nH]c1N(Cc1ccccc1)Cc1ccccc1,中毒,22.325142,26.898594,,,,,,,,,False,False,False,,-8.296309,20.083996
O=C(c1nn[nH]c1N(Cc1ccccc1)Cc1ccccc1)c1c(F)c(F)c(F)c(F)c1F,O=C(c1nn[nH]c1N(Cc1ccccc1)Cc1ccccc1)c1c(F)c(F)c(F)c(F)c1F,中毒,8.977738,20.880424,2.866074792,0.720930233,0.279069767,0.259022119,0.36903376,0.047729919,0.225261932,112,True,False,False,,3.4305074,4.9566064
O=C(c1nn[nH]c1N(Cc1ccccc1)Cc1ccccc1)N1CCc2ccc(F)cc2C1,O=C(c1nn[nH]c1N(Cc1ccccc1)Cc1ccccc1)N1CCc2ccc(F)cc2C1,中毒,70.005104,25.97788,,,,,,,,,False,False,False,,-1.4786534,41.63501
O=C(c1cc(F)c(O)c(Br)c1)c1nn[nH]c1N(Cc1ccccc1)Cc1ccccc1,O=C(c1cc(F)c(O)c(Br)c1)c1nn[nH]c1N(Cc1ccccc1)Cc1ccccc1,中毒,10.3367815,30.390955,2.762827818,0.673469388,0.326530612,0.357974389,0.233993015,0.138533178,0.243500194,129,True,False,False,,9.49933,11.168685
O=C(c1nn[nH]c1N(Cc1ccccc1)Cc1ccccc1)c1n[nH]c2c1Cn1cccc(c1=O)O2,O=C(c1nn[nH]c1N(Cc1ccccc1)Cc1ccccc1)c1n[nH]c2c1Cn1cccc(c1=O)O2,中毒,38.126373,80.20781,,,,,,,,,False,False,False,,29.474201,3.981752
O=C(c1ccccc1SCCN1CCNCC1)c1nn[nH]c1N(Cc1ccccc1)Cc1ccccc1,O=C(c1ccccc1SCCN1CCNCC1)c1nn[nH]c1N(Cc1ccccc1)Cc1ccccc1,中毒,10.624681,31.501791,2.858099462,0.525423729,0.474576271,0.367287544,0.355064028,0.739231665,0.487194412,417,True,False,False,,-3.5995357,24.180622
O=C(c1csc(-c2cccc(O)c2I)n1)c1nn[nH]c1N(Cc1ccccc1)Cc1ccccc1,O=C(c1csc(-c2cccc(O)c2I)n1)c1nn[nH]c1N(Cc1ccccc1)Cc1ccccc1,中毒,12.400565,36.10415,3.005904108,0.534482759,0.465517241,0.536088475,0.522700815,0.703725262,0.587504851,523,True,False,False,,17.851181,-11.972827
O=C(OCc1csc(SCc2ncccn2)n1)c1nn[nH]c1N(Cc1ccccc1)Cc1ccccc1,O=C(OCc1csc(SCc2ncccn2)n1)c1nn[nH]c1N(Cc1ccccc1)Cc1ccccc1,低毒,11.750876,33.5181,2.972652469,0.46031746,0.53968254,0.489522701,0.488940629,0.881839348,0.620100893,569,True,False,False,,-22.115322,-7.104238
O=C(c1ccc(N2CCNCC2)o1)c1nn[nH]c1N(Cc1ccccc1)Cc1ccccc1,O=C(c1ccc(N2CCNCC2)o1)c1nn[nH]c1N(Cc1ccccc1)Cc1ccccc1,中毒,4.7253957,29.498934,2.927066948,0.574074074,0.425925926,0.052968568,0.428405122,0.55878929,0.346720993,242,True,False,False,,8.150271,1.279074
O=C(C1=CSC2=NC(c3ccc(Cl)nc3)=CC(=C1)N[S+]2[O-])c1nn[nH]c1N(Cc1ccccc1)Cc1ccccc1,O=C(C1=CSC2=NC(c3ccc(Cl)nc3)=CC(=C1)N[S+]2[O-])c1nn[nH]c1N(Cc1ccccc1)Cc1ccccc1,中毒,8.556069,15.085933,5.12490638,0.430555556,0.569444444,0.227008149,0.995343423,0.926658906,0.716336826,687,True,False,False,,12.242052,12.498286
O=C(c1ccsc1SCC(Cl)=C(Cl)Cl)c1nn[nH]c1N(Cc1ccccc1)Cc1ccccc1,O=C(c1ccsc1SCC(Cl)=C(Cl)Cl)c1nn[nH]c1N(Cc1ccccc1)Cc1ccccc1,中毒,49.55637,19.373144,,,,,,,,,False,False,False,,-5.19835,7.111573
O=C(c1nsnc1Br)c1nn[nH]c1N(Cc1ccccc1)Cc1ccccc1,O=C(c1nsnc1Br)c1nn[nH]c1N(Cc1ccccc1)Cc1ccccc1,低毒,18.603756,34.50007,3.024290471,0.659574468,0.340425532,0.926076834,0.537834692,0.169965076,0.544625534,480,True,False,False,,24.039043,3.0427825
O=C(c1cc(I)ccc1O)c1nn[nH]c1N(Cc1ccccc1)Cc1ccccc1,O=C(c1cc(I)ccc1O)c1nn[nH]c1N(Cc1ccccc1)Cc1ccccc1,中毒,17.132633,19.154457,2.685502149,0.632653061,0.367346939,0.862048894,0.158323632,0.313154831,0.444509119,371,True,False,False,,-11.294494,15.136662
O=C(c1ccc(I)c(Br)c1)c1nn[nH]c1N(Cc1ccccc1)Cc1ccccc1,O=C(c1ccc(I)c(Br)c1)c1nn[nH]c1N(Cc1ccccc1)Cc1ccccc1,中毒,4.2356267,35.710007,2.718096314,0.6875,0.3125,0.022700815,0.188591385,0.091967404,0.101086535,28,True,True,False,,11.631292,13.821614
O=C(c1nn[nH]c1N(Cc1ccccc1)Cc1ccccc1)c1[nH]cnc1CSc1ccccn1,O=C(c1nn[nH]c1N(Cc1ccccc1)Cc1ccccc1)c1[nH]cnc1CSc1ccccn1,低毒,20.156096,63.199642,,,,,,,,,False,False,False,,30.74148,11.036127
O=C(C1=CCn2c(nnc2-c2ccc3c(c2)OCS3)N1)c1nn[nH]c1N(Cc1ccccc1)Cc1ccccc1,O=C(C1=CCn2c(nnc2-c2ccc3c(c2)OCS3)N1)c1nn[nH]c1N(Cc1ccccc1)Cc1ccccc1,中毒,49.432384,47.004856,,,,,,,,,False,False,False,,18.046661,6.653421
O=C(OCCc1nncn1Cc1c(F)cccc1F)c1nn[nH]c1N(Cc1ccccc1)Cc1ccccc1,O=C(OCCc1nncn1Cc1c(F)cccc1F)c1nn[nH]c1N(Cc1ccccc1)Cc1ccccc1,低毒,139.75523,21.24873,,,,,,,,,False,False,False,,-21.317572,-9.557113
O=C(c1nn[nH]c1N(Cc1ccccc1)Cc1ccccc1)C(O)Nc1ccc2nsnc2c1,O=C(c1nn[nH]c1N(Cc1ccccc1)Cc1ccccc1)C(O)Nc1ccc2nsnc2c1,中毒,19.097925,52.531105,3.448298625,0.491525424,0.508474576,0.963911525,0.785797439,0.831199069,0.860302678,812,True,False,False,,-21.072945,-26.566366
O=C(c1ccc2sccc2c1)c1nn[nH]c1N(Cc1ccccc1)Cc1ccccc1,O=C(c1ccc2sccc2c1)c1nn[nH]c1N(Cc1ccccc1)Cc1ccccc1,中毒,10.334907,34.50007,2.663257383,0.66,0.34,0.356228172,0.129220023,0.145518044,0.21032208,94,True,True,False,,14.155646,15.249367
O=C(c1nn[nH]c1N(Cc1ccccc1)Cc1ccccc1)C(CN1CCNCC1)SCOCBr,O=C(c1nn[nH]c1N(Cc1ccccc1)Cc1ccccc1)C(CN1CCNCC1)SCOCBr,中毒,8.820913,33.101807,3.778571279,0.446153846,0.553846154,0.243888242,0.885913853,0.906868452,0.678890182,641,True,False,False,,-26.143822,-17.681837
O=C(c1nn[nH]c1N(Cc1ccccc1)Cc1ccccc1)c1sc2ccccc2c1Cl,O=C(c1nn[nH]c1N(Cc1ccccc1)Cc1ccccc1)c1sc2ccccc2c1Cl,中毒,59.081577,34.65899,,,,,,,,,False,False,False,,-0.3647283,-2.0239668
O=C(c1cncnc1)c1nn[nH]c1N(Cc1ccccc1)Cc1ccccc1,O=C(c1cncnc1)c1nn[nH]c1N(Cc1ccccc1)Cc1ccccc1,低毒,16.576067,32.37407,2.676979741,0.785714286,0.214285714,0.811990687,0.151338766,0.013969732,0.325766395,218,True,False,False,,11.303127,8.0647745
O=C(c1nn[nH]c1N(Cc1ccccc1)Cc1ccccc1)C(c1ccc2nn[nH]c2c1)c1ccco1,O=C(c1nn[nH]c1N(Cc1ccccc1)Cc1ccccc1)C(c1ccc2nn[nH]c2c1)c1ccco1,中毒,69.391335,38.096863,,,,,,,,,False,False,False,,-25.952398,-22.546827
O=C(c1nn[nH]c1N(Cc1ccccc1)Cc1ccccc1)C(O)S,O=C(c1nn[nH]c1N(Cc1ccccc1)Cc1ccccc1)C(O)S,高毒,5.7749395,83.59449,3.239673538,0.659090909,0.340909091,0.105355064,0.690337602,0.19790454,0.331199069,222,True,False,False,,-21.751478,-22.638609
O=C(c1nn[nH]c1N(Cc1ccccc1)Cc1ccccc1)n1nncc1Cl,O=C(c1nn[nH]c1N(Cc1ccccc1)Cc1ccccc1)n1nncc1Cl,中毒,10.842651,18.09417,3.012235875,0.568627451,0.431372549,0.411525029,0.528521537,0.583818393,0.507954986,440,True,False,False,,-1.4034127,27.70251
O=C(c1nn[nH]c1N(Cc1ccccc1)Cc1ccccc1)c1sc(-c2ccco2)nc1-c1cccc2cccnc12,O=C(c1nn[nH]c1N(Cc1ccccc1)Cc1ccccc1)c1sc(-c2ccco2)nc1-c1cccc2cccnc12,中毒,27.173029,17.088017,,,,,,,,,False,False,False,,-5.923639,3.2728562
O=C(c1ccc2ccccc2c1O[N+](=O)[O-])c1nn[nH]c1N(Cc1ccccc1)Cc1ccccc1,O=C(c1ccc2ccccc2c1O[N+](=O)[O-])c1nn[nH]c1N(Cc1ccccc1)Cc1ccccc1,中毒,34.722588,21.031403,,,,,,,,,False,False,False,,-4.3639097,15.272643
O=C(c1nn[nH]c1N(Cc1ccccc1)Cc1ccccc1)N(C1CCCCC1)C1CCS(=O)(=O)C1,O=C(c1nn[nH]c1N(Cc1ccccc1)Cc1ccccc1)N(C1CCCCC1)C1CCS(=O)(=O)C1,中毒,61.309906,36.763214,,,,,,,,,False,False,False,,6.8592677,-28.676624
O=C1CCN(C(=O)c2nn[nH]c2N(Cc2ccccc2)Cc2ccccc2)CCO1,O=C1CCN(C(=O)c2nn[nH]c2N(Cc2ccccc2)Cc2ccccc2)CCO1,中毒,25.863579,22.088709,,,,,,,,,False,False,False,,3.6085398,34.951374
O=C(c1nn[nH]c1N(Cc1ccccc1)Cc1ccccc1)C(c1cccnc1)S(=O)(=O)c1ccccc1,O=C(c1nn[nH]c1N(Cc1ccccc1)Cc1ccccc1)C(c1cccnc1)S(=O)(=O)c1ccccc1,中毒,13.297835,36.92061,3.299898497,0.50877193,0.49122807,0.622235157,0.725261932,0.778812573,0.708769887,677,True,False,False,,-23.41312,-27.065094
O=C(c1ccccc1F)c1nn[nH]c1N(Cc1ccccc1)Cc1ccccc1,O=C(c1ccccc1F)c1nn[nH]c1N(Cc1ccccc1)Cc1ccccc1,中毒,9.994743,20.880424,2.454726641,0.704545455,0.295454545,0.331781141,0.011641444,0.065774156,0.136398913,48,True,True,False,,-7.748925,15.962994
O=C(c1ccc2c(c1)CCO2)c1nn[nH]c1N(Cc1ccccc1)Cc1ccccc1,O=C(c1ccc2c(c1)CCO2)c1nn[nH]c1N(Cc1ccccc1)Cc1ccccc1,中毒,13.9532385,47.193893,2.6292726,0.634615385,0.365384615,0.66589057,0.09895227,0.290454016,0.351765619,252,True,False,False,,16.374619,16.943197
O=C(c1cc([N+](=O)[O-])cc([N+](=O)[O-])c1)c1nn[nH]c1N(Cc1ccccc1)Cc1ccccc1,O=C(c1cc([N+](=O)[O-])cc([N+](=O)[O-])c1)c1nn[nH]c1N(Cc1ccccc1)Cc1ccccc1,低毒,5.3406773,21.606764,2.759002663,0.70212766,0.29787234,0.08032596,0.230500582,0.072759022,0.127861855,38,True,True,False,,-24.033192,2.0760996
O=C(c1ccc(F)c2c1CCC2)c1nn[nH]c1N(Cc1ccccc1)Cc1ccccc1,O=C(c1ccc(F)c2c1CCC2)c1nn[nH]c1N(Cc1ccccc1)Cc1ccccc1,中毒,10.232685,26.113438,2.768743084,0.596153846,0.403846154,0.345750873,0.24330617,0.448195576,0.345750873,240,True,False,False,,-8.113139,18.797
O=C(c1n[nH]c(Nc2nsnc2Br)n1)c1nn[nH]c1N(Cc1ccccc1)Cc1ccccc1,O=C(c1n[nH]c(Nc2nsnc2Br)n1)c1nn[nH]c1N(Cc1ccccc1)Cc1ccccc1,低毒,27.941738,40.708843,,,,,,,,,False,False,False,,23.27977,3.3720813
O=C(c1nn[nH]c1N(Cc1ccccc1)Cc1ccccc1)c1nccn1-c1nc2c(s1)CC(c1ccccn1)C2,O=C(c1nn[nH]c1N(Cc1ccccc1)Cc1ccccc1)c1nccn1-c1nc2c(s1)CC(c1ccccn1)C2,中毒,30.483257,23.747583,,,,,,,,,False,False,False,,9.914384,-4.6832438
O=C(c1ccc2occc2c1)c1nn[nH]c1N(Cc1ccccc1)Cc1ccccc1,O=C(c1ccc2occc2c1)c1nn[nH]c1N(Cc1ccccc1)Cc1ccccc1,低毒,9.954333,129.5575,2.670677115,0.66,0.34,0.327124563,0.142025611,0.145518044,0.204889406,90,True,True,False,,14.074218,16.30486
O=C(c1nn[nH]c1N(Cc1ccccc1)Cc1ccccc1)N1CCc2ccccc21,O=C(c1nn[nH]c1N(Cc1ccccc1)Cc1ccccc1)N1CCc2ccccc21,中毒,11.074297,29.599037,2.541147851,0.557692308,0.442307692,0.45459837,0.046565774,0.622235157,0.374466434,284,True,False,False,,-5.482258,40.811657
O=C(c1nn[nH]c1N(Cc1ccccc1)Cc1ccccc1)c1sccc1Br,O=C(c1nn[nH]c1N(Cc1ccccc1)Cc1ccccc1)c1sccc1Br,低毒,5.3406773,16.24854,2.732487845,0.695652174,0.304347826,0.08032596,0.202561118,0.076251455,0.119712844,34,True,True,False,,5.2013164,-7.8514185
O=C(c1ccc(Cl)c(OC2CCOC2)c1)c1nn[nH]c1N(Cc1ccccc1)Cc1ccccc1,O=C(c1ccc(Cl)c(OC2CCOC2)c1)c1nn[nH]c1N(Cc1ccccc1)Cc1ccccc1,低毒,20.737942,33.504192,,,,,,,,,False,False,False,,10.646434,15.284012
O=C(c1nn[nH]c1N(Cc1ccccc1)Cc1ccccc1)C(Br)c1cc2ccccc2o1,O=C(c1nn[nH]c1N(Cc1ccccc1)Cc1ccccc1)C(Br)c1cc2ccccc2o1,中毒,10.66122,73.68305,3.297446733,0.527272727,0.472727273,0.36903376,0.721769499,0.722351572,0.604384944,549,True,False,False,,-25.362349,-20.363201
O=C(c1nn[nH]c1N(Cc1ccccc1)Cc1ccccc1)c1[nH]c2csnc2c1Cl,O=C(c1nn[nH]c1N(Cc1ccccc1)Cc1ccccc1)c1[nH]c2csnc2c1Cl,低毒,10.806441,9.427747,3.198366425,0.574074074,0.425925926,0.389988359,0.663562282,0.55878929,0.537446643,474,True,False,False,,21.801176,0.5039081
O=C(c1cc[n+]([O-])s1)c1nn[nH]c1N(Cc1ccccc1)Cc1ccccc1,O=C(c1cc[n+]([O-])s1)c1nn[nH]c1N(Cc1ccccc1)Cc1ccccc1,高毒,10.806441,29.36747,3.219619177,0.632653061,0.367346939,0.389988359,0.671711292,0.313154831,0.458284827,392,True,False,False,,21.65097,14.368822
O=C(c1nn[nH]c1N(Cc1ccccc1)Cc1ccccc1)c1coc2ccccc12,O=C(c1nn[nH]c1N(Cc1ccccc1)Cc1ccccc1)c1coc2ccccc12,低毒,23.398779,106.40436,,,,,,,,,False,False,False,,-1.777317,17.702827
O=C(c1nn[nH]c1N(Cc1ccccc1)Cc1ccccc1)c1occ(Br)c1Br,O=C(c1nn[nH]c1N(Cc1ccccc1)Cc1ccccc1)c1occ(Br)c1Br,低毒,16.07873,60.39891,3.017449537,0.632653061,0.367346939,0.782887078,0.53201397,0.313154831,0.542685293,478,True,False,False,,0.9007816,11.668399
O=C(c1c[nH]nc1SCc1ccc([N+](=O)[O-])cn1)c1nn[nH]c1N(Cc1ccccc1)Cc1ccccc1,O=C(c1c[nH]nc1SCc1ccc([N+](=O)[O-])cn1)c1nn[nH]c1N(Cc1ccccc1)Cc1ccccc1,中毒,81.520874,55.6923,,,,,,,,,False,False,False,,-23.859715,3.7805204
O=C(c1nn[nH]c1N(Cc1ccccc1)Cc1ccccc1)N1CCS1,O=C(c1nn[nH]c1N(Cc1ccccc1)Cc1ccccc1)N1CCS1,中毒,26.553528,25.051384,,,,,,,,,False,False,False,,-1.6521208,36.16126
O=C(c1nn[nH]c1N(Cc1ccccc1)Cc1ccccc1)C1CN2C=NC=C1C1CNC1CS2,O=C(c1nn[nH]c1N(Cc1ccccc1)Cc1ccccc1)C1CN2C=NC=C1C1CNC1CS2,中毒,149.4619,21.035542,,,,,,,,,False,False,False,,6.782578,-37.294086
N#C[SH](C(=O)c1nn[nH]c1N(Cc1ccccc1)Cc1ccccc1)c1ccc(F)cc1Cl,N#C[SH](C(=O)c1nn[nH]c1N(Cc1ccccc1)Cc1ccccc1)c1ccc(F)cc1Cl,中毒,85.29107,16.550896,,,,,,,,,False,False,False,,-14.24925,19.009192
Nc1n[s+](-c2cccnc2)nc1C(=O)c1nn[nH]c1N(Cc1ccccc1)Cc1ccccc1,Nc1n[s+](-c2cccnc2)nc1C(=O)c1nn[nH]c1N(Cc1ccccc1)Cc1ccccc1,中毒,93.185005,19.421846,,,,,,,,,False,False,False,,14.7663,1.4647102
O=C(C1=NNN=C2CC=CN21)c1nn[nH]c1N(Cc1ccccc1)Cc1ccccc1,O=C(C1=NNN=C2CC=CN21)c1nn[nH]c1N(Cc1ccccc1)Cc1ccccc1,中毒,10.609067,39.280575,3.539556379,0.563636364,0.436363636,0.365541327,0.825378347,0.60419092,0.598370198,540,True,False,False,,14.576951,6.441521
O=C(c1nn[nH]c1N(Cc1ccccc1)Cc1ccccc1)C(O)CI,O=C(c1nn[nH]c1N(Cc1ccccc1)Cc1ccccc1)C(O)CI,低毒,18.0341,80.90046,3.31111533,0.644444444,0.355555556,0.904540163,0.731082654,0.277648428,0.637757082,593,True,False,False,,-21.43496,-23.232485
O=C(c1nn[nH]c1N(Cc1ccccc1)Cc1ccccc1)c1scc[n+]1[O-],O=C(c1nn[nH]c1N(Cc1ccccc1)Cc1ccccc1)c1scc[n+]1[O-],中毒,37.79397,41.23211,,,,,,,,,False,False,False,,24.044575,19.673063
O=C(c1nn[nH]c1N(Cc1ccccc1)Cc1ccccc1)n1cnc2c(Br)cc(Br)cc21,O=C(c1nn[nH]c1N(Cc1ccccc1)Cc1ccccc1)n1cnc2c(Br)cc(Br)cc21,中毒,15.583277,20.829964,3.014170853,0.5,0.5,0.75669383,0.529685681,0.807916182,0.698098564,663,True,False,False,,-6.0114965,29.341612
O=C(c1nn[nH]c1N(Cc1ccccc1)Cc1ccccc1)c1c[nH]c2ncc(F)cc12,O=C(c1nn[nH]c1N(Cc1ccccc1)Cc1ccccc1)c1c[nH]c2ncc(F)cc12,中毒,76.31134,34.50007,,,,,,,,,False,False,False,,-17.154415,22.763733
O=C(c1nnc(NCc2cscn2)o1)c1nn[nH]c1N(Cc1ccccc1)Cc1ccccc1,O=C(c1nnc(NCc2cscn2)o1)c1nn[nH]c1N(Cc1ccccc1)Cc1ccccc1,中毒,21.12327,63.712284,,,,,,,,,False,False,False,,13.148416,-3.6934788
O=C(c1ccn(Cc2ccc(C(F)(F)F)n(-c3cccc(Cl)c3)c2=O)n1)c1nn[nH]c1N(Cc1ccccc1)Cc1ccccc1,O=C(c1ccn(Cc2ccc(C(F)(F)F)n(-c3cccc(Cl)c3)c2=O)n1)c1nn[nH]c1N(Cc1ccccc1)Cc1ccccc1,中毒,24.474266,49.84341,,,,,,,,,False,False,False,,23.03548,-10.217475
O=C(c1ccn(-c2ccc(F)cc2)n1)c1nn[nH]c1N(Cc1ccccc1)Cc1ccccc1,O=C(c1ccn(-c2ccc(F)cc2)n1)c1nn[nH]c1N(Cc1ccccc1)Cc1ccccc1,低毒,17.851467,76.098465,2.712932169,0.603773585,0.396226415,0.894644936,0.182770664,0.430733411,0.502716337,432,True,False,False,,24.468142,-9.333951
O=C(c1nn[nH]c1N(Cc1ccccc1)Cc1ccccc1)C1c2ccccc2CN2C1C(c1ccc(Cl)cc1)Nc1nnc(O)n12,O=C(c1nn[nH]c1N(Cc1ccccc1)Cc1ccccc1)C1c2ccccc2CN2C1C(c1ccc(Cl)cc1)Nc1nnc(O)n12,中毒,19.986195,11.666832,4.549526834,0.386666667,0.613333333,1.0,0.966239814,0.975552969,0.980597594,860,True,False,False,,5.8543687,-42.43324
O=C(c1cc2c3cnsc3nc-2n(CCN2CCOCC2)n1)c1nn[nH]c1N(Cc1ccccc1)Cc1ccccc1,O=C(c1cc2c3cnsc3nc-2n(CCN2CCOCC2)n1)c1nn[nH]c1N(Cc1ccccc1)Cc1ccccc1,中毒,25.865368,47.06604,,,,,,,,,False,False,False,,31.459751,-1.3340728
O=C(c1ccc(S(=O)(=O)c2cccc(N3CCNC3=O)c2OCl)[nH]1)c1nn[nH]c1N(Cc1ccccc1)Cc1ccccc1,O=C(c1ccc(S(=O)(=O)c2cccc(N3CCNC3=O)c2OCl)[nH]1)c1nn[nH]c1N(Cc1ccccc1)Cc1ccccc1,中毒,19.04304,25.726233,3.559321742,0.424657534,0.575342466,0.959254948,0.832363213,0.936554133,0.909390764,843,True,False,False,,10.326725,4.80697
O=C(c1cc(-c2ncccc2F)[nH]n1)c1nn[nH]c1N(Cc1ccccc1)Cc1ccccc1,O=C(c1cc(-c2ncccc2F)[nH]n1)c1nn[nH]c1N(Cc1ccccc1)Cc1ccccc1,中毒,11.93654,48.056625,2.971441246,0.543859649,0.456140351,0.50523865,0.485448196,0.671711292,0.554132712,494,True,False,False,,-7.70561,24.753893
O=C(c1ccc([N+]F)o1)c1nn[nH]c1N(Cc1ccccc1)Cc1ccccc1,O=C(c1ccc([N+]F)o1)c1nn[nH]c1N(Cc1ccccc1)Cc1ccccc1,中毒,4.7253957,64.433624,3.191337139,0.632653061,0.367346939,0.052968568,0.65774156,0.313154831,0.34128832,233,True,False,False,,8.941714,-0.13377938
O=C(c1nn[nH]c1N(Cc1ccccc1)Cc1ccccc1)S(=O)(=O)c1ccc(Cl)cc1,O=C(c1nn[nH]c1N(Cc1ccccc1)Cc1ccccc1)S(=O)(=O)c1ccc(Cl)cc1,中毒,17.033323,64.723854,2.700669769,0.58,0.42,0.844004657,0.166472643,0.533178114,0.514551804,447,True,False,False,,-12.895939,-30.931984
O=C(c1cc(Br)oc1Br)c1nn[nH]c1N(Cc1ccccc1)Cc1ccccc1,O=C(c1cc(Br)oc1Br)c1nn[nH]c1N(Cc1ccccc1)Cc1ccccc1,低毒,68.39587,50.69255,,,,,,,,,False,False,False,,-1.0693402,11.749864
N#Cc1cc(OC(=O)c2nn[nH]c2N(Cc2ccccc2)Cc2ccccc2)ccc1F,N#Cc1cc(OC(=O)c2nn[nH]c2N(Cc2ccccc2)Cc2ccccc2)ccc1F,低毒,21.605701,20.626547,,,,,,,,,False,False,False,,-27.335117,-12.107284
O=C(c1nn[nH]c1N(Cc1ccccc1)Cc1ccccc1)c1c(O)nc2ccccc2[n+]1[O-],O=C(c1nn[nH]c1N(Cc1ccccc1)Cc1ccccc1)c1c(O)nc2ccccc2[n+]1[O-],中毒,29.516485,21.720812,,,,,,,,,False,False,False,,19.086626,17.888931
O=C(c1nn[nH]c1N(Cc1ccccc1)Cc1ccccc1)N1CCOP(=O)(O)CC1,O=C(c1nn[nH]c1N(Cc1ccccc1)Cc1ccccc1)N1CCOP(=O)(O)CC1,中毒,31.430353,22.59352,,,,,,,,,False,False,False,,4.3117366,35.56743
O=C(c1cc2sccc2o1)c1nn[nH]c1N(Cc1ccccc1)Cc1ccccc1,O=C(c1cc2sccc2o1)c1nn[nH]c1N(Cc1ccccc1)Cc1ccccc1,中毒,19.22628,59.29613,2.929494949,0.596153846,0.403846154,0.966239814,0.430733411,0.448195576,0.615056267,562,True,False,False,,6.109512,1.6294327
O=C(c1nn[nH]c1N(Cc1ccccc1)Cc1ccccc1)c1cccc2cccnc12,O=C(c1nn[nH]c1N(Cc1ccccc1)Cc1ccccc1)c1cccc2cccnc12,中毒,11.962776,20.6486,2.620939718,0.62,0.38,0.506402794,0.091967404,0.369615832,0.32266201,212,True,False,False,,-6.344791,4.128262
O=C1C=C(NCc2c[nH]cn2)CCCN1C(=O)c1nn[nH]c1N(Cc1ccccc1)Cc1ccccc1,O=C1C=C(NCc2c[nH]cn2)CCCN1C(=O)c1nn[nH]c1N(Cc1ccccc1)Cc1ccccc1,中毒,61.444164,21.895508,,,,,,,,,False,False,False,,-4.8877788,39.182625
O=C(c1csc(CCN(C(=O)c2ccccc2F)c2ccc3ccccn23)n1)c1nn[nH]c1N(Cc1ccccc1)Cc1ccccc1,O=C(c1csc(CCN(C(=O)c2ccccc2F)c2ccc3ccccn23)n1)c1nn[nH]c1N(Cc1ccccc1)Cc1ccccc1,中毒,19.30661,21.1228,3.429512219,0.407894737,0.592105263,0.979627474,0.77532014,0.961583236,0.905510283,841,True,False,False,,-4.288354,-1.4254916
O=C(NS(=O)(=O)c1ccccc1F)c1nn[nH]c1N(Cc1ccccc1)Cc1ccccc1,O=C(NS(=O)(=O)c1ccccc1F)c1nn[nH]c1N(Cc1ccccc1)Cc1ccccc1,中毒,54.462963,15.330676,,,,,,,,,False,False,False,,-9.053415,-23.910194
O=C(c1nn[nH]c1N(Cc1ccccc1)Cc1ccccc1)C1CCC1,O=C(c1nn[nH]c1N(Cc1ccccc1)Cc1ccccc1)C1CCC1,高毒,8.995272,22.30062,2.525050137,0.630434783,0.369565217,0.264260768,0.034924331,0.344004657,0.214396585,98,True,True,False,,6.6351233,-32.12154
O=C(c1nn[nH]c1N(Cc1ccccc1)Cc1ccccc1)C1Cc2ccccc2C12CO2,O=C(c1nn[nH]c1N(Cc1ccccc1)Cc1ccccc1)C1Cc2ccccc2C12CO2,中毒,30.57876,52.39731,,,,,,,,,False,False,False,,4.3145943,-33.27739
O=C(c1ncccc1Br)c1nn[nH]c1N(Cc1ccccc1)Cc1ccccc1,O=C(c1ncccc1Br)c1nn[nH]c1N(Cc1ccccc1)Cc1ccccc1,低毒,4.7253957,34.285435,2.714237772,0.659574468,0.340425532,0.052968568,0.183934808,0.169965076,0.135622817,47,True,True,False,,-1.6318235,8.883119
O=C(c1nn[nH]c1N(Cc1ccccc1)Cc1ccccc1)[N+]([O-])C(=S)Nc1ccccc1,O=C(c1nn[nH]c1N(Cc1ccccc1)Cc1ccccc1)[N+]([O-])C(=S)Nc1ccccc1,低毒,11.922652,44.515392,2.980422295,0.547169811,0.452830189,0.500582072,0.501746217,0.653667055,0.551998448,493,True,False,False,,-9.611625,-15.575036
O=C(c1nn[nH]c1N(Cc1ccccc1)Cc1ccccc1)N1CCCCCO1,O=C(c1nn[nH]c1N(Cc1ccccc1)Cc1ccccc1)N1CCCCCO1,中毒,14.4523535,18.291927,2.834051326,0.557692308,0.442307692,0.691501746,0.327124563,0.622235157,0.546953822,486,True,False,False,,2.2304099,32.243156
O=C(c1cc(O)cc(O)c1)c1nn[nH]c1N(Cc1ccccc1)Cc1ccccc1,O=C(c1cc(O)cc(O)c1)c1nn[nH]c1N(Cc1ccccc1)Cc1ccccc1,低毒,10.806441,32.818672,2.676659709,0.785714286,0.214285714,0.389988359,0.145518044,0.013969732,0.183158712,79,True,True,False,,10.233778,10.526916
O=C(c1nn[nH]c1N(Cc1ccccc1)Cc1ccccc1)c1coc2c(Cl)cccc2c1=O,O=C(c1nn[nH]c1N(Cc1ccccc1)Cc1ccccc1)c1coc2c(Cl)cccc2c1=O,中毒,5.0276203,59.342094,2.827395078,0.543859649,0.456140351,0.063445867,0.318975553,0.671711292,0.351377571,250,True,False,False,,-1.599802,19.166506
O=C(c1nnsn1)c1nn[nH]c1N(Cc1ccccc1)Cc1ccccc1,O=C(c1nnsn1)c1nn[nH]c1N(Cc1ccccc1)Cc1ccccc1,低毒,5.7749395,41.86337,3.128214808,0.673913043,0.326086957,0.105355064,0.620488941,0.123399302,0.283081102,172,True,False,False,,22.738077,1.4884697
O=C(c1c[nH]c(Nc2cc(F)ccc2F)n1)c1nn[nH]c1N(Cc1ccccc1)Cc1ccccc1,O=C(c1c[nH]c(Nc2cc(F)ccc2F)n1)c1nn[nH]c1N(Cc1ccccc1)Cc1ccccc1,低毒,26.457455,56.87477,,,,,,,,,False,False,False,,-12.239421,21.475527
O=C(c1nnno1)c1nn[nH]c1N(Cc1ccccc1)Cc1ccccc1,O=C(c1nnno1)c1nn[nH]c1N(Cc1ccccc1)Cc1ccccc1,低毒,63.701004,42.98752,,,,,,,,,False,False,False,,12.344747,-0.015801275
O=C(c1nn[nH]c1N(Cc1ccccc1)Cc1ccccc1)C1CC(c2ccc3ccccc3c2I)[S+]([O-])C1,O=C(c1nn[nH]c1N(Cc1ccccc1)Cc1ccccc1)C1CC(c2ccc3ccccc3c2I)[S+]([O-])C1,中毒,13.238414,72.08576,4.332577732,0.432835821,0.567164179,0.616996508,0.958090803,0.922002328,0.832363213,793,True,False,False,,5.3654933,-31.811491
O=C(c1nn[nH]c1N(Cc1ccccc1)Cc1ccccc1)c1n[n+]([O-])nn1-c1ccc(N2CCOCC2)cc1,O=C(c1nn[nH]c1N(Cc1ccccc1)Cc1ccccc1)c1n[n+]([O-])nn1-c1ccc(N2CCOCC2)cc1,中毒,24.483503,36.769714,,,,,,,,,False,False,False,,7.1783485,30.994549
O=C(c1nn[nH]c1N(Cc1ccccc1)Cc1ccccc1)C1CCC(c2ccco2)S1,O=C(c1nn[nH]c1N(Cc1ccccc1)Cc1ccccc1)C1CCC(c2ccco2)S1,中毒,32.06497,58.555893,,,,,,,,,False,False,False,,5.4549084,-37.480335
O=C(c1nn[nH]c1N(Cc1ccccc1)Cc1ccccc1)[PH](O)c1ccccc1,O=C(c1nn[nH]c1N(Cc1ccccc1)Cc1ccccc1)[PH](O)c1ccccc1,高毒,40.67388,45.30162,,,,,,,,,False,False,False,,-6.8112855,-13.104273
O=C(OCc1cccc([N+](=O)[O-])c1)c1nn[nH]c1N(Cc1ccccc1)Cc1ccccc1,O=C(OCc1cccc([N+](=O)[O-])c1)c1nn[nH]c1N(Cc1ccccc1)Cc1ccccc1,低毒,20.95386,35.818108,,,,,,,,,False,False,False,,-24.937557,-3.517461
O=C1N=[S+]([O-])C1C1COCCN1C(=O)c1nn[nH]c1N(Cc1ccccc1)Cc1ccccc1,O=C1N=[S+]([O-])C1C1COCCN1C(=O)c1nn[nH]c1N(Cc1ccccc1)Cc1ccccc1,中毒,66.54292,18.848122,,,,,,,,,False,False,False,,4.9457297,32.38377
O=C(c1ccncc1Br)c1nn[nH]c1N(Cc1ccccc1)Cc1ccccc1,O=C(c1ccncc1Br)c1nn[nH]c1N(Cc1ccccc1)Cc1ccccc1,中毒,17.132633,34.50007,2.702385465,0.645833333,0.354166667,0.862048894,0.168800931,0.241559953,0.424136593,349,True,False,False,,-12.116609,3.9895563
O=C(c1nn[nH]c1N(Cc1ccccc1)Cc1ccccc1)N1CCCN(S(=O)(=O)c2ccc(Cl)cc2)CC1,O=C(c1nn[nH]c1N(Cc1ccccc1)Cc1ccccc1)N1CCCN(S(=O)(=O)c2ccc(Cl)cc2)CC1,中毒,32.445015,21.591461,,,,,,,,,False,False,False,,4.702954,37.297688
O=C(c1nn(C2CCCC2)nc1NO)c1nn[nH]c1N(Cc1ccccc1)Cc1ccccc1,O=C(c1nn(C2CCCC2)nc1NO)c1nn[nH]c1N(Cc1ccccc1)Cc1ccccc1,低毒,38.861122,23.049025,,,,,,,,,False,False,False,,27.220682,6.9831448
O=C(c1nn[nH]c1N(Cc1ccccc1)Cc1ccccc1)N1CCSCC1Nc1cccc2ccccc12,O=C(c1nn[nH]c1N(Cc1ccccc1)Cc1ccccc1)N1CCSCC1Nc1cccc2ccccc12,中毒,20.638887,47.78395,,,,,,,,,False,False,False,,1.7453145,40.20168
O=C(C1=COCCO1)c1nn[nH]c1N(Cc1ccccc1)Cc1ccccc1,O=C(C1=COCCO1)c1nn[nH]c1N(Cc1ccccc1)Cc1ccccc1,中毒,10.487546,69.18164,2.930637943,0.645833333,0.354166667,0.364377183,0.4330617,0.241559953,0.346332945,241,True,False,False,,16.11339,7.089633
O=C(c1nn[nH]c1N(Cc1ccccc1)Cc1ccccc1)C1CCNc2nc[nH]c2N=C1c1ccncc1Cl,O=C(c1nn[nH]c1N(Cc1ccccc1)Cc1ccccc1)C1CCNc2nc[nH]c2N=C1c1ccncc1Cl,低毒,28.38094,23.85246,,,,,,,,,False,False,False,,11.725479,-24.33064
O=C(C1=NCC(Cc2c[nH]c3ncccc23)(NC(=O)C2CC2)C(NF)=N1)c1nn[nH]c1N(Cc1ccccc1)Cc1ccccc1,O=C(C1=NCC(Cc2c[nH]c3ncccc23)(NC(=O)C2CC2)C(NF)=N1)c1nn[nH]c1N(Cc1ccccc1)Cc1ccccc1,中毒,25.873854,21.73806,,,,,,,,,False,False,False,,-16.397785,24.178402
O=C(c1cc2cncc(Br)n2n1)c1nn[nH]c1N(Cc1ccccc1)Cc1ccccc1,O=C(c1cc2cncc(Br)n2n1)c1nn[nH]c1N(Cc1ccccc1)Cc1ccccc1,中毒,31.088856,46.81303,,,,,,,,,False,False,False,,17.301323,-0.8643974
O=C(c1nn[nH]c1N(Cc1ccccc1)Cc1ccccc1)C1CCCCN1c1coc(C2CC2)n1,O=C(c1nn[nH]c1N(Cc1ccccc1)Cc1ccccc1)C1CCCCN1c1coc(C2CC2)n1,低毒,18.06091,9.71746,3.578255681,0.439393939,0.560606061,0.905704307,0.838183935,0.916181607,0.88668995,833,True,False,False,,8.8533125,-29.484331
O=C(c1cc2ncccc2s1)c1nn[nH]c1N(Cc1ccccc1)Cc1ccccc1,O=C(c1cc2ncccc2s1)c1nn[nH]c1N(Cc1ccccc1)Cc1ccccc1,中毒,129.14151,34.65899,,,,,,,,,False,False,False,,2.6897278,-3.5395975
O=C(c1c[nH]c(C=CI)n1)c1nn[nH]c1N(Cc1ccccc1)Cc1ccccc1,O=C(c1c[nH]c(C=CI)n1)c1nn[nH]c1N(Cc1ccccc1)Cc1ccccc1,低毒,45.880863,23.118843,,,,,,,,,False,False,False,,20.323833,-9.030862
N#CN(c1ccncc1)C(C(=O)c1nn[nH]c1N(Cc1ccccc1)Cc1ccccc1)c1ccco1,N#CN(c1ccncc1)C(C(=O)c1nn[nH]c1N(Cc1ccccc1)Cc1ccccc1)c1ccco1,中毒,17.602901,23.96769,3.634819423,0.467741935,0.532258065,0.885913853,0.8556461,0.873690338,0.871750097,822,True,False,False,,-26.776781,-21.637371
O=C(c1nn[nH]c1N(Cc1ccccc1)Cc1ccccc1)c1cccc2sc(Cl)nc12,O=C(c1nn[nH]c1N(Cc1ccccc1)Cc1ccccc1)c1cccc2sc(Cl)nc12,中毒,40.397865,16.430983,,,,,,,,,False,False,False,,-8.77043,9.241442
O=C(c1nn[nH]c1N(Cc1ccccc1)Cc1ccccc1)[SH]1Nc2ccccc2C(F)(F)C12C(=S)Nc1cccc[n+]12,O=C(c1nn[nH]c1N(Cc1ccccc1)Cc1ccccc1)[SH]1Nc2ccccc2C(F)(F)C12C(=S)Nc1cccc[n+]12,中毒,26.604546,52.43444,,,,,,,,,False,False,False,,-3.4545007,-15.780908
O=C(Nc1cc2ncnc(C(F)F)c2cc1F)c1nn[nH]c1N(Cc1ccccc1)Cc1ccccc1,O=C(Nc1cc2ncnc(C(F)F)c2cc1F)c1nn[nH]c1N(Cc1ccccc1)Cc1ccccc1,中毒,62.259182,27.344988,,,,,,,,,False,False,False,,-9.049068,-20.504229
O=C(C1=NOC(COP2(=O)COCO2)(C(F)(F)F)O1)c1nn[nH]c1N(Cc1ccccc1)Cc1ccccc1,O=C(C1=NOC(COP2(=O)COCO2)(C(F)(F)F)O1)c1nn[nH]c1N(Cc1ccccc1)Cc1ccccc1,中毒,19.528627,60.40584,4.744602986,0.442857143,0.557142857,0.986030268,0.980209546,0.913853318,0.960031044,857,True,False,False,,26.946327,23.56309
O=C(c1ccnc(NCc2cc[nH]n2)n1)c1nn[nH]c1N(Cc1ccccc1)Cc1ccccc1,O=C(c1ccnc(NCc2cc[nH]n2)n1)c1nn[nH]c1N(Cc1ccccc1)Cc1ccccc1,低毒,10.841143,68.10966,3.212318649,0.516666667,0.483333333,0.409778813,0.668218859,0.765424913,0.614474195,560,True,False,False,,20.356117,-5.1370163
O=C(c1nn[nH]c1N(Cc1ccccc1)Cc1ccccc1)c1sncc1-n1nccn1,O=C(c1nn[nH]c1N(Cc1ccccc1)Cc1ccccc1)c1sncc1-n1nccn1,高毒,13.026232,36.47471,3.247422795,0.603773585,0.396226415,0.601862631,0.693830035,0.430733411,0.575475359,510,True,False,False,,8.325021,5.1696296
O=C(c1nn[nH]c1N(Cc1ccccc1)Cc1ccccc1)c1cccn1-c1ccccn1,O=C(c1nn[nH]c1N(Cc1ccccc1)Cc1ccccc1)c1cccn1-c1ccccn1,中毒,60.350983,28.679724,,,,,,,,,False,False,False,,29.579416,-13.060361
O=C(NS(=O)(=O)c1cc2ccccc2s1)c1nn[nH]c1N(Cc1ccccc1)Cc1ccccc1,O=C(NS(=O)(=O)c1cc2ccccc2s1)c1nn[nH]c1N(Cc1ccccc1)Cc1ccccc1,中毒,45.83396,15.478839,,,,,,,,,False,False,False,,-8.174167,-23.461906
O=C(c1nn[nH]c1N(Cc1ccccc1)Cc1ccccc1)c1sccc1-c1ccccc1,O=C(c1nn[nH]c1N(Cc1ccccc1)Cc1ccccc1)c1sccc1-c1ccccc1,中毒,12.273806,18.074766,2.65568092,0.680851064,0.319148936,0.52677532,0.122235157,0.096041909,0.248350795,136,True,False,False,,4.0998926,-8.72309
O=C(c1nn[nH]c1N(Cc1ccccc1)Cc1ccccc1)C1(Br)CSC(n2nnc3ccsc32)=NN1,O=C(c1nn[nH]c1N(Cc1ccccc1)Cc1ccccc1)C1(Br)CSC(n2nnc3ccsc32)=NN1,中毒,11.309305,8.488666,4.134160001,0.420289855,0.579710145,0.45983702,0.942956927,0.940628638,0.781140861,748,True,False,False,,3.2458718,-10.700692
O=C(Oc1ccccc1CNn1ccnc1)c1nn[nH]c1N(Cc1ccccc1)Cc1ccccc1,O=C(Oc1ccccc1CNn1ccnc1)c1nn[nH]c1N(Cc1ccccc1)Cc1ccccc1,低毒,68.613785,33.57959,,,,,,,,,False,False,False,,-31.288136,-8.207648
O=C(c1nn[nH]c1N(Cc1ccccc1)Cc1ccccc1)N1CCn2ncc(F)c2C=N1,O=C(c1nn[nH]c1N(Cc1ccccc1)Cc1ccccc1)N1CCn2ncc(F)c2C=N1,中毒,94.29289,21.348185,,,,,,,,,False,False,False,,-1.862284,37.101387
O=C(OCn1c2nc(Br)[nH]c2c2ccc3ccoc3c21)c1nn[nH]c1N(Cc1ccccc1)Cc1ccccc1,O=C(OCn1c2nc(Br)[nH]c2c2ccc3ccoc3c21)c1nn[nH]c1N(Cc1ccccc1)Cc1ccccc1,中毒,20.761333,8.904544,,,,,,,,,False,False,False,,-23.629837,-9.2214155
O=C(c1nn[nH]c1N(Cc1ccccc1)Cc1ccccc1)c1csc[n+]1[O-],O=C(c1nn[nH]c1N(Cc1ccccc1)Cc1ccccc1)c1csc[n+]1[O-],低毒,37.79397,33.37947,,,,,,,,,False,False,False,,23.302088,17.437664
O=C(c1nn[nH]c1N(Cc1ccccc1)Cc1ccccc1)S(=O)(=O)c1nc2ccsc2[nH]1,O=C(c1nn[nH]c1N(Cc1ccccc1)Cc1ccccc1)S(=O)(=O)c1nc2ccsc2[nH]1,中毒,16.460817,30.240389,3.294507872,0.50877193,0.49122807,0.800931315,0.720605355,0.778812573,0.766783081,732,True,False,False,,-10.382772,-31.26375
O=C(c1nn[nH]c1N(Cc1ccccc1)Cc1ccccc1)c1[nH]c2cc(Cl)cc(I)c2c1CO,O=C(c1nn[nH]c1N(Cc1ccccc1)Cc1ccccc1)c1[nH]c2cc(Cl)cc(I)c2c1CO,中毒,10.233348,39.52488,3.136689082,0.525423729,0.474576271,0.346915017,0.623981374,0.739231665,0.570042685,506,True,False,False,,6.6782217,11.873225
O=C(c1nn[nH]c1N(Cc1ccccc1)Cc1ccccc1)C(c1cc(F)c(F)c(F)c1)C(F)(F)F,O=C(c1nn[nH]c1N(Cc1ccccc1)Cc1ccccc1)C(c1cc(F)c(F)c(F)c1)C(F)(F)F,中毒,16.666725,44.696934,3.492021186,0.527272727,0.472727273,0.824796275,0.809080326,0.722351572,0.785409391,751,True,False,False,,-19.065857,-16.509375
O=C(C1=C[P+](Cl)(c2cccc(I)c2)OO1)c1nn[nH]c1N(Cc1ccccc1)Cc1ccccc1,O=C(C1=C[P+](Cl)(c2cccc(I)c2)OO1)c1nn[nH]c1N(Cc1ccccc1)Cc1ccccc1,中毒,13.392417,16.764952,4.127341568,0.525423729,0.474576271,0.629802095,0.940628638,0.739231665,0.769887466,736,True,False,False,,-13.233952,10.390551
O=C(c1ccccc1-c1nc2ccccc2s1)c1nn[nH]c1N(Cc1ccccc1)Cc1ccccc1,O=C(c1ccccc1-c1nc2ccccc2s1)c1nn[nH]c1N(Cc1ccccc1)Cc1ccccc1,中毒,28.065216,14.815539,,,,,,,,,False,False,False,,10.627638,-16.729366
O=C(c1nn[nH]c1N(Cc1ccccc1)Cc1ccccc1)c1csc2cc(F)ccc12,O=C(c1nn[nH]c1N(Cc1ccccc1)Cc1ccccc1)c1csc2cc(F)ccc12,中毒,129.17392,29.58691,,,,,,,,,False,False,False,,-6.335725,20.845522
O=C(c1nn[nH]c1N(Cc1ccccc1)Cc1ccccc1)n1cncn1,O=C(c1nn[nH]c1N(Cc1ccccc1)Cc1ccccc1)n1cncn1,高毒,14.143858,29.085104,2.797184423,0.591836735,0.408163265,0.683352736,0.280558789,0.474388824,0.47943345,411,True,False,False,,-2.827778,30.422052
O=C([P+]N1CCCCN(CCC[n+]2ccccc2Br)C2OCC21)c1nn[nH]c1N(Cc1ccccc1)Cc1ccccc1,O=C([P+]N1CCCCN(CCC[n+]2ccccc2Br)C2OCC21)c1nn[nH]c1N(Cc1ccccc1)Cc1ccccc1,中毒,80.9501,38.020164,,,,,,,,,False,False,False,,-0.586222,-15.545607
O=C(c1nn[nH]c1N(Cc1ccccc1)Cc1ccccc1)N(C(Cl)=C(Cl)CF)C(F)F,O=C(c1nn[nH]c1N(Cc1ccccc1)Cc1ccccc1)N(C(Cl)=C(Cl)CF)C(F)F,中毒,26.596834,13.968237,,,,,,,,,False,False,False,,-15.67462,-17.360365
O=C(c1nn[nH]c1N(Cc1ccccc1)Cc1ccccc1)c1c(-c2cccc(Cl)c2)oc2c(F)c(N3CCCCC3)c(F)cc2c1=O,O=C(c1nn[nH]c1N(Cc1ccccc1)Cc1ccccc1)c1c(-c2cccc(Cl)c2)oc2c(F)c(N3CCCCC3)c(F)cc2c1=O,中毒,49.37913,26.776493,,,,,,,,,False,False,False,,0.7022769,7.422735
O=C(c1ccc(F)cc1F)c1nn[nH]c1N(Cc1ccccc1)Cc1ccccc1,O=C(c1ccc(F)cc1F)c1nn[nH]c1N(Cc1ccccc1)Cc1ccccc1,中毒,8.977738,20.880424,2.539730797,0.645833333,0.354166667,0.259022119,0.04540163,0.241559953,0.181994567,78,True,True,False,,-11.186167,18.199928
O=C(c1ccsn1)c1nn[nH]c1N(Cc1ccccc1)Cc1ccccc1,O=C(c1ccsn1)c1nn[nH]c1N(Cc1ccccc1)Cc1ccccc1,低毒,7.6564264,34.579483,2.921159423,0.711111111,0.288888889,0.179278231,0.417927823,0.056461001,0.217889018,102,True,False,False,,19.068056,-3.9269388
O=C(c1nsc(C(F)F)n1)c1nn[nH]c1N(Cc1ccccc1)Cc1ccccc1,O=C(c1nsc(C(F)F)n1)c1nn[nH]c1N(Cc1ccccc1)Cc1ccccc1,中毒,4.2356267,39.283604,3.131768462,0.596153846,0.403846154,0.022700815,0.621653085,0.448195576,0.364183159,270,True,False,False,,22.753706,-0.085501105
O=C(c1nn[nH]c1N(Cc1ccccc1)Cc1ccccc1)S(=O)(=O)Nc1ccc(F)c(Br)c1,O=C(c1nn[nH]c1N(Cc1ccccc1)Cc1ccccc1)S(=O)(=O)Nc1ccc(F)c(Br)c1,低毒,12.307924,27.940649,2.93274049,0.491525424,0.508474576,0.529685681,0.438882421,0.831199069,0.59992239,542,True,False,False,,-14.422225,-26.162104
O=C(C(Cl)=NBr)c1nn[nH]c1N(Cc1ccccc1)Cc1ccccc1,O=C(C(Cl)=NBr)c1nn[nH]c1N(Cc1ccccc1)Cc1ccccc1,高毒,8.820913,42.472836,3.029500259,0.617021277,0.382978723,0.243888242,0.543655413,0.388824214,0.392122623,307,True,False,False,,-6.759717,-10.741019
O=C(c1nn[nH]c1N(Cc1ccccc1)Cc1ccccc1)S1(CS(=O)(=O)c2ccccc2F)CNCS1,O=C(c1nn[nH]c1N(Cc1ccccc1)Cc1ccccc1)S1(CS(=O)(=O)c2ccccc2F)CNCS1,中毒,40.31549,36.22951,,,,,,,,,False,False,False,,-10.059439,-24.487324
O=C(c1nn[nH]c1N(Cc1ccccc1)Cc1ccccc1)c1sc(Cl)cc1Cl,O=C(c1nn[nH]c1N(Cc1ccccc1)Cc1ccccc1)c1sc(Cl)cc1Cl,低毒,10.806441,32.00644,2.881351735,0.666666667,0.333333333,0.389988359,0.380675204,0.140861467,0.303841676,190,True,False,False,,0.38640246,-3.9631014
NS(=O)(=O)CN(CCl)C(=O)c1nn[nH]c1N(Cc1ccccc1)Cc1ccccc1,NS(=O)(=O)CN(CCl)C(=O)c1nn[nH]c1N(Cc1ccccc1)Cc1ccccc1,高毒,19.273539,25.051384,3.038987698,0.557692308,0.442307692,0.976135041,0.549476135,0.622235157,0.715948778,686,True,False,False,,-13.436711,-23.91545
O=C(OOOCc1cncn1-c1ccccc1)c1nn[nH]c1N(Cc1ccccc1)Cc1ccccc1,O=C(OOOCc1cncn1-c1ccccc1)c1nn[nH]c1N(Cc1ccccc1)Cc1ccccc1,中毒,36.519527,42.83255,,,,,,,,,False,False,False,,-24.943798,-9.202916
O=C(c1nn[nH]c1N(Cc1ccccc1)Cc1ccccc1)C1CCCCO1,O=C(c1nn[nH]c1N(Cc1ccccc1)Cc1ccccc1)C1CCCCO1,低毒,12.901145,41.11201,3.124370486,0.588235294,0.411764706,0.592549476,0.616996508,0.487194412,0.565580132,505,True,False,False,,11.682771,-35.656384
O=C(c1cc(F)ccc1NCc1ccccc1C(F)(F)F)c1nn[nH]c1N(Cc1ccccc1)Cc1ccccc1,O=C(c1cc(F)ccc1NCc1ccccc1C(F)(F)F)c1nn[nH]c1N(Cc1ccccc1)Cc1ccccc1,中毒,23.170118,19.873621,,,,,,,,,False,False,False,,-13.029857,18.850069
O=C(c1csc(NC2CCC2)n1)c1nn[nH]c1N(Cc1ccccc1)Cc1ccccc1,O=C(c1csc(NC2CCC2)n1)c1nn[nH]c1N(Cc1ccccc1)Cc1ccccc1,低毒,8.8918295,23.603157,2.817072053,0.534482759,0.465517241,0.253783469,0.305005821,0.703725262,0.420838184,342,True,False,False,,19.0134,-13.683374
O=C(c1nn[nH]c1N(Cc1ccccc1)Cc1ccccc1)c1nccn1S(=O)(=O)c1ccc(F)c(OC(F)(F)F)c1,O=C(c1nn[nH]c1N(Cc1ccccc1)Cc1ccccc1)c1nccn1S(=O)(=O)c1ccc(F)c(OC(F)(F)F)c1,中毒,28.382442,13.02379,,,,,,,,,False,False,False,,6.023267,5.8922815
O=C(c1nn[nH]c1N(Cc1ccccc1)Cc1ccccc1)C1CSC(c2cnc3[nH]cnc3c2)=N1,O=C(c1nn[nH]c1N(Cc1ccccc1)Cc1ccccc1)C1CSC(c2cnc3[nH]cnc3c2)=N1,中毒,36.442444,31.429922,,,,,,,,,False,False,False,,6.166409,-36.437046
O=C(c1nn[nH]c1N(Cc1ccccc1)Cc1ccccc1)C1(S(=O)(=O)c2ccccc2)CCNC1,O=C(c1nn[nH]c1N(Cc1ccccc1)Cc1ccccc1)C1(S(=O)(=O)c2ccccc2)CCNC1,中毒,15.852849,11.888554,3.4334404,0.50877193,0.49122807,0.771827707,0.776484284,0.778812573,0.775708188,743,True,False,False,,-7.2461104,-27.165827
O=C(c1cnn(C2CN2)c1)c1nn[nH]c1N(Cc1ccccc1)Cc1ccccc1,O=C(c1cnn(C2CN2)c1)c1nn[nH]c1N(Cc1ccccc1)Cc1ccccc1,低毒,18.950224,45.20322,3.462392488,0.634615385,0.365384615,0.949359721,0.790454016,0.290454016,0.676755918,639,True,False,False,,12.979735,7.47786
O=C(c1ccc2c(c1)-c1ccccc1-n1cccc1N2)c1nn[nH]c1N(Cc1ccccc1)Cc1ccccc1,O=C(c1ccc2c(c1)-c1ccccc1-n1cccc1N2)c1nn[nH]c1N(Cc1ccccc1)Cc1ccccc1,中毒,86.26851,52.8529,,,,,,,,,False,False,False,,13.340933,13.273387
O=C(c1nn[nH]c1N(Cc1ccccc1)Cc1ccccc1)C1CCCCC1(F)F,O=C(c1nn[nH]c1N(Cc1ccccc1)Cc1ccccc1)C1CCCCC1(F)F,中毒,20.353352,22.30062,,,,,,,,,False,False,False,,6.5649457,-30.795292
O=C(c1nn[nH]c1N(Cc1ccccc1)Cc1ccccc1)[SH](=O)=S,O=C(c1nn[nH]c1N(Cc1ccccc1)Cc1ccccc1)[SH](=O)=S,低毒,14.059896,105.1035,3.489063922,0.659090909,0.340909091,0.679860303,0.804423749,0.19790454,0.56072953,501,True,False,False,,-4.4905496,-12.78138
O=C(COc1ccccc1Cl)c1nn[nH]c1N(Cc1ccccc1)Cc1ccccc1,O=C(COc1ccccc1Cl)c1nn[nH]c1N(Cc1ccccc1)Cc1ccccc1,高毒,12.970445,102.96765,2.520155944,0.568627451,0.431372549,0.598370198,0.030267753,0.583818393,0.404152115,323,True,False,False,,-29.823837,-7.4971094
O=C(c1nn[nH]c1N(Cc1ccccc1)Cc1ccccc1)C1OC1c1cnccn1,O=C(c1nn[nH]c1N(Cc1ccccc1)Cc1ccccc1)C1OC1c1cnccn1,中毒,34.86403,41.11201,,,,,,,,,False,False,False,,16.109293,-25.892452
O=C(Nc1nccs1)c1nn[nH]c1N(Cc1ccccc1)Cc1ccccc1,O=C(Nc1nccs1)c1nn[nH]c1N(Cc1ccccc1)Cc1ccccc1,中毒,8.702762,37.48489,2.581669825,0.557692308,0.442307692,0.236321304,0.075669383,0.622235157,0.311408615,196,True,False,False,,5.080237,-13.618211
O=C(c1nn[nH]c1N(Cc1ccccc1)Cc1ccccc1)c1nc2[nH][nH]nc(-c3cccc(Cl)c3)c1-2,O=C(c1nn[nH]c1N(Cc1ccccc1)Cc1ccccc1)c1nc2[nH][nH]nc(-c3cccc(Cl)c3)c1-2,中毒,27.34405,37.29228,,,,,,,,,False,False,False,,6.5749907,13.049328
O=C(c1nn[nH]c1N(Cc1ccccc1)Cc1ccccc1)N(c1nc[nH]n1)P(=O)(c1ccccc1)c1ccccc1,O=C(c1nn[nH]c1N(Cc1ccccc1)Cc1ccccc1)N(c1nc[nH]n1)P(=O)(c1ccccc1)c1ccccc1,中毒,66.50372,25.519197,,,,,,,,,False,False,False,,29.411875,7.3331985
NCCOc1ccc(C[n+]2cccc(Nn3cnsc3=S(Cc3cccnc3)C(=O)c3nn[nH]c3N(Cc3ccccc3)Cc3ccccc3)c2CCl)cc1,NCCOc1ccc(C[n+]2cccc(Nn3cnsc3=S(Cc3cccnc3)C(=O)c3nn[nH]c3N(Cc3ccccc3)Cc3ccccc3)c2CCl)cc1,中毒,10.376134,24.802319,4.547564086,0.298969072,0.701030928,0.36088475,0.965075669,1.0,0.77532014,742,True,False,False,,-21.230145,-5.3170996
O=C(c1nn[nH]c1N(Cc1ccccc1)Cc1ccccc1)N1c2ccccc2CCN1Cc1cc(O)c(O)nc1O,O=C(c1nn[nH]c1N(Cc1ccccc1)Cc1ccccc1)N1c2ccccc2CCN1Cc1cc(O)c(O)nc1O,中毒,23.636988,27.68339,,,,,,,,,False,False,False,,-4.8588552,40.79815
O=C(c1nn[nH]c1N(Cc1ccccc1)Cc1ccccc1)C(SS(=O)(=O)O)N1CN2CCC1CC2,O=C(c1nn[nH]c1N(Cc1ccccc1)Cc1ccccc1)C(SS(=O)(=O)O)N1CN2CCC1CC2,中毒,24.01405,28.273901,,,,,,,,,False,False,False,,-16.717012,-25.762177
O=C(c1nn[nH]c1N(Cc1ccccc1)Cc1ccccc1)C1NCCc2ccccc21,O=C(c1nn[nH]c1N(Cc1ccccc1)Cc1ccccc1)C1NCCc2ccccc21,中毒,15.638494,67.254944,3.223646028,0.537037037,0.462962963,0.762514552,0.679860303,0.688009313,0.710128056,679,True,False,False,,7.8779883,-41.765068
O=C(c1ccc2ncoc2c1)c1nn[nH]c1N(Cc1ccccc1)Cc1ccccc1,O=C(c1ccc2ncoc2c1)c1nn[nH]c1N(Cc1ccccc1)Cc1ccccc1,中毒,11.383073,108.79434,2.782064908,0.647058824,0.352941176,0.465657742,0.264260768,0.2112922,0.313736903,202,True,False,False,,12.662673,20.046026
O=C(c1nn[nH]c1N(Cc1ccccc1)Cc1ccccc1)c1c(Cl)c2ccc(Cl)nc2n1C1CC1,O=C(c1nn[nH]c1N(Cc1ccccc1)Cc1ccccc1)c1c(Cl)c2ccc(Cl)nc2n1C1CC1,中毒,37.82257,17.327919,,,,,,,,,False,False,False,,-13.268066,26.075163
O=C(O[15I])c1nn[nH]c1N(Cc1ccccc1)Cc1ccccc1,O=C(O[15I])c1nn[nH]c1N(Cc1ccccc1)Cc1ccccc1,高毒,9.562925,34.70963,2.938681815,0.674418605,0.325581395,0.308498254,0.449359721,0.10419092,0.287349631,178,True,False,False,,-23.902674,-10.63143
O=C(C1=CC=C[N+]=NN1)c1nn[nH]c1N(Cc1ccccc1)Cc1ccccc1,O=C(C1=CC=C[N+]=NN1)c1nn[nH]c1N(Cc1ccccc1)Cc1ccccc1,低毒,18.650099,36.587296,3.603082811,0.62,0.38,0.929569267,0.849825378,0.369615832,0.716336826,687,True,False,False,,12.977905,6.4941688
O=C(c1nn[nH]c1N(Cc1ccccc1)Cc1ccccc1)c1[nH]nc(C2=Nc3cccc4[nH]nc(c34)S2)c1Cc1cccnn1,O=C(c1nn[nH]c1N(Cc1ccccc1)Cc1ccccc1)c1[nH]nc(C2=Nc3cccc4[nH]nc(c34)S2)c1Cc1cccnn1,中毒,63.94808,56.599335,,,,,,,,,False,False,False,,34.220177,1.2282637
O=C(C(Cl)=C(NC(=S)NC(=O)c1c(Cl)cccc1Cl)c1ccc2[nH]cnc2c1)c1nn[nH]c1N(Cc1ccccc1)Cc1ccccc1,O=C(C(Cl)=C(NC(=S)NC(=O)c1c(Cl)cccc1Cl)c1ccc2[nH]cnc2c1)c1nn[nH]c1N(Cc1ccccc1)Cc1ccccc1,中毒,18.233843,75.288994,3.515034912,0.394736842,0.605263158,0.910360885,0.817229336,0.968568102,0.898719441,839,True,False,False,,-4.9073443,-3.4275763
O=C1C=CC2=C3SC(c4ccccc4O)=CN3CC(C(=O)c3nn[nH]c3N(Cc3ccccc3)Cc3ccccc3)SC(F)=C12,O=C1C=CC2=C3SC(c4ccccc4O)=CN3CC(C(=O)c3nn[nH]c3N(Cc3ccccc3)Cc3ccccc3)SC(F)=C12,中毒,24.282879,11.257486,,,,,,,,,False,False,False,,3.5100577,-36.929363
O=C(c1ccccc1I)c1nn[nH]c1N(Cc1ccccc1)Cc1ccccc1,O=C(c1ccccc1I)c1nn[nH]c1N(Cc1ccccc1)Cc1ccccc1,低毒,24.288965,34.50007,,,,,,,,,False,False,False,,-5.708391,11.489992
O=C(c1ccc(Cl)o1)c1nn[nH]c1N(Cc1ccccc1)Cc1ccccc1,O=C(c1ccc(Cl)o1)c1nn[nH]c1N(Cc1ccccc1)Cc1ccccc1,低毒,8.2594,108.79434,2.719030059,0.673913043,0.326086957,0.208381839,0.18975553,0.123399302,0.173845557,69,True,True,False,,8.356451,0.49011958
O=C(c1nn[nH]c1N(Cc1ccccc1)Cc1ccccc1)N(Cc1ccc(OC(F)(F)F)cc1)c1ccco1,O=C(c1nn[nH]c1N(Cc1ccccc1)Cc1ccccc1)N(Cc1ccc(OC(F)(F)F)cc1)c1ccco1,中毒,12.357439,21.310154,2.993552642,0.467741935,0.532258065,0.53201397,0.512223516,0.873690338,0.639309274,595,True,False,False,,-19.731886,-12.894652
O=C(c1nn[nH]c1N(Cc1ccccc1)Cc1ccccc1)c1scn[n+]1[O-],O=C(c1nn[nH]c1N(Cc1ccccc1)Cc1ccccc1)c1scn[n+]1[O-],低毒,8.02164,19.939602,3.254427057,0.62,0.38,0.197322468,0.697322468,0.369615832,0.421420256,344,True,False,False,,23.998781,19.60687
O=C(c1nn[nH]c1N(Cc1ccccc1)Cc1ccccc1)C1CON(C2CC2Br)C1,O=C(c1nn[nH]c1N(Cc1ccccc1)Cc1ccccc1)C1CON(C2CC2Br)C1,中毒,12.001227,26.930273,4.192066769,0.491525424,0.508474576,0.511059371,0.949941793,0.831199069,0.764066744,731,True,False,False,,7.627259,-34.037716
O=C(c1nn[nH]c1N(Cc1ccccc1)Cc1ccccc1)N1CC2C(c3cc(Sc4nnsn4)cc([N+](=O)[O-])c3)=CC=CN2C1,O=C(c1nn[nH]c1N(Cc1ccccc1)Cc1ccccc1)N1CC2C(c3cc(Sc4nnsn4)cc([N+](=O)[O-])c3)=CC=CN2C1,中毒,22.997355,17.420776,,,,,,,,,False,False,False,,3.956358,43.181072
O=C(c1nn[nH]c1N(Cc1ccccc1)Cc1ccccc1)[SH](c1ccccc1Cl)S(=O)(=O)c1cccnc1,O=C(c1nn[nH]c1N(Cc1ccccc1)Cc1ccccc1)[SH](c1ccccc1Cl)S(=O)(=O)c1cccnc1,中毒,36.691216,29.625902,,,,,,,,,False,False,False,,-17.707054,-33.80775
O=C(c1nn[nH]c1N(Cc1ccccc1)Cc1ccccc1)c1c(O)c(Br)nc2ccccc12,O=C(c1nn[nH]c1N(Cc1ccccc1)Cc1ccccc1)c1c(O)c(Br)nc2ccccc12,中毒,55.901173,12.258503,,,,,,,,,False,False,False,,1.4698889,1.4273558
O=C(c1cn(-c2cc(Cl)c(OCC(F)(F)F)c(Br)c2)nc1Cl)c1nn[nH]c1N(Cc1ccccc1)Cc1ccccc1,O=C(c1cn(-c2cc(Cl)c(OCC(F)(F)F)c(Br)c2)nc1Cl)c1nn[nH]c1N(Cc1ccccc1)Cc1ccccc1,中毒,11.999475,57.48542,3.265089484,0.430555556,0.569444444,0.509895227,0.704307334,0.926658906,0.713620489,684,True,False,False,,-17.22875,10.46527
O=C(C=Cc1c[nH]nc1-c1ncon1)c1nn[nH]c1N(Cc1ccccc1)Cc1ccccc1,O=C(C=Cc1c[nH]nc1-c1ncon1)c1nn[nH]c1N(Cc1ccccc1)Cc1ccccc1,中毒,21.348114,55.478966,,,,,,,,,False,False,False,,18.11088,1.8929114
O=C(c1cc2cc(Cl)[nH]c(=O)c2s1)c1nn[nH]c1N(Cc1ccccc1)Cc1ccccc1,O=C(c1cc2cc(Cl)[nH]c(=O)c2s1)c1nn[nH]c1N(Cc1ccccc1)Cc1ccccc1,中毒,45.00902,35.11842,,,,,,,,,False,False,False,,4.327009,-3.544892
O=C(c1nn[nH]c1N(Cc1ccccc1)Cc1ccccc1)C1([N+](=O)[O-])CC2(O)CSc3nn(S(=O)(=O)O)n3CN2c2ccccc21,O=C(c1nn[nH]c1N(Cc1ccccc1)Cc1ccccc1)C1([N+](=O)[O-])CC2(O)CSc3nn(S(=O)(=O)O)n3CN2c2ccccc21,中毒,10.368634,10.292379,4.793092772,0.353658537,0.646341463,0.359720605,0.982537835,0.993015134,0.778424525,744,True,False,False,,-3.8985019,-19.79963
O=C(c1nn[nH]c1N(Cc1ccccc1)Cc1ccccc1)C1NS(=O)(=O)c2ccccc21,O=C(c1nn[nH]c1N(Cc1ccccc1)Cc1ccccc1)C1NS(=O)(=O)c2ccccc21,中毒,8.280583,70.882996,3.473368155,0.547169811,0.452830189,0.214202561,0.797438882,0.653667055,0.555102833,495,True,False,False,,5.4384317,-27.618681
O=C(SSc1ccccc1N1CCN(n2ccnc2)CC1C(F)(F)F)c1nn[nH]c1N(Cc1ccccc1)Cc1ccccc1,O=C(SSc1ccccc1N1CCN(n2ccnc2)CC1C(F)(F)F)c1nn[nH]c1N(Cc1ccccc1)Cc1ccccc1,中毒,60.287785,24.342138,,,,,,,,,False,False,False,,-16.381899,-5.8654327
O=C(c1nn[nH]c1N(Cc1ccccc1)Cc1ccccc1)c1sc[n+]([O-])c1I,O=C(c1nn[nH]c1N(Cc1ccccc1)Cc1ccccc1)c1sc[n+]([O-])c1I,低毒,40.286354,26.455732,,,,,,,,,False,False,False,,24.669672,18.305557
O=C(c1ccc(S(=O)(=O)S(=O)(=O)O)s1)c1nn[nH]c1N(Cc1ccccc1)Cc1ccccc1,O=C(c1ccc(S(=O)(=O)S(=O)(=O)O)s1)c1nn[nH]c1N(Cc1ccccc1)Cc1ccccc1,中毒,50.242462,18.698236,,,,,,,,,False,False,False,,5.6656566,-3.3513606
O=C(c1nn[nH]c1N(Cc1ccccc1)Cc1ccccc1)c1snnc1COc1cccc(Br)c1,O=C(c1nn[nH]c1N(Cc1ccccc1)Cc1ccccc1)c1snnc1COc1cccc(Br)c1,低毒,22.961212,30.135832,,,,,,,,,False,False,False,,6.3515234,15.397455
O=C(c1nsnc1Cl)c1nn[nH]c1N(Cc1ccccc1)Cc1ccccc1,O=C(c1nsnc1Cl)c1nn[nH]c1N(Cc1ccccc1)Cc1ccccc1,低毒,18.950224,18.31347,2.962979027,0.659574468,0.340425532,0.949359721,0.479627474,0.169965076,0.53298409,467,True,False,False,,24.22137,2.7016408
O=C(c1nonc1NO)c1nn[nH]c1N(Cc1ccccc1)Cc1ccccc1,O=C(c1nonc1NO)c1nn[nH]c1N(Cc1ccccc1)Cc1ccccc1,微毒,11.376357,19.855677,3.020039039,0.645833333,0.354166667,0.463911525,0.534342258,0.241559953,0.413271246,334,True,False,False,,25.158278,7.9893785
O=C(C1=NOC(c2ccc(Cl)cc2Cl)C1)c1nn[nH]c1N(Cc1ccccc1)Cc1ccccc1,O=C(C1=NOC(c2ccc(Cl)cc2Cl)C1)c1nn[nH]c1N(Cc1ccccc1)Cc1ccccc1,中毒,31.247068,33.99595,,,,,,,,,False,False,False,,-14.757652,12.152008
O=C(c1nn[nH]c1N(Cc1ccccc1)Cc1ccccc1)C1CCN(C(Cl)Cl)C(=O)C1,O=C(c1nn[nH]c1N(Cc1ccccc1)Cc1ccccc1)C1CCN(C(Cl)Cl)C(=O)C1,中毒,18.870733,13.39559,3.467630198,0.5,0.5,0.940046566,0.791618161,0.807916182,0.846526969,801,True,False,False,,8.223657,-31.856083
O=C(c1nn[nH]c1N(Cc1ccccc1)Cc1ccccc1)C1CCc2[nH]c(=O)sc2C2COCCN2C1=O,O=C(c1nn[nH]c1N(Cc1ccccc1)Cc1ccccc1)C1CCc2[nH]c(=O)sc2C2COCCN2C1=O,中毒,32.752655,11.146428,,,,,,,,,False,False,False,,9.841535,-34.703896
O=C(c1nn[nH]c1N(Cc1ccccc1)Cc1ccccc1)C1(c2cccs2)CCCC1,O=C(c1nn[nH]c1N(Cc1ccccc1)Cc1ccccc1)C1(c2cccs2)CCCC1,中毒,10.034172,33.55768,2.91617907,0.527272727,0.472727273,0.335273574,0.415599534,0.722351572,0.491074893,421,True,False,False,,-0.9483558,-20.04951
O=C(C1=CSCCSC1)c1nn[nH]c1N(Cc1ccccc1)Cc1ccccc1,O=C(C1=CSCCSC1)c1nn[nH]c1N(Cc1ccccc1)Cc1ccccc1,中毒,15.026681,36.587296,3.195823956,0.607843137,0.392156863,0.717112922,0.661233993,0.408032596,0.595459837,535,True,False,False,,18.82961,7.923877
O=C(c1nn[nH]c1N(Cc1ccccc1)Cc1ccccc1)S(=O)(=O)c1cscn1,O=C(c1nn[nH]c1N(Cc1ccccc1)Cc1ccccc1)S(=O)(=O)c1cscn1,中毒,20.94673,62.87364,,,,,,,,,False,False,False,,-16.443518,-29.396326
O=C(c1cnns1)c1nn[nH]c1N(Cc1ccccc1)Cc1ccccc1,O=C(c1cnns1)c1nn[nH]c1N(Cc1ccccc1)Cc1ccccc1,低毒,16.576067,29.36747,2.878364423,0.659574468,0.340425532,0.811990687,0.379511059,0.169965076,0.453822274,387,True,False,False,,7.5630813,-3.44239
O=C(c1nn[nH]c1N(Cc1ccccc1)Cc1ccccc1)N1SCC(Nc2nc3cccnc3[nH]2)=NC1=S,O=C(c1nn[nH]c1N(Cc1ccccc1)Cc1ccccc1)N1SCC(Nc2nc3cccnc3[nH]2)=NC1=S,中毒,60.202854,77.67145,,,,,,,,,False,False,False,,-2.2255766,35.126133
O=C(c1ccc(Cl)cc1[N+](=O)[O-])c1nn[nH]c1N(Cc1ccccc1)Cc1ccccc1,O=C(c1ccc(Cl)cc1[N+](=O)[O-])c1nn[nH]c1N(Cc1ccccc1)Cc1ccccc1,中毒,13.110709,25.358694,2.646367261,0.574074074,0.425925926,0.606519208,0.110593714,0.55878929,0.425300737,353,True,False,False,,-22.507435,6.230686
O=C(c1nn[nH]c1N(Cc1ccccc1)Cc1ccccc1)c1c(F)c(O)c(F)c(F)c1F,O=C(c1nn[nH]c1N(Cc1ccccc1)Cc1ccccc1)c1c(F)c(O)c(F)c(F)c1F,中毒,60.611076,16.613554,,,,,,,,,False,False,False,,3.4069335,4.923571
O=C(CCI)OC(=O)c1nn[nH]c1N(Cc1ccccc1)Cc1ccccc1,O=C(CCI)OC(=O)c1nn[nH]c1N(Cc1ccccc1)Cc1ccccc1,高毒,25.978792,37.091206,,,,,,,,,False,False,False,,-24.846668,-11.090147
O=C(c1nn[nH]c1N(Cc1ccccc1)Cc1ccccc1)c1cnn2ncccc12,O=C(c1nn[nH]c1N(Cc1ccccc1)Cc1ccccc1)c1cnn2ncccc12,中毒,23.90006,30.879324,,,,,,,,,False,False,False,,-10.096474,5.2937894
O=C(c1nn[nH]c1N(Cc1ccccc1)Cc1ccccc1)C1(F)CS1,O=C(c1nn[nH]c1N(Cc1ccccc1)Cc1ccccc1)C1(F)CS1,中毒,8.2911215,53.78547,3.392800253,0.604166667,0.395833333,0.217694994,0.767171129,0.423748545,0.469538223,406,True,False,False,,-2.3937657,-19.965229
O=C(c1nn[nH]c1N(Cc1ccccc1)Cc1ccccc1)n1nnc(-c2cnn3c(-c4ccnc5sccc45)csc23)c1-c1nc2cnccc2s1,O=C(c1nn[nH]c1N(Cc1ccccc1)Cc1ccccc1)n1nnc(-c2cnn3c(-c4ccnc5sccc45)csc23)c1-c1nc2cnccc2s1,中毒,43.09205,14.3937645,,,,,,,,,False,False,False,,-0.31984633,28.720222
O=C(c1cccc([N+](=O)[O-])c1)c1nn[nH]c1N(Cc1ccccc1)Cc1ccccc1,O=C(c1cccc([N+](=O)[O-])c1)c1nn[nH]c1N(Cc1ccccc1)Cc1ccccc1,低毒,5.3406773,21.606764,2.549963704,0.708333333,0.291666667,0.08032596,0.051222352,0.059371362,0.063639891,20,True,True,False,,-23.908258,1.9000708
N#CCCc1ccccc1C(=O)c1nn[nH]c1N(Cc1ccccc1)Cc1ccccc1,N#CCCc1ccccc1C(=O)c1nn[nH]c1N(Cc1ccccc1)Cc1ccccc1,中毒,9.217758,26.113438,2.703479091,0.607843137,0.392156863,0.281140861,0.169965076,0.408032596,0.286379511,176,True,False,False,,-6.9172025,14.363893
O=C(C(=C(O)c1ccccc1)P(=O)(c1ccccc1)c1ccccn1)c1nn[nH]c1N(Cc1ccccc1)Cc1ccccc1,O=C(C(=C(O)c1ccccc1)P(=O)(c1ccccc1)c1ccccn1)c1nn[nH]c1N(Cc1ccccc1)Cc1ccccc1,中毒,99.14502,22.58534,,,,,,,,,False,False,False,,1.3907058,-13.391321
O=C(c1ccc2[nH]ccc2c1)c1nn[nH]c1N(Cc1ccccc1)Cc1ccccc1,O=C(c1ccc2[nH]ccc2c1)c1nn[nH]c1N(Cc1ccccc1)Cc1ccccc1,中毒,11.405861,34.50007,2.659249523,0.6875,0.3125,0.467403958,0.126891735,0.091967404,0.228754366,115,True,False,False,,12.665583,15.688396
O=C(c1nn[nH]c1N(Cc1ccccc1)Cc1ccccc1)C1CCCNC1,O=C(c1nn[nH]c1N(Cc1ccccc1)Cc1ccccc1)C1CCCNC1,中毒,10.869423,21.035542,3.132786612,0.557692308,0.442307692,0.4225844,0.622817229,0.622235157,0.555878929,496,True,False,False,,7.293773,-32.238758
O=C(c1nn[nH]c1N(Cc1ccccc1)Cc1ccccc1)C1OC1c1ccncc1-c1cccnc1,O=C(c1nn[nH]c1N(Cc1ccccc1)Cc1ccccc1)C1OC1c1ccncc1-c1cccnc1,中毒,13.358151,44.86334,3.724166794,0.483333333,0.516666667,0.628637951,0.871944121,0.844586729,0.781722934,749,True,False,False,,16.117737,-25.908329
O=C(c1nn[nH]c1N(Cc1ccccc1)Cc1ccccc1)c1sc(CCOP(=O)(O)O)cc1F,O=C(c1nn[nH]c1N(Cc1ccccc1)Cc1ccccc1)c1sc(CCOP(=O)(O)O)cc1F,中毒,19.750269,30.788603,3.201032063,0.533333333,0.466666667,0.990686845,0.664726426,0.7112922,0.788901824,758,True,False,False,,16.66299,10.209318
O=C(c1nonc1N1CCCC1)c1nn[nH]c1N(Cc1ccccc1)Cc1ccccc1,O=C(c1nonc1N1CCCC1)c1nn[nH]c1N(Cc1ccccc1)Cc1ccccc1,中毒,16.576067,26.370928,2.905021985,0.58490566,0.41509434,0.811990687,0.399301513,0.504656577,0.571982926,509,True,False,False,,24.79778,6.310737
O=C(ON=Cc1ccsc1)c1nn[nH]c1N(Cc1ccccc1)Cc1ccccc1,O=C(ON=Cc1ccsc1)c1nn[nH]c1N(Cc1ccccc1)Cc1ccccc1,中毒,11.058763,35.818108,2.915841708,0.50877193,0.49122807,0.447031432,0.41443539,0.778812573,0.546759798,485,True,False,False,,-23.328362,-13.476736
O=C(c1nn[nH]c1N(Cc1ccccc1)Cc1ccccc1)N(Nc1ccc2ccccc2c1)c1cc(I)cc(Cl)c1O,O=C(c1nn[nH]c1N(Cc1ccccc1)Cc1ccccc1)N(Nc1ccc2ccccc2c1)c1cc(I)cc(Cl)c1O,中毒,15.630721,9.466301,3.221029345,0.426470588,0.573529412,0.760186263,0.67636787,0.932479627,0.78967792,761,True,False,False,,-23.447168,10.370025
O=C(c1nn[nH]c1N(Cc1ccccc1)Cc1ccccc1)c1sc2nc(SCNc3ccccc3O)sc2c1Nc1ccc(Br)cc1,O=C(c1nn[nH]c1N(Cc1ccccc1)Cc1ccccc1)c1sc2nc(SCNc3ccccc3O)sc2c1Nc1ccc(Br)cc1,中毒,63.344276,25.60482,,,,,,,,,False,False,False,,2.0678153,-6.816589
O=C(c1nn[nH]c1N(Cc1ccccc1)Cc1ccccc1)c1ccnn[n+]1-c1ccccc1,O=C(c1nn[nH]c1N(Cc1ccccc1)Cc1ccccc1)c1ccnn[n+]1-c1ccccc1,低毒,13.795804,21.410532,3.212508282,0.607843137,0.392156863,0.650174622,0.669383003,0.408032596,0.575863407,512,True,False,False,,24.214052,14.106173
O=C(c1nn[nH]c1N(Cc1ccccc1)Cc1ccccc1)c1co[nH]c1=S,O=C(c1nn[nH]c1N(Cc1ccccc1)Cc1ccccc1)c1co[nH]c1=S,低毒,12.416482,84.93682,3.12634338,0.632653061,0.367346939,0.537834692,0.619324796,0.313154831,0.490104773,420,True,False,False,,1.2558805,17.825274
O=C(c1ccc(Cl)c(Cl)c1O)c1nn[nH]c1N(Cc1ccccc1)Cc1ccccc1,O=C(c1ccc(Cl)c(Cl)c1O)c1nn[nH]c1N(Cc1ccccc1)Cc1ccccc1,低毒,17.132633,19.154457,2.70959169,0.632653061,0.367346939,0.862048894,0.176949942,0.313154831,0.450717889,380,True,False,False,,-10.521004,10.271149
O=C(c1nc[nH]c1Cl)c1nn[nH]c1N(Cc1ccccc1)Cc1ccccc1,O=C(c1nc[nH]c1Cl)c1nn[nH]c1N(Cc1ccccc1)Cc1ccccc1,低毒,28.480597,30.286152,,,,,,,,,False,False,False,,28.089697,11.222579
O=C1C=Cc2ccc(-c3cocc3C3(C(=O)c4nn[nH]c4N(Cc4ccccc4)Cc4ccccc4)CO3)n2CCO1,O=C1C=Cc2ccc(-c3cocc3C3(C(=O)c4nn[nH]c4N(Cc4ccccc4)Cc4ccccc4)CO3)n2CCO1,中毒,49.89573,14.2372675,,,,,,,,,False,False,False,,-3.2173262,-5.4558673
O=C(c1nn[nH]c1N(Cc1ccccc1)Cc1ccccc1)C1OC2OC(CO)C(O)C(O)C2O1,O=C(c1nn[nH]c1N(Cc1ccccc1)Cc1ccccc1)C1OC2OC(CO)C(O)C(O)C2O1,低毒,47.79677,73.04137,,,,,,,,,False,False,False,,-6.059142,-40.4781
O=C(c1nn[nH]c1N(Cc1ccccc1)Cc1ccccc1)c1ccn[nH]c1=S,O=C(c1nn[nH]c1N(Cc1ccccc1)Cc1ccccc1)c1ccn[nH]c1=S,低毒,12.6855,98.82907,2.945468541,0.659574468,0.340425532,0.570430733,0.458672875,0.169965076,0.399689562,316,True,False,False,,1.4699885,18.274084
O=C(Oc1ccccc1CN1CCCC1)c1nn[nH]c1N(Cc1ccccc1)Cc1ccccc1,O=C(Oc1ccccc1CN1CCCC1)c1nn[nH]c1N(Cc1ccccc1)Cc1ccccc1,低毒,19.845438,34.70963,2.60299069,0.50877193,0.49122807,0.993597206,0.084982538,0.778812573,0.619130772,567,True,False,False,,-30.957777,-8.363825
O=C(c1nn[nH]c1N(Cc1ccccc1)Cc1ccccc1)C1CCSCO1,O=C(c1nn[nH]c1N(Cc1ccccc1)Cc1ccccc1)C1CCSCO1,低毒,9.554603,98.3049,3.543620347,0.566037736,0.433962264,0.302677532,0.82887078,0.598370198,0.576639503,513,True,False,False,,10.773245,-35.961716
O=C(O)C1=CCN(S(=O)(=O)c2ccccc2F)C1(NS(=O)(=O)c1ccccn1)C(=O)c1nn[nH]c1N(Cc1ccccc1)Cc1ccccc1,O=C(O)C1=CCN(S(=O)(=O)c2ccccc2F)C1(NS(=O)(=O)c1ccccn1)C(=O)c1nn[nH]c1N(Cc1ccccc1)Cc1ccccc1,中毒,10.6748295,17.788555,4.044934546,0.381578947,0.618421053,0.370197905,0.933643772,0.978463329,0.760768335,724,True,False,False,,-8.351003,-25.288084
O=C(c1nn[nH]c1N(Cc1ccccc1)Cc1ccccc1)C12CC3CC1CN(C3)C2,O=C(c1nn[nH]c1N(Cc1ccccc1)Cc1ccccc1)C12CC3CC1CN(C3)C2,中毒,14.021876,8.471967,5.202957762,0.491525424,0.508474576,0.670547148,0.996507567,0.831199069,0.832751261,794,True,False,False,,-2.4039176,-27.076021
O=C(Sc1ccc(F)c(C(F)(F)F)c1Cl)c1nn[nH]c1N(Cc1ccccc1)Cc1ccccc1,O=C(Sc1ccc(F)c(C(F)(F)F)c1Cl)c1nn[nH]c1N(Cc1ccccc1)Cc1ccccc1,中毒,39.53932,15.473865,,,,,,,,,False,False,False,,-13.820095,-7.8548493
O=C(c1ccn(Cc2cccnc2)n1)c1nn[nH]c1N(Cc1ccccc1)Cc1ccccc1,O=C(c1ccn(Cc2cccnc2)n1)c1nn[nH]c1N(Cc1ccccc1)Cc1ccccc1,中毒,21.031939,50.18471,,,,,,,,,False,False,False,,18.428629,-8.059528
O=C(c1ccncc1OCCCl)c1nn[nH]c1N(Cc1ccccc1)Cc1ccccc1,O=C(c1ccncc1OCCCl)c1nn[nH]c1N(Cc1ccccc1)Cc1ccccc1,低毒,12.576244,20.287848,2.846430319,0.563636364,0.436363636,0.563445867,0.341094296,0.60419092,0.502910361,433,True,False,False,,-12.5074835,6.0009446
O=C(c1cc([N+](=O)[O-])sc1-c1cccc(O)c1)c1nn[nH]c1N(Cc1ccccc1)Cc1ccccc1,O=C(c1cc([N+](=O)[O-])sc1-c1cccc(O)c1)c1nn[nH]c1N(Cc1ccccc1)Cc1ccccc1,低毒,76.95605,12.434814,,,,,,,,,False,False,False,,-19.639986,3.1564507
O=C(c1conc1-c1ccsc1)c1nn[nH]c1N(Cc1ccccc1)Cc1ccccc1,O=C(c1conc1-c1ccsc1)c1nn[nH]c1N(Cc1ccccc1)Cc1ccccc1,低毒,158.41454,20.035828,,,,,,,,,False,False,False,,4.155072,20.759851
O=C(c1nn[nH]c1N(Cc1ccccc1)Cc1ccccc1)C(c1cccs1)S(=O)(=O)Cc1sccc1Cl,O=C(c1nn[nH]c1N(Cc1ccccc1)Cc1ccccc1)C(c1cccs1)S(=O)(=O)Cc1sccc1Cl,中毒,33.316048,26.634277,,,,,,,,,False,False,False,,-18.953741,-26.423056
N#Cc1nocc1C(=O)c1nn[nH]c1N(Cc1ccccc1)Cc1ccccc1,N#Cc1nocc1C(=O)c1nn[nH]c1N(Cc1ccccc1)Cc1ccccc1,低毒,19.010164,51.347263,3.003404107,0.596153846,0.403846154,0.958090803,0.520372526,0.448195576,0.642219635,598,True,False,False,,-0.24688195,15.1593075
O=C(c1nn[nH]c1N(Cc1ccccc1)Cc1ccccc1)[SH](SC1OC(CO)C(O)C(O)C1O)c1cc2cc(Cl)ccc2[nH]c1=O,O=C(c1nn[nH]c1N(Cc1ccccc1)Cc1ccccc1)[SH](SC1OC(CO)C(O)C(O)C1O)c1cc2cc(Cl)ccc2[nH]c1=O,低毒,32.702553,13.958889,,,,,,,,,False,False,False,,-6.966571,-40.503086
O=C(C1=Nc2ccccc2C=CC=C1N1CCCCC1)c1nn[nH]c1N(Cc1ccccc1)Cc1ccccc1,O=C(C1=Nc2ccccc2C=CC=C1N1CCCCC1)c1nn[nH]c1N(Cc1ccccc1)Cc1ccccc1,中毒,17.002857,14.075265,3.227460351,0.492063492,0.507936508,0.838183935,0.683352736,0.821303842,0.780946837,747,True,False,False,,9.722732,35.726627
O=C(c1nn[nH]c1N(Cc1ccccc1)Cc1ccccc1)c1scc(C(F)(F)F)c1-n1cccc1,O=C(c1nn[nH]c1N(Cc1ccccc1)Cc1ccccc1)c1scc(C(F)(F)F)c1-n1cccc1,中毒,32.611015,23.51013,,,,,,,,,False,False,False,,29.147917,-5.5816956
O=C(c1coc(Nc2ccccc2)n1)c1nn[nH]c1N(Cc1ccccc1)Cc1ccccc1,O=C(c1coc(Nc2ccccc2)n1)c1nn[nH]c1N(Cc1ccccc1)Cc1ccccc1,低毒,10.281827,36.07957,2.820137071,0.58490566,0.41509434,0.348079162,0.311990687,0.504656577,0.388242142,302,True,False,False,,14.458491,-8.725011
O=C(C(=C(NO)SCc1ncns1)c1nccs1)c1nn[nH]c1N(Cc1ccccc1)Cc1ccccc1,O=C(C(=C(NO)SCc1ncns1)c1nccs1)c1nn[nH]c1N(Cc1ccccc1)Cc1ccccc1,中毒,78.61798,74.69442,,,,,,,,,False,False,False,,7.571787,-11.592583
O=C(NC(=Nc1cccc(F)c1)c1ccncc1)c1nn[nH]c1N(Cc1ccccc1)Cc1ccccc1,O=C(NC(=Nc1cccc(F)c1)c1ccncc1)c1nn[nH]c1N(Cc1ccccc1)Cc1ccccc1,低毒,10.094118,17.299889,3.003966873,0.476190476,0.523809524,0.338766007,0.521536671,0.850407451,0.570236709,507,True,False,False,,7.8903637,10.40786
O=C1CN(C(=O)c2nn[nH]c2N(Cc2ccccc2)Cc2ccccc2)N=CS1,O=C1CN(C(=O)c2nn[nH]c2N(Cc2ccccc2)Cc2ccccc2)N=CS1,中毒,17.502916,22.916853,3.231578949,0.547169811,0.452830189,0.883585565,0.68451688,0.653667055,0.740589833,713,True,False,False,,-2.462908,38.103794
O=C(c1nn[nH]c1N(Cc1ccccc1)Cc1ccccc1)c1sccc1Cl,O=C(c1nn[nH]c1N(Cc1ccccc1)Cc1ccccc1)c1sccc1Cl,低毒,4.2356267,21.606764,2.746276588,0.695652174,0.304347826,0.022700815,0.220023283,0.076251455,0.106325184,30,True,True,False,,4.727356,-8.156766
O=C(c1cc(F)ccc1[N+](=O)[O-])c1nn[nH]c1N(Cc1ccccc1)Cc1ccccc1,O=C(c1cc(F)ccc1[N+](=O)[O-])c1nn[nH]c1N(Cc1ccccc1)Cc1ccccc1,中毒,10.3367815,17.77901,2.664254385,0.574074074,0.425925926,0.357974389,0.131548312,0.55878929,0.34943733,248,True,False,False,,-21.724756,5.1192765
O=C(c1nn[nH]c1N(Cc1ccccc1)Cc1ccccc1)c1coc2cccnc2c1=O,O=C(c1nn[nH]c1N(Cc1ccccc1)Cc1ccccc1)c1coc2cccnc2c1=O,低毒,18.686287,39.433178,2.887957302,0.553571429,0.446428571,0.933643772,0.388824214,0.63911525,0.653861079,614,True,False,False,,-1.2003826,17.909674
O=C(c1nn[nH]c1N(Cc1ccccc1)Cc1ccccc1)c1[nH]cnc1C1CC1,O=C(c1nn[nH]c1N(Cc1ccccc1)Cc1ccccc1)c1[nH]cnc1C1CC1,低毒,24.616661,68.55407,,,,,,,,,False,False,False,,29.814342,12.407852
O=C(c1nn[nH]c1N(Cc1ccccc1)Cc1ccccc1)C1CC2CCCCC1N2CSSC1CCCCC1,O=C(c1nn[nH]c1N(Cc1ccccc1)Cc1ccccc1)C1CC2CCCCC1N2CSSC1CCCCC1,中毒,24.537098,42.099205,,,,,,,,,False,False,False,,5.3231225,-30.423355
O=C(c1ccc2cn[nH]c2c1)c1nn[nH]c1N(Cc1ccccc1)Cc1ccccc1,O=C(c1ccc2cn[nH]c2c1)c1nn[nH]c1N(Cc1ccccc1)Cc1ccccc1,低毒,14.014227,34.50007,2.699269423,0.673469388,0.326530612,0.669383003,0.165308498,0.138533178,0.324408227,215,True,False,False,,13.406536,15.837153
O=C(c1nn[nH]c1N(Cc1ccccc1)Cc1ccccc1)c1c(Cl)cccc1Br,O=C(c1nn[nH]c1N(Cc1ccccc1)Cc1ccccc1)c1c(Cl)cccc1Br,中毒,4.2356267,34.049644,2.665835836,0.645833333,0.354166667,0.022700815,0.135040745,0.241559953,0.133100504,46,True,True,False,,-0.55691695,5.670547
O=C(c1nn[nH]c1N(Cc1ccccc1)Cc1ccccc1)C(O)c1cccnc1,O=C(c1nn[nH]c1N(Cc1ccccc1)Cc1ccccc1)C(O)c1cccnc1,高毒,9.146532,35.110603,3.143019936,0.557692308,0.442307692,0.267753201,0.628637951,0.622235157,0.50620877,438,True,False,False,,-23.509104,-26.847359
O=C(SP1(=S)SCc2c(nc3c(NC4CCCCC4)cc(F)c(F)c3c2O)CC1=O)c1nn[nH]c1N(Cc1ccccc1)Cc1ccccc1,O=C(SP1(=S)SCc2c(nc3c(NC4CCCCC4)cc(F)c(F)c3c2O)CC1=O)c1nn[nH]c1N(Cc1ccccc1)Cc1ccccc1,中毒,32.702553,62.459347,,,,,,,,,False,False,False,,8.757946,-24.701221
O=C(c1nn[nH]c1N(Cc1ccccc1)Cc1ccccc1)C(c1ccccc1)c1ccccc1,O=C(c1nn[nH]c1N(Cc1ccccc1)Cc1ccccc1)C(c1ccccc1)c1ccccc1,高毒,65.61035,66.28308,,,,,,,,,False,False,False,,-21.356165,-20.520391
O=C(c1cc(I)c(ON(C(F)(F)F)C(F)(F)F)cc1Br)c1nn[nH]c1N(Cc1ccccc1)Cc1ccccc1,O=C(c1cc(I)c(ON(C(F)(F)F)C(F)(F)F)cc1Br)c1nn[nH]c1N(Cc1ccccc1)Cc1ccccc1,中毒,9.217758,84.037415,3.470082619,0.508196721,0.491803279,0.281140861,0.792782305,0.793364377,0.622429181,576,True,False,False,,-3.6113207,11.771702
O=C(c1cnc(Cl)cc1Cl)c1nn[nH]c1N(Cc1ccccc1)Cc1ccccc1,O=C(c1cnc(Cl)cc1Cl)c1nn[nH]c1N(Cc1ccccc1)Cc1ccccc1,中毒,15.429382,18.188808,2.75427138,0.632653061,0.367346939,0.745052386,0.225844005,0.313154831,0.428017074,357,True,False,False,,-10.094822,8.868961
O=C(c1nn[nH]c1N(Cc1ccccc1)Cc1ccccc1)N1CCN(S(=O)(=O)c2cccs2)CC1,O=C(c1nn[nH]c1N(Cc1ccccc1)Cc1ccccc1)N1CCN(S(=O)(=O)c2cccs2)CC1,中毒,31.753386,16.858675,,,,,,,,,False,False,False,,3.9136093,37.93972
O=C(Sc1cccs1)c1nn[nH]c1N(Cc1ccccc1)Cc1ccccc1,O=C(Sc1cccs1)c1nn[nH]c1N(Cc1ccccc1)Cc1ccccc1,高毒,11.934584,29.393785,2.852941002,0.58,0.42,0.502910361,0.349243306,0.533178114,0.46177726,398,True,False,False,,-11.344949,-6.1269774
O=C(c1ccc(Br)cc1)c1nn[nH]c1N(Cc1ccccc1)Cc1ccccc1,O=C(c1ccc(Br)cc1)c1nn[nH]c1N(Cc1ccccc1)Cc1ccccc1,高毒,4.2356267,34.50007,2.445246098,0.829268293,0.170731707,0.022700815,0.006984866,0.006402794,0.012029492,4,True,True,False,,12.592492,10.405847
O=C(c1nn[nH]c1N(Cc1ccccc1)Cc1ccccc1)c1[nH]c2cnccc2c1Br,O=C(c1nn[nH]c1N(Cc1ccccc1)Cc1ccccc1)c1[nH]c2cnccc2c1Br,中毒,5.989378,32.746445,2.915468125,0.574074074,0.425925926,0.123399302,0.413271246,0.55878929,0.365153279,272,True,False,False,,-12.97654,3.380142
O=C(c1c[nH]nc1Cl)c1nn[nH]c1N(Cc1ccccc1)Cc1ccccc1,O=C(c1c[nH]nc1Cl)c1nn[nH]c1N(Cc1ccccc1)Cc1ccccc1,中毒,16.576067,31.916294,3.000370396,0.645833333,0.354166667,0.811990687,0.515715949,0.241559953,0.523088863,454,True,False,False,,-21.50974,13.99331
O=C(c1nn[nH]c1N(Cc1ccccc1)Cc1ccccc1)c1scnc1Br,O=C(c1nn[nH]c1N(Cc1ccccc1)Cc1ccccc1)c1scnc1Br,低毒,24.998869,45.352272,,,,,,,,,False,False,False,,7.214875,-6.9842815
O=C(c1cn(-c2ccccc2Cl)nc1-c1ccccc1)c1nn[nH]c1N(Cc1ccccc1)Cc1ccccc1,O=C(c1cn(-c2ccccc2Cl)nc1-c1ccccc1)c1nn[nH]c1N(Cc1ccccc1)Cc1ccccc1,中毒,17.84168,62.419464,2.774736617,0.534482759,0.465517241,0.892898719,0.253783469,0.703725262,0.616802484,565,True,False,False,,-18.025648,12.854645
O=C(c1nn[nH]c1N(Cc1ccccc1)Cc1ccccc1)c1cc2ccccc2oc1=S,O=C(c1nn[nH]c1N(Cc1ccccc1)Cc1ccccc1)c1cc2ccccc2oc1=S,低毒,6.7213836,238.56888,2.849319396,0.58490566,0.41509434,0.1443539,0.344586729,0.504656577,0.331199069,222,True,False,False,,-6.079983,0.5784075
O=C(c1nn[nH]c1N(Cc1ccccc1)Cc1ccccc1)c1oc(=O)sc1Cl,O=C(c1nn[nH]c1N(Cc1ccccc1)Cc1ccccc1)c1oc(=O)sc1Cl,低毒,7.6844206,64.433624,3.044205581,0.607843137,0.392156863,0.18451688,0.552968568,0.408032596,0.381839348,294,True,False,False,,6.5084076,-0.30367997
O=C(c1nn[nH]c1N(Cc1ccccc1)Cc1ccccc1)C1CC=CCS1,O=C(c1nn[nH]c1N(Cc1ccccc1)Cc1ccccc1)C1CC=CCS1,中毒,14.497795,56.660545,3.532268169,0.568627451,0.431372549,0.697322468,0.821885914,0.583818393,0.701008925,666,True,False,False,,4.694426,-36.34646
O=C(c1nn[nH]c1N(Cc1ccccc1)Cc1ccccc1)[SH](C=NCl)c1ccccn1,O=C(c1nn[nH]c1N(Cc1ccccc1)Cc1ccccc1)[SH](C=NCl)c1ccccn1,中毒,11.934584,34.08825,3.983020132,0.50877193,0.49122807,0.502910361,0.926658906,0.778812573,0.73612728,707,True,False,False,,-4.1578317,-12.092891
O=C(S[N+](=O)[O-])c1nn[nH]c1N(Cc1ccccc1)Cc1ccccc1,O=C(S[N+](=O)[O-])c1nn[nH]c1N(Cc1ccccc1)Cc1ccccc1,低毒,5.7749395,33.37947,2.944276259,0.617021277,0.382978723,0.105355064,0.456344587,0.388824214,0.316841288,206,True,False,False,,-10.407442,-11.686079
O=C(c1nn[nH]c1N(Cc1ccccc1)Cc1ccccc1)[SH](Br)c1ccc2ccccc2c1,O=C(c1nn[nH]c1N(Cc1ccccc1)Cc1ccccc1)[SH](Br)c1ccc2ccccc2c1,中毒,20.07234,25.291515,,,,,,,,,False,False,False,,-31.034735,-1.6792525
O=C(c1nn[nH]c1N(Cc1ccccc1)Cc1ccccc1)C12COC1c1ccccc12,O=C(c1nn[nH]c1N(Cc1ccccc1)Cc1ccccc1)C12COC1c1ccccc12,中毒,15.270563,44.078316,3.769514897,0.517857143,0.482142857,0.728754366,0.88242142,0.753783469,0.788319752,756,True,False,False,,-1.8423,-22.590776
O=C(c1nn[nH]c1N(Cc1ccccc1)Cc1ccccc1)N1CCC(Cc2c(Cl)cccc2Cl)CC1,O=C(c1nn[nH]c1N(Cc1ccccc1)Cc1ccccc1)N1CCC(Cc2c(Cl)cccc2Cl)CC1,中毒,28.38094,36.417004,,,,,,,,,False,False,False,,5.699686,37.745808
O=C(c1nn[nH]c1N(Cc1ccccc1)Cc1ccccc1)c1ccnn1-c1cn(-c2ccccc2Cl)nn1,O=C(c1nn[nH]c1N(Cc1ccccc1)Cc1ccccc1)c1ccnn1-c1cn(-c2ccccc2Cl)nn1,低毒,43.283073,76.768974,,,,,,,,,False,False,False,,30.51253,-11.595901
O=C(c1nc2ccc(Cl)cc2s1)c1nn[nH]c1N(Cc1ccccc1)Cc1ccccc1,O=C(c1nc2ccc(Cl)cc2s1)c1nn[nH]c1N(Cc1ccccc1)Cc1ccccc1,中毒,14.101627,44.571575,2.744830482,0.563636364,0.436363636,0.682188591,0.217694994,0.60419092,0.501358168,430,True,False,False,,10.702922,-15.739277
O=C(c1nn[nH]c1N(Cc1ccccc1)Cc1ccccc1)c1nnn(-c2ccccc2Cl)c(=S)c1SCCc1nc2ccccc2s1,O=C(c1nn[nH]c1N(Cc1ccccc1)Cc1ccccc1)c1nnn(-c2ccccc2Cl)c(=S)c1SCCc1nc2ccccc2s1,中毒,17.151054,82.09398,3.389165901,0.402597403,0.597402597,0.870779977,0.764842841,0.964493597,0.866705471,817,True,False,False,,11.726142,-16.539778
O=C(c1ccc2oc(N3CCC=N3)nc2c1)c1nn[nH]c1N(Cc1ccccc1)Cc1ccccc1,O=C(c1ccc2oc(N3CCC=N3)nc2c1)c1nn[nH]c1N(Cc1ccccc1)Cc1ccccc1,低毒,16.480734,102.33306,3.197396074,0.532258065,0.467741935,0.802677532,0.662398137,0.712456345,0.725844005,696,True,False,False,,13.32595,19.057472
O=C(c1nn[nH]c1N(Cc1ccccc1)Cc1ccccc1)C(n1ccnn1)n1cnc2cnccc21,O=C(c1nn[nH]c1N(Cc1ccccc1)Cc1ccccc1)C(n1ccnn1)n1cnc2cnccc21,中毒,61.20171,16.431627,,,,,,,,,False,False,False,,-22.73864,-17.022375
O=C(c1nn[nH]c1N(Cc1ccccc1)Cc1ccccc1)c1c[nH]c2ccc(Br)cc12,O=C(c1nn[nH]c1N(Cc1ccccc1)Cc1ccccc1)c1c[nH]c2ccc(Br)cc12,中毒,48.891884,21.234655,,,,,,,,,False,False,False,,-19.462742,21.839926
O=C(c1nn[nH]c1N(Cc1ccccc1)Cc1ccccc1)c1cnnn1C1CCN(C(=S)SC(F)F)CC1,O=C(c1nn[nH]c1N(Cc1ccccc1)Cc1ccccc1)c1cnnn1C1CCN(C(=S)SC(F)F)CC1,中毒,66.64522,23.928694,,,,,,,,,False,False,False,,4.4814425,16.479132
O=C(SSc1ccc([N+](=O)[O-])o1)c1nn[nH]c1N(Cc1ccccc1)Cc1ccccc1,O=C(SSc1ccc([N+](=O)[O-])o1)c1nn[nH]c1N(Cc1ccccc1)Cc1ccccc1,低毒,7.6844206,68.19969,3.222686308,0.5,0.5,0.18451688,0.678696158,0.807916182,0.557043073,497,True,False,False,,12.428093,-12.296678
O=C(c1nn[nH]c1N(Cc1ccccc1)Cc1ccccc1)C(CN1CCOCC1)OCOO[N+](=O)[O-],O=C(c1nn[nH]c1N(Cc1ccccc1)Cc1ccccc1)C(CN1CCOCC1)OCOO[N+](=O)[O-],中毒,24.259094,24.239897,,,,,,,,,False,False,False,,2.4139087,-17.397285
O=C(c1coc(-c2ccoc2)n1)c1nn[nH]c1N(Cc1ccccc1)Cc1ccccc1,O=C(c1coc(-c2ccoc2)n1)c1nn[nH]c1N(Cc1ccccc1)Cc1ccccc1,低毒,61.220814,46.371414,,,,,,,,,False,False,False,,14.660456,-8.0335045
O=C(c1nn[nH]c1N(Cc1ccccc1)Cc1ccccc1)N1CCOC1,O=C(c1nn[nH]c1N(Cc1ccccc1)Cc1ccccc1)N1CCOC1,中毒,31.753386,50.621746,,,,,,,,,False,False,False,,4.8850665,34.19227
O=C(Sc1ccncc1)c1nn[nH]c1N(Cc1ccccc1)Cc1ccccc1,O=C(Sc1ccncc1)c1nn[nH]c1N(Cc1ccccc1)Cc1ccccc1,中毒,26.571814,29.393785,,,,,,,,,False,False,False,,-12.866037,-6.52579
O=C(c1nn[nH]c1N(Cc1ccccc1)Cc1ccccc1)c1c(F)cccc1Cl,O=C(c1nn[nH]c1N(Cc1ccccc1)Cc1ccccc1)c1c(F)cccc1Cl,中毒,9.994743,22.11593,2.582542468,0.632653061,0.367346939,0.331781141,0.076833527,0.313154831,0.240589833,125,True,False,False,,0.44581482,6.1856093
O=C(Oc1ccccc1Br)c1nn[nH]c1N(Cc1ccccc1)Cc1ccccc1,O=C(Oc1ccccc1Br)c1nn[nH]c1N(Cc1ccccc1)Cc1ccccc1,低毒,12.719338,39.769817,2.537135222,0.591836735,0.408163265,0.578579744,0.040745052,0.474388824,0.364571207,271,True,False,False,,-29.652472,-9.271638
O=C(c1cnoc1-n1cnnn1)c1nn[nH]c1N(Cc1ccccc1)Cc1ccccc1,O=C(c1cnoc1-n1cnnn1)c1nn[nH]c1N(Cc1ccccc1)Cc1ccccc1,低毒,19.28921,44.855484,3.152715103,0.561403509,0.438596491,0.977881257,0.633294529,0.610011641,0.740395809,712,True,False,False,,2.9090421,22.820724
O=C(c1nn[nH]c1N(Cc1ccccc1)Cc1ccccc1)C1(c2noc(Cc3ccncc3)n2)C(=NNc2cccs2)Nc2c(F)cccc21,O=C(c1nn[nH]c1N(Cc1ccccc1)Cc1ccccc1)C1(c2noc(Cc3ccncc3)n2)C(=NNc2cccs2)Nc2c(F)cccc21,中毒,24.91693,14.072692,,,,,,,,,False,False,False,,-5.451655,-5.3990655
O=Cc1c(C(=O)c2nn[nH]c2N(Cc2ccccc2)Cc2ccccc2)sc2ccccc12,O=Cc1c(C(=O)c2nn[nH]c2N(Cc2ccccc2)Cc2ccccc2)sc2ccccc12,中毒,125.65823,35.400833,,,,,,,,,False,False,False,,-0.3859957,-1.925625
O=C(c1nn[nH]c1N(Cc1ccccc1)Cc1ccccc1)c1c(Cl)noc1-c1ccccc1,O=C(c1nn[nH]c1N(Cc1ccccc1)Cc1ccccc1)c1c(Cl)noc1-c1ccccc1,中毒,57.900772,30.771832,,,,,,,,,False,False,False,,0.7713359,5.334207
O=C(c1nn[nH]c1N(Cc1ccccc1)Cc1ccccc1)N(Cl)c1ccc(C2(C(F)(F)F)CCC(F)C2)cc1,O=C(c1nn[nH]c1N(Cc1ccccc1)Cc1ccccc1)N(Cl)c1ccc(C2(C(F)(F)F)CCC(F)C2)cc1,高毒,14.719375,37.66503,4.146944678,0.432835821,0.567164179,0.707799767,0.945285215,0.922002328,0.858362437,811,True,False,False,,-14.311033,-14.831467
O=C(c1c[nH]nc1C(F)(F)F)c1nn[nH]c1N(Cc1ccccc1)Cc1ccccc1,O=C(c1c[nH]nc1C(F)(F)F)c1nn[nH]c1N(Cc1ccccc1)Cc1ccccc1,中毒,12.53793,61.784237,3.079377342,0.607843137,0.392156863,0.55355064,0.582072177,0.408032596,0.514551804,446,True,False,False,,-21.359383,13.860418
O=C(c1ccc(S)o1)c1nn[nH]c1N(Cc1ccccc1)Cc1ccccc1,O=C(c1ccc(S)o1)c1nn[nH]c1N(Cc1ccccc1)Cc1ccccc1,中毒,6.0083222,61.191177,2.982123867,0.673913043,0.326086957,0.128055879,0.504074505,0.123399302,0.251843229,139,True,False,False,,8.939875,0.540811
O=C(SN1CC1c1sccc1-c1c[nH]c2ccccc12)c1nn[nH]c1N(Cc1ccccc1)Cc1ccccc1,O=C(SN1CC1c1sccc1-c1c[nH]c2ccccc12)c1nn[nH]c1N(Cc1ccccc1)Cc1ccccc1,中毒,17.479357,17.58553,4.053427984,0.414285714,0.585714286,0.881257276,0.934807916,0.950523865,0.922196352,845,True,False,False,,-22.77917,23.089111
O=C(c1ccn(-c2cc(Cl)cc(Cl)c2COC2CCN2)n1)c1nn[nH]c1N(Cc1ccccc1)Cc1ccccc1,O=C(c1ccn(-c2cc(Cl)cc(Cl)c2COC2CCN2)n1)c1nn[nH]c1N(Cc1ccccc1)Cc1ccccc1,低毒,19.9696,97.86035,3.783360706,0.444444444,0.555555556,0.998835856,0.888242142,0.912689173,0.933255724,852,True,False,False,,25.060984,-10.000357
O=C(c1nn[nH]c1N(Cc1ccccc1)Cc1ccccc1)c1cc2c3c(sc2n(CCNc2ccncn2)c1=O)-c1ccccc1CC3,O=C(c1nn[nH]c1N(Cc1ccccc1)Cc1ccccc1)c1cc2c3c(sc2n(CCNc2ccncn2)c1=O)-c1ccccc1CC3,中毒,42.27535,15.046138,,,,,,,,,False,False,False,,15.017131,-5.899847
O=C(c1nn[nH]c1N(Cc1ccccc1)Cc1ccccc1)c1sc(-c2ccccn2)nc1Cl,O=C(c1nn[nH]c1N(Cc1ccccc1)Cc1ccccc1)c1sc(-c2ccccn2)nc1Cl,中毒,45.81795,25.641085,,,,,,,,,False,False,False,,11.047439,-8.333068
O=C(c1nn[nH]c1N(Cc1ccccc1)Cc1ccccc1)S(=O)(=O)CF,O=C(c1nn[nH]c1N(Cc1ccccc1)Cc1ccccc1)S(=O)(=O)CF,低毒,21.71792,70.04605,,,,,,,,,False,False,False,,-12.6571045,-26.813417
O=C(c1nn[nH]c1N(Cc1ccccc1)Cc1ccccc1)C(O)(F)CBr,O=C(c1nn[nH]c1N(Cc1ccccc1)Cc1ccccc1)C(O)(F)CBr,高毒,8.2911215,102.96765,3.384758903,0.604166667,0.395833333,0.217694994,0.762514552,0.423748545,0.46798603,404,True,False,False,,-14.239538,-12.250926
O=C(c1ccc(F)cc1)c1nn[nH]c1N(Cc1ccccc1)Cc1ccccc1,O=C(c1ccc(F)cc1)c1nn[nH]c1N(Cc1ccccc1)Cc1ccccc1,低毒,9.219173,20.880424,2.405758496,0.829268293,0.170731707,0.288125728,0.003492433,0.006402794,0.099340318,27,True,True,False,,11.461055,10.32162
O=C(c1nc2ccc(Cl)cc2[nH]1)c1nn[nH]c1N(Cc1ccccc1)Cc1ccccc1,O=C(c1nc2ccc(Cl)cc2[nH]1)c1nn[nH]c1N(Cc1ccccc1)Cc1ccccc1,中毒,5.7749395,40.16329,2.747984165,0.574074074,0.425925926,0.105355064,0.222351572,0.55878929,0.295498642,184,True,False,False,,-0.65761715,-6.351971
O=C(Nc1ccccc1Br)c1nn[nH]c1N(Cc1ccccc1)Cc1ccccc1,O=C(Nc1ccccc1Br)c1nn[nH]c1N(Cc1ccccc1)Cc1ccccc1,低毒,25.470003,22.836445,,,,,,,,,False,False,False,,-8.263369,-19.902378
O=C(c1nn[nH]c1N(Cc1ccccc1)Cc1ccccc1)C(C1=C(O)C=Cc2[nH]ncc2S1(=O)=O)[N+](=O)[O-],O=C(c1nn[nH]c1N(Cc1ccccc1)Cc1ccccc1)C(C1=C(O)C=Cc2[nH]ncc2S1(=O)=O)[N+](=O)[O-],中毒,38.66042,49.877544,,,,,,,,,False,False,False,,-27.62314,-23.704107
O=C1CSC(C(=O)c2nn[nH]c2N(Cc2ccccc2)Cc2ccccc2)C(=CP(=O)(O)O)CCN1,O=C1CSC(C(=O)c2nn[nH]c2N(Cc2ccccc2)Cc2ccccc2)C(=CP(=O)(O)O)CCN1,中毒,152.39894,30.520765,,,,,,,,,False,False,False,,3.363559,-35.9052
O=C(c1ccc(COP(=O)(O)O)cc1)c1nn[nH]c1N(Cc1ccccc1)Cc1ccccc1,O=C(c1ccc(COP(=O)(O)O)cc1)c1nn[nH]c1N(Cc1ccccc1)Cc1ccccc1,低毒,4.437938,26.775206,2.728010292,0.723404255,0.276595745,0.047147846,0.196740396,0.041909197,0.095265813,25,True,True,False,,15.445921,10.279335
O=C(c1nn[nH]c1N(Cc1ccccc1)Cc1ccccc1)C1COc2ccccc2-c2c1ccc1sccc21,O=C(c1nn[nH]c1N(Cc1ccccc1)Cc1ccccc1)C1COc2ccccc2-c2c1ccc1sccc21,中毒,13.265946,19.050045,3.523845646,0.420289855,0.579710145,0.618160652,0.819557625,0.940628638,0.792782305,768,True,False,False,,14.388645,-32.437065
O=C(c1c[nH]nn1)c1nn[nH]c1N(Cc1ccccc1)Cc1ccccc1,O=C(c1c[nH]nn1)c1nn[nH]c1N(Cc1ccccc1)Cc1ccccc1,低毒,16.576067,34.50007,3.036520385,0.704545455,0.295454545,0.811990687,0.548311991,0.065774156,0.475358945,409,True,False,False,,18.462719,-2.7031503
O=C(c1cc([N+](=O)[O-])cs1)c1nn[nH]c1N(Cc1ccccc1)Cc1ccccc1,O=C(c1cc([N+](=O)[O-])cs1)c1nn[nH]c1N(Cc1ccccc1)Cc1ccccc1,低毒,5.3406773,17.07878,2.865282521,0.58490566,0.41509434,0.08032596,0.366705471,0.504656577,0.317229336,207,True,False,False,,-22.684147,1.0578426
O=C(CP(c1ccccc1)c1ccccc1)c1nn[nH]c1N(Cc1ccccc1)Cc1ccccc1,O=C(CP(c1ccccc1)c1ccccc1)c1nn[nH]c1N(Cc1ccccc1)Cc1ccccc1,中毒,4.2356267,56.60067,2.930659626,0.630434783,0.369565217,0.022700815,0.434225844,0.344004657,0.266977105,155,True,False,False,,-5.880652,-13.771284
O=C(c1nn[nH]c1N(Cc1ccccc1)Cc1ccccc1)C(c1cscc1CSCl)[N+](=O)[O-],O=C(c1nn[nH]c1N(Cc1ccccc1)Cc1ccccc1)C(c1cscc1CSCl)[N+](=O)[O-],中毒,8.597657,24.28819,3.893120898,0.453125,0.546875,0.228172293,0.913853318,0.895227008,0.679084206,642,True,False,False,,-28.37861,-22.670265
O=C(c1cc2n(n1)CN2c1ccccc1F)c1nn[nH]c1N(Cc1ccccc1)Cc1ccccc1,O=C(c1cc2n(n1)CN2c1ccccc1F)c1nn[nH]c1N(Cc1ccccc1)Cc1ccccc1,低毒,24.939728,15.35812,,,,,,,,,False,False,False,,2.090763,9.038891
O=C(OCc1ccc(C(F)(F)F)cc1)c1nn[nH]c1N(Cc1ccccc1)Cc1ccccc1,O=C(OCc1ccc(C(F)(F)F)cc1)c1nn[nH]c1N(Cc1ccccc1)Cc1ccccc1,低毒,38.315414,25.683954,,,,,,,,,False,False,False,,-23.42301,-7.884972
O=C(c1nn[nH]c1N(Cc1ccccc1)Cc1ccccc1)N1CCCSCC1,O=C(c1nn[nH]c1N(Cc1ccccc1)Cc1ccccc1)N1CCCSCC1,中毒,31.753386,21.923925,,,,,,,,,False,False,False,,1.484794,38.78342
O=C(c1nn[nH]c1N(Cc1ccccc1)Cc1ccccc1)[SH](NN=Cc1cc(I)c(O)c(I)c1)OO,O=C(c1nn[nH]c1N(Cc1ccccc1)Cc1ccccc1)[SH](NN=Cc1cc(I)c(O)c(I)c1)OO,低毒,10.320248,36.67163,4.079958361,0.453125,0.546875,0.352735739,0.938300349,0.895227008,0.728754366,699,True,False,False,,-4.6075416,-13.34338
O=C(c1nn[nH]c1N(Cc1ccccc1)Cc1ccccc1)C(O)(c1ccccc1)C([N+](=O)[O-])P(c1ccccc1)N1CCCN1,O=C(c1nn[nH]c1N(Cc1ccccc1)Cc1ccccc1)C(O)(c1ccccc1)C([N+](=O)[O-])P(c1ccccc1)N1CCCN1,中毒,46.94021,19.657486,,,,,,,,,False,False,False,,-12.4048815,-12.669173
O=C(c1nn[nH]c1N(Cc1ccccc1)Cc1ccccc1)N1CCN(c2cccnn2)CC1,O=C(c1nn[nH]c1N(Cc1ccccc1)Cc1ccccc1)N1CCN(c2cccnn2)CC1,中毒,31.753386,12.740919,,,,,,,,,False,False,False,,3.9085836,39.6407
O=C(c1nn[nH]c1N(Cc1ccccc1)Cc1ccccc1)c1[nH][nH]c(=O)c1-c1ccccc1Cl,O=C(c1nn[nH]c1N(Cc1ccccc1)Cc1ccccc1)c1[nH][nH]c(=O)c1-c1ccccc1Cl,中毒,12.174841,43.588303,2.954105918,0.58490566,0.41509434,0.514551804,0.469150175,0.504656577,0.496119519,426,True,False,False,,-3.0790622,6.2647915
O=C(c1nn[nH]c1N(Cc1ccccc1)Cc1ccccc1)c1snc2c1CCN(O)C2,O=C(c1nn[nH]c1N(Cc1ccccc1)Cc1ccccc1)c1snc2c1CCN(O)C2,中毒,29.94098,33.46817,,,,,,,,,False,False,False,,25.152275,-2.4152951
O=C(c1nn[nH]c1N(Cc1ccccc1)Cc1ccccc1)c1c(O)csc1C(F)F,O=C(c1nn[nH]c1N(Cc1ccccc1)Cc1ccccc1)c1c(O)csc1C(F)F,中毒,12.273806,31.129118,3.103394974,0.596153846,0.403846154,0.52677532,0.603026775,0.448195576,0.525999224,459,True,False,False,,3.063604,3.8304036
O=C(C1=CC=CN2C=CN=C1C2)c1nn[nH]c1N(Cc1ccccc1)Cc1ccccc1,O=C(C1=CC=CN2C=CN=C1C2)c1nn[nH]c1N(Cc1ccccc1)Cc1ccccc1,中毒,19.267376,10.849848,4.586878858,0.553571429,0.446428571,0.972642608,0.969732247,0.63911525,0.860496702,813,True,False,False,,14.662,5.0699134
N#Cc1nc[nH]c1C(=O)c1nn[nH]c1N(Cc1ccccc1)Cc1ccccc1,N#Cc1nc[nH]c1C(=O)c1nn[nH]c1N(Cc1ccccc1)Cc1ccccc1,低毒,33.10753,114.26189,,,,,,,,,False,False,False,,29.60088,12.114803
O=C(C1=CC(C(F)=Cc2cc3cc4c(=NOCCO)c(nc3[nH]2)=CN=4)=CCOCC1=NC1CC1)c1nn[nH]c1N(Cc1ccccc1)Cc1ccccc1,O=C(C1=CC(C(F)=Cc2cc3cc4c(=NOCCO)c(nc3[nH]2)=CN=4)=CCOCC1=NC1CC1)c1nn[nH]c1N(Cc1ccccc1)Cc1ccccc1,中毒,10.283126,8.409181,5.283634406,0.31,0.69,0.349243306,0.998835856,0.998835856,0.782305006,750,True,False,False,,15.440559,24.932013
O=C(c1nn(-c2ccccc2F)cc1C1CC(CCN2CCNCC2)NC(C(=O)N2CCOCC2)C1)c1nn[nH]c1N(Cc1ccccc1)Cc1ccccc1,O=C(c1nn(-c2ccccc2F)cc1C1CC(CCN2CCNCC2)NC(C(=O)N2CCOCC2)C1)c1nn[nH]c1N(Cc1ccccc1)Cc1ccccc1,中毒,24.939728,33.43328,,,,,,,,,False,False,False,,6.944384,34.060547
O=C(OCc1ccccc1Br)c1nn[nH]c1N(Cc1ccccc1)Cc1ccccc1,O=C(OCc1ccccc1Br)c1nn[nH]c1N(Cc1ccccc1)Cc1ccccc1,高毒,20.95386,34.70963,,,,,,,,,False,False,False,,-24.40734,-7.265102
O=C(C(=S)OCO[N+](=O)[O-])c1nn[nH]c1N(Cc1ccccc1)Cc1ccccc1,O=C(C(=S)OCO[N+](=O)[O-])c1nn[nH]c1N(Cc1ccccc1)Cc1ccccc1,高毒,25.695772,102.45639,,,,,,,,,False,False,False,,-10.64617,-14.552897
O=C(c1nn[nH]c1N(Cc1ccccc1)Cc1ccccc1)C(Cl)Br,O=C(c1nn[nH]c1N(Cc1ccccc1)Cc1ccccc1)C(Cl)Br,低毒,6.8399177,53.78547,3.183058153,0.644444444,0.355555556,0.151920838,0.655413271,0.277648428,0.361660846,265,True,False,False,,-19.419134,-21.65512
O=C(N=Cc1ccccc1O)c1nn[nH]c1N(Cc1ccccc1)Cc1ccccc1,O=C(N=Cc1ccccc1O)c1nn[nH]c1N(Cc1ccccc1)Cc1ccccc1,高毒,12.252508,37.042847,2.792298294,0.568627451,0.431372549,0.523864959,0.272409779,0.583818393,0.460031044,397,True,False,False,,-3.5527043,-8.754063
O=C(c1nn[nH]c1N(Cc1ccccc1)Cc1ccccc1)S(=O)(=O)F,O=C(c1nn[nH]c1N(Cc1ccccc1)Cc1ccccc1)S(=O)(=O)F,低毒,13.811252,30.010038,2.814531361,0.674418605,0.325581395,0.654249127,0.301513388,0.10419092,0.353317811,253,True,False,False,,-12.335572,-26.954792
O=C(OCc1cccnc1)c1nn[nH]c1N(Cc1ccccc1)Cc1ccccc1,O=C(OCc1cccnc1)c1nn[nH]c1N(Cc1ccccc1)Cc1ccccc1,高毒,18.371008,34.70963,2.521156315,0.568627451,0.431372549,0.916181607,0.032596042,0.583818393,0.510865347,443,True,False,False,,-23.112488,-6.622159
O=C1CC(SS(=NCC2CCc3[nH]ncc3C2)C(=O)c2nn[nH]c2N(Cc2ccccc2)Cc2ccccc2)C(=O)N1CNc1cnsn1,O=C1CC(SS(=NCC2CCc3[nH]ncc3C2)C(=O)c2nn[nH]c2N(Cc2ccccc2)Cc2ccccc2)C(=O)N1CNc1cnsn1,中毒,21.988247,18.512197,,,,,,,,,False,False,False,,6.4702024,-19.77839
O=C(c1nn[nH]c1N(Cc1ccccc1)Cc1ccccc1)c1no[n+]([O-])c1Cl,O=C(c1nn[nH]c1N(Cc1ccccc1)Cc1ccccc1)c1no[n+]([O-])c1Cl,中毒,33.10753,16.515947,,,,,,,,,False,False,False,,21.7231,25.691174
O=C(c1nn[nH]c1N(Cc1ccccc1)Cc1ccccc1)C1CCc2nc(OC(F)(F)F)sc2NC1c1cn(Cc2ccccc2OC2CC2)nn1,O=C(c1nn[nH]c1N(Cc1ccccc1)Cc1ccccc1)C1CCc2nc(OC(F)(F)F)sc2NC1c1cn(Cc2ccccc2OC2CC2)nn1,中毒,30.215164,8.987774,,,,,,,,,False,False,False,,1.1154468,-31.457518
O=C(C1=NC(Cc2ccc3scnc3c2Cl)=NC12CCNCC2)c1nn[nH]c1N(Cc1ccccc1)Cc1ccccc1,O=C(C1=NC(Cc2ccc3scnc3c2Cl)=NC12CCNCC2)c1nn[nH]c1N(Cc1ccccc1)Cc1ccccc1,中毒,16.632706,14.3937645,4.175656455,0.413333333,0.586666667,0.820721769,0.947613504,0.956344587,0.90822662,842,True,False,False,,9.260112,-6.491929
O=C(c1nn[nH]c1N(Cc1ccccc1)Cc1ccccc1)C(CO)Cc1c[nH]cn1,O=C(c1nn[nH]c1N(Cc1ccccc1)Cc1ccccc1)C(CO)Cc1c[nH]cn1,中毒,12.528493,29.681398,3.491782092,0.517857143,0.482142857,0.547147846,0.807916182,0.753783469,0.702949166,668,True,False,False,,-19.619186,-24.392982
O=C(c1nn[nH]c1N(Cc1ccccc1)Cc1ccccc1)N1N=C(CBr)C1c1cccs1,O=C(c1nn[nH]c1N(Cc1ccccc1)Cc1ccccc1)N1N=C(CBr)C1c1cccs1,中毒,16.267395,13.07625,3.610496852,0.475409836,0.524590164,0.791618161,0.854481956,0.859720605,0.835273574,795,True,False,False,,0.5099694,-8.716271
O=C(c1nn[nH]c1N(Cc1ccccc1)Cc1ccccc1)N1CCN(c2ccc(Cl)cc2F)CC1,O=C(c1nn[nH]c1N(Cc1ccccc1)Cc1ccccc1)N1CCN(c2ccc(Cl)cc2F)CC1,中毒,28.38094,11.100464,,,,,,,,,False,False,False,,5.6289167,39.11699
O=C(c1cn(C2OC(Cc3nc4ccc(O)cc4s3)C(F)C2O)nc1N1CCCC1)c1nn[nH]c1N(Cc1ccccc1)Cc1ccccc1,O=C(c1cn(C2OC(Cc3nc4ccc(O)cc4s3)C(F)C2O)nc1N1CCCC1)c1nn[nH]c1N(Cc1ccccc1)Cc1ccccc1,中毒,35.905552,19.209352,,,,,,,,,False,False,False,,-16.41317,17.509039
O=C(c1nn[nH]c1N(Cc1ccccc1)Cc1ccccc1)P(=O)(OS(=O)O)c1cccs1,O=C(c1nn[nH]c1N(Cc1ccccc1)Cc1ccccc1)P(=O)(OS(=O)O)c1cccs1,中毒,108.28786,49.120102,,,,,,,,,False,False,False,,-10.808983,-18.175602
O=C(c1nn[nH]c1N(Cc1ccccc1)Cc1ccccc1)c1csc(=O)n1-c1ccccc1,O=C(c1nn[nH]c1N(Cc1ccccc1)Cc1ccccc1)c1csc(=O)n1-c1ccccc1,低毒,26.776985,38.876335,,,,,,,,,False,False,False,,11.270526,-3.876522
O=C(c1nn[nH]c1N(Cc1ccccc1)Cc1ccccc1)C1CCCCC1c1c[nH]cn1,O=C(c1nn[nH]c1N(Cc1ccccc1)Cc1ccccc1)C1CCCCC1c1c[nH]cn1,中毒,12.528493,20.505808,3.840593552,0.491525424,0.508474576,0.547147846,0.904540163,0.831199069,0.760962359,726,True,False,False,,6.092596,-29.72992
O=C(c1nc2c(s1)CCC2)c1nn[nH]c1N(Cc1ccccc1)Cc1ccccc1,O=C(c1nc2c(s1)CCC2)c1nn[nH]c1N(Cc1ccccc1)Cc1ccccc1,中毒,24.906235,40.356224,,,,,,,,,False,False,False,,21.428045,7.2909527
O=C(c1nn[nH]c1N(Cc1ccccc1)Cc1ccccc1)S(=O)Nc1nccs1,O=C(c1nn[nH]c1N(Cc1ccccc1)Cc1ccccc1)S(=O)Nc1nccs1,低毒,21.278503,28.821009,,,,,,,,,False,False,False,,5.0110726,-13.669337
O=C(c1ccc(OCCn2cc(O)cn2)cc1)c1nn[nH]c1N(Cc1ccccc1)Cc1ccccc1,O=C(c1ccc(OCCn2cc(O)cn2)cc1)c1nn[nH]c1N(Cc1ccccc1)Cc1ccccc1,低毒,9.78968,25.414986,2.851798215,0.586206897,0.413793103,0.318393481,0.348079162,0.490104773,0.385525805,300,True,False,False,,15.189036,11.662832
O=C(c1nn[nH]c1N(Cc1ccccc1)Cc1ccccc1)N1CCN([SH](F)(F)(F)F)CC1,O=C(c1nn[nH]c1N(Cc1ccccc1)Cc1ccccc1)N1CCN([SH](F)(F)(F)F)CC1,中毒,31.753386,37.3526,,,,,,,,,False,False,False,,2.3015087,37.754257
O=C(c1nn[nH]c1N(Cc1ccccc1)Cc1ccccc1)S(Br)(c1cccnc1)c1nsnc1-c1ccccc1,O=C(c1nn[nH]c1N(Cc1ccccc1)Cc1ccccc1)S(Br)(c1cccnc1)c1nsnc1-c1ccccc1,中毒,41.45496,29.690712,,,,,,,,,False,False,False,,-15.96926,-32.85759
O=C(NCCN1N=CC2=CC=CN=CN21)c1nn[nH]c1N(Cc1ccccc1)Cc1ccccc1,O=C(NCCN1N=CC2=CC=CN=CN21)c1nn[nH]c1N(Cc1ccccc1)Cc1ccccc1,中毒,210.8983,21.2813,,,,,,,,,False,False,False,,-6.6841917,-17.519165
O=C(c1nn[nH]c1N(Cc1ccccc1)Cc1ccccc1)c1cccn1-c1ccc(Br)cc1,O=C(c1nn[nH]c1N(Cc1ccccc1)Cc1ccccc1)c1cccn1-c1ccc(Br)cc1,低毒,4.2356267,29.762762,2.771853092,0.58490566,0.41509434,0.022700815,0.250291036,0.504656577,0.259216143,147,True,False,False,,29.095356,-14.105406
O=C(c1nn[nH]c1N(Cc1ccccc1)Cc1ccccc1)C(c1ccn(C2CCOCC2)n1)c1cnn[nH]1,O=C(c1nn[nH]c1N(Cc1ccccc1)Cc1ccccc1)C(c1ccn(C2CCOCC2)n1)c1cnn[nH]1,中毒,55.542763,37.38814,,,,,,,,,False,False,False,,-6.520658,-36.059948
O=C(OCc1nn2cnc3ccoc3c2c1C(=O)NS(=O)(=O)c1ccc(I)cc1)c1nn[nH]c1N(Cc1ccccc1)Cc1ccccc1,O=C(OCc1nn2cnc3ccoc3c2c1C(=O)NS(=O)(=O)c1ccc(I)cc1)c1nn[nH]c1N(Cc1ccccc1)Cc1ccccc1,中毒,19.41448,22.093384,3.543354334,0.34939759,0.65060241,0.983701979,0.827706636,0.994179278,0.935195964,853,True,False,False,,-20.015533,-7.4224396
O=C(c1nn[nH]c1N(Cc1ccccc1)Cc1ccccc1)[SH]1(=O)c2ccccc2C1c1cccnc1,O=C(c1nn[nH]c1N(Cc1ccccc1)Cc1ccccc1)[SH]1(=O)c2ccccc2C1c1cccnc1,中毒,17.791334,12.414308,3.887040453,0.475409836,0.524590164,0.891734575,0.911525029,0.859720605,0.88766007,835,True,False,False,,0.6342988,-11.115965
O=C(c1cccnc1Br)c1nn[nH]c1N(Cc1ccccc1)Cc1ccccc1,O=C(c1cccnc1Br)c1nn[nH]c1N(Cc1ccccc1)Cc1ccccc1,中毒,16.21589,20.880424,2.715604469,0.645833333,0.354166667,0.790454016,0.186263097,0.241559953,0.406092355,327,True,False,False,,-7.8879895,4.727132
Nn1cc(-c2cnn(F)c2)nc1Nc1ccc2c(C(=O)c3nn[nH]c3N(Cc3ccccc3)Cc3ccccc3)noc2c1,Nn1cc(-c2cnn(F)c2)nc1Nc1ccc2c(C(=O)c3nn[nH]c3N(Cc3ccccc3)Cc3ccccc3)noc2c1,中毒,71.79491,26.786322,,,,,,,,,False,False,False,,24.3073,-19.140696
O=C(c1nn[nH]c1N(Cc1ccccc1)Cc1ccccc1)C1CCCCCO1,O=C(c1nn[nH]c1N(Cc1ccccc1)Cc1ccccc1)C1CCCCCO1,低毒,12.901145,41.11201,3.125079441,0.576923077,0.423076923,0.592549476,0.618160652,0.547729919,0.586146682,522,True,False,False,,11.685018,-35.619713
O=C(c1cc(F)c(Oc2ccc(F)c(F)c2)cc1F)c1nn[nH]c1N(Cc1ccccc1)Cc1ccccc1,O=C(c1cc(F)c(Oc2ccc(F)c(F)c2)cc1F)c1nn[nH]c1N(Cc1ccccc1)Cc1ccccc1,中毒,41.06754,15.8179455,,,,,,,,,False,False,False,,-10.136155,17.190672
O=C(c1nn[nH]c1N(Cc1ccccc1)Cc1ccccc1)c1n[nH]c2sncc12,O=C(c1nn[nH]c1N(Cc1ccccc1)Cc1ccccc1)c1n[nH]c2sncc12,低毒,133.24384,40.847244,,,,,,,,,False,False,False,,30.909517,1.2061156
O=C(c1c[nH]c(-c2ccccc2)n1)c1nn[nH]c1N(Cc1ccccc1)Cc1ccccc1,O=C(c1c[nH]c(-c2ccccc2)n1)c1nn[nH]c1N(Cc1ccccc1)Cc1ccccc1,低毒,22.961212,101.04092,,,,,,,,,False,False,False,,20.292501,-9.05838
O=C(c1nn[nH]c1N(Cc1ccccc1)Cc1ccccc1)c1c(F)cccc1F,O=C(c1nn[nH]c1N(Cc1ccccc1)Cc1ccccc1)c1c(F)cccc1F,中毒,9.994743,20.880424,2.573622043,0.704545455,0.295454545,0.331781141,0.068684517,0.065774156,0.155413271,56,True,True,False,,2.010552,6.4651318
O=C(c1ccnc([N+](=O)[O-])c1)c1nn[nH]c1N(Cc1ccccc1)Cc1ccccc1,O=C(c1ccnc([N+](=O)[O-])c1)c1nn[nH]c1N(Cc1ccccc1)Cc1ccccc1,低毒,13.773061,18.144299,2.807123704,0.647058824,0.352941176,0.647846333,0.295692666,0.2112922,0.384943733,299,True,False,False,,9.22576,19.102333
O=C(c1nn[nH]c1N(Cc1ccccc1)Cc1ccccc1)N(O)C1CSCCS1,O=C(c1nn[nH]c1N(Cc1ccccc1)Cc1ccccc1)N(O)C1CSCCS1,中毒,14.4523535,13.176038,3.710326754,0.527272727,0.472727273,0.691501746,0.870779977,0.722351572,0.761544432,727,True,False,False,,4.27825,-37.792725
O=C(Cc1cc([N+](=O)[O-])cs1)c1nn[nH]c1N(Cc1ccccc1)Cc1ccccc1,O=C(Cc1cc([N+](=O)[O-])cs1)c1nn[nH]c1N(Cc1ccccc1)Cc1ccccc1,高毒,7.0929914,68.77203,2.931722165,0.50877193,0.49122807,0.158905704,0.436554133,0.778812573,0.458090803,391,True,False,False,,-22.612955,0.8036718
O=C(c1cnc2c(Cl)scc2c1O)c1nn[nH]c1N(Cc1ccccc1)Cc1ccccc1,O=C(c1cnc2c(Cl)scc2c1O)c1nn[nH]c1N(Cc1ccccc1)Cc1ccccc1,中毒,19.896187,16.155859,3.108388161,0.534482759,0.465517241,0.997089639,0.607683353,0.703725262,0.769499418,734,True,False,False,,-9.056341,8.062785
O=C(OC1=Nc2ccccc21)c1nn[nH]c1N(Cc1ccccc1)Cc1ccccc1,O=C(OC1=Nc2ccccc21)c1nn[nH]c1N(Cc1ccccc1)Cc1ccccc1,中毒,12.568776,37.60463,2.866476781,0.568627451,0.431372549,0.560535506,0.370197905,0.583818393,0.504850601,436,True,False,False,,-26.389605,-10.791712
O=C(c1nn[nH]c1N(Cc1ccccc1)Cc1ccccc1)C(F)Cl,O=C(c1nn[nH]c1N(Cc1ccccc1)Cc1ccccc1)C(F)Cl,高毒,6.8399177,56.60067,3.157500461,0.644444444,0.355555556,0.151920838,0.636786962,0.277648428,0.355452076,256,True,False,False,,-18.340382,-20.926596
O=C(c1nn[nH]c1N(Cc1ccccc1)Cc1ccccc1)c1sccc1Sc1ncc[nH]1,O=C(c1nn[nH]c1N(Cc1ccccc1)Cc1ccccc1)c1sccc1Sc1ncc[nH]1,中毒,35.45351,33.951176,,,,,,,,,False,False,False,,5.115059,-9.892863
O=C(c1ncc([N+](=O)[O-])o1)c1nn[nH]c1N(Cc1ccccc1)Cc1ccccc1,O=C(c1ncc([N+](=O)[O-])o1)c1nn[nH]c1N(Cc1ccccc1)Cc1ccccc1,低毒,33.031544,35.267406,,,,,,,,,False,False,False,,12.976878,-11.589851
O=C(c1nn[nH]c1N(Cc1ccccc1)Cc1ccccc1)C1CCCN1S(=O)(=O)c1nc2cc(F)c(Cl)cc2s1,O=C(c1nn[nH]c1N(Cc1ccccc1)Cc1ccccc1)C1CCCN1S(=O)(=O)c1nc2cc(F)c(Cl)cc2s1,中毒,25.41257,42.18784,,,,,,,,,False,False,False,,-2.0914328,-37.783222
O=C(c1cc2c(s1)sc1cccnc12)c1nn[nH]c1N(Cc1ccccc1)Cc1ccccc1,O=C(c1cc2c(s1)sc1cccnc12)c1nn[nH]c1N(Cc1ccccc1)Cc1ccccc1,中毒,58.775444,24.052462,,,,,,,,,False,False,False,,2.2200801,-3.6324894
O=C(c1nn[nH]c1N(Cc1ccccc1)Cc1ccccc1)c1c(O)cccc1Br,O=C(c1nn[nH]c1N(Cc1ccccc1)Cc1ccccc1)c1c(O)cccc1Br,中毒,17.132633,17.199223,2.710480929,0.659574468,0.340425532,0.862048894,0.179278231,0.169965076,0.403764067,322,True,False,False,,1.5010884,3.224778
O=C(C(=S)N1CCN(CC2(N3CCc4cc(Br)ccc4C3=O)CC2)CC1)c1nn[nH]c1N(Cc1ccccc1)Cc1ccccc1,O=C(C(=S)N1CCN(CC2(N3CCc4cc(Br)ccc4C3=O)CC2)CC1)c1nn[nH]c1N(Cc1ccccc1)Cc1ccccc1,中毒,223.94876,83.00955,,,,,,,,,False,False,False,,-1.9057068,42.90839
O=C(C(O)c1ccccc1)N1CSCC1[SH](C(=O)c1nn[nH]c1N(Cc1ccccc1)Cc1ccccc1)c1ccccc1,O=C(C(O)c1ccccc1)N1CSCC1[SH](C(=O)c1nn[nH]c1N(Cc1ccccc1)Cc1ccccc1)c1ccccc1,中毒,55.29387,47.981945,,,,,,,,,False,False,False,,-5.5078583,-23.7916
O=C(c1nn[nH]c1N(Cc1ccccc1)Cc1ccccc1)c1sccc1-c1cccc(Br)c1,O=C(c1nn[nH]c1N(Cc1ccccc1)Cc1ccccc1)c1sccc1-c1cccc(Br)c1,中毒,15.653589,18.074766,2.780922323,0.581818182,0.418181818,0.763678696,0.260768335,0.51862631,0.51435778,445,True,False,False,,3.8127556,-8.876978
O=C(c1nn[nH]c1N(Cc1ccccc1)Cc1ccccc1)C(O)(CO[N+](=O)[O-])OCc1ccccc1,O=C(c1nn[nH]c1N(Cc1ccccc1)Cc1ccccc1)C(O)(CO[N+](=O)[O-])OCc1ccccc1,中毒,28.668028,55.22629,,,,,,,,,False,False,False,,-11.937585,-13.93243
O=C(c1nn[nH]c1N(Cc1ccccc1)Cc1ccccc1)c1cccn1-c1ccc(Cl)cc1,O=C(c1nn[nH]c1N(Cc1ccccc1)Cc1ccccc1)c1cccn1-c1ccc(Cl)cc1,低毒,4.2356267,29.762762,2.734713554,0.58490566,0.41509434,0.022700815,0.203725262,0.504656577,0.243694218,130,True,False,False,,29.215498,-14.093156
O=C(c1ccncc1I)c1nn[nH]c1N(Cc1ccccc1)Cc1ccccc1,O=C(c1ccncc1I)c1nn[nH]c1N(Cc1ccccc1)Cc1ccccc1,低毒,55.63714,20.880424,,,,,,,,,False,False,False,,-11.763681,5.3582597
O=C(c1nn[nH]c1N(Cc1ccccc1)Cc1ccccc1)S(=O)(=O)P(=O)(O)OCc1ccccc1,O=C(c1nn[nH]c1N(Cc1ccccc1)Cc1ccccc1)S(=O)(=O)P(=O)(O)OCc1ccccc1,中毒,15.99479,41.051647,3.481069441,0.547169811,0.452830189,0.779394645,0.803259604,0.653667055,0.745440435,715,True,False,False,,-12.041448,-25.10376
O=C(NS(=O)(=O)Cl)c1nn[nH]c1N(Cc1ccccc1)Cc1ccccc1,O=C(NS(=O)(=O)Cl)c1nn[nH]c1N(Cc1ccccc1)Cc1ccccc1,低毒,14.662009,25.051384,2.776950337,0.617021277,0.382978723,0.70314319,0.256111758,0.388824214,0.449359721,377,True,False,False,,-9.082686,-23.067673
O=C(c1nn[nH]c1N(Cc1ccccc1)Cc1ccccc1)N(c1ccc(OCl)cc1)c1ccc(-c2csnn2)cc1O,O=C(c1nn[nH]c1N(Cc1ccccc1)Cc1ccccc1)N(c1ccc(OCl)cc1)c1ccc(-c2csnn2)cc1O,低毒,12.742528,25.926903,3.338248633,0.414285714,0.585714286,0.583236321,0.745052386,0.950523865,0.759604191,723,True,False,False,,15.629464,-17.94445
O=C(SCNc1cccc[n+]1[O-])c1nn[nH]c1N(Cc1ccccc1)Cc1ccccc1,O=C(SCNc1cccc[n+]1[O-])c1nn[nH]c1N(Cc1ccccc1)Cc1ccccc1,低毒,11.442154,26.098589,3.301942266,0.50877193,0.49122807,0.471478463,0.726426077,0.778812573,0.658905704,618,True,False,False,,-9.730412,-9.33062
O=C(c1cc(I)c(O)c(Br)c1Cl)c1nn[nH]c1N(Cc1ccccc1)Cc1ccccc1,O=C(c1cc(I)c(O)c(Br)c1Cl)c1nn[nH]c1N(Cc1ccccc1)Cc1ccccc1,低毒,8.125519,29.908281,3.040603332,0.563636364,0.436363636,0.203725262,0.550640279,0.60419092,0.452852154,384,True,False,False,,-4.115457,11.118075
O=C(c1ncno1)c1nn[nH]c1N(Cc1ccccc1)Cc1ccccc1,O=C(c1ncno1)c1nn[nH]c1N(Cc1ccccc1)Cc1ccccc1,低毒,9.168307,57.42674,3.002008846,0.659574468,0.340425532,0.272409779,0.519208382,0.169965076,0.320527745,209,True,False,False,,12.515956,0.078183055
O=C(Oc1ccncc1)c1nn[nH]c1N(Cc1ccccc1)Cc1ccccc1,O=C(Oc1ccncc1)c1nn[nH]c1N(Cc1ccccc1)Cc1ccccc1,低毒,11.058763,34.70963,2.569968142,0.604166667,0.395833333,0.447031432,0.065192084,0.423748545,0.311990687,197,True,False,False,,-27.290813,-10.647866
O=C(c1nsc(SC2=NN=C[SH](=O)(Cl)C2(Cl)Cl)n1)c1nn[nH]c1N(Cc1ccccc1)Cc1ccccc1,O=C(c1nsc(SC2=NN=C[SH](=O)(Cl)C2(Cl)Cl)n1)c1nn[nH]c1N(Cc1ccccc1)Cc1ccccc1,中毒,31.121471,63.29094,,,,,,,,,False,False,False,,23.312786,-0.24900329
O=C(OOCc1ccccc1O)c1nn[nH]c1N(Cc1ccccc1)Cc1ccccc1,O=C(OOCc1ccccc1O)c1nn[nH]c1N(Cc1ccccc1)Cc1ccccc1,低毒,99.54017,34.70963,,,,,,,,,False,False,False,,-25.129665,-8.502803
O=C1C(C(=O)c2nn[nH]c2N(Cc2ccccc2)Cc2ccccc2)=COc2cccnc2C(OCc2cccc(Cl)c2)c2ccncc21,O=C1C(C(=O)c2nn[nH]c2N(Cc2ccccc2)Cc2ccccc2)=COc2cccnc2C(OCc2cccc(Cl)c2)c2ccncc21,中毒,14.055231,28.474539,4.386897759,0.37804878,0.62195122,0.678696158,0.961583236,0.980209546,0.873496314,825,True,False,False,,-13.215964,6.928014
O=C(c1nn[nH]c1N(Cc1ccccc1)Cc1ccccc1)C1CCc2nc(Br)c([nH]2)-c2ncccc21,O=C(c1nn[nH]c1N(Cc1ccccc1)Cc1ccccc1)C1CCc2nc(Br)c([nH]2)-c2ncccc21,中毒,24.29884,31.747477,,,,,,,,,False,False,False,,8.193697,-39.954636
O=C(C1=NC2=CC=CCC=NN2c2ccc(Sc3cccc[n+]3Br)cc2N1)c1nn[nH]c1N(Cc1ccccc1)Cc1ccccc1,O=C(C1=NC2=CC=CCC=NN2c2ccc(Sc3cccc[n+]3Br)cc2N1)c1nn[nH]c1N(Cc1ccccc1)Cc1ccccc1,中毒,73.60489,25.8758,,,,,,,,,False,False,False,,20.693584,10.642314
O=C(OCc1ccccc1)N1CCN1C(C(=O)c1nn[nH]c1N(Cc1ccccc1)Cc1ccccc1)(c1cc(Cl)ccc1F)N1CCOCC1,O=C(OCc1ccccc1)N1CCN1C(C(=O)c1nn[nH]c1N(Cc1ccccc1)Cc1ccccc1)(c1cc(Cl)ccc1F)N1CCOCC1,中毒,40.798355,50.0026,,,,,,,,,False,False,False,,-30.372475,2.100385
O=C(C1=C(Br)C2C(=O)C3=C([N+]2CN1c1nnnn1CBr)S(=O)(=O)CCCC3)c1nn[nH]c1N(Cc1ccccc1)Cc1ccccc1,O=C(C1=C(Br)C2C(=O)C3=C([N+]2CN1c1nnnn1CBr)S(=O)(=O)CCCC3)c1nn[nH]c1N(Cc1ccccc1)Cc1ccccc1,中毒,58.02078,15.046138,,,,,,,,,False,False,False,,22.324045,9.313195
O=C(C1=NCCN1)c1nn[nH]c1N(Cc1ccccc1)Cc1ccccc1,O=C(C1=NCCN1)c1nn[nH]c1N(Cc1ccccc1)Cc1ccccc1,低毒,12.141451,23.258205,2.943147116,0.673913043,0.326086957,0.512223516,0.452852154,0.123399302,0.36282499,267,True,False,False,,15.710908,6.0654263
O=C(NSCc1ccncc1Br)c1nn[nH]c1N(Cc1ccccc1)Cc1ccccc1,O=C(NSCc1ccncc1Br)c1nn[nH]c1N(Cc1ccccc1)Cc1ccccc1,高毒,13.725263,12.976943,3.114195785,0.491525424,0.508474576,0.644935972,0.610011641,0.831199069,0.695382227,656,True,False,False,,-12.301243,2.471256
O=C(Sc1conc1Br)c1nn[nH]c1N(Cc1ccccc1)Cc1ccccc1,O=C(Sc1conc1Br)c1nn[nH]c1N(Cc1ccccc1)Cc1ccccc1,中毒,10.914922,30.779434,3.189893881,0.537037037,0.462962963,0.434225844,0.656577416,0.688009313,0.592937524,532,True,False,False,,-12.029351,-5.096902
O=C(c1nn[nH]c1N(Cc1ccccc1)Cc1ccccc1)C1COCN(Cc2ccccc2F)C1,O=C(c1nn[nH]c1N(Cc1ccccc1)Cc1ccccc1)C1COCN(Cc2ccccc2F)C1,中毒,22.588013,26.930273,,,,,,,,,False,False,False,,8.76323,-34.604595
O=C(c1nn[nH]c1N(Cc1ccccc1)Cc1ccccc1)C1c2ccccc2CCC1(Cl)Cl,O=C(c1nn[nH]c1N(Cc1ccccc1)Cc1ccccc1)C1c2ccccc2CCC1(Cl)Cl,中毒,10.444769,30.050982,3.471175072,0.50877193,0.49122807,0.362048894,0.793946449,0.778812573,0.644935972,601,True,False,False,,7.6455564,-42.099075
O=C(Oc1csc2c1oc1ccccc12)c1nn[nH]c1N(Cc1ccccc1)Cc1ccccc1,O=C(Oc1csc2c1oc1ccccc12)c1nn[nH]c1N(Cc1ccccc1)Cc1ccccc1,中毒,12.385757,12.434012,2.975325749,0.475409836,0.524590164,0.534342258,0.493597206,0.859720605,0.629220023,583,True,False,False,,-31.32479,-10.383711
O=C(c1nn[nH]c1N(Cc1ccccc1)Cc1ccccc1)c1[nH]ncc1CN1CC1,O=C(c1nn[nH]c1N(Cc1ccccc1)Cc1ccccc1)c1[nH]ncc1CN1CC1,中毒,18.950224,111.37824,2.832671244,0.607843137,0.392156863,0.949359721,0.324796275,0.408032596,0.56072953,501,True,False,False,,2.7889717,14.297507
O=C(c1cc(-c2cn3c(F)c(Br)sc3n2)n[nH]1)c1nn[nH]c1N(Cc1ccccc1)Cc1ccccc1,O=C(c1cc(-c2cn3c(F)c(Br)sc3n2)n[nH]1)c1nn[nH]c1N(Cc1ccccc1)Cc1ccccc1,中毒,12.174841,23.626753,3.393921304,0.484375,0.515625,0.514551804,0.769499418,0.839930151,0.707993791,675,True,False,False,,4.9359746,-0.48965302
O=C(C(=CCO)c1cccnc1N1CC=CCS1)c1nn[nH]c1N(Cc1ccccc1)Cc1ccccc1,O=C(C(=CCO)c1cccnc1N1CC=CCS1)c1nn[nH]c1N(Cc1ccccc1)Cc1ccccc1,中毒,13.933665,32.85536,3.598115225,0.420289855,0.579710145,0.662398137,0.846332945,0.940628638,0.81645324,785,True,False,False,,-8.492001,2.4419577
O=C(c1ccc(OC2CC2)cc1)c1nn[nH]c1N(Cc1ccccc1)Cc1ccccc1,O=C(c1ccc(OC2CC2)cc1)c1nn[nH]c1N(Cc1ccccc1)Cc1ccccc1,低毒,4.2356267,28.805965,2.549400859,0.708333333,0.291666667,0.022700815,0.050058207,0.059371362,0.044043461,14,True,True,False,,14.32894,11.966447
O=C(c1nn[nH]c1N(Cc1ccccc1)Cc1ccccc1)C(CBr)c1ccoc1,O=C(c1nn[nH]c1N(Cc1ccccc1)Cc1ccccc1)C(CBr)c1ccoc1,高毒,13.904636,57.181202,3.495900181,0.547169811,0.452830189,0.660069849,0.81024447,0.653667055,0.707993791,674,True,False,False,,-24.532547,-23.934532
O=C(c1ccc(OS(=O)(=O)O)cc1)c1nn[nH]c1N(Cc1ccccc1)Cc1ccccc1,O=C(c1ccc(OS(=O)(=O)O)cc1)c1nn[nH]c1N(Cc1ccccc1)Cc1ccccc1,高毒,24.288965,22.792627,,,,,,,,,False,False,False,,16.254074,11.836788
O=C(c1cccnc1O)c1nn[nH]c1N(Cc1ccccc1)Cc1ccccc1,O=C(c1cccnc1O)c1nn[nH]c1N(Cc1ccccc1)Cc1ccccc1,中毒,21.338085,30.144022,,,,,,,,,False,False,False,,-8.095478,5.2034802
O=C(OC(c1ncsn1)c1ccco1)c1nn[nH]c1N(Cc1ccccc1)Cc1ccccc1,O=C(OC(c1ncsn1)c1ccco1)c1nn[nH]c1N(Cc1ccccc1)Cc1ccccc1,低毒,13.352694,26.833515,3.693181345,0.46031746,0.53968254,0.627473807,0.868451688,0.881839348,0.792588281,766,True,False,False,,-27.99749,-19.832981
O=C(SCNc1cc([N+](=O)[O-])sc1C(=O)SS)c1nn[nH]c1N(Cc1ccccc1)Cc1ccccc1,O=C(SCNc1cc([N+](=O)[O-])sc1C(=O)SS)c1nn[nH]c1N(Cc1ccccc1)Cc1ccccc1,中毒,15.934842,18.536156,3.653440921,0.426470588,0.573529412,0.777066356,0.861466822,0.932479627,0.857004269,810,True,False,False,,-10.360042,-10.277258
O=C(c1nn[nH]c1N(Cc1ccccc1)Cc1ccccc1)C1CCC=C(Br)C1,O=C(c1nn[nH]c1N(Cc1ccccc1)Cc1ccccc1)C1CCC=C(Br)C1,中毒,16.12268,21.076826,3.436377404,0.547169811,0.452830189,0.786379511,0.778812573,0.653667055,0.739619713,711,True,False,False,,6.163081,-32.92371
O=C(c1nn[nH]c1N(Cc1ccccc1)Cc1ccccc1)[P+](=O)Cc1ccc2ncccc2c1,O=C(c1nn[nH]c1N(Cc1ccccc1)Cc1ccccc1)[P+](=O)Cc1ccc2ncccc2c1,中毒,9.576353,65.38614,3.476352757,0.491525424,0.508474576,0.314318976,0.80209546,0.831199069,0.649204501,609,True,False,False,,-10.138266,27.817495
O=C(c1nn[nH]c1N(Cc1ccccc1)Cc1ccccc1)S(=O)(=O)NCCF,O=C(c1nn[nH]c1N(Cc1ccccc1)Cc1ccccc1)S(=O)(=O)NCCF,低毒,13.811252,45.95731,3.047554634,0.568627451,0.431372549,0.654249127,0.556461001,0.583818393,0.598176174,539,True,False,False,,-13.281473,-26.042772
O=C(c1nn[nH]c1N(Cc1ccccc1)Cc1ccccc1)c1c(O)ncc2ccccc12,O=C(c1nn[nH]c1N(Cc1ccccc1)Cc1ccccc1)c1c(O)ncc2ccccc12,中毒,23.636988,24.367958,,,,,,,,,False,False,False,,0.5348937,2.278056
O=C(c1nn[nH]c1N(Cc1ccccc1)Cc1ccccc1)C12CCC3CC(CC(C3)C1)C2,O=C(c1nn[nH]c1N(Cc1ccccc1)Cc1ccccc1)C12CCC3CC(CC(C3)C1)C2,高毒,10.869423,10.310754,4.669984673,0.537037037,0.462962963,0.4225844,0.976717113,0.688009313,0.695770276,658,True,False,False,,-1.3618734,-26.145649
O=C(c1cc(Cl)ncn1)c1nn[nH]c1N(Cc1ccccc1)Cc1ccccc1,O=C(c1cc(Cl)ncn1)c1nn[nH]c1N(Cc1ccccc1)Cc1ccccc1,低毒,10.806441,31.929913,2.790119582,0.632653061,0.367346939,0.389988359,0.27008149,0.313154831,0.324408227,215,True,False,False,,14.879525,-4.5607133
O=C(c1nonc1O)c1nn[nH]c1N(Cc1ccccc1)Cc1ccccc1,O=C(c1nonc1O)c1nn[nH]c1N(Cc1ccccc1)Cc1ccccc1,中毒,24.998869,25.911955,,,,,,,,,False,False,False,,24.7728,7.774909
O=C(OP1(=O)ON=Cc2ccccc21)c1nn[nH]c1N(Cc1ccccc1)Cc1ccccc1,O=C(OP1(=O)ON=Cc2ccccc21)c1nn[nH]c1N(Cc1ccccc1)Cc1ccccc1,中毒,42.302845,9.2630415,,,,,,,,,False,False,False,,-22.714224,-11.861877
O=C(CCl)SC1SC[SH]1(=O)C(=O)c1nn[nH]c1N(Cc1ccccc1)Cc1ccccc1,O=C(CCl)SC1SC[SH]1(=O)C(=O)c1nn[nH]c1N(Cc1ccccc1)Cc1ccccc1,低毒,23.116121,36.75273,,,,,,,,,False,False,False,,1.0254871,-38.74596
O=C(c1cc[nH]c1)c1nn[nH]c1N(Cc1ccccc1)Cc1ccccc1,O=C(c1cc[nH]c1)c1nn[nH]c1N(Cc1ccccc1)Cc1ccccc1,高毒,12.6855,34.50007,2.769675577,0.76744186,0.23255814,0.570430733,0.245634459,0.023282887,0.279782693,168,True,False,False,,12.983929,8.653733
O=C(C(F)=CC(F)(F)I)c1nn[nH]c1N(Cc1ccccc1)Cc1ccccc1,O=C(C(F)=CC(F)(F)I)c1nn[nH]c1N(Cc1ccccc1)Cc1ccccc1,高毒,15.294924,50.39157,3.181975053,0.568627451,0.431372549,0.72991851,0.654249127,0.583818393,0.655995343,617,True,False,False,,-16.322882,-11.9015875
O=C(c1ccncc1F)c1nn[nH]c1N(Cc1ccccc1)Cc1ccccc1,O=C(c1ccncc1F)c1nn[nH]c1N(Cc1ccccc1)Cc1ccccc1,中毒,15.362902,34.50007,2.65152284,0.645833333,0.354166667,0.734575087,0.115832363,0.241559953,0.363989135,268,True,False,False,,-12.907795,5.0430512
O=C(c1nn[nH]c1N(Cc1ccccc1)Cc1ccccc1)c1scc(Br)c1Br,O=C(c1nn[nH]c1N(Cc1ccccc1)Cc1ccccc1)c1scc(Br)c1Br,低毒,5.3406773,16.24854,2.946942943,0.680851064,0.319148936,0.08032596,0.461001164,0.096041909,0.212456345,97,True,True,False,,5.3503385,-6.9425364
O=C(c1nn[nH]c1N(Cc1ccccc1)Cc1ccccc1)c1cn(Br)c(=S)n1S(=O)(=O)c1cc([N+](=O)[O-])ccc1Cl,O=C(c1nn[nH]c1N(Cc1ccccc1)Cc1ccccc1)c1cn(Br)c(=S)n1S(=O)(=O)c1cc([N+](=O)[O-])ccc1Cl,中毒,24.66905,37.594105,,,,,,,,,False,False,False,,-24.913996,5.63229
O=C(c1nn[nH]c1N(Cc1ccccc1)Cc1ccccc1)N1CC(F)Sc2c1ncn2-c1cccc(CC=[N+]([O-])NC2CCNCC2)c1F,O=C(c1nn[nH]c1N(Cc1ccccc1)Cc1ccccc1)N1CC(F)Sc2c1ncn2-c1cccc(CC=[N+]([O-])NC2CCNCC2)c1F,中毒,54.36246,16.291994,,,,,,,,,False,False,False,,-6.833292,37.91898
O=C(c1cn2c(n1)CCC2)c1nn[nH]c1N(Cc1ccccc1)Cc1ccccc1,O=C(c1cn2c(n1)CCC2)c1nn[nH]c1N(Cc1ccccc1)Cc1ccccc1,低毒,21.321703,17.308306,,,,,,,,,False,False,False,,22.830364,-4.2739644
O=C(c1nn[nH]c1N(Cc1ccccc1)Cc1ccccc1)C(Oc1no[n+]([O-])n1)S(=O)(=O)c1c(F)cccc1[N+](=O)[O-],O=C(c1nn[nH]c1N(Cc1ccccc1)Cc1ccccc1)C(Oc1no[n+]([O-])n1)S(=O)(=O)c1c(F)cccc1[N+](=O)[O-],中毒,59.176083,18.969772,,,,,,,,,False,False,False,,-28.583263,-14.976497
O=C(c1nn[nH]c1N(Cc1ccccc1)Cc1ccccc1)C(F)(F)I,O=C(c1nn[nH]c1N(Cc1ccccc1)Cc1ccccc1)C(F)(F)I,高毒,7.439042,42.472836,2.854660882,0.644444444,0.355555556,0.165308498,0.350407451,0.277648428,0.264454792,152,True,False,False,,-15.090937,-12.611745
O=C(OCc1c(Cl)cncc1Cl)c1nn[nH]c1N(Cc1ccccc1)Cc1ccccc1,O=C(OCc1c(Cl)cncc1Cl)c1nn[nH]c1N(Cc1ccccc1)Cc1ccccc1,高毒,20.95386,35.322853,,,,,,,,,False,False,False,,-23.447966,-6.748992
O=C(c1nn[nH]c1N(Cc1ccccc1)Cc1ccccc1)[SH](Sc1cc(F)c2ccccc2c1)c1cccnc1,O=C(c1nn[nH]c1N(Cc1ccccc1)Cc1ccccc1)[SH](Sc1cc(F)c2ccccc2c1)c1cccnc1,低毒,24.373129,28.077908,,,,,,,,,False,False,False,,-14.98227,-1.9378049
O=C(CP(=O)(Nc1c(Cl)cccc1[N+](=O)[O-])c1ccc(Cl)c(Cl)c1)c1nn[nH]c1N(Cc1ccccc1)Cc1ccccc1,O=C(CP(=O)(Nc1c(Cl)cccc1[N+](=O)[O-])c1ccc(Cl)c(Cl)c1)c1nn[nH]c1N(Cc1ccccc1)Cc1ccccc1,中毒,34.089344,17.914152,,,,,,,,,False,False,False,,-24.349255,7.392095
O=C(c1nn[nH]c1N(Cc1ccccc1)Cc1ccccc1)N1CCN(c2ccccc2Cl)CC1,O=C(c1nn[nH]c1N(Cc1ccccc1)Cc1ccccc1)N1CCN(c2ccccc2Cl)CC1,中毒,28.38094,13.960291,,,,,,,,,False,False,False,,5.0122504,38.853226
O=C(c1nn[nH]c1N(Cc1ccccc1)Cc1ccccc1)c1cccc2no[n+]([O-])c12,O=C(c1nn[nH]c1N(Cc1ccccc1)Cc1ccccc1)c1cccc2no[n+]([O-])c12,中毒,119.956116,30.64392,,,,,,,,,False,False,False,,21.123219,26.138847
O=C(c1c[nH]s1)c1nn[nH]c1N(Cc1ccccc1)Cc1ccccc1,O=C(c1c[nH]s1)c1nn[nH]c1N(Cc1ccccc1)Cc1ccccc1,低毒,21.982689,28.421774,,,,,,,,,False,False,False,,7.13012,-3.5744314
C=NNC(=O)c1nn[nH]c1N(Cc1ccccc1)Cc1ccccc1,C=NNC(=O)c1nn[nH]c1N(Cc1ccccc1)Cc1ccccc1,高毒,8.702762,22.836445,2.794361036,0.630434783,0.369565217,0.236321304,0.274738068,0.344004657,0.285021343,175,True,False,False,,-7.5619535,-18.8214
O=C(c1nn[nH]c1N(Cc1ccccc1)Cc1ccccc1)c1c[nH]c2c([N+](=O)[O-])cc([N+](=O)[O-])cc2c1=O,O=C(c1nn[nH]c1N(Cc1ccccc1)Cc1ccccc1)c1c[nH]c2c([N+](=O)[O-])cc([N+](=O)[O-])cc2c1=O,中毒,24.666058,41.392582,,,,,,,,,False,False,False,,-22.805164,4.5341153
O=C(c1nc(-c2ccccn2)no1)c1nn[nH]c1N(Cc1ccccc1)Cc1ccccc1,O=C(c1nc(-c2ccccn2)no1)c1nn[nH]c1N(Cc1ccccc1)Cc1ccccc1,中毒,152.14357,57.987293,,,,,,,,,False,False,False,,13.512383,-1.6688036
O=C(c1nn[nH]c1N(Cc1ccccc1)Cc1ccccc1)c1cccn1C(c1cccc2ccccc12)P(=O)(O)O,O=C(c1nn[nH]c1N(Cc1ccccc1)Cc1ccccc1)c1cccn1C(c1cccc2ccccc12)P(=O)(O)O,低毒,15.666411,26.606503,3.652788656,0.5,0.5,0.764842841,0.860302678,0.807916182,0.811020567,781,True,False,False,,-3.738656,1.3458948
O=C(c1nn[nH]c1N(Cc1ccccc1)Cc1ccccc1)N(CF)CF,O=C(c1nn[nH]c1N(Cc1ccccc1)Cc1ccccc1)N(CF)CF,高毒,31.753386,25.051384,,,,,,,,,False,False,False,,-14.608975,-17.072685
O=C(c1ccnnc1)c1nn[nH]c1N(Cc1ccccc1)Cc1ccccc1,O=C(c1ccnnc1)c1nn[nH]c1N(Cc1ccccc1)Cc1ccccc1,低毒,12.6855,34.50007,2.745831826,0.75,0.25,0.570430733,0.218859139,0.03201397,0.273767947,163,True,False,False,,11.494534,8.657564
O=C(c1nn[nH]c1N(Cc1ccccc1)Cc1ccccc1)S(=O)(=O)c1nc(-c2csc(NC3CC3)n2)ns1,O=C(c1nn[nH]c1N(Cc1ccccc1)Cc1ccccc1)S(=O)(=O)c1nc(-c2csc(NC3CC3)n2)ns1,中毒,14.878092,22.417645,3.374541795,0.449275362,0.550724638,0.713620489,0.757857974,0.900465658,0.79064804,764,True,False,False,,-7.8774896,-31.98418
O=C(c1nn[nH]c1N(Cc1ccccc1)Cc1ccccc1)c1nsc2cnccc12,O=C(c1nn[nH]c1N(Cc1ccccc1)Cc1ccccc1)c1nsc2cnccc12,低毒,21.929697,34.579483,,,,,,,,,False,False,False,,27.008305,-0.7287665
O=C(SCc1ccncc1)c1nn[nH]c1N(Cc1ccccc1)Cc1ccccc1,O=C(SCc1ccncc1)c1nn[nH]c1N(Cc1ccccc1)Cc1ccccc1,低毒,5.794085,24.508234,2.736379996,0.591836735,0.408163265,0.118160652,0.206053551,0.474388824,0.266201009,153,True,False,False,,-10.385739,-8.05544
O=C(c1nn[nH]c1N(Cc1ccccc1)Cc1ccccc1)c1cnnn1Cc1ccccc1,O=C(c1nn[nH]c1N(Cc1ccccc1)Cc1ccccc1)c1cnnn1Cc1ccccc1,低毒,37.06753,21.234655,,,,,,,,,False,False,False,,4.5321727,16.298473
O=C(c1nn[nH]c1N(Cc1ccccc1)Cc1ccccc1)n1nnc(-c2ccc(C(F)(F)F)cc2)n1,O=C(c1nn[nH]c1N(Cc1ccccc1)Cc1ccccc1)n1nnc(-c2ccc(C(F)(F)F)cc2)n1,中毒,25.981903,23.470823,,,,,,,,,False,False,False,,-0.75422734,25.693214
O=C(c1nn[nH]c1N(Cc1ccccc1)Cc1ccccc1)c1cc2cnccc2oc1=S,O=C(c1nn[nH]c1N(Cc1ccccc1)Cc1ccccc1)c1cc2cnccc2oc1=S,低毒,10.29152,238.56888,3.017871339,0.534482759,0.465517241,0.350989523,0.533178114,0.703725262,0.529297633,462,True,False,False,,-6.252166,0.5999612
O=C(c1nn[nH]c1N(Cc1ccccc1)Cc1ccccc1)n1nnnc1-c1c(F)c(Cl)cc2ccccc12,O=C(c1nn[nH]c1N(Cc1ccccc1)Cc1ccccc1)n1nnnc1-c1c(F)c(Cl)cc2ccccc12,中毒,14.385443,27.12576,3.115258634,0.439393939,0.560606061,0.689173458,0.611175786,0.916181607,0.738843617,709,True,False,False,,-1.823048,27.619038
O=C(c1ccc(F)cc1NS(=O)(=O)c1ccc(Cl)cc1)c1nn[nH]c1N(Cc1ccccc1)Cc1ccccc1,O=C(c1ccc(F)cc1NS(=O)(=O)c1ccc(Cl)cc1)c1nn[nH]c1N(Cc1ccccc1)Cc1ccccc1,中毒,17.654799,21.910707,2.728440262,0.508196721,0.491803279,0.889406286,0.199068685,0.793364377,0.627279783,582,True,False,False,,-13.882492,17.369896
O=C(c1nn[nH]c1N(Cc1ccccc1)Cc1ccccc1)c1c2ccoc2nc2ccsc12,O=C(c1nn[nH]c1N(Cc1ccccc1)Cc1ccccc1)c1c2ccoc2nc2ccsc12,中毒,79.3855,31.030378,,,,,,,,,False,False,False,,7.9902453,-9.193536
O=C(c1nn[nH]c1N(Cc1ccccc1)Cc1ccccc1)C(O)(P(=O)(O)O)P(=O)(CCC(F)=NO)P(=O)(O)c1ccsc1,O=C(c1nn[nH]c1N(Cc1ccccc1)Cc1ccccc1)C(O)(P(=O)(O)O)P(=O)(CCC(F)=NO)P(=O)(O)c1ccsc1,中毒,51.546276,25.235033,,,,,,,,,False,False,False,,-15.40431,-14.624701
O=C(c1nn[nH]c1N(Cc1ccccc1)Cc1ccccc1)c1c(OC(F)Cl)c(Cl)nn(-c2ccc(F)c(F)c2)c1=O,O=C(c1nn[nH]c1N(Cc1ccccc1)Cc1ccccc1)c1c(OC(F)Cl)c(Cl)nn(-c2ccc(F)c(F)c2)c1=O,中毒,13.8626585,26.97778,3.799099213,0.449275362,0.550724638,0.658905704,0.891734575,0.900465658,0.817035312,788,True,False,False,,4.153676,7.9023066
O=C(c1nn[nH]c1N(Cc1ccccc1)Cc1ccccc1)c1ncsc1F,O=C(c1nn[nH]c1N(Cc1ccccc1)Cc1ccccc1)c1ncsc1F,低毒,7.0929914,59.342094,2.958977151,0.645833333,0.354166667,0.158905704,0.477299185,0.241559953,0.292588281,180,True,False,False,,8.117432,-6.8524065
O=C(c1nnc(C(F)(F)F)s1)c1nn[nH]c1N(Cc1ccccc1)Cc1ccccc1,O=C(c1nnc(C(F)(F)F)s1)c1nn[nH]c1N(Cc1ccccc1)Cc1ccccc1,中毒,24.506647,41.139397,,,,,,,,,False,False,False,,11.275226,-6.6679225
O=C(c1nn[nH]c1N(Cc1ccccc1)Cc1ccccc1)c1[nH]nc2c1Cc1cc(Cl)cc(Cl)c1C2,O=C(c1nn[nH]c1N(Cc1ccccc1)Cc1ccccc1)c1[nH]nc2c1Cc1cc(Cl)cc(Cl)c1C2,中毒,61.648987,52.754646,,,,,,,,,False,False,False,,4.990233,13.191964
O=C(c1nn[nH]c1N(Cc1ccccc1)Cc1ccccc1)c1c(-c2ccoc2)no[n+]1[O-],O=C(c1nn[nH]c1N(Cc1ccccc1)Cc1ccccc1)c1c(-c2ccoc2)no[n+]1[O-],中毒,86.08492,26.758043,,,,,,,,,False,False,False,,22.356302,25.284672
O=C(c1nn[nH]c1N(Cc1ccccc1)Cc1ccccc1)c1c[nH]c2ccnn12,O=C(c1nn[nH]c1N(Cc1ccccc1)Cc1ccccc1)c1c[nH]c2ccnn12,低毒,19.532148,38.41375,3.140278527,0.596153846,0.403846154,0.987194412,0.625145518,0.448195576,0.686845169,646,True,False,False,,11.977193,3.2152147
O=C(c1nn[nH]c1N(Cc1ccccc1)Cc1ccccc1)C1CCN1C(=S)Nc1ccccc1N1CCOCC1,O=C(c1nn[nH]c1N(Cc1ccccc1)Cc1ccccc1)C1CCN1C(=S)Nc1ccccc1N1CCOCC1,中毒,13.317243,33.252056,3.437927573,0.414285714,0.585714286,0.626309662,0.779976717,0.950523865,0.785603415,752,True,False,False,,11.421375,-33.26283
O=C(C1=CC=C(c2cocc2Br)N(C2CCCc3c[nH]cc32)C=C1)c1nn[nH]c1N(Cc1ccccc1)Cc1ccccc1,O=C(C1=CC=C(c2cocc2Br)N(C2CCCc3c[nH]cc32)C=C1)c1nn[nH]c1N(Cc1ccccc1)Cc1ccccc1,中毒,19.772627,20.779789,4.382990154,0.392405063,0.607594937,0.99185099,0.960419092,0.969732247,0.974000776,859,True,False,False,,-1.4792072,13.575459
O=C(C1=CSC2=Cc3ocnc3SC2=C1Cc1cccc(F)c1O)c1nn[nH]c1N(Cc1ccccc1)Cc1ccccc1,O=C(C1=CSC2=Cc3ocnc3SC2=C1Cc1cccc(F)c1O)c1nn[nH]c1N(Cc1ccccc1)Cc1ccccc1,中毒,27.47591,17.499098,,,,,,,,,False,False,False,,3.6823068,6.219847
O=C(NC1CC[S+]([O-])CC1)c1nn[nH]c1N(Cc1ccccc1)Cc1ccccc1,O=C(NC1CC[S+]([O-])CC1)c1nn[nH]c1N(Cc1ccccc1)Cc1ccccc1,中毒,46.953987,40.914406,,,,,,,,,False,False,False,,3.1341217,-22.97026
O=C(c1nnc(I)o1)c1nn[nH]c1N(Cc1ccccc1)Cc1ccccc1,O=C(c1nnc(I)o1)c1nn[nH]c1N(Cc1ccccc1)Cc1ccccc1,低毒,13.51025,63.712284,3.081522366,0.659574468,0.340425532,0.637951106,0.584400466,0.169965076,0.464105549,400,True,False,False,,10.508878,-0.56287587
O=C(c1nn[nH]c1N(Cc1ccccc1)Cc1ccccc1)[n+]1cc2sccc2c(=S)n1-c1ccccn1,O=C(c1nn[nH]c1N(Cc1ccccc1)Cc1ccccc1)[n+]1cc2sccc2c(=S)n1-c1ccccn1,中毒,18.958096,67.732475,3.451087615,0.426470588,0.573529412,0.955762515,0.788125728,0.932479627,0.892122623,837,True,False,False,,6.9395843,-14.429118
O=C(c1nn[nH]c1N(Cc1ccccc1)Cc1ccccc1)C(O)CO,O=C(c1nn[nH]c1N(Cc1ccccc1)Cc1ccccc1)C(O)CO,低毒,8.660792,83.59449,3.146137483,0.644444444,0.355555556,0.231664726,0.629802095,0.277648428,0.379705083,289,True,False,False,,-21.353476,-23.431992
O=C(c1nn[nH]c1N(Cc1ccccc1)Cc1ccccc1)C(Br)C(O[N+](=O)[O-])c1ccncc1,O=C(c1nn[nH]c1N(Cc1ccccc1)Cc1ccccc1)C(Br)C(O[N+](=O)[O-])c1ccncc1,中毒,10.969281,49.662857,3.833765427,0.475409836,0.524590164,0.435389988,0.902211874,0.859720605,0.732440823,702,True,False,False,,-20.251295,-20.443623
O=C(c1nn[nH]c1N(Cc1ccccc1)Cc1ccccc1)c1c(O)sc2ccccc12,O=C(c1nn[nH]c1N(Cc1ccccc1)Cc1ccccc1)c1c(O)sc2ccccc12,中毒,129.17392,25.768503,,,,,,,,,False,False,False,,0.21558397,-0.70483404
O=C(c1nn[nH]c1N(Cc1ccccc1)Cc1ccccc1)c1[nH]cnc1C=NO,O=C(c1nn[nH]c1N(Cc1ccccc1)Cc1ccccc1)c1[nH]cnc1C=NO,低毒,28.480597,85.61901,,,,,,,,,False,False,False,,29.014193,12.553882
O=C(c1c[nH]nc1-c1cccc(Br)c1)c1nn[nH]c1N(Cc1ccccc1)Cc1ccccc1,O=C(c1c[nH]nc1-c1cccc(Br)c1)c1nn[nH]c1N(Cc1ccccc1)Cc1ccccc1,中毒,12.53793,31.01351,2.984841554,0.543859649,0.456140351,0.55355064,0.50523865,0.671711292,0.576833527,514,True,False,False,,-23.165607,15.018423
O=C1CCCN1N1c2nc(Cl)ccc2S2=CC=CC2=[N+]1C(=O)c1nn[nH]c1N(Cc1ccccc1)Cc1ccccc1,O=C1CCCN1N1c2nc(Cl)ccc2S2=CC=CC2=[N+]1C(=O)c1nn[nH]c1N(Cc1ccccc1)Cc1ccccc1,中毒,51.713787,16.81102,,,,,,,,,False,False,False,,-16.499279,4.7427278
O=C(C1=CC=C(CO)S(=O)(=O)O1)c1nn[nH]c1N(Cc1ccccc1)Cc1ccccc1,O=C(C1=CC=C(CO)S(=O)(=O)O1)c1nn[nH]c1N(Cc1ccccc1)Cc1ccccc1,低毒,72.05531,74.00633,,,,,,,,,False,False,False,,9.626296,3.9220102
O=C(c1nn[nH]c1N(Cc1ccccc1)Cc1ccccc1)C(c1ccnc(S)c1)N1CCSC1=O,O=C(c1nn[nH]c1N(Cc1ccccc1)Cc1ccccc1)C(c1ccnc(S)c1)N1CCSC1=O,中毒,31.345808,47.33735,,,,,,,,,False,False,False,,-22.43158,-21.98233
O=C(c1nn[nH]c1N(Cc1ccccc1)Cc1ccccc1)N1CCN(c2cc(Cl)ccc2C(F)(F)F)OC1,O=C(c1nn[nH]c1N(Cc1ccccc1)Cc1ccccc1)N1CCN(c2cc(Cl)ccc2C(F)(F)F)OC1,中毒,41.588684,30.073946,,,,,,,,,False,False,False,,6.807674,39.247147
O=C(c1nn[nH]c1N(Cc1ccccc1)Cc1ccccc1)c1c[nH]c2ccc(F)cc12,O=C(c1nn[nH]c1N(Cc1ccccc1)Cc1ccccc1)c1c[nH]c2ccc(F)cc12,中毒,84.67131,21.234655,,,,,,,,,False,False,False,,-19.05426,22.72796
O=C(Oc1ccccn1)c1nn[nH]c1N(Cc1ccccc1)Cc1ccccc1,O=C(Oc1ccccn1)c1nn[nH]c1N(Cc1ccccc1)Cc1ccccc1,低毒,48.535084,34.70963,,,,,,,,,False,False,False,,-27.831589,-9.891973
O=C(c1ccc(Br)c([N+](=O)[O-])c1)c1nn[nH]c1N(Cc1ccccc1)Cc1ccccc1,O=C(c1ccc(Br)c([N+](=O)[O-])c1)c1nn[nH]c1N(Cc1ccccc1)Cc1ccccc1,低毒,5.3406773,18.144299,2.676959736,0.634615385,0.365384615,0.08032596,0.149010477,0.290454016,0.173263485,67,True,True,False,,8.103977,21.336979
O=C(c1ccc(Br)cc1F)c1nn[nH]c1N(Cc1ccccc1)Cc1ccccc1,O=C(c1ccc(Br)cc1F)c1nn[nH]c1N(Cc1ccccc1)Cc1ccccc1,中毒,12.223096,20.880424,2.579742998,0.62,0.38,0.520372526,0.074505239,0.369615832,0.321497866,211,True,False,False,,-10.117208,18.156178
O=C(C1=Nc2ccccc2C1)c1nn[nH]c1N(Cc1ccccc1)Cc1ccccc1,O=C(C1=Nc2ccccc2C1)c1nn[nH]c1N(Cc1ccccc1)Cc1ccccc1,低毒,7.26421,23.714571,2.873022098,0.632653061,0.367346939,0.162398137,0.374854482,0.313154831,0.28346915,173,True,False,False,,17.010725,8.498222
[O][N+](=O)c1cccc(C(=O)c2nn[nH]c2N(Cc2ccccc2)Cc2ccccc2)c1,[O][N+](=O)c1cccc(C(=O)c2nn[nH]c2N(Cc2ccccc2)Cc2ccccc2)c1,低毒,5.3406773,21.606764,2.858811396,0.723404255,0.276595745,0.08032596,0.358556461,0.041909197,0.160263873,60,True,True,False,,7.233765,16.471788
O=C(O)C[n+]1cn(N=Cc2c[nH]c3c2OCOC3)c(C(=O)c2nn[nH]c2N(Cc2ccccc2)Cc2ccccc2)n1,O=C(O)C[n+]1cn(N=Cc2c[nH]c3c2OCOC3)c(C(=O)c2nn[nH]c2N(Cc2ccccc2)Cc2ccccc2)n1,中毒,14.864715,52.94253,3.933743448,0.402597403,0.597402597,0.712456345,0.91967404,0.964493597,0.865541327,815,True,False,False,,19.678415,5.8241506
O=C(c1nn[nH]c1N(Cc1ccccc1)Cc1ccccc1)c1n[nH]c(=O)n1COC(CNC1=Nc2sccc2-n2cccc2O1)S(=O)(=O)O,O=C(c1nn[nH]c1N(Cc1ccccc1)Cc1ccccc1)c1n[nH]c(=O)n1COC(CNC1=Nc2sccc2-n2cccc2O1)S(=O)(=O)O,中毒,51.546276,51.883953,,,,,,,,,False,False,False,,6.1875863,-10.825741
O=C(O)Cc1sc(Sc2c(O)[nH]c3ccccc23)c(C(=O)c2nn[nH]c2N(Cc2ccccc2)Cc2ccccc2)c1C(F)(F)F,O=C(O)Cc1sc(Sc2c(O)[nH]c3ccccc23)c(C(=O)c2nn[nH]c2N(Cc2ccccc2)Cc2ccccc2)c1C(F)(F)F,中毒,21.207376,15.055007,,,,,,,,,False,False,False,,-0.36580652,1.0295476
O=C(c1nn[nH]c1N(Cc1ccccc1)Cc1ccccc1)S(=O)(=O)c1cnccc1[N+](=O)[O-],O=C(c1nn[nH]c1N(Cc1ccccc1)Cc1ccccc1)S(=O)(=O)c1cnccc1[N+](=O)[O-],中毒,38.27374,38.009293,,,,,,,,,False,False,False,,-14.350965,-34.368958
O=C(c1cc(Cl)ccc1Cl)c1nn[nH]c1N(Cc1ccccc1)Cc1ccccc1,O=C(c1cc(Cl)ccc1Cl)c1nn[nH]c1N(Cc1ccccc1)Cc1ccccc1,低毒,4.2356267,34.049644,2.524415677,0.645833333,0.354166667,0.022700815,0.033760186,0.241559953,0.099340318,26,True,True,False,,-13.625557,13.371611
O=C(Oc1no[n+]([O-])n1)c1nn[nH]c1N(Cc1ccccc1)Cc1ccccc1,O=C(Oc1no[n+]([O-])n1)c1nn[nH]c1N(Cc1ccccc1)Cc1ccccc1,低毒,71.88848,35.818108,,,,,,,,,False,False,False,,-28.442759,-14.568059
O=C(C1=Cc2ccccc2C=c2ccccc2=C1)c1nn[nH]c1N(Cc1ccccc1)Cc1ccccc1,O=C(C1=Cc2ccccc2C=c2ccccc2=C1)c1nn[nH]c1N(Cc1ccccc1)Cc1ccccc1,中毒,13.958207,40.924244,3.171849377,0.645833333,0.354166667,0.668218859,0.647264261,0.241559953,0.519014358,450,True,False,False,,12.377957,23.665434
O=C(c1nn[nH]c1N(Cc1ccccc1)Cc1ccccc1)C1CCCC1,O=C(c1nn[nH]c1N(Cc1ccccc1)Cc1ccccc1)C1CCCC1,高毒,10.869423,22.30062,2.526296539,0.630434783,0.369565217,0.4225844,0.036088475,0.344004657,0.267559177,158,True,False,False,,6.7153683,-31.89217
O=C(c1nn[nH]c1N(Cc1ccccc1)Cc1ccccc1)c1cc2cc[n+]1C(S)=NC2,O=C(c1nn[nH]c1N(Cc1ccccc1)Cc1ccccc1)c1cc2cc[n+]1C(S)=NC2,中毒,5.0276203,53.76879,4.67898966,0.553571429,0.446428571,0.063445867,0.977881257,0.63911525,0.560147458,500,True,False,False,,24.938623,16.21866
O=C(c1nn[nH]c1N(Cc1ccccc1)Cc1ccccc1)c1ccnc2scnc12,O=C(c1nn[nH]c1N(Cc1ccccc1)Cc1ccccc1)c1ccnc2scnc12,中毒,16.721792,20.584297,2.956136647,0.596153846,0.403846154,0.827706636,0.472642608,0.448195576,0.582848273,519,True,False,False,,-5.496824,5.3220763
O=C(c1c[n+](C(=O)[O-])sc1Sc1cccnc1Br)c1nn[nH]c1N(Cc1ccccc1)Cc1ccccc1,O=C(c1c[n+](C(=O)[O-])sc1Sc1cccnc1Br)c1nn[nH]c1N(Cc1ccccc1)Cc1ccccc1,中毒,185.03651,18.48428,,,,,,,,,False,False,False,,-7.952678,3.8245752
O=C(Oc1nc(C(F)(F)F)n(CCc2cccnc2)n1)c1nn[nH]c1N(Cc1ccccc1)Cc1ccccc1,O=C(Oc1nc(C(F)(F)F)n(CCc2cccnc2)n1)c1nn[nH]c1N(Cc1ccccc1)Cc1ccccc1,中毒,44.66572,31.005024,,,,,,,,,False,False,False,,-26.642056,-6.350819
O=C(c1nn[nH]c1N(Cc1ccccc1)Cc1ccccc1)c1c(Cl)cc(Cl)n1-c1sc(C(F)(F)F)c(CO)c1Cl,O=C(c1nn[nH]c1N(Cc1ccccc1)Cc1ccccc1)c1c(Cl)cc(Cl)n1-c1sc(C(F)(F)F)c(CO)c1Cl,中毒,18.115843,10.597783,3.603490568,0.455882353,0.544117647,0.908032596,0.850989523,0.888242142,0.88242142,829,True,False,False,,-3.298825,3.0622187
O=C(c1nn[nH]c1N(Cc1ccccc1)Cc1ccccc1)N1NC(CO)C(O)C1F,O=C(c1nn[nH]c1N(Cc1ccccc1)Cc1ccccc1)N1NC(CO)C(O)C1F,中毒,191.37277,12.048698,,,,,,,,,False,False,False,,-9.755808,35.21483
O=C(c1cc2c([nH]c3ccc(Cl)cc32)s1)c1nn[nH]c1N(Cc1ccccc1)Cc1ccccc1,O=C(c1cc2c([nH]c3ccc(Cl)cc32)s1)c1nn[nH]c1N(Cc1ccccc1)Cc1ccccc1,中毒,56.087467,33.85499,,,,,,,,,False,False,False,,-18.443684,17.941082
O=C(c1cccc(OCC=C(Cl)Cl)c1)c1nn[nH]c1N(Cc1ccccc1)Cc1ccccc1,O=C(c1cccc(OCC=C(Cl)Cl)c1)c1nn[nH]c1N(Cc1ccccc1)Cc1ccccc1,低毒,20.737942,32.818672,,,,,,,,,False,False,False,,7.0539026,13.990489
O=C(c1nn[nH]c1N(Cc1ccccc1)Cc1ccccc1)C(Br)c1ccccc1,O=C(c1nn[nH]c1N(Cc1ccccc1)Cc1ccccc1)C(Br)c1ccccc1,高毒,7.4814405,65.40903,3.057598607,0.630434783,0.369565217,0.170547148,0.564610012,0.344004657,0.359720605,261,True,False,False,,-20.962048,-20.96967
O=C(c1nn[nH]c1N(Cc1ccccc1)Cc1ccccc1)c1snc2ccccc12,O=C(c1nn[nH]c1N(Cc1ccccc1)Cc1ccccc1)c1snc2ccccc12,中毒,205.42624,29.36747,,,,,,,,,False,False,False,,25.792288,-2.5394282
O=C(c1nn[nH]c1N(Cc1ccccc1)Cc1ccccc1)C1(NS(=O)(=O)c2ccc(F)c(Cl)c2)Cc2ccccc21,O=C(c1nn[nH]c1N(Cc1ccccc1)Cc1ccccc1)C1(NS(=O)(=O)c2ccc(F)c(Cl)c2)Cc2ccccc21,中毒,9.876258,50.261467,3.566020873,0.408450704,0.591549296,0.324796275,0.835855646,0.95983702,0.706829647,673,True,False,False,,-3.78521,-21.791397
O=C(c1ccnc(Cl)c1S)c1nn[nH]c1N(Cc1ccccc1)Cc1ccccc1,O=C(c1ccnc(Cl)c1S)c1nn[nH]c1N(Cc1ccccc1)Cc1ccccc1,低毒,69.704605,34.50007,,,,,,,,,False,False,False,,-8.886331,6.4029703
O=C(c1csc(Cn2ccnc2)n1)c1nn[nH]c1N(Cc1ccccc1)Cc1ccccc1,O=C(c1csc(Cn2ccnc2)n1)c1nn[nH]c1N(Cc1ccccc1)Cc1ccccc1,中毒,34.834263,46.573334,,,,,,,,,False,False,False,,16.911959,-13.71244
O=C(c1cccc(C2=NCCN2)c1)c1nn[nH]c1N(Cc1ccccc1)Cc1ccccc1,O=C(c1cccc(C2=NCCN2)c1)c1nn[nH]c1N(Cc1ccccc1)Cc1ccccc1,低毒,10.8762665,27.5972,2.818460826,0.653846154,0.346153846,0.431897555,0.308498254,0.206053551,0.31548312,205,True,False,False,,8.731493,13.944418
O=C(c1ccnc(I)c1)c1nn[nH]c1N(Cc1ccccc1)Cc1ccccc1,O=C(c1ccnc(I)c1)c1nn[nH]c1N(Cc1ccccc1)Cc1ccccc1,低毒,10.806441,20.880424,2.842707274,0.70212766,0.29787234,0.389988359,0.338766007,0.072759022,0.267171129,156,True,False,False,,9.943048,17.319433
O=C(c1cccnc1Cl)c1nn[nH]c1N(Cc1ccccc1)Cc1ccccc1,O=C(c1cccnc1Cl)c1nn[nH]c1N(Cc1ccccc1)Cc1ccccc1,中毒,15.429382,22.11593,2.609560849,0.645833333,0.354166667,0.745052386,0.087310827,0.241559953,0.357974389,260,True,False,False,,-8.584879,5.7578897
O=C(c1nn[nH]c1N(Cc1ccccc1)Cc1ccccc1)c1c2ccccc2nc2cscc12,O=C(c1nn[nH]c1N(Cc1ccccc1)Cc1ccccc1)c1c2ccccc2nc2cscc12,中毒,125.65823,40.47036,,,,,,,,,False,False,False,,1.5564901,1.1300039
O=C(OC(=S)NCc1ccc(Cl)cc1[N+](=O)[O-])c1nn[nH]c1N(Cc1ccccc1)Cc1ccccc1,O=C(OC(=S)NCc1ccc(Cl)cc1[N+](=O)[O-])c1nn[nH]c1N(Cc1ccccc1)Cc1ccccc1,低毒,11.364195,46.334694,3.04499259,0.426470588,0.573529412,0.462165308,0.554132712,0.932479627,0.649592549,612,True,False,False,,-22.636244,6.930169
O=C(c1nn[nH]c1N(Cc1ccccc1)Cc1ccccc1)N1SNCC1Br,O=C(c1nn[nH]c1N(Cc1ccccc1)Cc1ccccc1)N1SNCC1Br,中毒,18.40334,24.254847,3.750922435,0.537037037,0.462962963,0.917345751,0.878928987,0.688009313,0.828094684,789,True,False,False,,-3.726407,34.227505
O=C(c1nn[nH]c1N(Cc1ccccc1)Cc1ccccc1)C1CC1F,O=C(c1nn[nH]c1N(Cc1ccccc1)Cc1ccccc1)C1CC1F,高毒,10.869423,32.817757,3.441790611,0.617021277,0.382978723,0.4225844,0.781140861,0.388824214,0.530849825,464,True,False,False,,3.138343,-31.930517
O=C(c1nn[nH]c1N(Cc1ccccc1)Cc1ccccc1)C(F)F,O=C(c1nn[nH]c1N(Cc1ccccc1)Cc1ccccc1)C(F)F,高毒,5.5011296,56.60067,2.693785852,0.674418605,0.325581395,0.09080326,0.160651921,0.10419092,0.1185487,32,True,True,False,,-18.576674,-20.211075
NC(C(=O)c1nn[nH]c1N(Cc1ccccc1)Cc1ccccc1)c1cccc2ccsc12,NC(C(=O)c1nn[nH]c1N(Cc1ccccc1)Cc1ccccc1)c1cccc2ccsc12,高毒,18.526964,37.194077,3.357411999,0.526315789,0.473684211,0.920838184,0.752037253,0.732246799,0.801707412,772,True,False,False,,-19.387796,-20.178728
O=C(c1nn[nH]c1N(Cc1ccccc1)Cc1ccccc1)c1cccn[n+]1O,O=C(c1nn[nH]c1N(Cc1ccccc1)Cc1ccccc1)c1cccn[n+]1O,低毒,8.271775,35.710007,3.153040306,0.659574468,0.340425532,0.211874272,0.634458673,0.169965076,0.338766007,231,True,False,False,,23.78386,15.204043
O=C(Cc1cn(-c2nsc3ccccc23)nc1-c1cncn1C(=O)c1ccccc1Br)c1nn[nH]c1N(Cc1ccccc1)Cc1ccccc1,O=C(Cc1cn(-c2nsc3ccccc23)nc1-c1cncn1C(=O)c1ccccc1Br)c1nn[nH]c1N(Cc1ccccc1)Cc1ccccc1,中毒,36.24717,38.275715,,,,,,,,,False,False,False,,-2.3409019,10.627455
O=C(c1nn[nH]c1N(Cc1ccccc1)Cc1ccccc1)S(=O)(=O)c1cc2cc3c(cc2s1)OCO3,O=C(c1nn[nH]c1N(Cc1ccccc1)Cc1ccccc1)S(=O)(=O)c1cc2cc3c(cc2s1)OCO3,中毒,29.250431,34.74984,,,,,,,,,False,False,False,,-10.134313,-32.875538
O=C(c1cc(O)c(O)cc1N1CCOCC1)c1nn[nH]c1N(Cc1ccccc1)Cc1ccccc1,O=C(c1cc(O)c(O)cc1N1CCOCC1)c1nn[nH]c1N(Cc1ccccc1)Cc1ccccc1,中毒,23.548784,29.769764,,,,,,,,,False,False,False,,8.344997,30.337955
O=C(c1cnc(Cl)o1)c1nn[nH]c1N(Cc1ccccc1)Cc1ccccc1,O=C(c1cnc(Cl)o1)c1nn[nH]c1N(Cc1ccccc1)Cc1ccccc1,高毒,15.934842,86.57939,2.951201353,0.645833333,0.354166667,0.777066356,0.465657742,0.241559953,0.49476135,423,True,False,False,,7.6794186,0.14968392
O=C(c1cc(Sc2nnc[nH]2)c(O)cc1S)c1nn[nH]c1N(Cc1ccccc1)Cc1ccccc1,O=C(c1cc(Sc2nnc[nH]2)c(O)cc1S)c1nn[nH]c1N(Cc1ccccc1)Cc1ccccc1,低毒,16.009144,26.775206,3.471929417,0.5,0.5,0.781140861,0.795110594,0.807916182,0.794722546,769,True,False,False,,-7.361508,12.183792
O=C(c1ccsc1Br)c1nn[nH]c1N(Cc1ccccc1)Cc1ccccc1,O=C(c1ccsc1Br)c1nn[nH]c1N(Cc1ccccc1)Cc1ccccc1,低毒,11.527643,18.33227,2.803776963,0.645833333,0.354166667,0.477299185,0.289871944,0.241559953,0.336243694,229,True,False,False,,-4.8439846,7.717528
O=C(c1nn[nH]c1N(Cc1ccccc1)Cc1ccccc1)c1snnc1N(O)OC1CCCC1,O=C(c1nn[nH]c1N(Cc1ccccc1)Cc1ccccc1)c1snnc1N(O)OC1CCCC1,高毒,57.489067,21.163576,,,,,,,,,False,False,False,,28.94039,-7.522719
O=C(c1nn[nH]c1N(Cc1ccccc1)Cc1ccccc1)S(=O)C1=CN=CCN1C1CC1,O=C(c1nn[nH]c1N(Cc1ccccc1)Cc1ccccc1)S(=O)C1=CN=CCN1C1CC1,低毒,151.94316,21.163647,,,,,,,,,False,False,False,,-4.7269483,-16.616716
O=C(c1nn[nH]c1N(Cc1ccccc1)Cc1ccccc1)S(=O)(=O)c1c(Cl)c(Cl)c[nH]c1=O,O=C(c1nn[nH]c1N(Cc1ccccc1)Cc1ccccc1)S(=O)(=O)c1c(Cl)c(Cl)c[nH]c1=O,中毒,21.439947,40.39995,,,,,,,,,False,False,False,,-12.970349,-29.246355
O=C(c1ccc(Br)cn1)c1nn[nH]c1N(Cc1ccccc1)Cc1ccccc1,O=C(c1ccc(Br)cn1)c1nn[nH]c1N(Cc1ccccc1)Cc1ccccc1,低毒,8.2594,34.285435,2.652420397,0.645833333,0.354166667,0.208381839,0.118742724,0.241559953,0.189561506,81,True,True,False,,18.23969,-5.761683
O=C(c1nn[nH]c1N(Cc1ccccc1)Cc1ccccc1)C12Cc3cnn(-c4cccs4)c3C1CCN(CCO)C2,O=C(c1nn[nH]c1N(Cc1ccccc1)Cc1ccccc1)C12Cc3cnn(-c4cccs4)c3C1CCN(CCO)C2,中毒,13.953361,17.563566,4.236163927,0.3625,0.6375,0.667054715,0.952270081,0.991268917,0.870197905,820,True,False,False,,3.6449225,-19.306797
O=C(c1nc(-n2nnnc2-c2ccccc2)cs1)c1nn[nH]c1N(Cc1ccccc1)Cc1ccccc1,O=C(c1nc(-n2nnnc2-c2ccccc2)cs1)c1nn[nH]c1N(Cc1ccccc1)Cc1ccccc1,中毒,15.73871,114.45946,3.082796552,0.525423729,0.474576271,0.768335274,0.58556461,0.739231665,0.697710516,660,True,False,False,,16.415846,-11.345587
O=C(c1nn[nH]c1N(Cc1ccccc1)Cc1ccccc1)C1CCCc2cc(Cl)nc(N3CCOCC3)c2C1,O=C(c1nn[nH]c1N(Cc1ccccc1)Cc1ccccc1)C1CCCc2cc(Cl)nc(N3CCOCC3)c2C1,中毒,15.637751,9.064924,3.549270979,0.391891892,0.608108108,0.761350407,0.831199069,0.972060536,0.854870004,808,True,False,False,,10.908364,-32.171066
O=C1c2ccccc2CCN1C(=O)c1nn[nH]c1N(Cc1ccccc1)Cc1ccccc1,O=C1c2ccccc2CCN1C(=O)c1nn[nH]c1N(Cc1ccccc1)Cc1ccccc1,中毒,70.005104,25.292307,,,,,,,,,False,False,False,,-4.930256,41.881176
O=C(c1nn[nH]c1N(Cc1ccccc1)Cc1ccccc1)P(=O)(Oc1ccccc1)SC(F)Cl,O=C(c1nn[nH]c1N(Cc1ccccc1)Cc1ccccc1)P(=O)(Oc1ccccc1)SC(F)Cl,中毒,13.77241,37.94758,3.868309524,0.5,0.5,0.646100116,0.90919674,0.807916182,0.787737679,754,True,False,False,,-13.994502,-19.009037
O=C(c1nn[nH]c1N(Cc1ccccc1)Cc1ccccc1)C(O)c1ccc([N+](=O)[O-])cc1,O=C(c1nn[nH]c1N(Cc1ccccc1)Cc1ccccc1)C(O)c1ccc([N+](=O)[O-])cc1,高毒,7.4814405,35.110603,3.140421687,0.537037037,0.462962963,0.170547148,0.626309662,0.688009313,0.494955374,424,True,False,False,,-25.344122,-25.69356
O=C(c1ccn(-c2nccc(O)n2)n1)c1nn[nH]c1N(Cc1ccccc1)Cc1ccccc1,O=C(c1ccn(-c2nccc(O)n2)n1)c1nn[nH]c1N(Cc1ccccc1)Cc1ccccc1,低毒,19.896187,27.938585,3.064146785,0.571428571,0.428571429,0.997089639,0.571594878,0.568684517,0.712456345,683,True,False,False,,23.92651,-8.622082
O=C(c1nn[nH]c1N(Cc1ccccc1)Cc1ccccc1)c1csc2ccc(Cl)c(Cl)c12,O=C(c1nn[nH]c1N(Cc1ccccc1)Cc1ccccc1)c1csc2ccc(Cl)c(Cl)c12,中毒,129.17392,31.340326,,,,,,,,,False,False,False,,-6.272734,22.520592
O=C(c1cc(S(=O)(=O)Nc2nnns2)ccc1F)c1nn[nH]c1N(Cc1ccccc1)Cc1ccccc1,O=C(c1cc(S(=O)(=O)Nc2nnns2)ccc1F)c1nn[nH]c1N(Cc1ccccc1)Cc1ccccc1,中毒,16.12872,20.081724,3.083059184,0.476923077,0.523076923,0.788125728,0.586728754,0.848079162,0.740977881,714,True,False,False,,-12.22285,16.674599
O=C(c1nn[nH]c1N(Cc1ccccc1)Cc1ccccc1)S(=O)(=O)c1cc(O)c(O)cc1[N+](=O)[O-],O=C(c1nn[nH]c1N(Cc1ccccc1)Cc1ccccc1)S(=O)(=O)c1cc(O)c(O)cc1[N+](=O)[O-],中毒,13.206232,36.43664,3.102952083,0.5,0.5,0.61233993,0.601862631,0.807916182,0.674039581,635,True,False,False,,-14.21842,-34.500893
O=C(c1nn[nH]c1N(Cc1ccccc1)Cc1ccccc1)N1CCN=C1c1ccsc1,O=C(c1nn[nH]c1N(Cc1ccccc1)Cc1ccccc1)N1CCN=C1c1ccsc1,中毒,35.188473,36.751934,,,,,,,,,False,False,False,,-3.7779198,37.488373
O=C(C1=[N+]c2cccc([N+](=O)[O-])c2S1)c1nn[nH]c1N(Cc1ccccc1)Cc1ccccc1,O=C(C1=[N+]c2cccc([N+](=O)[O-])c2S1)c1nn[nH]c1N(Cc1ccccc1)Cc1ccccc1,中毒,16.642693,17.723095,3.48919368,0.525423729,0.474576271,0.823050058,0.805587893,0.739231665,0.789289872,759,True,False,False,,-21.130936,4.0661044
O=C(c1nn[nH]c1N(Cc1ccccc1)Cc1ccccc1)N(c1ccccc1)S(=O)(=O)C(F)(F)Br,O=C(c1nn[nH]c1N(Cc1ccccc1)Cc1ccccc1)N(c1ccccc1)S(=O)(=O)C(F)(F)Br,中毒,38.400036,24.190392,,,,,,,,,False,False,False,,-12.154773,-22.345478
O=C(c1nn[nH]c1N(Cc1ccccc1)Cc1ccccc1)c1[nH]nc2ncsc12,O=C(c1nn[nH]c1N(Cc1ccccc1)Cc1ccccc1)c1[nH]nc2ncsc12,低毒,13.224409,44.41914,3.119417507,0.607843137,0.392156863,0.615832363,0.615832363,0.408032596,0.546565774,484,True,False,False,,8.62238,-8.392157
O=C(c1cn[nH]c1C(F)(F)F)c1nn[nH]c1N(Cc1ccccc1)Cc1ccccc1,O=C(c1cn[nH]c1C(F)(F)F)c1nn[nH]c1N(Cc1ccccc1)Cc1ccccc1,中毒,12.53793,61.784237,2.93372825,0.62,0.38,0.55355064,0.440046566,0.369615832,0.454404346,388,True,False,False,,-16.030859,7.9827876
O=C(c1nn[nH]c1N(Cc1ccccc1)Cc1ccccc1)c1cccc2sc(Br)cc12,O=C(c1nn[nH]c1N(Cc1ccccc1)Cc1ccccc1)c1cccc2sc(Br)cc12,中毒,121.105995,42.0599,,,,,,,,,False,False,False,,-3.8127556,13.579898
O=C(c1ccccc1NCc1csc(Cl)n1)c1nn[nH]c1N(Cc1ccccc1)Cc1ccccc1,O=C(c1ccccc1NCc1csc(Cl)n1)c1nn[nH]c1N(Cc1ccccc1)Cc1ccccc1,中毒,23.371973,34.50007,,,,,,,,,False,False,False,,-8.262915,9.719625
O=C(c1nn[nH]c1N(Cc1ccccc1)Cc1ccccc1)c1n[nH]c2cc(F)ccc12,O=C(c1nn[nH]c1N(Cc1ccccc1)Cc1ccccc1)c1n[nH]c2cc(F)ccc12,低毒,22.464615,35.710007,,,,,,,,,False,False,False,,31.891146,3.596622
O=C(c1cs[n+]([O-])c1SSSN1CCSS1)c1nn[nH]c1N(Cc1ccccc1)Cc1ccccc1,O=C(c1cs[n+]([O-])c1SSSN1CCSS1)c1nn[nH]c1N(Cc1ccccc1)Cc1ccccc1,中毒,53.671013,20.86515,,,,,,,,,False,False,False,,-1.9516454,22.110394
O=C(Oc1cc(Br)ccc1Br)c1nn[nH]c1N(Cc1ccccc1)Cc1ccccc1,O=C(Oc1cc(Br)ccc1Br)c1nn[nH]c1N(Cc1ccccc1)Cc1ccccc1,低毒,12.719338,29.31195,2.672720627,0.547169811,0.452830189,0.578579744,0.143189756,0.653667055,0.458478851,394,True,False,False,,-29.599718,-9.565883
O=C(c1cncc(Cl)c1Cl)c1nn[nH]c1N(Cc1ccccc1)Cc1ccccc1,O=C(c1cncc(Cl)c1Cl)c1nn[nH]c1N(Cc1ccccc1)Cc1ccccc1,中毒,15.429382,22.491127,2.767200823,0.632653061,0.367346939,0.745052386,0.238649593,0.313154831,0.432285603,361,True,False,False,,-11.360247,7.214655
O=C(c1csc(NCCCn2cnc3ccnc[n+]32)n1)c1nn[nH]c1N(Cc1ccccc1)Cc1ccccc1,O=C(c1csc(NCCCn2cnc3ccnc[n+]32)n1)c1nn[nH]c1N(Cc1ccccc1)Cc1ccccc1,低毒,16.925997,18.984915,3.674089569,0.413333333,0.586666667,0.83701979,0.866123399,0.956344587,0.886495925,832,True,False,False,,20.907787,-13.569654
O=C(c1nn[nH]c1N(Cc1ccccc1)Cc1ccccc1)c1c[nH][nH]c1=S,O=C(c1nn[nH]c1N(Cc1ccccc1)Cc1ccccc1)c1c[nH][nH]c1=S,低毒,16.576067,76.355995,3.080678089,0.645833333,0.354166667,0.811990687,0.583236321,0.241559953,0.545595654,481,True,False,False,,2.1193752,17.551939
O=C(c1ccc(C(F)(F)F)c(Cl)c1)c1nn[nH]c1N(Cc1ccccc1)Cc1ccccc1,O=C(c1ccc(C(F)(F)F)c(Cl)c1)c1nn[nH]c1N(Cc1ccccc1)Cc1ccccc1,低毒,9.796233,30.202047,2.694051029,0.647058824,0.352941176,0.321303842,0.161816065,0.2112922,0.231470702,117,True,False,False,,10.239157,14.377887
O=C(c1nn[nH]c1N(Cc1ccccc1)Cc1ccccc1)C1CN(CCF)CC([N+](=O)[O-])S1,O=C(c1nn[nH]c1N(Cc1ccccc1)Cc1ccccc1)C1CN(CCF)CC([N+](=O)[O-])S1,中毒,9.414751,23.279589,4.131026692,0.46875,0.53125,0.298603027,0.941792782,0.869615832,0.703337214,669,True,False,False,,2.7622793,-37.921085
O=C(c1cccc(F)c1F)c1nn[nH]c1N(Cc1ccccc1)Cc1ccccc1,O=C(c1cccc(F)c1F)c1nn[nH]c1N(Cc1ccccc1)Cc1ccccc1,中毒,8.977738,20.880424,2.577922309,0.659574468,0.340425532,0.259022119,0.073341094,0.169965076,0.167442763,65,True,True,False,,-7.760777,16.133938
O=C(c1nn[nH]c1N(Cc1ccccc1)Cc1ccccc1)c1n[nH]c2ccc3[nH]ncc3c12,O=C(c1nn[nH]c1N(Cc1ccccc1)Cc1ccccc1)c1n[nH]c2ccc3[nH]ncc3c12,低毒,13.905334,62.66939,3.058152456,0.58490566,0.41509434,0.661233993,0.5669383,0.504656577,0.577609624,515,True,False,False,,32.94884,2.5893714
O=C(c1nn[nH]c1N(Cc1ccccc1)Cc1ccccc1)N1CC2OC2C1(F)I,O=C(c1nn[nH]c1N(Cc1ccccc1)Cc1ccccc1)N1CC2OC2C1(F)I,中毒,24.604185,15.949457,,,,,,,,,False,False,False,,-17.291195,-0.8171769
O=C(c1nn[nH]c1N(Cc1ccccc1)Cc1ccccc1)P(=O)(O)Cc1ccccc1,O=C(c1nn[nH]c1N(Cc1ccccc1)Cc1ccccc1)P(=O)(O)Cc1ccccc1,中毒,6.807589,51.01637,3.260697568,0.630434783,0.369565217,0.147264261,0.700814901,0.344004657,0.397361273,314,True,False,False,,-11.881066,-18.31301
O=C(c1ccc2nn[nH]c2n1)c1nn[nH]c1N(Cc1ccccc1)Cc1ccccc1,O=C(c1ccc2nn[nH]c2n1)c1nn[nH]c1N(Cc1ccccc1)Cc1ccccc1,低毒,7.6564264,31.892649,3.063509055,0.659574468,0.340425532,0.179278231,0.569266589,0.169965076,0.306169965,193,True,False,False,,22.127115,-6.0510416
O=C(c1nn[nH]c1N(Cc1ccccc1)Cc1ccccc1)c1scc(CCN2CCOCC2)c1Cl,O=C(c1nn[nH]c1N(Cc1ccccc1)Cc1ccccc1)c1scc(CCN2CCOCC2)c1Cl,中毒,31.824955,36.01734,,,,,,,,,False,False,False,,4.8918157,-6.2154775
O=C(C(Cl)=C(Cl)Cl)c1nn[nH]c1N(Cc1ccccc1)Cc1ccccc1,O=C(C(Cl)=C(Cl)Cl)c1nn[nH]c1N(Cc1ccccc1)Cc1ccccc1,高毒,12.272313,56.60067,2.907404483,0.659090909,0.340909091,0.525029104,0.40628638,0.19790454,0.376406674,287,True,False,False,,-6.6897206,-10.717004
O=C(c1nn[nH]c1N(Cc1ccccc1)Cc1ccccc1)C1C=CCC(c2c[nH]c3ccccc23)C1,O=C(c1nn[nH]c1N(Cc1ccccc1)Cc1ccccc1)C1C=CCC(c2c[nH]c3ccccc23)C1,中毒,12.304269,25.028572,3.785073507,0.453125,0.546875,0.528521537,0.889406286,0.895227008,0.77105161,738,True,False,False,,2.0230222,-33.649883
O=C(c1nn[nH]c1N(Cc1ccccc1)Cc1ccccc1)c1c(F)cc(F)cc1F,O=C(c1nn[nH]c1N(Cc1ccccc1)Cc1ccccc1)c1c(F)cc(F)cc1F,中毒,8.977738,20.880424,2.684981318,0.673913043,0.326086957,0.259022119,0.157159488,0.123399302,0.179860303,75,True,True,False,,2.6466463,7.2934556
O=C(c1csc(N=CNN=Cc2ccn3cccc3c2)n1)c1nn[nH]c1N(Cc1ccccc1)Cc1ccccc1,O=C(c1csc(N=CNN=Cc2ccn3cccc3c2)n1)c1nn[nH]c1N(Cc1ccccc1)Cc1ccccc1,低毒,5.243576,41.392582,3.559626881,0.413333333,0.586666667,0.069266589,0.833527357,0.956344587,0.619712844,568,True,False,False,,19.236158,-11.187205
O=C(c1nn[nH]c1N(Cc1ccccc1)Cc1ccccc1)c1onnc1-c1c[nH]c2ccccc12,O=C(c1nn[nH]c1N(Cc1ccccc1)Cc1ccccc1)c1onnc1-c1c[nH]c2ccccc12,中毒,13.624677,44.304943,3.100580402,0.534482759,0.465517241,0.641443539,0.599534342,0.703725262,0.648234381,608,True,False,False,,-21.73938,22.938795
O=C(CCO[N+](=O)[O-])c1nn[nH]c1N(Cc1ccccc1)Cc1ccccc1,O=C(CCO[N+](=O)[O-])c1nn[nH]c1N(Cc1ccccc1)Cc1ccccc1,高毒,10.325603,52.825184,2.798402416,0.568627451,0.431372549,0.354481956,0.282887078,0.583818393,0.407062476,329,True,False,False,,-10.58865,-14.386876
O=C(c1nn[nH]c1N(Cc1ccccc1)Cc1ccccc1)c1c(OC(F)(F)F)cc2n(c1=S)C=CC2,O=C(c1nn[nH]c1N(Cc1ccccc1)Cc1ccccc1)c1c(OC(F)(F)F)cc2n(c1=S)C=CC2,中毒,76.68616,78.76486,,,,,,,,,False,False,False,,5.362111,6.5657597
O=C(NN=Cc1ccccc1-c1cc2c(cn1)N2c1ccccc1[N+](=O)[O-])c1nn[nH]c1N(Cc1ccccc1)Cc1ccccc1,O=C(NN=Cc1ccccc1-c1cc2c(cn1)N2c1ccccc1[N+](=O)[O-])c1nn[nH]c1N(Cc1ccccc1)Cc1ccccc1,中毒,12.226539,25.937601,3.642241155,0.371794872,0.628205128,0.522700815,0.856810244,0.984866123,0.788125728,755,True,False,False,,-20.016096,-0.10478019
O=C(c1nn[nH]c1N(Cc1ccccc1)Cc1ccccc1)C(NC(=S)Nc1ccccc1F)C(F)(F)F,O=C(c1nn[nH]c1N(Cc1ccccc1)Cc1ccccc1)C(NC(=S)Nc1ccccc1F)C(F)(F)F,中毒,13.856314,48.05892,3.395760833,0.475409836,0.524590164,0.65774156,0.770663562,0.859720605,0.762708576,729,True,False,False,,-18.419086,-17.681206
O=C(c1ccc(Cl)nc1N1CCC(Br)=N1)c1nn[nH]c1N(Cc1ccccc1)Cc1ccccc1,O=C(c1ccc(Cl)nc1N1CCC(Br)=N1)c1nn[nH]c1N(Cc1ccccc1)Cc1ccccc1,中毒,57.73098,11.627519,,,,,,,,,False,False,False,,-12.289674,8.63305
O=C(c1nn[nH]c1N(Cc1ccccc1)Cc1ccccc1)c1[nH]cnc1CNc1ccccc1,O=C(c1nn[nH]c1N(Cc1ccccc1)Cc1ccccc1)c1[nH]cnc1CNc1ccccc1,低毒,35.148827,114.26189,,,,,,,,,False,False,False,,30.287064,11.557663
O=C(c1nn[nH]c1N(Cc1ccccc1)Cc1ccccc1)c1nc2ccccc2n1-c1nnc(Br)s1,O=C(c1nn[nH]c1N(Cc1ccccc1)Cc1ccccc1)c1nc2ccccc2n1-c1nnc(Br)s1,低毒,49.76975,29.869762,,,,,,,,,False,False,False,,11.209214,-14.684593
O=C(NC12CC3CC(CC(C3)C1)C2)c1nn[nH]c1N(Cc1ccccc1)Cc1ccccc1,O=C(NC12CC3CC(CC(C3)C1)C2)c1nn[nH]c1N(Cc1ccccc1)Cc1ccccc1,中毒,77.04173,44.05577,,,,,,,,,False,False,False,,-0.2239691,-25.000233
O=C(C1=C(c2cc3c(cc2Cl)OCO3)CCC1)c1nn[nH]c1N(Cc1ccccc1)Cc1ccccc1,O=C(C1=C(c2cc3c(cc2Cl)OCO3)CCC1)c1nn[nH]c1N(Cc1ccccc1)Cc1ccccc1,中毒,13.312134,13.107708,3.07208036,0.5,0.5,0.623981374,0.5774156,0.807916182,0.669771052,630,True,False,False,,22.621344,11.285604
O=C(c1ccc[n+]([O-])c1)c1nn[nH]c1N(Cc1ccccc1)Cc1ccccc1,O=C(c1ccc[n+]([O-])c1)c1nn[nH]c1N(Cc1ccccc1)Cc1ccccc1,中毒,15.429382,21.343252,2.833181121,0.739130435,0.260869565,0.745052386,0.325960419,0.034924331,0.368645712,275,True,False,False,,19.298393,14.918392
O=C(C1=CC=C=C(Br)C=C1OCc1cnc2[nH]ccc2c1F)c1nn[nH]c1N(Cc1ccccc1)Cc1ccccc1,O=C(C1=CC=C=C(Br)C=C1OCc1cnc2[nH]ccc2c1F)c1nn[nH]c1N(Cc1ccccc1)Cc1ccccc1,中毒,11.976424,35.050114,3.85957872,0.413333333,0.586666667,0.507566938,0.906868452,0.956344587,0.790259992,762,True,False,False,,4.620156,4.6079926
O=C(c1nn[nH]c1N(Cc1ccccc1)Cc1ccccc1)P(=O)(NO)OCc1cnccn1,O=C(c1nn[nH]c1N(Cc1ccccc1)Cc1ccccc1)P(=O)(NO)OCc1cnccn1,中毒,14.484689,20.710722,3.727303744,0.475409836,0.524590164,0.693830035,0.873108265,0.859720605,0.808886302,777,True,False,False,,-10.926736,-19.667055
O=C(c1nn[nH]c1N(Cc1ccccc1)Cc1ccccc1)N1CCc2cccc(O)c2C1,O=C(c1nn[nH]c1N(Cc1ccccc1)Cc1ccccc1)N1CCc2cccc(O)c2C1,中毒,70.005104,31.787851,,,,,,,,,False,False,False,,-2.1606376,40.641937
O=C(c1nn[nH]c1N(Cc1ccccc1)Cc1ccccc1)S(=O)(=O)c1cc(C(F)(F)F)cc(C(F)(F)F)c1O,O=C(c1nn[nH]c1N(Cc1ccccc1)Cc1ccccc1)S(=O)(=O)c1cc(C(F)(F)F)cc(C(F)(F)F)c1O,中毒,24.939728,42.169224,,,,,,,,,False,False,False,,-14.388422,-27.752268
O=C(Sc1ccco1)c1nn[nH]c1N(Cc1ccccc1)Cc1ccccc1,O=C(Sc1ccco1)c1nn[nH]c1N(Cc1ccccc1)Cc1ccccc1,低毒,11.998787,29.516987,2.938305042,0.58,0.42,0.508731083,0.448195576,0.533178114,0.496701591,427,True,False,False,,-12.049837,-7.469789
O=C(c1cc([N+](=O)[O-])sc1CO)c1nn[nH]c1N(Cc1ccccc1)Cc1ccccc1,O=C(c1cc([N+](=O)[O-])sc1CO)c1nn[nH]c1N(Cc1ccccc1)Cc1ccccc1,中毒,19.318157,18.234488,3.069164084,0.553571429,0.446428571,0.98137369,0.575087311,0.63911525,0.73185875,701,True,False,False,,-19.85969,3.1492724
O=C(c1nn[nH]c1N(Cc1ccccc1)Cc1ccccc1)[SH](=O)=O,O=C(c1nn[nH]c1N(Cc1ccccc1)Cc1ccccc1)[SH](=O)=O,低毒,13.811252,69.663536,3.021132005,0.69047619,0.30952381,0.654249127,0.535506403,0.080908033,0.423554521,347,True,False,False,,-4.492938,-12.789737
O=C(c1nn[nH]c1N(Cc1ccccc1)Cc1ccccc1)N1CONC(=C=S)C1,O=C(c1nn[nH]c1N(Cc1ccccc1)Cc1ccccc1)N1CONC(=C=S)C1,中毒,33.736214,35.186176,,,,,,,,,False,False,False,,6.4011984,36.273735
O=C(c1nn[nH]c1N(Cc1ccccc1)Cc1ccccc1)[SH](c1cc(Cl)ccc1Cl)S(=O)(=NCBr)c1cccnc1,O=C(c1nn[nH]c1N(Cc1ccccc1)Cc1ccccc1)[SH](c1cc(Cl)ccc1Cl)S(=O)(=NCBr)c1cccnc1,中毒,36.691216,25.260447,,,,,,,,,False,False,False,,-17.832014,-33.87149
O=C(c1nn[nH]c1N(Cc1ccccc1)Cc1ccccc1)c1n[nH]c2c[n+]([O-])sc12,O=C(c1nn[nH]c1N(Cc1ccccc1)Cc1ccccc1)c1n[nH]c2c[n+]([O-])sc12,低毒,20.56075,33.836864,,,,,,,,,False,False,False,,31.581423,5.3055997
O=C(c1nn[nH]c1N(Cc1ccccc1)Cc1ccccc1)c1ccnc2cc(Cl)ncc12,O=C(c1nn[nH]c1N(Cc1ccccc1)Cc1ccccc1)c1ccnc2cc(Cl)ncc12,中毒,52.71559,54.02965,,,,,,,,,False,False,False,,-9.519769,12.273118
O=C(c1nn[nH]c1N(Cc1ccccc1)Cc1ccccc1)S(F)(F)CF,O=C(c1nn[nH]c1N(Cc1ccccc1)Cc1ccccc1)S(F)(F)CF,高毒,28.347134,42.069656,,,,,,,,,False,False,False,,-12.644687,-26.454334
O=C(c1nn[nH]c1N(Cc1ccccc1)Cc1ccccc1)c1c(-n2ccnc2)c2ccccc2n1-c1onc2cc(O)ccc12,O=C(c1nn[nH]c1N(Cc1ccccc1)Cc1ccccc1)c1c(-n2ccnc2)c2ccccc2n1-c1onc2cc(O)ccc12,中毒,16.679708,18.004591,3.448614618,0.418918919,0.581081081,0.826542491,0.786961583,0.945285215,0.852929763,806,True,False,False,,14.456351,22.551744
O=C(c1nn[nH]c1N(Cc1ccccc1)Cc1ccccc1)[SH](CCl)S(=O)(=O)[O-],O=C(c1nn[nH]c1N(Cc1ccccc1)Cc1ccccc1)[SH](CCl)S(=O)(=O)[O-],低毒,15.116421,10.82289,3.810361801,0.568627451,0.431372549,0.723515716,0.896391153,0.583818393,0.734575087,704,True,False,False,,-15.631,-23.538887
O=C(c1nn[nH]c1N(Cc1ccccc1)Cc1ccccc1)N(F)C(F)F,O=C(c1nn[nH]c1N(Cc1ccccc1)Cc1ccccc1)N(F)C(F)F,低毒,11.613709,13.016971,3.008925562,0.630434783,0.369565217,0.483119907,0.525029104,0.344004657,0.450717889,380,True,False,False,,-15.481028,-17.483294
O=C(SCc1ccc(Br)cc1)c1nn[nH]c1N(Cc1ccccc1)Cc1ccccc1,O=C(SCc1ccc(Br)cc1)c1nn[nH]c1N(Cc1ccccc1)Cc1ccccc1,低毒,5.794085,41.86337,2.676975048,0.58,0.42,0.118160652,0.150174622,0.533178114,0.267171129,156,True,False,False,,-10.356322,-8.164178
O=C(c1nonc1NS(=O)(=O)CBr)c1nn[nH]c1N(Cc1ccccc1)Cc1ccccc1,O=C(c1nonc1NS(=O)(=O)CBr)c1nn[nH]c1N(Cc1ccccc1)Cc1ccccc1,中毒,280.12335,24.992413,,,,,,,,,False,False,False,,25.409971,8.303138
O=C(c1ccc2nc3n(c2n1)CCCC3)c1nn[nH]c1N(Cc1ccccc1)Cc1ccccc1,O=C(c1ccc2nc3n(c2n1)CCCC3)c1nn[nH]c1N(Cc1ccccc1)Cc1ccccc1,低毒,14.205337,9.361116,2.957466873,0.516666667,0.483333333,0.68451688,0.473806752,0.765424913,0.641249515,596,True,False,False,,22.826921,-5.1557956
O=C(c1nn[nH]c1N(Cc1ccccc1)Cc1ccccc1)C12Cc3c(ccc4[nH]ccc34)[SH]1C=N2,O=C(c1nn[nH]c1N(Cc1ccccc1)Cc1ccccc1)C12Cc3c(ccc4[nH]ccc34)[SH]1C=N2,中毒,10.720197,51.41935,4.415409544,0.446153846,0.553846154,0.371362049,0.962747381,0.906868452,0.746992627,717,True,False,False,,-2.520265,-18.557362
O=C(c1nn[nH]c1N(Cc1ccccc1)Cc1ccccc1)[S+]([O-])NCc1ccccc1I,O=C(c1nn[nH]c1N(Cc1ccccc1)Cc1ccccc1)[S+]([O-])NCc1ccccc1I,低毒,23.682026,67.97694,,,,,,,,,False,False,False,,-7.6166577,-15.552494
O=C(Nc1c(Cl)cc(C(F)(F)F)cc1Br)C1C2C=CC(C2)C1C(=O)c1nn[nH]c1N(Cc1ccccc1)Cc1ccccc1,O=C(Nc1c(Cl)cc(C(F)(F)F)cc1Br)C1C2C=CC(C2)C1C(=O)c1nn[nH]c1N(Cc1ccccc1)Cc1ccccc1,中毒,93.93139,16.946665,,,,,,,,,False,False,False,,-18.863958,9.657138
O=C(c1nn[nH]c1N(Cc1ccccc1)Cc1ccccc1)c1snnc1NC12CC3CC(C1)C(F)C(C3)C2,O=C(c1nn[nH]c1N(Cc1ccccc1)Cc1ccccc1)c1snnc1NC12CC3CC(C1)C(F)C(C3)C2,中毒,21.982689,57.131374,,,,,,,,,False,False,False,,0.6372404,-25.41246
O=C(c1nn[nH]c1N(Cc1ccccc1)Cc1ccccc1)C1NCONO1,O=C(c1nn[nH]c1N(Cc1ccccc1)Cc1ccccc1)C1NCONO1,中毒,6.7121873,58.265022,3.833321922,0.547169811,0.452830189,0.13911525,0.90104773,0.653667055,0.564610012,504,True,False,False,,5.5479045,-35.38136
O=C(c1cc(Cl)ccc1SOc1ccc(F)cc1F)c1nn[nH]c1N(Cc1ccccc1)Cc1ccccc1,O=C(c1cc(Cl)ccc1SOc1ccc(F)cc1F)c1nn[nH]c1N(Cc1ccccc1)Cc1ccccc1,低毒,6.0083222,17.04264,3.033498773,0.476923077,0.523076923,0.128055879,0.547147846,0.848079162,0.507760962,439,True,False,False,,-13.3468485,15.874201
O=C(c1ccc2ncccc2c1)c1nn[nH]c1N(Cc1ccccc1)Cc1ccccc1,O=C(c1ccc2ncccc2c1)c1nn[nH]c1N(Cc1ccccc1)Cc1ccccc1,低毒,11.405861,34.50007,2.558515427,0.66,0.34,0.467403958,0.055878929,0.145518044,0.222933644,111,True,False,False,,12.616355,16.417063
O=C(c1nn[nH]c1N(Cc1ccccc1)Cc1ccccc1)c1scc(Br)c1Cl,O=C(c1nn[nH]c1N(Cc1ccccc1)Cc1ccccc1)c1scc(Br)c1Cl,中毒,5.3406773,22.320736,2.9480869,0.653061224,0.346938776,0.08032596,0.462165308,0.207217695,0.249902988,138,True,False,False,,5.213729,-6.741899
O=C(c1noc(=S)s1)c1nn[nH]c1N(Cc1ccccc1)Cc1ccccc1,O=C(c1noc(=S)s1)c1nn[nH]c1N(Cc1ccccc1)Cc1ccccc1,微毒,9.184782,247.87025,3.179694974,0.62,0.38,0.278230501,0.653084983,0.369615832,0.433643772,363,True,False,False,,11.628637,-5.9637027
NC(=O)c1ccc2oc(C(O)=CC(=O)c3nn[nH]c3N(Cc3ccccc3)Cc3ccccc3)nc2c1,NC(=O)c1ccc2oc(C(O)=CC(=O)c3nn[nH]c3N(Cc3ccccc3)Cc3ccccc3)nc2c1,中毒,14.328663,45.65333,3.072157836,0.476190476,0.523809524,0.688009313,0.578579744,0.850407451,0.705665503,671,True,False,False,,7.603468,3.440962
O=C(c1nn[nH]c1N(Cc1ccccc1)Cc1ccccc1)N1Cc2ccccc2C1,O=C(c1nn[nH]c1N(Cc1ccccc1)Cc1ccccc1)N1Cc2ccccc2C1,中毒,24.982124,24.06637,,,,,,,,,False,False,False,,-1.1844091,39.22845
O=C(c1nn[nH]c1N(Cc1ccccc1)Cc1ccccc1)N1CCc2ccc(Br)cc2C1,O=C(c1nn[nH]c1N(Cc1ccccc1)Cc1ccccc1)N1CCc2ccc(Br)cc2C1,中毒,70.005104,38.278908,,,,,,,,,False,False,False,,-1.5847073,41.96795
O=C(NN1CCCCC1)c1nn[nH]c1N(Cc1ccccc1)Cc1ccccc1,O=C(NN1CCCCC1)c1nn[nH]c1N(Cc1ccccc1)Cc1ccccc1,中毒,51.575207,22.836445,,,,,,,,,False,False,False,,-5.983603,-21.419407
O=C(c1nn[nH]c1N(Cc1ccccc1)Cc1ccccc1)c1cc2ccccc2sc1=O,O=C(c1nn[nH]c1N(Cc1ccccc1)Cc1ccccc1)c1cc2ccccc2sc1=O,中毒,12.837641,31.503962,2.769608373,0.596153846,0.403846154,0.587310827,0.244470314,0.448195576,0.426658906,355,True,False,False,,2.3722548,-2.3505974
O=C(c1cc2sccc2s1)c1nn[nH]c1N(Cc1ccccc1)Cc1ccccc1,O=C(c1cc2sccc2s1)c1nn[nH]c1N(Cc1ccccc1)Cc1ccccc1,中毒,125.65823,43.79421,,,,,,,,,False,False,False,,3.4021688,-2.7901404
O=C1Nc2ccc(I)cc2CC1C(=O)c1nn[nH]c1N(Cc1ccccc1)Cc1ccccc1,O=C1Nc2ccc(I)cc2CC1C(=O)c1nn[nH]c1N(Cc1ccccc1)Cc1ccccc1,中毒,31.46851,21.042154,,,,,,,,,False,False,False,,1.36785,-35.132694
O=C(c1nc(=O)[nH]o1)c1nn[nH]c1N(Cc1ccccc1)Cc1ccccc1,O=C(c1nc(=O)[nH]o1)c1nn[nH]c1N(Cc1ccccc1)Cc1ccccc1,低毒,9.168307,54.370132,3.106767957,0.645833333,0.354166667,0.272409779,0.606519208,0.241559953,0.373496314,281,True,False,False,,11.982532,-0.71993846
O=C(c1nn[nH]c1N(Cc1ccccc1)Cc1ccccc1)C1(c2ccc(O)cc2)N=NC=Nc2cnccc21,O=C(c1nn[nH]c1N(Cc1ccccc1)Cc1ccccc1)C1(c2ccc(O)cc2)N=NC=Nc2cnccc21,中毒,29.858597,51.085957,,,,,,,,,False,False,False,,5.306266,-16.794765
O=C(c1cc(Cl)ccc1OCCCO)c1nn[nH]c1N(Cc1ccccc1)Cc1ccccc1,O=C(c1cc(Cl)ccc1OCCCO)c1nn[nH]c1N(Cc1ccccc1)Cc1ccccc1,中毒,17.132633,19.154457,2.652252421,0.543859649,0.456140351,0.862048894,0.11757858,0.671711292,0.550446255,491,True,False,False,,-14.238198,14.407311
O=C(c1nc2ccsc2c(=O)[nH]1)c1nn[nH]c1N(Cc1ccccc1)Cc1ccccc1,O=C(c1nc2ccsc2c(=O)[nH]1)c1nn[nH]c1N(Cc1ccccc1)Cc1ccccc1,中毒,11.750876,63.745907,2.967915589,0.592592593,0.407407407,0.489522701,0.481955763,0.461001164,0.477493209,410,True,False,False,,7.6015725,-9.229195
O=C(c1cc(F)c[nH]1)c1nn[nH]c1N(Cc1ccccc1)Cc1ccccc1,O=C(c1cc(F)c[nH]1)c1nn[nH]c1N(Cc1ccccc1)Cc1ccccc1,低毒,10.217187,34.50007,2.876386532,0.659574468,0.340425532,0.343422584,0.378346915,0.169965076,0.297244858,185,True,False,False,,6.8522973,8.244667
O=C(c1nn[nH]c1N(Cc1ccccc1)Cc1ccccc1)S(=O)(=O)Cl,O=C(c1nn[nH]c1N(Cc1ccccc1)Cc1ccccc1)S(=O)(=O)Cl,高毒,13.811252,69.663536,2.818528034,0.659090909,0.340909091,0.654249127,0.309662398,0.19790454,0.387272022,301,True,False,False,,-11.8894415,-27.214792
O=C(c1cc(F)cc(Br)c1N=CC1CS1)c1nn[nH]c1N(Cc1ccccc1)Cc1ccccc1,O=C(c1cc(F)cc(Br)c1N=CC1CS1)c1nn[nH]c1N(Cc1ccccc1)Cc1ccccc1,中毒,18.30462,46.114365,3.760222922,0.492063492,0.507936508,0.911525029,0.880093132,0.821303842,0.870974001,821,True,False,False,,-10.331257,20.58101
O=C(c1nn[nH]c1N(Cc1ccccc1)Cc1ccccc1)[SH](Oc1ccccc1)c1ccccc1,O=C(c1nn[nH]c1N(Cc1ccccc1)Cc1ccccc1)[SH](Oc1ccccc1)c1ccccc1,中毒,15.454063,21.95457,3.598686205,0.58,0.42,0.753201397,0.84749709,0.533178114,0.7112922,681,True,False,False,,-3.663118,-12.907741
O=C(c1nn[nH]c1N(Cc1ccccc1)Cc1ccccc1)N1CCOP(=O)(Nc2ccccn2)O1,O=C(c1nn[nH]c1N(Cc1ccccc1)Cc1ccccc1)N1CCOP(=O)(Nc2ccccn2)O1,中毒,17.489052,15.995259,3.916020848,0.439393939,0.560606061,0.88242142,0.915017462,0.916181607,0.904540163,840,True,False,False,,2.4448705,31.491394
O=C(c1nn[nH]c1N(Cc1ccccc1)Cc1ccccc1)N1C2CCC1CN(c1nnc(-c3nccs3)s1)C2,O=C(c1nn[nH]c1N(Cc1ccccc1)Cc1ccccc1)N1C2CCC1CN(c1nnc(-c3nccs3)s1)C2,中毒,69.573685,18.172535,,,,,,,,,False,False,False,,5.4836526,27.980095
CC12CCC3CC1CC(C(=O)c1nn[nH]c1N(Cc1ccccc1)Cc1ccccc1)(C3)C2=O,CC12CCC3CC1CC(C(=O)c1nn[nH]c1N(Cc1ccccc1)Cc1ccccc1)(C3)C2=O,中毒,10.869423,10.310754,5.107769478,0.516666667,0.483333333,0.4225844,0.994179278,0.765424913,0.727396197,697,True,False,False,,-0.94663924,-27.256931
O=C(c1cnn2c1NC=NC2c1ccns1)c1nn[nH]c1N(Cc1ccccc1)Cc1ccccc1,O=C(c1cnn2c1NC=NC2c1ccns1)c1nn[nH]c1N(Cc1ccccc1)Cc1ccccc1,低毒,70.005104,29.470842,,,,,,,,,False,False,False,,-5.6896086,9.402919
O=C(c1nn[nH]c1N(Cc1ccccc1)Cc1ccccc1)C1CCOC(C=Cc2c(F)cccc2N2CCOCC2)=NC1,O=C(c1nn[nH]c1N(Cc1ccccc1)Cc1ccccc1)C1CCOC(C=Cc2c(F)cccc2N2CCOCC2)=NC1,中毒,69.17287,26.388184,,,,,,,,,False,False,False,,9.841816,-33.366177
O=C(c1nn[nH]c1N(Cc1ccccc1)Cc1ccccc1)C1COCC2OCCOC2OO1,O=C(c1nn[nH]c1N(Cc1ccccc1)Cc1ccccc1)C1COCC2OCCOC2OO1,中毒,23.462624,35.001637,,,,,,,,,False,False,False,,12.094004,-37.21116
O=C(c1ccc([S+]([O-])Cc2ccccc2)cc1)c1nn[nH]c1N(Cc1ccccc1)Cc1ccccc1,O=C(c1ccc([S+]([O-])Cc2ccccc2)cc1)c1nn[nH]c1N(Cc1ccccc1)Cc1ccccc1,低毒,12.656573,35.486233,3.490738124,0.723404255,0.276595745,0.565774156,0.806752037,0.041909197,0.471478463,408,True,False,False,,13.955842,9.700007
O=C(c1nn[nH]c1N(Cc1ccccc1)Cc1ccccc1)N1N=NS(=O)(=O)C1c1cc[nH]n1,O=C(c1nn[nH]c1N(Cc1ccccc1)Cc1ccccc1)N1N=NS(=O)(=O)C1c1cc[nH]n1,中毒,20.463919,27.297066,,,,,,,,,False,False,False,,20.848005,-2.3919046
O=C(c1cc(I)ccc1F)c1nn[nH]c1N(Cc1ccccc1)Cc1ccccc1,O=C(c1cc(I)ccc1F)c1nn[nH]c1N(Cc1ccccc1)Cc1ccccc1,中毒,9.994743,20.880424,2.665261301,0.62,0.38,0.331781141,0.132712456,0.369615832,0.278036477,167,True,False,False,,-11.27923,16.306273
O=C(c1nn[nH]c1N(Cc1ccccc1)Cc1ccccc1)N1CC(Oc2ncccc2F)CC1c1cn(-c2ccc(N3CCCCC3)cc2)nn1,O=C(c1nn[nH]c1N(Cc1ccccc1)Cc1ccccc1)N1CC(Oc2ncccc2F)CC1c1cn(-c2ccc(N3CCCCC3)cc2)nn1,中毒,35.329884,16.342396,,,,,,,,,False,False,False,,-0.2505759,35.415905
O=C(C1=C(O)CC(COc2c(F)cccc2F)C1=O)c1nn[nH]c1N(Cc1ccccc1)Cc1ccccc1,O=C(C1=C(O)CC(COc2c(F)cccc2F)C1=O)c1nn[nH]c1N(Cc1ccccc1)Cc1ccccc1,低毒,119.54202,31.68471,,,,,,,,,False,False,False,,2.1597073,5.7845407
O=C(OCOc1c(Cl)cc(Cl)cc1Cl)c1nn[nH]c1N(Cc1ccccc1)Cc1ccccc1,O=C(OCOc1c(Cl)cc(Cl)cc1Cl)c1nn[nH]c1N(Cc1ccccc1)Cc1ccccc1,高毒,20.95386,25.876787,,,,,,,,,False,False,False,,-21.413418,-8.199736
O=C(c1nn[nH]c1N(Cc1ccccc1)Cc1ccccc1)S(=O)(=O)c1cccc(F)c1Cl,O=C(c1nn[nH]c1N(Cc1ccccc1)Cc1ccccc1)S(=O)(=O)c1cccc(F)c1Cl,中毒,21.439947,27.685015,,,,,,,,,False,False,False,,-13.963212,-29.69797
O=C(c1conc1NS(=O)(=O)c1cccc(Br)c1Br)c1nn[nH]c1N(Cc1ccccc1)Cc1ccccc1,O=C(c1conc1NS(=O)(=O)c1cccc(Br)c1Br)c1nn[nH]c1N(Cc1ccccc1)Cc1ccccc1,中毒,45.98749,27.236069,,,,,,,,,False,False,False,,-0.3806342,13.6221895
O=C(c1ccc2nc[nH]c2c1)c1nn[nH]c1N(Cc1ccccc1)Cc1ccccc1,O=C(c1ccc2nc[nH]c2c1)c1nn[nH]c1N(Cc1ccccc1)Cc1ccccc1,中毒,15.362902,34.50007,2.701066413,0.66,0.34,0.734575087,0.167636787,0.145518044,0.349243306,247,True,False,False,,12.210008,17.503223
O=C([O-])c1nn[nH]c1N(Cc1ccccc1)Cc1ccccc1,O=C([O-])c1nn[nH]c1N(Cc1ccccc1)Cc1ccccc1,高毒,9.562925,34.70963,2.722948039,0.725,0.275,0.308498254,0.194412107,0.039580908,0.180830423,77,True,True,False,,-7.2850285,-14.162165
Nc1ccc(C(=O)c2nn[nH]c2N(Cc2ccccc2)Cc2ccccc2)cc1,Nc1ccc(C(=O)c2nn[nH]c2N(Cc2ccccc2)Cc2ccccc2)cc1,低毒,5.3406773,34.50007,2.477900216,0.829268293,0.170731707,0.08032596,0.016298021,0.006402794,0.034342258,10,True,True,False,,13.365993,10.351446
O=C(c1nn[nH]c1N(Cc1ccccc1)Cc1ccccc1)C1CCCc2cc(Oc3scnc3Cl)ccc21,O=C(c1nn[nH]c1N(Cc1ccccc1)Cc1ccccc1)C1CCCc2cc(Oc3scnc3Cl)ccc21,中毒,18.698765,20.54192,3.653456981,0.391891892,0.608108108,0.935972061,0.862630966,0.972060536,0.923554521,847,True,False,False,,9.622291,-41.714928
O=C(c1cccnn1)c1nn[nH]c1N(Cc1ccccc1)Cc1ccccc1,O=C(c1cccnn1)c1nn[nH]c1N(Cc1ccccc1)Cc1ccccc1,低毒,8.271775,56.669506,2.73644647,0.688888889,0.311111111,0.211874272,0.207217695,0.086728754,0.168606907,66,True,True,False,,17.17853,-4.452863
O=C(C1=CC2=CC=C(N1)N(c1nc3c(s1)CCCN3)CC(O)CNS2(=O)=O)c1nn[nH]c1N(Cc1ccccc1)Cc1ccccc1,O=C(C1=CC2=CC=C(N1)N(c1nc3c(s1)CCCN3)CC(O)CNS2(=O)=O)c1nn[nH]c1N(Cc1ccccc1)Cc1ccccc1,中毒,44.5151,10.785887,,,,,,,,,False,False,False,,21.530603,7.265063
O=C(C1=CC=CNC=C1)c1nn[nH]c1N(Cc1ccccc1)Cc1ccccc1,O=C(C1=CC=CNC=C1)c1nn[nH]c1N(Cc1ccccc1)Cc1ccccc1,高毒,14.497795,36.587296,3.169099269,0.632653061,0.367346939,0.697322468,0.644935972,0.313154831,0.551804424,492,True,False,False,,5.4017105,18.732931
O=C(c1nn[nH]c1N(Cc1ccccc1)Cc1ccccc1)c1c[nH]c2ccc(Cl)cc12,O=C(c1nn[nH]c1N(Cc1ccccc1)Cc1ccccc1)c1c[nH]c2ccc(Cl)cc12,中毒,48.891884,21.234655,,,,,,,,,False,False,False,,-18.584183,21.637476
O=C(c1nn[nH]c1N(Cc1ccccc1)Cc1ccccc1)c1noc2ccncc12,O=C(c1nn[nH]c1N(Cc1ccccc1)Cc1ccccc1)c1noc2ccncc12,中毒,27.761745,31.833063,,,,,,,,,False,False,False,,23.76855,-18.926882
O=C(c1nn[nH]c1N(Cc1ccccc1)Cc1ccccc1)c1c(O)c[n+]([O-])cc1Br,O=C(c1nn[nH]c1N(Cc1ccccc1)Cc1ccccc1)c1c(O)c[n+]([O-])cc1Br,中毒,17.132633,19.154457,3.20598564,0.58490566,0.41509434,0.862048894,0.667054715,0.504656577,0.677920062,640,True,False,False,,1.6101421,3.7177937
O=C(c1nn[nH]c1N(Cc1ccccc1)Cc1ccccc1)c1ccnc2ccccc12,O=C(c1nn[nH]c1N(Cc1ccccc1)Cc1ccccc1)c1ccnc2ccccc12,中毒,52.71559,36.282906,,,,,,,,,False,False,False,,-8.686174,13.406264
O=C(c1nn[nH]c1N(Cc1ccccc1)Cc1ccccc1)c1occ(NC2COC2)c1F,O=C(c1nn[nH]c1N(Cc1ccccc1)Cc1ccccc1)c1occ(NC2COC2)c1F,中毒,11.656352,58.669834,3.178906911,0.525423729,0.474576271,0.484284051,0.651920838,0.739231665,0.625145518,579,True,False,False,,2.587976,11.411008
O=C1COc2cnnn2C(c2cccc(OC(F)(F)F)c2)N1C(=O)c1nn[nH]c1N(Cc1ccccc1)Cc1ccccc1,O=C1COc2cnnn2C(c2cccc(OC(F)(F)F)c2)N1C(=O)c1nn[nH]c1N(Cc1ccccc1)Cc1ccccc1,中毒,47.66086,13.017568,,,,,,,,,False,False,False,,-18.789354,-9.84195
O=C(c1nn[nH]c1N(Cc1ccccc1)Cc1ccccc1)C1CCCN(Cc2ccccn2)C1,O=C(c1nn[nH]c1N(Cc1ccccc1)Cc1ccccc1)C1CCCN(Cc2ccccn2)C1,中毒,68.18171,19.543621,,,,,,,,,False,False,False,,7.560353,-31.125418
O=C(c1nn[nH]c1N(Cc1ccccc1)Cc1ccccc1)C1C=C(Br)C1,O=C(c1nn[nH]c1N(Cc1ccccc1)Cc1ccccc1)C1C=C(Br)C1,中毒,18.68837,34.378227,3.359163944,0.591836735,0.408163265,0.934807916,0.753201397,0.474388824,0.720799379,690,True,False,False,,3.9327419,-33.794205
O=C(c1nn[nH]c1N(Cc1ccccc1)Cc1ccccc1)c1n[nH]n2cc3sc4c(c3c12)CCSC4,O=C(c1nn[nH]c1N(Cc1ccccc1)Cc1ccccc1)c1n[nH]n2cc3sc4c(c3c12)CCSC4,中毒,78.44082,30.258673,,,,,,,,,False,False,False,,26.85248,1.7541056
O=C(c1nn[nH]c1N(Cc1ccccc1)Cc1ccccc1)S(=O)I,O=C(c1nn[nH]c1N(Cc1ccccc1)Cc1ccccc1)S(=O)I,低毒,55.96725,34.50007,,,,,,,,,False,False,False,,-5.1997848,-16.106964
O=C(c1nnco1)c1nn[nH]c1N(Cc1ccccc1)Cc1ccccc1,O=C(c1nnco1)c1nn[nH]c1N(Cc1ccccc1)Cc1ccccc1,低毒,11.750876,63.712284,2.9338425,0.673913043,0.326086957,0.489522701,0.44121071,0.123399302,0.351377571,250,True,False,False,,11.969503,0.64867
O=C(c1csc(Nc2ccc(Cl)c(Cl)c2)n1)c1nn[nH]c1N(Cc1ccccc1)Cc1ccccc1,O=C(c1csc(Nc2ccc(Cl)c(Cl)c2)n1)c1nn[nH]c1N(Cc1ccccc1)Cc1ccccc1,低毒,12.455163,10.611208,2.803758868,0.508196721,0.491803279,0.540745052,0.2887078,0.793364377,0.540939076,477,True,False,False,,19.44755,-14.833253
O=C(Oc1nsc2ccccc12)c1nn[nH]c1N(Cc1ccccc1)Cc1ccccc1,O=C(Oc1nsc2ccccc12)c1nn[nH]c1N(Cc1ccccc1)Cc1ccccc1,低毒,70.27092,12.62172,,,,,,,,,False,False,False,,12.527667,-19.999504
O=C(c1nn[nH]c1N(Cc1ccccc1)Cc1ccccc1)C1(O)CC2CCC1C2,O=C(c1nn[nH]c1N(Cc1ccccc1)Cc1ccccc1)C1(O)CC2CCC1C2,中毒,8.672613,27.173529,4.563298765,0.527272727,0.472727273,0.232828871,0.968568102,0.722351572,0.641249515,596,True,False,False,,-1.4930639,-27.060102
O=C(c1nn[nH]c1N(Cc1ccccc1)Cc1ccccc1)c1cccn1CC(F)(F)Br,O=C(c1nn[nH]c1N(Cc1ccccc1)Cc1ccccc1)c1cccn1CC(F)(F)Br,低毒,4.7253957,64.433624,3.087353716,0.58490566,0.41509434,0.052968568,0.590221187,0.504656577,0.382615444,295,True,False,False,,-9.179805,-4.2412667
O=Cc1cccc2c1cc1n2C2CC(NC(=O)c3nn[nH]c3N(Cc3ccccc3)Cc3ccccc3)C2C1,O=Cc1cccc2c1cc1n2C2CC(NC(=O)c3nn[nH]c3N(Cc3ccccc3)Cc3ccccc3)C2C1,中毒,15.6024685,16.255348,4.161918446,0.397260274,0.602739726,0.758440047,0.94644936,0.966821886,0.890570431,836,True,False,False,,3.0436573,-23.650476
O=C(c1nn[nH]c1N(Cc1ccccc1)Cc1ccccc1)c1cn(CCCNS(=O)(=O)c2ccnc3cc[nH]c23)c2ccc(O)cc12,O=C(c1nn[nH]c1N(Cc1ccccc1)Cc1ccccc1)c1cn(CCCNS(=O)(=O)c2ccnc3cc[nH]c23)c2ccc(O)cc12,中毒,45.067272,10.829136,,,,,,,,,False,False,False,,-9.855672,14.056
O=C(c1nn[nH]c1N(Cc1ccccc1)Cc1ccccc1)C(O)c1ccco1,O=C(c1nn[nH]c1N(Cc1ccccc1)Cc1ccccc1)C(O)c1ccco1,中毒,15.033959,26.69869,3.222205097,0.591836735,0.408163265,0.719441211,0.677532014,0.474388824,0.62378735,578,True,False,False,,-26.358671,-22.253853
O=C(c1nncs1)c1nn[nH]c1N(Cc1ccccc1)Cc1ccccc1,O=C(c1nncs1)c1nn[nH]c1N(Cc1ccccc1)Cc1ccccc1,低毒,8.02164,42.954765,2.906248846,0.673913043,0.326086957,0.197322468,0.402793946,0.123399302,0.241171905,126,True,False,False,,8.954702,-10.269017
O=C(c1nn[nH]c1N(Cc1ccccc1)Cc1ccccc1)[n+]1coc2cccnc2c1=S,O=C(c1nn[nH]c1N(Cc1ccccc1)Cc1ccccc1)[n+]1coc2cccnc2c1=S,中毒,18.779087,61.61067,3.341300363,0.491525424,0.508474576,0.938300349,0.747380675,0.831199069,0.838960031,798,True,False,False,,-6.5893736,-2.0454855
O=C(c1nn[nH]c1N(Cc1ccccc1)Cc1ccccc1)S(=O)(=O)SCc1ccccc1,O=C(c1nn[nH]c1N(Cc1ccccc1)Cc1ccccc1)S(=O)(=O)SCc1ccccc1,低毒,18.518087,68.13849,2.898706911,0.604166667,0.395833333,0.91967404,0.398137369,0.423748545,0.580519984,516,True,False,False,,-11.571727,-27.853159
O=C(c1cn(-c2ccccn2)nn1)c1nn[nH]c1N(Cc1ccccc1)Cc1ccccc1,O=C(c1cn(-c2ccccn2)nn1)c1nn[nH]c1N(Cc1ccccc1)Cc1ccccc1,中毒,16.85373,54.217167,2.845710904,0.58490566,0.41509434,0.832363213,0.339930151,0.504656577,0.558983314,499,True,False,False,,16.937302,-6.946355
O=C1C(CN2C(=O)c3ccccc32)=COc2ccc(Br)cc2C=C1C(=O)c1nn[nH]c1N(Cc1ccccc1)Cc1ccccc1,O=C1C(CN2C(=O)c3ccccc32)=COc2ccc(Br)cc2C=C1C(=O)c1nn[nH]c1N(Cc1ccccc1)Cc1ccccc1,中毒,40.343212,27.759993,,,,,,,,,False,False,False,,8.874335,24.340446
O=C(Sc1ccc(=O)[nH]n1)c1nn[nH]c1N(Cc1ccccc1)Cc1ccccc1,O=C(Sc1ccc(=O)[nH]n1)c1nn[nH]c1N(Cc1ccccc1)Cc1ccccc1,低毒,14.040698,41.619003,2.981459872,0.568627451,0.431372549,0.675785797,0.502910361,0.583818393,0.587504851,523,True,False,False,,-13.867836,-5.896318
O=C(C1=C(N2CCOCC2)CCCN(Cc2c[nH]cn2)C1)c1nn[nH]c1N(Cc1ccccc1)Cc1ccccc1,O=C(C1=C(N2CCOCC2)CCCN(Cc2c[nH]cn2)C1)c1nn[nH]c1N(Cc1ccccc1)Cc1ccccc1,中毒,13.509119,37.13638,3.369444283,0.436619718,0.563380282,0.635622817,0.75669383,0.918509895,0.770275514,737,True,False,False,,25.217932,11.784181
O=C(c1nn[nH]c1N(Cc1ccccc1)Cc1ccccc1)C(C[N+](=O)[O-])c1nccs1,O=C(c1nn[nH]c1N(Cc1ccccc1)Cc1ccccc1)C(C[N+](=O)[O-])c1nccs1,中毒,54.72527,36.939735,,,,,,,,,False,False,False,,7.56005,-12.545432
O=C(c1cnc(C2CCCCC2)s1)c1nn[nH]c1N(Cc1ccccc1)Cc1ccccc1,O=C(c1cnc(C2CCCCC2)s1)c1nn[nH]c1N(Cc1ccccc1)Cc1ccccc1,低毒,40.09472,31.271025,,,,,,,,,False,False,False,,11.459309,-26.59161
O=C(c1nn[nH]c1N(Cc1ccccc1)Cc1ccccc1)C12CCC(CC1)C2,O=C(c1nn[nH]c1N(Cc1ccccc1)Cc1ccccc1)C12CCC(CC1)C2,高毒,10.869423,10.310754,3.649226373,0.568627451,0.431372549,0.4225844,0.859138533,0.583818393,0.621847109,575,True,False,False,,-1.363364,-26.26046
O=C(c1nn[nH]c1N(Cc1ccccc1)Cc1ccccc1)[SH](c1cccnc1)c1cc([N+](=O)[O-])cc([N+](=O)[O-])c1,O=C(c1nn[nH]c1N(Cc1ccccc1)Cc1ccccc1)[SH](c1cccnc1)c1cc([N+](=O)[O-])cc([N+](=O)[O-])c1,低毒,8.9651985,29.50695,3.991865699,0.46031746,0.53968254,0.254947614,0.92782305,0.881839348,0.688203337,648,True,False,False,,-24.848013,1.1177771
O=C(c1nn[nH]c1N(Cc1ccccc1)Cc1ccccc1)c1n[nH]c2ccc(C(F)(F)F)cc12,O=C(c1nn[nH]c1N(Cc1ccccc1)Cc1ccccc1)c1n[nH]c2ccc(C(F)(F)F)cc12,中毒,31.088856,54.285847,,,,,,,,,False,False,False,,32.875057,3.7728143
O=C(c1nn[nH]c1N(Cc1ccccc1)Cc1ccccc1)S(=O)(=O)Nc1cscn1,O=C(c1nn[nH]c1N(Cc1ccccc1)Cc1ccccc1)S(=O)(=O)Nc1cscn1,低毒,20.94673,69.05167,,,,,,,,,False,False,False,,-16.69176,-29.210354
O=C(c1nn[nH]c1N(Cc1ccccc1)Cc1ccccc1)C(Cl)CCl,O=C(c1nn[nH]c1N(Cc1ccccc1)Cc1ccccc1)C(Cl)CCl,高毒,16.389416,56.60067,3.264247022,0.630434783,0.369565217,0.797438882,0.70314319,0.344004657,0.614862243,561,True,False,False,,-18.847313,-22.315939
O=C(c1nn[nH]c1N(Cc1ccccc1)Cc1ccccc1)N1CCCCCC2(CCNc3ncnn32)C1,O=C(c1nn[nH]c1N(Cc1ccccc1)Cc1ccccc1)N1CCCCCC2(CCNc3ncnn32)C1,中毒,29.110222,17.073547,,,,,,,,,False,False,False,,-0.16551118,37.102802
O=C(c1ccc2ocnc2c1)c1nn[nH]c1N(Cc1ccccc1)Cc1ccccc1,O=C(c1ccc2ocnc2c1)c1nn[nH]c1N(Cc1ccccc1)Cc1ccccc1,中毒,20.311756,108.79434,,,,,,,,,False,False,False,,12.711213,19.99167
O=C(c1nn[nH]c1N(Cc1ccccc1)Cc1ccccc1)C1c2ccccc2N(C(=O)c2ccoc2)c2occc21,O=C(c1nn[nH]c1N(Cc1ccccc1)Cc1ccccc1)C1c2ccccc2N(C(=O)c2ccoc2)c2occc21,中毒,51.88391,25.108006,,,,,,,,,False,False,False,,13.437895,-30.17266
O=C(c1nn[nH]c1N(Cc1ccccc1)Cc1ccccc1)[S+]([O-])c1ccccc1,O=C(c1nn[nH]c1N(Cc1ccccc1)Cc1ccccc1)[S+]([O-])c1ccccc1,中毒,14.65667,28.241728,3.475366964,0.630434783,0.369565217,0.701979045,0.799767171,0.344004657,0.615250291,563,True,False,False,,-7.855362,-15.074318
N#CC1(N(CCN(C(=O)c2nn[nH]c2N(Cc2ccccc2)Cc2ccccc2)c2ncnc3ccccc23)c2ccc(F)cc2)CCC1,N#CC1(N(CCN(C(=O)c2nn[nH]c2N(Cc2ccccc2)Cc2ccccc2)c2ncnc3ccccc23)c2ccc(F)cc2)CCC1,中毒,38.35492,17.765036,,,,,,,,,False,False,False,,-16.12694,1.4286085
O=C(C1=NNc2ccc(OCS(=O)(=O)O)cc2SC1=S)c1nn[nH]c1N(Cc1ccccc1)Cc1ccccc1,O=C(C1=NNc2ccc(OCS(=O)(=O)O)cc2SC1=S)c1nn[nH]c1N(Cc1ccccc1)Cc1ccccc1,中毒,14.937406,78.40149,3.546605881,0.455882353,0.544117647,0.714784633,0.830034924,0.888242142,0.811020567,781,True,False,False,,17.005133,11.768452
O=C(c1nn[nH]c1N(Cc1ccccc1)Cc1ccccc1)c1snnc1C(F)(F)F,O=C(c1nn[nH]c1N(Cc1ccccc1)Cc1ccccc1)c1snnc1C(F)(F)F,低毒,22.961212,39.76487,,,,,,,,,False,False,False,,28.319014,-6.0222225
O=C(c1nn[nH]c1N(Cc1ccccc1)Cc1ccccc1)c1c(Cl)c[nH]c(=O)[n+]1[O-],O=C(c1nn[nH]c1N(Cc1ccccc1)Cc1ccccc1)c1c(Cl)c[nH]c(=O)[n+]1[O-],低毒,10.806441,14.101109,3.267832831,0.58490566,0.41509434,0.389988359,0.706635623,0.504656577,0.533760186,468,True,False,False,,-2.4289546,7.36577
O=C(c1cccc(Cc2n[nH]c(=O)c3ccccc23)n1)c1nn[nH]c1N(Cc1ccccc1)Cc1ccccc1,O=C(c1cccc(Cc2n[nH]c(=O)c3ccccc23)n1)c1nn[nH]c1N(Cc1ccccc1)Cc1ccccc1,低毒,8.651708,31.989012,2.974959042,0.525423729,0.474576271,0.22991851,0.492433062,0.739231665,0.487194412,417,True,False,False,,29.735195,2.2980108
O=C(c1cnn(-n2ncc3ccccc32)c1Cl)c1nn[nH]c1N(Cc1ccccc1)Cc1ccccc1,O=C(c1cnn(-n2ncc3ccccc32)c1Cl)c1nn[nH]c1N(Cc1ccccc1)Cc1ccccc1,低毒,49.493645,8.78761,,,,,,,,,False,False,False,,-10.234235,7.1474676
O=C(c1ccnc(-n2ccnc2)c1)c1nn[nH]c1N(Cc1ccccc1)Cc1ccccc1,O=C(c1ccnc(-n2ccnc2)c1)c1nn[nH]c1N(Cc1ccccc1)Cc1ccccc1,低毒,20.239346,66.59727,,,,,,,,,False,False,False,,10.257071,17.946058
O=C(Oc1cccc(O)c1)c1nn[nH]c1N(Cc1ccccc1)Cc1ccccc1,O=C(Oc1cccc(O)c1)c1nn[nH]c1N(Cc1ccccc1)Cc1ccccc1,低毒,11.058763,34.70963,2.553176305,0.568627451,0.431372549,0.447031432,0.05355064,0.583818393,0.361466822,264,True,False,False,,-28.149677,-11.688353
O=C(c1ncon1)c1nn[nH]c1N(Cc1ccccc1)Cc1ccccc1,O=C(c1ncon1)c1nn[nH]c1N(Cc1ccccc1)Cc1ccccc1,低毒,5.7749395,20.845585,2.97251827,0.659574468,0.340425532,0.105355064,0.487776484,0.169965076,0.254365541,142,True,False,False,,18.05015,2.0803852
O=C(ONF)c1nn[nH]c1N(Cc1ccccc1)Cc1ccccc1,O=C(ONF)c1nn[nH]c1N(Cc1ccccc1)Cc1ccccc1,高毒,11.058763,34.70963,2.924552817,0.630434783,0.369565217,0.447031432,0.421420256,0.344004657,0.404152115,323,True,False,False,,-24.30636,-10.193604
O=C(c1cc[n+](Cc2ccc(Cl)c(Cl)c2)s1)c1nn[nH]c1N(Cc1ccccc1)Cc1ccccc1,O=C(c1cc[n+](Cc2ccc(Cl)c(Cl)c2)s1)c1nn[nH]c1N(Cc1ccccc1)Cc1ccccc1,低毒,15.362902,41.419765,3.275100406,0.525423729,0.474576271,0.734575087,0.7112922,0.739231665,0.728366317,698,True,False,False,,21.870756,13.706201
O=C(c1nn[nH]c1N(Cc1ccccc1)Cc1ccccc1)C1(c2ccccc2)Cc2ccccc21,O=C(c1nn[nH]c1N(Cc1ccccc1)Cc1ccccc1)C1(c2ccccc2)Cc2ccccc21,中毒,73.69084,36.23164,,,,,,,,,False,False,False,,-3.5038116,-21.517765
O=C(c1ccc(F)cn1)c1nn[nH]c1N(Cc1ccccc1)Cc1ccccc1,O=C(c1ccc(F)cn1)c1nn[nH]c1N(Cc1ccccc1)Cc1ccccc1,低毒,4.437938,34.285435,2.644757772,0.645833333,0.354166667,0.047147846,0.109429569,0.241559953,0.132712456,44,True,True,False,,18.350458,-5.8559666
O=C(c1nn[nH]c1N(Cc1ccccc1)Cc1ccccc1)N1CN(OCC=Cc2ccco2)CNC(S)=N1,O=C(c1nn[nH]c1N(Cc1ccccc1)Cc1ccccc1)N1CN(OCC=Cc2ccco2)CNC(S)=N1,中毒,14.770642,22.023348,3.742398057,0.391891892,0.608108108,0.708963912,0.876600698,0.972060536,0.852541715,805,True,False,False,,-10.477547,-2.1706991
N#S([O-])(F)N1CCN(C(=O)c2nn[nH]c2N(Cc2ccccc2)Cc2ccccc2)C(CO)C1,N#S([O-])(F)N1CCN(C(=O)c2nn[nH]c2N(Cc2ccccc2)Cc2ccccc2)C(CO)C1,中毒,37.327793,10.952536,,,,,,,,,False,False,False,,-2.1194131,33.26569
O=C(NOCN1Cc2ccccc2Oc2cc3ccccc3nc2-c2[nH]c3ccccc3c21)c1nn[nH]c1N(Cc1ccccc1)Cc1ccccc1,O=C(NOCN1Cc2ccccc2Oc2cc3ccccc3nc2-c2[nH]c3ccccc3c21)c1nn[nH]c1N(Cc1ccccc1)Cc1ccccc1,中毒,20.457363,14.629804,,,,,,,,,False,False,False,,-8.982329,-18.011774
O=C(c1nn[nH]c1N(Cc1ccccc1)Cc1ccccc1)[SH](Cc1ccc(F)cc1)c1sc2ccncc2c1Cl,O=C(c1nn[nH]c1N(Cc1ccccc1)Cc1ccccc1)[SH](Cc1ccc(F)cc1)c1sc2ccncc2c1Cl,中毒,20.722193,21.773174,,,,,,,,,False,False,False,,-14.669218,3.5114617
O=C(c1ccc2nc(O)ccc2n1)c1nn[nH]c1N(Cc1ccccc1)Cc1ccccc1,O=C(c1ccc2nc(O)ccc2n1)c1nn[nH]c1N(Cc1ccccc1)Cc1ccccc1,低毒,4.7253957,26.780586,2.859467057,0.632653061,0.367346939,0.052968568,0.36088475,0.313154831,0.24233605,127,True,False,False,,22.188631,-6.077229
O=C(C1=C(N2CCNOC2)C(=O)N1CCBr)c1nn[nH]c1N(Cc1ccccc1)Cc1ccccc1,O=C(C1=C(N2CCNOC2)C(=O)N1CCBr)c1nn[nH]c1N(Cc1ccccc1)Cc1ccccc1,中毒,41.550026,14.950564,,,,,,,,,False,False,False,,28.722755,17.681149
O=C(c1nn[nH]c1N(Cc1ccccc1)Cc1ccccc1)N1CCNC(c2cc3c(cc2F)OCO3)CC1,O=C(c1nn[nH]c1N(Cc1ccccc1)Cc1ccccc1)N1CCNC(c2cc3c(cc2F)OCO3)CC1,中毒,52.41572,14.299376,,,,,,,,,False,False,False,,2.7134655,35.97362
O=C(c1nn[nH]c1N(Cc1ccccc1)Cc1ccccc1)S(=O)(=O)c1c[nH]nc1C1CCC1,O=C(c1nn[nH]c1N(Cc1ccccc1)Cc1ccccc1)S(=O)(=O)c1c[nH]nc1C1CCC1,中毒,36.076214,51.595737,,,,,,,,,False,False,False,,-8.955532,-29.45081
O=C(c1nn[nH]c1N(Cc1ccccc1)Cc1ccccc1)c1coc2c(F)ccc[n+]12,O=C(c1nn[nH]c1N(Cc1ccccc1)Cc1ccccc1)c1coc2c(F)ccc[n+]12,低毒,53.899952,64.234535,,,,,,,,,False,False,False,,18.583168,22.33332
O=C(c1nn[nH]c1N(Cc1ccccc1)Cc1ccccc1)C(C1=Cc2ccncc2S1(=O)=O)c1cccnc1Cl,O=C(c1nn[nH]c1N(Cc1ccccc1)Cc1ccccc1)C(C1=Cc2ccncc2S1(=O)=O)c1cccnc1Cl,中毒,46.067013,18.950714,,,,,,,,,False,False,False,,-24.184362,-18.188784
O=C(c1nn[nH]c1N(Cc1ccccc1)Cc1ccccc1)[N+]([O-])=C1N(CCO)N1c1cccc(CO)n1,O=C(c1nn[nH]c1N(Cc1ccccc1)Cc1ccccc1)[N+]([O-])=C1N(CCO)N1c1cccc(CO)n1,中毒,54.5801,25.271751,,,,,,,,,False,False,False,,-9.917607,-13.37077
O=C(c1nn2cnnc2[nH]1)c1nn[nH]c1N(Cc1ccccc1)Cc1ccccc1,O=C(c1nn2cnnc2[nH]1)c1nn[nH]c1N(Cc1ccccc1)Cc1ccccc1,低毒,8.02164,41.86337,3.266879046,0.596153846,0.403846154,0.197322468,0.705471478,0.448195576,0.450329841,378,True,False,False,,14.479116,3.0339158
O=C(c1nn[nH]c1N(Cc1ccccc1)Cc1ccccc1)[SH](=O)(CCl)c1nc2ccccc2[nH]1,O=C(c1nn[nH]c1N(Cc1ccccc1)Cc1ccccc1)[SH](=O)(CCl)c1nc2ccccc2[nH]1,中毒,21.71792,41.538986,,,,,,,,,False,False,False,,-1.2294989,-6.873257
O=C(c1nn[nH]c1N(Cc1ccccc1)Cc1ccccc1)C1CC=CCN1CO,O=C(c1nn[nH]c1N(Cc1ccccc1)Cc1ccccc1)C1CC=CCN1CO,中毒,27.8935,45.45388,,,,,,,,,False,False,False,,5.9998145,-34.167656
O=C(c1ccnc(F)n1)c1nn[nH]c1N(Cc1ccccc1)Cc1ccccc1,O=C(c1ccnc(F)n1)c1nn[nH]c1N(Cc1ccccc1)Cc1ccccc1,低毒,98.08515,37.08333,,,,,,,,,False,False,False,,20.105566,-6.29821
O=C(ON1C=CS(=O)(=O)C1O)c1nn[nH]c1N(Cc1ccccc1)Cc1ccccc1,O=C(ON1C=CS(=O)(=O)C1O)c1nn[nH]c1N(Cc1ccccc1)Cc1ccccc1,中毒,15.918771,31.537678,3.847198996,0.517857143,0.482142857,0.77532014,0.905704307,0.753783469,0.811602639,783,True,False,False,,-24.327168,-12.323258
O=C(c1c[nH][nH]1)c1nn[nH]c1N(Cc1ccccc1)Cc1ccccc1,O=C(c1c[nH][nH]1)c1nn[nH]c1N(Cc1ccccc1)Cc1ccccc1,低毒,21.982689,34.50007,,,,,,,,,False,False,False,,11.240043,4.879518
O=C(c1ccc(F)c(F)c1)c1nn[nH]c1N(Cc1ccccc1)Cc1ccccc1,O=C(c1ccc(F)c(F)c1)c1nn[nH]c1N(Cc1ccccc1)Cc1ccccc1,中毒,9.219173,20.880424,2.52062947,0.733333333,0.266666667,0.288125728,0.031431898,0.037252619,0.118936748,33,True,True,False,,10.099148,11.912831
O=C(c1nocc1Br)c1nn[nH]c1N(Cc1ccccc1)Cc1ccccc1,O=C(c1nocc1Br)c1nn[nH]c1N(Cc1ccccc1)Cc1ccccc1,中毒,4.2356267,29.762762,2.993460828,0.645833333,0.354166667,0.022700815,0.511059371,0.241559953,0.258440047,146,True,False,False,,0.013069312,13.163423
O=C(c1nn[nH]c1N(Cc1ccccc1)Cc1ccccc1)[n+]1cccs1,O=C(c1nn[nH]c1N(Cc1ccccc1)Cc1ccccc1)[n+]1cccs1,中毒,25.695772,22.595478,,,,,,,,,False,False,False,,-2.439963,-14.445422
O=C(c1nn[nH]c1N(Cc1ccccc1)Cc1ccccc1)C(F)(F)OC1CCS(=O)(=O)CC1,O=C(c1nn[nH]c1N(Cc1ccccc1)Cc1ccccc1)C(F)(F)OC1CCS(=O)(=O)CC1,高毒,19.10288,98.95927,3.161944296,0.5,0.5,0.965075669,0.637951106,0.807916182,0.803647652,774,True,False,False,,-15.946478,-13.28522
O=C(c1cocc1Br)c1nn[nH]c1N(Cc1ccccc1)Cc1ccccc1,O=C(c1cocc1Br)c1nn[nH]c1N(Cc1ccccc1)Cc1ccccc1,低毒,4.2356267,64.433624,2.948655012,0.645833333,0.354166667,0.022700815,0.464493597,0.241559953,0.242918122,128,True,False,False,,-1.5567043,13.069537
O=C(c1nn[nH]c1N(Cc1ccccc1)Cc1ccccc1)c1snnc1Nc1ccnc(C(Cl)(Cl)c2cscn2)c1Cl,O=C(c1nn[nH]c1N(Cc1ccccc1)Cc1ccccc1)c1snnc1Nc1ccnc(C(Cl)(Cl)c2cscn2)c1Cl,中毒,38.38601,28.474678,,,,,,,,,False,False,False,,27.031435,-6.0648103
O=C(c1nn[nH]c1N(Cc1ccccc1)Cc1ccccc1)c1cccn1-c1cc(Cl)cc(Cl)n1,O=C(c1nn[nH]c1N(Cc1ccccc1)Cc1ccccc1)c1cccn1-c1cc(Cl)cc(Cl)n1,中毒,63.437298,28.441448,,,,,,,,,False,False,False,,29.844347,-14.041395
O=C(c1nsc(Cl)n1)c1nn[nH]c1N(Cc1ccccc1)Cc1ccccc1,O=C(c1nsc(Cl)n1)c1nn[nH]c1N(Cc1ccccc1)Cc1ccccc1,低毒,5.7749395,41.60291,2.955853323,0.645833333,0.354166667,0.105355064,0.471478463,0.241559953,0.272797827,161,True,False,False,,22.7144,-0.12396438
O=C(c1ccc2nc[nH]c2c1Cl)c1nn[nH]c1N(Cc1ccccc1)Cc1ccccc1,O=C(c1ccc2nc[nH]c2c1Cl)c1nn[nH]c1N(Cc1ccccc1)Cc1ccccc1,中毒,17.911333,32.35644,2.924752413,0.574074074,0.425925926,0.898719441,0.4225844,0.55878929,0.626697711,580,True,False,False,,-10.867162,10.705135
O=C(c1nn[nH]c1N(Cc1ccccc1)Cc1ccccc1)c1c[nH]c2cnccc12,O=C(c1nn[nH]c1N(Cc1ccccc1)Cc1ccccc1)c1c[nH]c2cnccc12,中毒,63.298653,21.234655,,,,,,,,,False,False,False,,-20.464777,21.6524
O=C(c1cccnc1P(=O)(O)O)c1nn[nH]c1N(Cc1ccccc1)Cc1ccccc1,O=C(c1cccnc1P(=O)(O)O)c1nn[nH]c1N(Cc1ccccc1)Cc1ccccc1,中毒,94.42983,30.418646,,,,,,,,,False,False,False,,-7.7482386,4.8143225
O=C(c1nn[nH]c1N(Cc1ccccc1)Cc1ccccc1)c1oc(Br)cc1Br,O=C(c1nn[nH]c1N(Cc1ccccc1)Cc1ccccc1)c1oc(Br)cc1Br,中毒,16.07873,39.501667,2.979532504,0.632653061,0.367346939,0.782887078,0.499417928,0.313154831,0.531819946,465,True,False,False,,-0.23873813,11.509497
O=C(Sc1cccc(Cl)c1)c1nn[nH]c1N(Cc1ccccc1)Cc1ccccc1,O=C(Sc1cccc(Cl)c1)c1nn[nH]c1N(Cc1ccccc1)Cc1ccccc1,中毒,14.040698,29.393785,2.695810571,0.557692308,0.442307692,0.675785797,0.164144354,0.622235157,0.487388436,419,True,False,False,,-13.336254,-7.112935
O=C(c1nn[nH]c1N(Cc1ccccc1)Cc1ccccc1)c1occc1[N+](=O)[O-],O=C(c1nn[nH]c1N(Cc1ccccc1)Cc1ccccc1)c1occc1[N+](=O)[O-],低毒,10.806441,58.308685,2.908509577,0.596153846,0.403846154,0.389988359,0.408614668,0.448195576,0.415599534,336,True,False,False,,-19.907152,5.025466
O=C(c1cccnc1Oc1ccc2c(c1)OCO2)c1nn[nH]c1N(Cc1ccccc1)Cc1ccccc1,O=C(c1cccnc1Oc1ccc2c(c1)OCO2)c1nn[nH]c1N(Cc1ccccc1)Cc1ccccc1,中毒,23.116045,14.2869425,,,,,,,,,False,False,False,,-7.462821,5.8342156
O=C(c1nn[nH]c1N(Cc1ccccc1)Cc1ccccc1)N1CCN(CC=CN2c3nocc3Sc3cnnn32)CC1,O=C(c1nn[nH]c1N(Cc1ccccc1)Cc1ccccc1)N1CCN(CC=CN2c3nocc3Sc3cnnn32)CC1,中毒,176.8738,26.141651,,,,,,,,,False,False,False,,2.9645846,37.004295
O=C(c1nn[nH]c1N(Cc1ccccc1)Cc1ccccc1)n1cc2ccccc2nc1=O,O=C(c1nn[nH]c1N(Cc1ccccc1)Cc1ccccc1)n1cc2ccccc2nc1=O,中毒,24.730265,32.341473,,,,,,,,,False,False,False,,-6.6302166,31.733616
O=C(c1nn[nH]c1N(Cc1ccccc1)Cc1ccccc1)C(O)c1sccc1Cl,O=C(c1nn[nH]c1N(Cc1ccccc1)Cc1ccccc1)C(O)c1sccc1Cl,高毒,9.981115,38.660896,3.377420074,0.537037037,0.462962963,0.328288708,0.760186263,0.688009313,0.592161428,530,True,False,False,,-19.127607,-25.970453
O=C(c1nn[nH]c1N(Cc1ccccc1)Cc1ccccc1)S(=O)(=O)c1n[nH]s1,O=C(c1nn[nH]c1N(Cc1ccccc1)Cc1ccccc1)S(=O)(=O)c1n[nH]s1,中毒,16.28776,45.024048,3.168840269,0.591836735,0.408163265,0.794528522,0.643771828,0.474388824,0.637563058,592,True,False,False,,-10.958484,-30.521841
O=C(c1nn[nH]c1N(Cc1ccccc1)Cc1ccccc1)N1CCc2c[nH]nc2C1,O=C(c1nn[nH]c1N(Cc1ccccc1)Cc1ccccc1)N1CCc2c[nH]nc2C1,中毒,132.65091,23.58872,,,,,,,,,False,False,False,,-1.4451541,40.275227
O=C(c1cn(Cl)cn1)c1nn[nH]c1N(Cc1ccccc1)Cc1ccccc1,O=C(c1cn(Cl)cn1)c1nn[nH]c1N(Cc1ccccc1)Cc1ccccc1,中毒,25.376701,54.278397,,,,,,,,,False,False,False,,15.736921,-3.6441765
O=C(c1cc(Cl)ccc1-c1ccc(Cl)cc1I)c1nn[nH]c1N(Cc1ccccc1)Cc1ccccc1,O=C(c1cc(Cl)ccc1-c1ccc(Cl)cc1I)c1nn[nH]c1N(Cc1ccccc1)Cc1ccccc1,低毒,5.299379,32.63324,2.829957549,0.58490566,0.41509434,0.071012806,0.322467986,0.504656577,0.299379123,188,True,False,False,,-13.61173,13.86514
O=C(c1nn[nH]c1N(Cc1ccccc1)Cc1ccccc1)C(S)(c1cccc(NCc2ccc(F)cc2)c1)n1sc2cc(F)cc(F)c21,O=C(c1nn[nH]c1N(Cc1ccccc1)Cc1ccccc1)C(S)(c1cccc(NCc2ccc(F)cc2)c1)n1sc2cc(F)cc(F)c21,中毒,107.25945,19.976124,,,,,,,,,False,False,False,,-15.388099,-10.291902
O=C(c1nn[nH]c1N(Cc1ccccc1)Cc1ccccc1)n1cccn1,O=C(c1nn[nH]c1N(Cc1ccccc1)Cc1ccccc1)n1cccn1,高毒,19.253704,14.951705,2.741048654,0.604166667,0.395833333,0.969732247,0.211874272,0.423748545,0.535118355,471,True,False,False,,-2.8493621,30.526014
O=C(c1nn[nH]c1N(Cc1ccccc1)Cc1ccccc1)S(=O)(=O)c1c(F)c(F)c(F)c2[nH]c(=O)c(Cl)nc12,O=C(c1nn[nH]c1N(Cc1ccccc1)Cc1ccccc1)S(=O)(=O)c1c(F)c(F)c(F)c2[nH]c(=O)c(Cl)nc12,中毒,18.341461,53.031006,3.473044651,0.446153846,0.553846154,0.913853318,0.796274738,0.906868452,0.872332169,823,True,False,False,,-13.589588,-28.747267
O=C(c1n[nH]cc1Br)c1nn[nH]c1N(Cc1ccccc1)Cc1ccccc1,O=C(c1n[nH]cc1Br)c1nn[nH]c1N(Cc1ccccc1)Cc1ccccc1,中毒,23.90006,56.669506,,,,,,,,,False,False,False,,1.2826202,13.34721
O=C(c1nn[nH]c1N(Cc1ccccc1)Cc1ccccc1)c1nnnn1C1CS(=O)(=O)CO1,O=C(c1nn[nH]c1N(Cc1ccccc1)Cc1ccccc1)c1nnnn1C1CS(=O)(=O)CO1,低毒,28.785984,29.450325,,,,,,,,,False,False,False,,9.520685,5.9257855
O=C(c1cccc(CCc2coc3c(Br)nc(NN=Cc4ccncc4)cc23)c1)c1nn[nH]c1N(Cc1ccccc1)Cc1ccccc1,O=C(c1cccc(CCc2coc3c(Br)nc(NN=Cc4ccncc4)cc23)c1)c1nn[nH]c1N(Cc1ccccc1)Cc1ccccc1,中毒,11.408316,54.259506,3.433997088,0.430379747,0.569620253,0.469150175,0.777648428,0.928987194,0.725261932,694,True,False,False,,8.284965,15.781944
O=C(c1nn[nH]c1N(Cc1ccccc1)Cc1ccccc1)C(Sn1cnc[n+]1[O-])c1ccccc1,O=C(c1nn[nH]c1N(Cc1ccccc1)Cc1ccccc1)C(Sn1cnc[n+]1[O-])c1ccccc1,中毒,8.162897,37.194077,3.81929632,0.475409836,0.524590164,0.206053551,0.898719441,0.859720605,0.654831199,616,True,False,False,,-21.955523,-21.120508
O=C(NOCc1cncnn1)c1nn[nH]c1N(Cc1ccccc1)Cc1ccccc1,O=C(NOCc1cncnn1)c1nn[nH]c1N(Cc1ccccc1)Cc1ccccc1,低毒,10.102503,25.348381,3.057779456,0.535714286,0.464285714,0.339930151,0.565774156,0.696158324,0.53395421,469,True,False,False,,-8.214747,-17.431658
O=C(c1nn[nH]c1N(Cc1ccccc1)Cc1ccccc1)C(Cl)I,O=C(c1nn[nH]c1N(Cc1ccccc1)Cc1ccccc1)C(Cl)I,高毒,14.497795,42.472836,3.260779307,0.644444444,0.355555556,0.697322468,0.701979045,0.277648428,0.558983314,498,True,False,False,,-18.739435,-21.81467
O=C(c1nn[nH]c1N(Cc1ccccc1)Cc1ccccc1)N(O)C1CC1C(Cl)Cl,O=C(c1nn[nH]c1N(Cc1ccccc1)Cc1ccccc1)N(O)C1CC1C(Cl)Cl,低毒,29.989534,19.50927,,,,,,,,,False,False,False,,-15.929401,-21.489899
O=C(c1nn[nH]c1N(Cc1ccccc1)Cc1ccccc1)c1c(Cl)sc[n+]1CS(=O)(=O)c1ccc(Cl)cc1,O=C(c1nn[nH]c1N(Cc1ccccc1)Cc1ccccc1)c1c(Cl)sc[n+]1CS(=O)(=O)c1ccc(Cl)cc1,中毒,10.972657,30.251978,3.309623694,0.508196721,0.491803279,0.436554133,0.728754366,0.793364377,0.652890958,613,True,False,False,,3.762714,0.48024994
O=C(Oc1ccccc1)N(C(=O)c1nn[nH]c1N(Cc1ccccc1)Cc1ccccc1)c1cccc([N+](=O)[O-])c1,O=C(Oc1ccccc1)N(C(=O)c1nn[nH]c1N(Cc1ccccc1)Cc1ccccc1)c1cccc([N+](=O)[O-])c1,中毒,33.745068,31.574812,,,,,,,,,False,False,False,,-24.790836,-0.7304188
O=C(c1nn[nH]c1N(Cc1ccccc1)Cc1ccccc1)c1[nH]cnc1Sc1ccccc1I,O=C(c1nn[nH]c1N(Cc1ccccc1)Cc1ccccc1)c1[nH]cnc1Sc1ccccc1I,低毒,37.42078,30.293102,,,,,,,,,False,False,False,,30.07709,13.240151
O=C(c1n[nH][nH]1)c1nn[nH]c1N(Cc1ccccc1)Cc1ccccc1,O=C(c1n[nH][nH]1)c1nn[nH]c1N(Cc1ccccc1)Cc1ccccc1,低毒,5.7749395,41.86337,2.940957627,0.720930233,0.279069767,0.105355064,0.451688009,0.047729919,0.201590997,88,True,True,False,,14.283295,4.1277766
O=C(O)C(C(=O)c1nn[nH]c1N(Cc1ccccc1)Cc1ccccc1)c1noc2cccc(Br)c12,O=C(O)C(C(=O)c1nn[nH]c1N(Cc1ccccc1)Cc1ccccc1)c1noc2cccc(Br)c12,中毒,12.967255,36.678726,3.540084885,0.475409836,0.524590164,0.596041909,0.826542491,0.859720605,0.760768335,724,True,False,False,,-20.518723,-21.593145
O=C(c1nn[nH]c1N(Cc1ccccc1)Cc1ccccc1)S(=O)(=O)c1c(F)cc(C2CC2)c(F)c1F,O=C(c1nn[nH]c1N(Cc1ccccc1)Cc1ccccc1)S(=O)(=O)c1c(F)cc(C2CC2)c(F)c1F,中毒,13.206232,27.936745,3.149273572,0.475409836,0.524590164,0.61233993,0.632130384,0.859720605,0.701396973,667,True,False,False,,-12.6951885,-28.374748
O=C(c1nn[nH]c1N(Cc1ccccc1)Cc1ccccc1)S(=O)(=O)C(F)(F)F,O=C(c1nn[nH]c1N(Cc1ccccc1)Cc1ccccc1)S(=O)(=O)C(F)(F)F,高毒,21.71792,38.125317,,,,,,,,,False,False,False,,-13.261553,-27.113285
O=C(c1nn[nH]c1N(Cc1ccccc1)Cc1ccccc1)[SH](c1ccncn1)C1(O)CSOC1C[N+](=O)[O-],O=C(c1nn[nH]c1N(Cc1ccccc1)Cc1ccccc1)[SH](c1ccncn1)C1(O)CSOC1C[N+](=O)[O-],中毒,33.763134,14.418226,,,,,,,,,False,False,False,,-1.3777187,-12.596945
O=C(c1ccc(N2CCOCC2)c([N+](=O)[O-])c1)c1nn[nH]c1N(Cc1ccccc1)Cc1ccccc1,O=C(c1ccc(N2CCOCC2)c([N+](=O)[O-])c1)c1nn[nH]c1N(Cc1ccccc1)Cc1ccccc1,低毒,14.687765,18.23625,2.759595663,0.540983607,0.459016393,0.704307334,0.232828871,0.679860303,0.538998836,475,True,False,False,,8.278429,21.823456
O=C(C1=NN2C3=CC=CC(=C1)C2C=CC=C3)c1nn[nH]c1N(Cc1ccccc1)Cc1ccccc1,O=C(C1=NN2C3=CC=CC(=C1)C2C=CC=C3)c1nn[nH]c1N(Cc1ccccc1)Cc1ccccc1,中毒,8.7797575,26.336575,5.272341412,0.5,0.5,0.239813737,0.997671711,0.807916182,0.681800543,644,True,False,False,,16.981337,3.9619875
O=C(c1nn[nH]c1N(Cc1ccccc1)Cc1ccccc1)[P+](c1c[nH]cn1)(c1c(F)cccc1F)C(Br)(Br)I,O=C(c1nn[nH]c1N(Cc1ccccc1)Cc1ccccc1)[P+](c1c[nH]cn1)(c1c(F)cccc1F)C(Br)(Br)I,中毒,25.986988,19.369602,,,,,,,,,False,False,False,,-17.30179,-13.131382
O=C(c1nn[nH]c1N(Cc1ccccc1)Cc1ccccc1)C1CSCN1S(=O)(=O)c1ccoc1,O=C(c1nn[nH]c1N(Cc1ccccc1)Cc1ccccc1)C1CSCN1S(=O)(=O)c1ccoc1,中毒,13.944413,59.919422,3.665322564,0.453125,0.546875,0.663562282,0.864959255,0.895227008,0.807916182,776,True,False,False,,3.6216986,-39.919895
O=C(c1nn[nH]c1N(Cc1ccccc1)Cc1ccccc1)S(=O)O,O=C(c1nn[nH]c1N(Cc1ccccc1)Cc1ccccc1)S(=O)O,高毒,21.278503,40.16329,,,,,,,,,False,False,False,,-5.1647058,-16.118658
O=C(C1=CCc2ccccc2C1)c1nn[nH]c1N(Cc1ccccc1)Cc1ccccc1,O=C(C1=CCc2ccccc2C1)c1nn[nH]c1N(Cc1ccccc1)Cc1ccccc1,中毒,14.497795,60.52652,2.889779556,0.632653061,0.367346939,0.697322468,0.391152503,0.313154831,0.467209934,403,True,False,False,,18.03808,9.027926
O=C(c1nn[nH]c1N(Cc1ccccc1)Cc1ccccc1)C(S)c1c[nH]c2ccccc12,O=C(c1nn[nH]c1N(Cc1ccccc1)Cc1ccccc1)C(S)c1c[nH]c2ccccc12,高毒,8.844717,34.020462,3.321373458,0.527272727,0.472727273,0.252619325,0.736903376,0.722351572,0.570624757,508,True,False,False,,-23.594145,-21.800558
O=C(c1nn[nH]c1N(Cc1ccccc1)Cc1ccccc1)C(O)c1ccc(I)cc1,O=C(c1nn[nH]c1N(Cc1ccccc1)Cc1ccccc1)C(O)c1ccc(I)cc1,高毒,7.4814405,34.65295,3.162566775,0.58,0.42,0.170547148,0.63911525,0.533178114,0.447613504,374,True,False,False,,-24.419565,-25.19185
O=C(c1nn[nH]c1N(Cc1ccccc1)Cc1ccccc1)n1cnc2cc(F)ccc2c1=O,O=C(c1nn[nH]c1N(Cc1ccccc1)Cc1ccccc1)n1cnc2cc(F)ccc2c1=O,中毒,59.44805,28.048843,,,,,,,,,False,False,False,,-7.176501,28.026543
O=C(c1nn[nH]c1N(Cc1ccccc1)Cc1ccccc1)c1cn(Br)c2ccccc12,O=C(c1nn[nH]c1N(Cc1ccccc1)Cc1ccccc1)c1cn(Br)c2ccccc12,中毒,50.242462,15.029689,,,,,,,,,False,False,False,,-4.7588882,16.933853
O=C(c1nn[nH]c1N(Cc1ccccc1)Cc1ccccc1)C1(c2ccccc2)OC2CC(F)(Cl)CCC2C1C(F)(F)F,O=C(c1nn[nH]c1N(Cc1ccccc1)Cc1ccccc1)C1(c2ccccc2)OC2CC(F)(Cl)CCC2C1C(F)(F)F,中毒,51.997383,26.98486,,,,,,,,,False,False,False,,-0.6752775,-21.314539
O=C(c1nn[nH]c1N(Cc1ccccc1)Cc1ccccc1)N1CCCOCC1,O=C(c1nn[nH]c1N(Cc1ccccc1)Cc1ccccc1)N1CCCOCC1,中毒,25.863579,22.088709,,,,,,,,,False,False,False,,4.6416736,34.655178
O=C(c1ccc(Br)cc1Cl)c1nn[nH]c1N(Cc1ccccc1)Cc1ccccc1,O=C(c1ccc(Br)cc1Cl)c1nn[nH]c1N(Cc1ccccc1)Cc1ccccc1,中毒,4.2356267,34.049644,2.568435306,0.632653061,0.367346939,0.022700815,0.062863795,0.313154831,0.13290648,45,True,True,False,,-12.401665,11.412235
O=C(c1ccc([N+](=O)[O-])cc1Cl)c1nn[nH]c1N(Cc1ccccc1)Cc1ccccc1,O=C(c1ccc([N+](=O)[O-])cc1Cl)c1nn[nH]c1N(Cc1ccccc1)Cc1ccccc1,低毒,15.867538,34.312782,2.628880471,0.58490566,0.41509434,0.772991851,0.097788126,0.504656577,0.458478851,394,True,False,False,,-24.021204,5.1019416
O=C(c1nn[nH]c1N(Cc1ccccc1)Cc1ccccc1)[SH]1SC([N+](=O)[O-])N=C1NNO,O=C(c1nn[nH]c1N(Cc1ccccc1)Cc1ccccc1)[SH]1SC([N+](=O)[O-])N=C1NNO,中毒,12.455163,32.37445,4.605952094,0.46031746,0.53968254,0.540745052,0.970896391,0.881839348,0.797826931,771,True,False,False,,-9.267561,-13.721726
O=C(c1nn[nH]c1N(Cc1ccccc1)Cc1ccccc1)c1[nH]cnc1Br,O=C(c1nn[nH]c1N(Cc1ccccc1)Cc1ccccc1)c1[nH]cnc1Br,低毒,35.148827,54.16356,,,,,,,,,False,False,False,,29.81596,12.3165655
O=C(c1ccc(Br)nc1)c1nn[nH]c1N(Cc1ccccc1)Cc1ccccc1,O=C(c1ccc(Br)nc1)c1nn[nH]c1N(Cc1ccccc1)Cc1ccccc1,中毒,15.429382,20.880424,2.675652614,0.717391304,0.282608696,0.745052386,0.1443539,0.05355064,0.314318976,203,True,False,False,,11.811766,11.813232
O=C(OCN1CC(O[N+](=O)[O-])CN(c2cnccn2)C1)c1nn[nH]c1N(Cc1ccccc1)Cc1ccccc1,O=C(OCN1CC(O[N+](=O)[O-])CN(c2cnccn2)C1)c1nn[nH]c1N(Cc1ccccc1)Cc1ccccc1,中毒,8.756299,11.805491,3.827469394,0.381578947,0.618421053,0.238649593,0.899883586,0.978463329,0.705665503,671,True,False,False,,-22.733686,-5.4136634
O=C(c1nn[nH]c1N(Cc1ccccc1)Cc1ccccc1)c1cccc2c(F)cc(Cl)cc12,O=C(c1nn[nH]c1N(Cc1ccccc1)Cc1ccccc1)c1cccc2c(F)cc(Cl)cc12,中毒,50.520023,22.491127,,,,,,,,,False,False,False,,-6.783965,17.368927
O=C(C1=C(O)OCO1)c1nn[nH]c1N(Cc1ccccc1)Cc1ccccc1,O=C(C1=C(O)OCO1)c1nn[nH]c1N(Cc1ccccc1)Cc1ccccc1,中毒,19.24615,71.86216,3.047801916,0.645833333,0.354166667,0.967403958,0.557625146,0.241559953,0.588863019,529,True,False,False,,19.672377,5.9534526
NS(=O)(=O)c1ccc(C(=O)c2nn[nH]c2N(Cc2ccccc2)Cc2ccccc2)cc1,NS(=O)(=O)c1ccc(C(=O)c2nn[nH]c2N(Cc2ccccc2)Cc2ccccc2)cc1,中毒,9.78968,29.762762,2.538921107,0.755555556,0.244444444,0.318393481,0.044237485,0.027939464,0.130190144,43,True,True,False,,13.876756,10.768037
N#Cc1ccc2[nH]c(C(=O)c3nn[nH]c3N(Cc3ccccc3)Cc3ccccc3)cc2c1,N#Cc1ccc2[nH]c(C(=O)c3nn[nH]c3N(Cc3ccccc3)Cc3ccccc3)cc2c1,低毒,10.29152,31.82146,2.823584106,0.563636364,0.436363636,0.350989523,0.316647264,0.60419092,0.423942569,348,True,False,False,,5.343845,10.400086
O=C(c1nn[nH]c1N(Cc1ccccc1)Cc1ccccc1)N1CCCO1,O=C(c1nn[nH]c1N(Cc1ccccc1)Cc1ccccc1)N1CCCO1,低毒,14.4523535,18.477818,2.85498,0.58,0.42,0.691501746,0.351571595,0.533178114,0.525417152,457,True,False,False,,2.2527285,32.2258
O=C(SCc1ccco1)c1nn[nH]c1N(Cc1ccccc1)Cc1ccccc1,O=C(SCc1ccco1)c1nn[nH]c1N(Cc1ccccc1)Cc1ccccc1,低毒,5.7749395,70.04605,2.79123773,0.557692308,0.442307692,0.105355064,0.271245634,0.622235157,0.332945285,225,True,False,False,,-11.300361,-8.099118
O=C(C1=Cc2cccc3cccc1c23)c1nn[nH]c1N(Cc1ccccc1)Cc1ccccc1,O=C(C1=Cc2cccc3cccc1c23)c1nn[nH]c1N(Cc1ccccc1)Cc1ccccc1,高毒,45.7081,52.65105,,,,,,,,,False,False,False,,10.025873,23.85803
O=C(c1nn[nH]c1N(Cc1ccccc1)Cc1ccccc1)N1CCc2ncn(Cc3ccncc3)c2CC1,O=C(c1nn[nH]c1N(Cc1ccccc1)Cc1ccccc1)N1CCc2ncn(Cc3ccncc3)c2CC1,中毒,13.510158,26.759102,2.987272742,0.446153846,0.553846154,0.636786962,0.508731083,0.906868452,0.684128832,645,True,False,False,,1.6193789,42.22525
O=C(c1nn[nH]c1N(Cc1ccccc1)Cc1ccccc1)N1CCc2onc(C(F)(F)F)c2C1=O,O=C(c1nn[nH]c1N(Cc1ccccc1)Cc1ccccc1)N1CCc2onc(C(F)(F)F)c2C1=O,中毒,53.285027,42.33573,,,,,,,,,False,False,False,,-4.9530897,42.717953
O=C(c1cc(OO)[nH]n1)c1nn[nH]c1N(Cc1ccccc1)Cc1ccccc1,O=C(c1cc(OO)[nH]n1)c1nn[nH]c1N(Cc1ccccc1)Cc1ccccc1,低毒,18.950224,24.87028,3.140451709,0.645833333,0.354166667,0.949359721,0.627473807,0.241559953,0.60613116,551,True,False,False,,18.749481,-1.0754025
O=C(Sc1cccnc1Cl)c1nn[nH]c1N(Cc1ccccc1)Cc1ccccc1,O=C(Sc1cccnc1Cl)c1nn[nH]c1N(Cc1ccccc1)Cc1ccccc1,中毒,16.614727,18.0928,2.865890117,0.547169811,0.452830189,0.819557625,0.367869616,0.653667055,0.613698099,559,True,False,False,,-13.00315,-4.4017467
O=C(c1nn[nH]c1N(Cc1ccccc1)Cc1ccccc1)S(=O)(=O)c1cccnc1,O=C(c1nn[nH]c1N(Cc1ccccc1)Cc1ccccc1)S(=O)(=O)c1cccnc1,中毒,17.033323,64.723854,2.841500627,0.557692308,0.442307692,0.844004657,0.337601863,0.622235157,0.601280559,545,True,False,False,,-15.527188,-32.804825
O=C(c1nn[nH]c1N(Cc1ccccc1)Cc1ccccc1)c1cc(-c2cccs2)nn1C1CC1,O=C(c1nn[nH]c1N(Cc1ccccc1)Cc1ccccc1)c1cc(-c2cccs2)nn1C1CC1,中毒,175.69922,17.506626,,,,,,,,,False,False,False,,7.399924,-4.919647
O=C(c1cc2c(cn1)=c1[nH]cc(Cc3ccccc3Cl)c1=2)c1nn[nH]c1N(Cc1ccccc1)Cc1ccccc1,O=C(c1cc2c(cn1)=c1[nH]cc(Cc3ccccc3Cl)c1=2)c1nn[nH]c1N(Cc1ccccc1)Cc1ccccc1,中毒,23.61973,16.724968,,,,,,,,,False,False,False,,4.2115474,2.0412917
O=C(NC1N=C(O)CS1(=O)=O)c1nn[nH]c1N(Cc1ccccc1)Cc1ccccc1,O=C(NC1N=C(O)CS1(=O)=O)c1nn[nH]c1N(Cc1ccccc1)Cc1ccccc1,低毒,32.290707,34.874435,,,,,,,,,False,False,False,,3.7537782,-22.586699
O=C(c1nn[nH]c1N(Cc1ccccc1)Cc1ccccc1)N(CP(=O)(O)O)c1ccccc1,O=C(c1nn[nH]c1N(Cc1ccccc1)Cc1ccccc1)N(CP(=O)(O)O)c1ccccc1,低毒,217.42113,24.619438,,,,,,,,,False,False,False,,-12.253897,-19.718475
O=C(c1nn[nH]c1N(Cc1ccccc1)Cc1ccccc1)S(=S)c1ccccc1,O=C(c1nn[nH]c1N(Cc1ccccc1)Cc1ccccc1)S(=S)c1ccccc1,中毒,19.093643,48.29879,3.367091614,0.644444444,0.355555556,0.962747381,0.755529686,0.277648428,0.665308498,621,True,False,False,,-5.297066,-15.904564
O=C(c1nc[nH]c1F)c1nn[nH]c1N(Cc1ccccc1)Cc1ccccc1,O=C(c1nc[nH]c1F)c1nn[nH]c1N(Cc1ccccc1)Cc1ccccc1,低毒,25.376701,54.16356,,,,,,,,,False,False,False,,28.098555,11.229636
O=C(c1nn[nH]c1N(Cc1ccccc1)Cc1ccccc1)C1(c2ccccc2)ON=C1c1ccccc1COC(F)F,O=C(c1nn[nH]c1N(Cc1ccccc1)Cc1ccccc1)C1(c2ccccc2)ON=C1c1ccccc1COC(F)F,中毒,13.297835,37.990963,3.809738517,0.432835821,0.567164179,0.622235157,0.895227008,0.922002328,0.813154831,784,True,False,False,,-15.914811,-19.467186
O=C(c1nn[nH]c1N(Cc1ccccc1)Cc1ccccc1)N1C(=O)N(O)CC1c1cccc(Cl)c1,O=C(c1nn[nH]c1N(Cc1ccccc1)Cc1ccccc1)N1C(=O)N(O)CC1c1cccc(Cl)c1,中毒,24.424416,36.87901,,,,,,,,,False,False,False,,4.8738403,24.956305
O=C(c1nn[nH]c1N(Cc1ccccc1)Cc1ccccc1)N1CCN(c2cccs2)CC1,O=C(c1nn[nH]c1N(Cc1ccccc1)Cc1ccccc1)N1CCN(c2cccs2)CC1,中毒,44.08681,12.310563,,,,,,,,,False,False,False,,3.4635162,38.420082
O=C(c1ccc(F)cc1-c1nncs1)c1nn[nH]c1N(Cc1ccccc1)Cc1ccccc1,O=C(c1ccc(F)cc1-c1nncs1)c1nn[nH]c1N(Cc1ccccc1)Cc1ccccc1,低毒,49.02113,21.544544,,,,,,,,,False,False,False,,-11.137395,19.104734
O=C(c1nn[nH]c1N(Cc1ccccc1)Cc1ccccc1)c1sccc1O,O=C(c1nn[nH]c1N(Cc1ccccc1)Cc1ccccc1)c1sccc1O,低毒,6.9446025,21.033192,2.835859515,0.711111111,0.288888889,0.155995343,0.329452852,0.056461001,0.180636399,76,True,True,False,,5.054909,-8.442456
N#CC(C(=O)c1nn[nH]c1N(Cc1ccccc1)Cc1ccccc1)c1cc[nH]n1,N#CC(C(=O)c1nn[nH]c1N(Cc1ccccc1)Cc1ccccc1)c1cc[nH]n1,中毒,8.820913,43.504787,3.605770985,0.527272727,0.472727273,0.243888242,0.852153667,0.722351572,0.60613116,551,True,False,False,,-23.303808,-20.171593
O=C(c1nn[nH]c1N(Cc1ccccc1)Cc1ccccc1)N1CCC(F)(F)C1,O=C(c1nn[nH]c1N(Cc1ccccc1)Cc1ccccc1)N1CCC(F)(F)C1,中毒,31.753386,11.862548,,,,,,,,,False,False,False,,-0.48595345,37.87494
O=C(c1ccc2c(c1F)S(=O)(=O)CC2CBr)c1nn[nH]c1N(Cc1ccccc1)Cc1ccccc1,O=C(c1ccc2c(c1F)S(=O)(=O)CC2CBr)c1nn[nH]c1N(Cc1ccccc1)Cc1ccccc1,中毒,63.94808,85.34343,,,,,,,,,False,False,False,,-8.06085,16.32823
O=C(c1nn[nH]c1N(Cc1ccccc1)Cc1ccccc1)N1CCN2CC3CC[O+](O)OC(C2)C31,O=C(c1nn[nH]c1N(Cc1ccccc1)Cc1ccccc1)N1CCN2CC3CC[O+](O)OC(C2)C31,中毒,44.52727,24.36038,,,,,,,,,False,False,False,,0.5934341,32.562695
O=C(c1nn[nH]c1N(Cc1ccccc1)Cc1ccccc1)N(F)c1cccs1,O=C(c1nn[nH]c1N(Cc1ccccc1)Cc1ccccc1)N(F)c1cccs1,低毒,28.480597,12.105145,,,,,,,,,False,False,False,,-1.5963886,-9.428295
O=C(c1nn[nH]c1N(Cc1ccccc1)Cc1ccccc1)c1c(Oc2ccccc2Cl)oc2cccnc12,O=C(c1nn[nH]c1N(Cc1ccccc1)Cc1ccccc1)c1c(Oc2ccccc2Cl)oc2cccnc12,低毒,16.480734,13.634651,3.058755649,0.484375,0.515625,0.802677532,0.568102445,0.839930151,0.736903376,708,True,False,False,,-0.8904638,6.4872127
O=C(c1nn[nH]c1N(Cc1ccccc1)Cc1ccccc1)S(=O)(=O)c1cccc2cscc12,O=C(c1nn[nH]c1N(Cc1ccccc1)Cc1ccccc1)S(=O)(=O)c1cccc2cscc12,中毒,17.934113,64.723854,3.097774099,0.50877193,0.49122807,0.90104773,0.597206054,0.778812573,0.759022119,722,True,False,False,,-14.850236,-29.949324
O=C(c1coc(=O)[nH]1)c1nn[nH]c1N(Cc1ccccc1)Cc1ccccc1,O=C(c1coc(=O)[nH]1)c1nn[nH]c1N(Cc1ccccc1)Cc1ccccc1,低毒,9.168307,101.04092,3.03137565,0.659574468,0.340425532,0.272409779,0.544819558,0.169965076,0.329064804,221,True,False,False,,10.987129,3.5768557
O=C(c1nn[nH]c1N(Cc1ccccc1)Cc1ccccc1)C1(Sc2ccns2)CS1,O=C(c1nn[nH]c1N(Cc1ccccc1)Cc1ccccc1)C1(Sc2ccns2)CS1,中毒,16.499355,46.432095,3.919013537,0.5,0.5,0.804423749,0.917345751,0.807916182,0.84322856,800,True,False,False,,-2.5150073,-19.9771
O=C(c1nn[nH]c1N(Cc1ccccc1)Cc1ccccc1)N(c1ccccc1)C12CC3CC(CC(C3)C1)C2,O=C(c1nn[nH]c1N(Cc1ccccc1)Cc1ccccc1)N(c1ccccc1)C12CC3CC(CC(C3)C1)C2,中毒,49.49995,42.925076,,,,,,,,,False,False,False,,-0.9363861,-24.57537
O=C(c1nn[nH]c1N(Cc1ccccc1)Cc1ccccc1)N1CCc2cccc3c2N1CC3,O=C(c1nn[nH]c1N(Cc1ccccc1)Cc1ccccc1)N1CCc2cccc3c2N1CC3,中毒,28.995745,27.665827,,,,,,,,,False,False,False,,-3.1836174,40.02658
O=C(c1nn[nH]c1N(Cc1ccccc1)Cc1ccccc1)c1cc2cc(S(=O)F)ccc2oc1=O,O=C(c1nn[nH]c1N(Cc1ccccc1)Cc1ccccc1)c1cc2cc(S(=O)F)ccc2oc1=O,低毒,39.84052,58.308685,,,,,,,,,False,False,False,,-5.47562,0.47534758
O=C(Oc1ccccc1Cl)c1nn[nH]c1N(Cc1ccccc1)Cc1ccccc1,O=C(Oc1ccccc1Cl)c1nn[nH]c1N(Cc1ccccc1)Cc1ccccc1,低毒,11.058763,34.70963,2.485157075,0.591836735,0.408163265,0.447031432,0.01862631,0.474388824,0.313348855,201,True,False,False,,-29.707523,-8.241468
O=C(c1ccnc(O)n1)c1nn[nH]c1N(Cc1ccccc1)Cc1ccccc1,O=C(c1ccnc(O)n1)c1nn[nH]c1N(Cc1ccccc1)Cc1ccccc1,低毒,10.806441,48.35956,2.88531922,0.645833333,0.354166667,0.389988359,0.385331781,0.241559953,0.338960031,232,True,False,False,,20.10195,-6.2890053
O=C(c1nn[nH]c1N(Cc1ccccc1)Cc1ccccc1)C([O-])(O)Cl,O=C(c1nn[nH]c1N(Cc1ccccc1)Cc1ccccc1)C([O-])(O)Cl,低毒,7.246526,80.50812,3.352391188,0.630434783,0.369565217,0.160651921,0.74854482,0.344004657,0.417733799,338,True,False,False,,-13.194366,-13.291907
O=C(c1nn[nH]c1N(Cc1ccccc1)Cc1ccccc1)n1nc(CI)ccc1=O,O=C(c1nn[nH]c1N(Cc1ccccc1)Cc1ccccc1)n1nc(CI)ccc1=O,中毒,39.579716,8.900377,,,,,,,,,False,False,False,,-5.43648,-8.355566
O=C(c1nn[nH]c1N(Cc1ccccc1)Cc1ccccc1)N1CCc2ncc(I)cc2C1,O=C(c1nn[nH]c1N(Cc1ccccc1)Cc1ccccc1)N1CCc2ncc(I)cc2C1,中毒,63.94808,17.7204,,,,,,,,,False,False,False,,-0.524159,41.357887
O=C(c1nn[nH]c1N(Cc1ccccc1)Cc1ccccc1)c1csc2ccccc2c1=O,O=C(c1nn[nH]c1N(Cc1ccccc1)Cc1ccccc1)c1csc2ccccc2c1=O,中毒,12.837641,32.407604,2.715098777,0.596153846,0.403846154,0.587310827,0.185098952,0.448195576,0.406868452,328,True,False,False,,-5.6609077,20.838442
O=C(c1nn[nH]c1N(Cc1ccccc1)Cc1ccccc1)S1=NNN1CCN1CCc2cccc(c2O)C1,O=C(c1nn[nH]c1N(Cc1ccccc1)Cc1ccccc1)S1=NNN1CCN1CCc2cccc(c2O)C1,中毒,24.404926,22.157724,,,,,,,,,False,False,False,,-3.1024563,41.227474
O=C(c1nn[nH]c1N(Cc1ccccc1)Cc1ccccc1)c1c[nH]c2ccc(-c3ccccc3)cc12,O=C(c1nn[nH]c1N(Cc1ccccc1)Cc1ccccc1)c1c[nH]c2ccc(-c3ccccc3)cc12,中毒,48.891884,37.490322,,,,,,,,,False,False,False,,-19.310478,22.300814
O=C(c1nn[nH]c1N(Cc1ccccc1)Cc1ccccc1)c1c(F)cccc1Br,O=C(c1nn[nH]c1N(Cc1ccccc1)Cc1ccccc1)c1c(F)cccc1Br,中毒,12.223096,20.880424,2.670198171,0.645833333,0.354166667,0.520372526,0.139697322,0.241559953,0.300543267,189,True,False,False,,1.6867615,6.7083054
O=C(C(=NNc1ccnc2cc(Cl)ccc12)C(F)(F)F)c1nn[nH]c1N(Cc1ccccc1)Cc1ccccc1,O=C(C(=NNc1ccnc2cc(Cl)ccc12)C(F)(F)F)c1nn[nH]c1N(Cc1ccccc1)Cc1ccccc1,中毒,7.819879,48.905144,3.174991968,0.420289855,0.579710145,0.188591385,0.648428405,0.940628638,0.592549476,531,True,False,False,,-10.39391,12.529324
O=C(c1nn[nH]c1N(Cc1ccccc1)Cc1ccccc1)c1cc(Oc2ccc(CCOCc3ccoc3)cc2F)nc2ccccc12,O=C(c1nn[nH]c1N(Cc1ccccc1)Cc1ccccc1)c1cc(Oc2ccc(CCOCc3ccoc3)cc2F)nc2ccccc12,中毒,58.88095,30.951275,,,,,,,,,False,False,False,,-8.349517,14.806199
O=C(c1cnsn1)c1nn[nH]c1N(Cc1ccccc1)Cc1ccccc1,O=C(c1cnsn1)c1nn[nH]c1N(Cc1ccccc1)Cc1ccccc1,低毒,18.950224,34.50007,2.91489577,0.673913043,0.326086957,0.949359721,0.412107101,0.123399302,0.494955374,424,True,False,False,,19.260088,-3.8456967
O=C(c1nn[nH]c1N(Cc1ccccc1)Cc1ccccc1)c1cc2ccccc2c2c(Br)cccc12,O=C(c1nn[nH]c1N(Cc1ccccc1)Cc1ccccc1)c1cc2ccccc2c2c(Br)cccc12,中毒,22.96055,34.50007,,,,,,,,,False,False,False,,-3.2486508,14.523699
O=C(c1cc(Cl)cs1)c1nn[nH]c1N(Cc1ccccc1)Cc1ccccc1,O=C(c1cc(Cl)cs1)c1nn[nH]c1N(Cc1ccccc1)Cc1ccccc1,中毒,4.2356267,21.606764,2.808084468,0.632653061,0.367346939,0.022700815,0.298020955,0.313154831,0.2112922,95,True,True,False,,6.574847,-2.2112179
O=C(c1nn[nH]c1N(Cc1ccccc1)Cc1ccccc1)C1(Cl)CCCC1,O=C(c1nn[nH]c1N(Cc1ccccc1)Cc1ccccc1)C1(Cl)CCCC1,高毒,20.353352,22.30062,,,,,,,,,False,False,False,,-1.3413968,-20.15777
O=C(OC1CN2OC3CN(S(=O)(=O)O)CCC3NC12)c1nn[nH]c1N(Cc1ccccc1)Cc1ccccc1,O=C(OC1CN2OC3CN(S(=O)(=O)O)CCC3NC12)c1nn[nH]c1N(Cc1ccccc1)Cc1ccccc1,中毒,11.006856,25.240997,4.618154449,0.397260274,0.602739726,0.437718277,0.972060536,0.966821886,0.792200233,765,True,False,False,,-3.3002014,-30.799438
O=C(Oc1ccc(S(=O)(=O)NF)cc1O)c1nn[nH]c1N(Cc1ccccc1)Cc1ccccc1,O=C(Oc1ccc(S(=O)(=O)NF)cc1O)c1nn[nH]c1N(Cc1ccccc1)Cc1ccccc1,低毒,11.783112,41.341484,2.98939637,0.475409836,0.524590164,0.493015134,0.509895227,0.859720605,0.620876989,571,True,False,False,,-26.570883,-9.062021
O=C(c1nn[nH]c1N(Cc1ccccc1)Cc1ccccc1)[P+](c1ccccc1)(c1cccnc1)P(=O)(c1ccccc1)c1cccs1,O=C(c1nn[nH]c1N(Cc1ccccc1)Cc1ccccc1)[P+](c1ccccc1)(c1cccnc1)P(=O)(c1ccccc1)c1cccs1,中毒,24.91693,9.872282,,,,,,,,,False,False,False,,-0.9521777,-10.126899
O=C(c1nn[nH]c1N(Cc1ccccc1)Cc1ccccc1)c1cn2nnc1c1[nH]cc2Sc2ccccc2C1=O,O=C(c1nn[nH]c1N(Cc1ccccc1)Cc1ccccc1)c1cn2nnc1c1[nH]cc2Sc2ccccc2C1=O,中毒,42.453568,28.289194,,,,,,,,,False,False,False,,-8.578729,0.39837354
O=C(c1nn[nH]c1N(Cc1ccccc1)Cc1ccccc1)C1CCN(c2nonc2N2CCOCC2)CC1,O=C(c1nn[nH]c1N(Cc1ccccc1)Cc1ccccc1)C1CCN(c2nonc2N2CCOCC2)CC1,中毒,146.15767,35.563454,,,,,,,,,False,False,False,,10.60435,-32.81756
O=C(c1ccc(Cl)c(Cl)c1Cl)c1nn[nH]c1N(Cc1ccccc1)Cc1ccccc1,O=C(c1ccc(Cl)c(Cl)c1Cl)c1nn[nH]c1N(Cc1ccccc1)Cc1ccccc1,低毒,10.819331,38.531574,2.670579762,0.659574468,0.340425532,0.40628638,0.140861467,0.169965076,0.239037641,124,True,False,False,,-10.344126,10.292717
O=C(c1nn[nH]c1N(Cc1ccccc1)Cc1ccccc1)C1CNCCNCCSC1,O=C(c1nn[nH]c1N(Cc1ccccc1)Cc1ccccc1)C1CNCCNCCSC1,中毒,9.073158,30.78599,3.923792824,0.50877193,0.49122807,0.266589057,0.918509895,0.778812573,0.654637175,615,True,False,False,,7.483267,-35.844673
O=C(c1conc1N1CCOCC1)c1nn[nH]c1N(Cc1ccccc1)Cc1ccccc1,O=C(c1conc1N1CCOCC1)c1nn[nH]c1N(Cc1ccccc1)Cc1ccccc1,中毒,60.356018,60.421627,,,,,,,,,False,False,False,,8.343829,30.232687
O=C(c1ccc(N(S(=O)(=O)c2ccc(F)cc2)S(=O)(=O)C2CC2)cc1)c1nn[nH]c1N(Cc1ccccc1)Cc1ccccc1,O=C(c1ccc(N(S(=O)(=O)c2ccc(F)cc2)S(=O)(=O)C2CC2)cc1)c1nn[nH]c1N(Cc1ccccc1)Cc1ccccc1,中毒,21.118568,18.176865,,,,,,,,,False,False,False,,11.154551,10.43649
O=C(c1cc(F)c(F)cc1F)c1nn[nH]c1N(Cc1ccccc1)Cc1ccccc1,O=C(c1cc(F)c(F)cc1F)c1nn[nH]c1N(Cc1ccccc1)Cc1ccccc1,中毒,8.977738,20.880424,2.649721854,0.673913043,0.326086957,0.259022119,0.114086147,0.123399302,0.165502522,63,True,True,False,,-9.779438,17.168085
O=C(O)c1ncoc1C(=O)c1nn[nH]c1N(Cc1ccccc1)Cc1ccccc1,O=C(O)c1ncoc1C(=O)c1nn[nH]c1N(Cc1ccccc1)Cc1ccccc1,低毒,14.704881,50.57576,2.926563688,0.645833333,0.354166667,0.706053551,0.427240978,0.241559953,0.458284827,392,True,False,False,,12.925488,1.7180157
CC1=NC(c2ccc[nH]2)N(C2CCSCC2)CCN1C(C(=O)c1nn[nH]c1N(Cc1ccccc1)Cc1ccccc1)c1cccc2sccc12,CC1=NC(c2ccc[nH]2)N(C2CCSCC2)CCN1C(C(=O)c1nn[nH]c1N(Cc1ccccc1)Cc1ccccc1)c1cccc2sccc12,中毒,13.707014,57.181202,4.560718712,0.325842697,0.674157303,0.643771828,0.967403958,0.997089639,0.869421808,819,True,False,False,,14.95848,-22.451937
O=C(c1ccc(Cl)nc1Cl)c1nn[nH]c1N(Cc1ccccc1)Cc1ccccc1,O=C(c1ccc(Cl)nc1Cl)c1nn[nH]c1N(Cc1ccccc1)Cc1ccccc1,中毒,17.205502,15.368224,2.72151329,0.645833333,0.354166667,0.87427241,0.190919674,0.241559953,0.435584012,366,True,False,False,,-11.389391,8.793406
O=C(c1ccoc1C(F)(F)F)c1nn[nH]c1N(Cc1ccccc1)Cc1ccccc1,O=C(c1ccoc1C(F)(F)F)c1nn[nH]c1N(Cc1ccccc1)Cc1ccccc1,低毒,6.0083222,69.62934,2.905959711,0.607843137,0.392156863,0.128055879,0.401629802,0.408032596,0.312572759,198,True,False,False,,-16.477848,8.466891
O=C(c1ccc(Oc2ccccc2)cc1)c1nn[nH]c1N(Cc1ccccc1)Cc1ccccc1,O=C(c1ccc(Oc2ccccc2)cc1)c1nn[nH]c1N(Cc1ccccc1)Cc1ccccc1,高毒,8.299174,29.80453,2.446747495,0.790697674,0.209302326,0.221187427,0.00814901,0.010477299,0.079937912,22,True,True,False,,14.89244,12.42993
O=C(c1ccc(Cl)nc1)c1nn[nH]c1N(Cc1ccccc1)Cc1ccccc1,O=C(c1ccc(Cl)nc1)c1nn[nH]c1N(Cc1ccccc1)Cc1ccccc1,中毒,15.429382,15.529057,2.605032342,0.717391304,0.282608696,0.745052386,0.086146682,0.05355064,0.29491657,183,True,False,False,,12.01605,12.079904
O=C(c1cccc(C(Cl)(Cl)Br)c1)c1nn[nH]c1N(Cc1ccccc1)Cc1ccccc1,O=C(c1cccc(C(Cl)(Cl)Br)c1)c1nn[nH]c1N(Cc1ccccc1)Cc1ccccc1,低毒,5.989378,59.86826,2.886495689,0.708333333,0.291666667,0.123399302,0.386495925,0.059371362,0.18975553,82,True,True,False,,7.8508387,14.42021
O=C(c1nn[nH]c1N(Cc1ccccc1)Cc1ccccc1)N1CC2OP1(=O)OCc1ccccc12,O=C(c1nn[nH]c1N(Cc1ccccc1)Cc1ccccc1)N1CC2OP1(=O)OCc1ccccc12,中毒,110.13097,29.212729,,,,,,,,,False,False,False,,0.05506721,43.973213
O=C(c1nn[nH]c1N(Cc1ccccc1)Cc1ccccc1)C(c1ccccc1)P(=O)(O)O,O=C(c1nn[nH]c1N(Cc1ccccc1)Cc1ccccc1)C(c1ccccc1)P(=O)(O)O,中毒,15.153864,37.440536,3.25667108,0.591836735,0.408163265,0.726426077,0.699650757,0.474388824,0.633488553,587,True,False,False,,-21.817116,-19.430721
O=C(c1nn[nH]c1N(Cc1ccccc1)Cc1ccccc1)C1C=Nc2ccccc2C=CC1,O=C(c1nn[nH]c1N(Cc1ccccc1)Cc1ccccc1)C1C=Nc2ccccc2C=CC1,高毒,12.878783,21.504103,3.589625824,0.5,0.5,0.589057043,0.842840512,0.807916182,0.746604579,716,True,False,False,,3.1411555,-34.4662
O=C(c1cc(F)c(N2CCc3c(Br)cc(F)cc3P2(=O)N2CCOCC2)cc1F)c1nn[nH]c1N(Cc1ccccc1)Cc1ccccc1,O=C(c1cc(F)c(N2CCc3c(Br)cc(F)cc3P2(=O)N2CCOCC2)cc1F)c1nn[nH]c1N(Cc1ccccc1)Cc1ccccc1,中毒,20.597551,42.153366,,,,,,,,,False,False,False,,-9.61553,18.823412
O=C(c1nn[nH]c1N(Cc1ccccc1)Cc1ccccc1)C1C2C=CC(C=NO2)S1(=O)=O,O=C(c1nn[nH]c1N(Cc1ccccc1)Cc1ccccc1)C1C2C=CC(C=NO2)S1(=O)=O,中毒,68.9415,43.094795,,,,,,,,,False,False,False,,3.015915,-28.081453
O=C(c1ccc2c(c1NS(=O)(=O)c1ccc(Cl)c(F)c1)CSCC2)c1nn[nH]c1N(Cc1ccccc1)Cc1ccccc1,O=C(c1ccc2c(c1NS(=O)(=O)c1ccc(Cl)c(F)c1)CSCC2)c1nn[nH]c1N(Cc1ccccc1)Cc1ccccc1,中毒,30.32977,34.84849,,,,,,,,,False,False,False,,-14.366716,17.367935
O=C(c1nn[nH]c1N(Cc1ccccc1)Cc1ccccc1)c1c(Cl)cc(Cl)cc1OC(F)(F)F,O=C(c1nn[nH]c1N(Cc1ccccc1)Cc1ccccc1)c1c(Cl)cc(Cl)cc1OC(F)(F)F,中毒,17.132633,16.61195,2.913251126,0.543859649,0.456140351,0.862048894,0.410942957,0.671711292,0.648234381,607,True,False,False,,5.4725146,6.326121
O=C(NC1SC(Cl)OC1(OCCO)C1=NN2c3ccccc3-c3cccc1c3C2(F)F)c1nn[nH]c1N(Cc1ccccc1)Cc1ccccc1,O=C(NC1SC(Cl)OC1(OCCO)C1=NN2c3ccccc3-c3cccc1c3C2(F)F)c1nn[nH]c1N(Cc1ccccc1)Cc1ccccc1,中毒,16.819979,13.503714,5.751741605,0.337209302,0.662790698,0.830616997,1.0,0.995343423,0.941986806,855,True,False,False,,2.1838737,-21.999601
O=C(c1nn[nH]c1N(Cc1ccccc1)Cc1ccccc1)c1c(F)cc(-c2ccc(F)cc2)cc1I,O=C(c1nn[nH]c1N(Cc1ccccc1)Cc1ccccc1)c1c(F)cc(-c2ccc(F)cc2)cc1I,中毒,57.61793,37.892868,,,,,,,,,False,False,False,,2.8133872,8.000449
O=C(c1cc(Cl)on1)c1nn[nH]c1N(Cc1ccccc1)Cc1ccccc1,O=C(c1cc(Cl)on1)c1nn[nH]c1N(Cc1ccccc1)Cc1ccccc1,低毒,4.2356267,27.989208,2.906473211,0.645833333,0.354166667,0.022700815,0.403958091,0.241559953,0.22273962,109,True,False,False,,15.470818,-1.8423846
Nc1nonc1-n1nnc2cc(C(=O)c3nn[nH]c3N(Cc3ccccc3)Cc3ccccc3)ccc21,Nc1nonc1-n1nnc2cc(C(=O)c3nn[nH]c3N(Cc3ccccc3)Cc3ccccc3)ccc21,中毒,35.161343,44.456512,,,,,,,,,False,False,False,,14.65486,18.609253
O=C(c1nn[nH]c1N(Cc1ccccc1)Cc1ccccc1)N(C1=CC=COC1)c1ccccn1,O=C(c1nn[nH]c1N(Cc1ccccc1)Cc1ccccc1)N(C1=CC=COC1)c1ccccn1,中毒,150.26982,18.347473,,,,,,,,,False,False,False,,2.3597255,-15.064226
O=C(c1coc([N+](=O)[O-])n1)c1nn[nH]c1N(Cc1ccccc1)Cc1ccccc1,O=C(c1coc([N+](=O)[O-])n1)c1nn[nH]c1N(Cc1ccccc1)Cc1ccccc1,低毒,8.826847,44.610962,3.106619391,0.58490566,0.41509434,0.249126892,0.605355064,0.504656577,0.453046178,386,True,False,False,,14.011867,-9.166628
O=C(O)c1cc(Cc2ccc3c(c2)CCON3C(=O)c2ccccc2C(=O)O)cc(C(=O)c2nn[nH]c2N(Cc2ccccc2)Cc2ccccc2)n1,O=C(O)c1cc(Cc2ccc3c(c2)CCON3C(=O)c2ccccc2C(=O)O)cc(C(=O)c2nn[nH]c2N(Cc2ccccc2)Cc2ccccc2)n1,中毒,8.651708,31.60988,3.527027243,0.418918919,0.581081081,0.22991851,0.820721769,0.945285215,0.665308498,621,True,False,False,,15.113068,-3.1614447
O=C(c1cc(Br)[nH]n1)c1nn[nH]c1N(Cc1ccccc1)Cc1ccccc1,O=C(c1cc(Br)[nH]n1)c1nn[nH]c1N(Cc1ccccc1)Cc1ccccc1,低毒,104.38014,56.669506,,,,,,,,,False,False,False,,18.64382,-0.98958516
O=C(c1nn[nH]c1N(Cc1ccccc1)Cc1ccccc1)c1cccc2c1[nH]c1cco[n+]12,O=C(c1nn[nH]c1N(Cc1ccccc1)Cc1ccccc1)c1cccc2c1[nH]c1cco[n+]12,中毒,26.636623,20.689705,,,,,,,,,False,False,False,,1.2414399,15.7157135
O=C(c1cc2nsnc2s1)c1nn[nH]c1N(Cc1ccccc1)Cc1ccccc1,O=C(c1cc2nsnc2s1)c1nn[nH]c1N(Cc1ccccc1)Cc1ccccc1,中毒,40.920315,29.353004,,,,,,,,,False,False,False,,3.189687,-4.596295
O=C(c1nn[nH]c1N(Cc1ccccc1)Cc1ccccc1)c1cccc2c(F)cccc12,O=C(c1nn[nH]c1N(Cc1ccccc1)Cc1ccccc1)c1cccc2c(F)cccc12,低毒,50.520023,21.234655,,,,,,,,,False,False,False,,-6.7262793,16.758482
O=C(c1nn[nH]c1N(Cc1ccccc1)Cc1ccccc1)c1sc2ccccc2c1Br,O=C(c1nn[nH]c1N(Cc1ccccc1)Cc1ccccc1)c1sc2ccccc2c1Br,中毒,60.667137,24.775297,,,,,,,,,False,False,False,,-0.29988807,-1.8917203
O=C(c1c[nH]nc1-c1cocn1)c1nn[nH]c1N(Cc1ccccc1)Cc1ccccc1,O=C(c1c[nH]nc1-c1cocn1)c1nn[nH]c1N(Cc1ccccc1)Cc1ccccc1,中毒,18.55246,30.879324,3.30969405,0.543859649,0.456140351,0.923166473,0.72991851,0.671711292,0.774932092,740,True,False,False,,-23.677395,13.988309
O=C(c1nn[nH]c1N(Cc1ccccc1)Cc1ccccc1)C(O)CS,O=C(c1nn[nH]c1N(Cc1ccccc1)Cc1ccccc1)C(O)CS,低毒,8.2911215,83.59449,3.281482714,0.630434783,0.369565217,0.217694994,0.713620489,0.344004657,0.425106713,352,True,False,False,,-21.609703,-23.120047
O=C(c1cc([N+](=O)[O-])on1)c1nn[nH]c1N(Cc1ccccc1)Cc1ccccc1,O=C(c1cc([N+](=O)[O-])on1)c1nn[nH]c1N(Cc1ccccc1)Cc1ccccc1,低毒,5.3406773,29.36747,2.997845916,0.607843137,0.392156863,0.08032596,0.514551804,0.408032596,0.334303454,227,True,False,False,,13.273647,-11.034335
O=C(c1nsnc1NO)c1nn[nH]c1N(Cc1ccccc1)Cc1ccccc1,O=C(c1nsnc1NO)c1nn[nH]c1N(Cc1ccccc1)Cc1ccccc1,低毒,18.950224,20.880424,3.093101121,0.645833333,0.354166667,0.949359721,0.592549476,0.241559953,0.594489717,533,True,False,False,,24.231592,3.2137783
O=C(c1c[nH]nc1-c1ccco1)c1nn[nH]c1N(Cc1ccccc1)Cc1ccccc1,O=C(c1c[nH]nc1-c1ccco1)c1nn[nH]c1N(Cc1ccccc1)Cc1ccccc1,中毒,22.66685,31.01351,,,,,,,,,False,False,False,,-22.902979,14.257333
O=C(c1nn[nH]c1N(Cc1ccccc1)Cc1ccccc1)N1c2ccccc2Sc2ccccc21,O=C(c1nn[nH]c1N(Cc1ccccc1)Cc1ccccc1)N1c2ccccc2Sc2ccccc21,低毒,10.787622,31.889166,2.7668868,0.58,0.42,0.372526193,0.237485448,0.533178114,0.381063252,292,True,False,False,,-5.856579,36.535587
O=C(c1nc(Cl)co1)c1nn[nH]c1N(Cc1ccccc1)Cc1ccccc1,O=C(c1nc(Cl)co1)c1nn[nH]c1N(Cc1ccccc1)Cc1ccccc1,低毒,9.168307,49.112568,3.007045256,0.632653061,0.367346939,0.272409779,0.523864959,0.313154831,0.369809856,277,True,False,False,,11.899995,-1.9273398
O=C(c1nn[nH]c1N(Cc1ccccc1)Cc1ccccc1)c1c(O)oc2ccccc2c1=O,O=C(c1nn[nH]c1N(Cc1ccccc1)Cc1ccccc1)c1c(O)oc2ccccc2c1=O,低毒,5.0276203,26.047947,2.821487386,0.58490566,0.41509434,0.063445867,0.314318976,0.504656577,0.294140473,182,True,False,False,,-1.8072894,0.64508325
O=C(c1nn[nH]c1N(Cc1ccccc1)Cc1ccccc1)S(=O)(=O)Cc1cscn1,O=C(c1nn[nH]c1N(Cc1ccccc1)Cc1ccccc1)S(=O)(=O)Cc1cscn1,低毒,21.71792,113.12947,,,,,,,,,False,False,False,,-16.998178,-29.251879
O=C(c1cccc(S(=O)(=O)N2CCOCC2)c1)c1nn[nH]c1N(Cc1ccccc1)Cc1ccccc1,O=C(c1cccc(S(=O)(=O)N2CCOCC2)c1)c1nn[nH]c1N(Cc1ccccc1)Cc1ccccc1,中毒,18.652588,28.608725,2.694744381,0.596491228,0.403508772,0.931315483,0.16298021,0.436554133,0.510283275,442,True,False,False,,7.430348,17.878033
O=C(c1ccc(O)cc1O)c1nn[nH]c1N(Cc1ccccc1)Cc1ccccc1,O=C(c1ccc(O)cc1O)c1nn[nH]c1N(Cc1ccccc1)Cc1ccccc1,低毒,17.132633,19.154457,2.613694722,0.659574468,0.340425532,0.862048894,0.089639115,0.169965076,0.373884362,282,True,False,False,,-10.835291,14.204214
O=C(c1nn[nH]c1N(Cc1ccccc1)Cc1ccccc1)C(c1ccccc1)c1sc(Cl)cc1Cl,O=C(c1nn[nH]c1N(Cc1ccccc1)Cc1ccccc1)C(c1ccccc1)c1sc(Cl)cc1Cl,中毒,64.63956,44.824024,,,,,,,,,False,False,False,,-20.821144,-19.427288
O=C(c1nn[nH]c1N(Cc1ccccc1)Cc1ccccc1)C(c1ccc(F)cc1S(=O)(=O)Cc1ccncn1)n1cncn1,O=C(c1nn[nH]c1N(Cc1ccccc1)Cc1ccccc1)C(c1ccc(F)cc1S(=O)(=O)Cc1ccncn1)n1cncn1,中毒,29.803335,19.617376,,,,,,,,,False,False,False,,-27.504398,-28.50698
O=C(c1nn[nH]c1N(Cc1ccccc1)Cc1ccccc1)C(Cl)c1ccc(O)cc1Cl,O=C(c1nn[nH]c1N(Cc1ccccc1)Cc1ccccc1)C(Cl)c1ccc(O)cc1Cl,高毒,10.325603,51.76034,3.278752104,0.527272727,0.472727273,0.354481956,0.712456345,0.722351572,0.596429957,538,True,False,False,,-17.436934,-21.167093
O=C(c1nn[nH]c1N(Cc1ccccc1)Cc1ccccc1)C(O)NO,O=C(c1nn[nH]c1N(Cc1ccccc1)Cc1ccccc1)C(O)NO,高毒,6.7121873,83.59449,3.308104253,0.630434783,0.369565217,0.13911525,0.727590221,0.344004657,0.403570043,321,True,False,False,,-20.731504,-23.36393
O=C(C1=C(O)CC2CCCCC=CCC(O2)N1c1cccc(-c2nc3cc[nH]n3n2)c1F)c1nn[nH]c1N(Cc1ccccc1)Cc1ccccc1,O=C(C1=C(O)CC2CCCCC=CCC(O2)N1c1cccc(-c2nc3cc[nH]n3n2)c1F)c1nn[nH]c1N(Cc1ccccc1)Cc1ccccc1,低毒,93.08776,23.871758,,,,,,,,,False,False,False,,33.62863,-4.7445273
O=C(c1nn[nH]c1N(Cc1ccccc1)Cc1ccccc1)c1cc(F)c(F)c2c(O)c(Cl)n(C34CC5CC(CC(C5)C3)C4)c12,O=C(c1nn[nH]c1N(Cc1ccccc1)Cc1ccccc1)c1cc(F)c(F)c2c(O)c(Cl)n(C34CC5CC(CC(C5)C3)C4)c12,中毒,46.905987,13.116937,,,,,,,,,False,False,False,,-9.842932,16.099968
O=C(NCCSSSc1nc[nH]c1C(=O)c1nn[nH]c1N(Cc1ccccc1)Cc1ccccc1)c1[nH]cnc1COCc1ccccc1,O=C(NCCSSSc1nc[nH]c1C(=O)c1nn[nH]c1N(Cc1ccccc1)Cc1ccccc1)c1[nH]cnc1COCc1ccccc1,中毒,114.407005,20.463524,,,,,,,,,False,False,False,,30.87867,12.606389
O=C(c1nn[nH]c1N(Cc1ccccc1)Cc1ccccc1)[SH](c1cccnc1Cl)[N+](=O)[O-],O=C(c1nn[nH]c1N(Cc1ccccc1)Cc1ccccc1)[SH](c1cccnc1Cl)[N+](=O)[O-],中毒,13.58877,17.36974,3.800922578,0.5,0.5,0.640279395,0.892898719,0.807916182,0.780364765,745,True,False,False,,-12.6708,-2.858436
O=C(c1csc(C2=CC=[N+]N2)n1)c1nn[nH]c1N(Cc1ccccc1)Cc1ccccc1,O=C(c1csc(C2=CC=[N+]N2)n1)c1nn[nH]c1N(Cc1ccccc1)Cc1ccccc1,低毒,9.217758,33.61609,3.56391235,0.534482759,0.465517241,0.281140861,0.834691502,0.703725262,0.606519208,553,True,False,False,,18.119541,-11.537239
O=C(c1nn[nH]c1N(Cc1ccccc1)Cc1ccccc1)n1nnc(Cl)n1,O=C(c1nn[nH]c1N(Cc1ccccc1)Cc1ccccc1)n1nnc(Cl)n1,高毒,16.876514,27.045012,3.057161578,0.58,0.42,0.833527357,0.563445867,0.533178114,0.64338378,599,True,False,False,,-1.0748057,26.62688
O=C(c1ccc2c(c1)C(F)C=C2Cl)c1nn[nH]c1N(Cc1ccccc1)Cc1ccccc1,O=C(c1ccc2c(c1)C(F)C=C2Cl)c1nn[nH]c1N(Cc1ccccc1)Cc1ccccc1,中毒,15.847002,31.313189,3.51200902,0.6,0.4,0.769499418,0.816065192,0.434225844,0.673263485,632,True,False,False,,10.170317,13.34267
O=C(c1nn[nH]c1N(Cc1ccccc1)Cc1ccccc1)c1nsc2sccc12,O=C(c1nn[nH]c1N(Cc1ccccc1)Cc1ccccc1)c1nsc2sccc12,中毒,21.929697,18.81267,,,,,,,,,False,False,False,,27.364756,-0.84905285
O=C(c1nn[nH]c1N(Cc1ccccc1)Cc1ccccc1)c1coc2c(Br)cccc2c1=O,O=C(c1nn[nH]c1N(Cc1ccccc1)Cc1ccccc1)c1coc2c(Br)cccc2c1=O,低毒,9.831734,59.342094,2.871477596,0.543859649,0.456140351,0.32363213,0.372526193,0.671711292,0.455956539,390,True,False,False,,-1.5898366,19.070934
