smiles,canonical_smiles,toxicity,aureus_MIC,ecoli_MIC,IC50_map,SI_SA,SI_EC,cls,is_candidate,is_star,is_validated,validated_label,x,y
O=C(c1nn[nH]c1N(Cc1ccccc1)Cc1ccccc1)C1SCCS1,O=C(c1nn[nH]c1N(Cc1ccccc1)Cc1ccccc1)C1SCCS1,中毒,17.059893,42.01063,42.5,2.4912231278355614,1.0116487184315017,both<5,True,False,False,,4.5484324,-35.964405
O=C(c1nn[nH]c1N(Cc1ccccc1)Cc1ccccc1)N1Sc2ccc(F)c3c2C1CNO3,O=C(c1nn[nH]c1N(Cc1ccccc1)Cc1ccccc1)N1Sc2ccc(F)c3c2C1CNO3,中毒,14.53551,29.806166,42.5,2.9238740161163936,1.4258794640008379,both<5,False,False,False,,-4.2112722,33.719345
O=C(c1nn[nH]c1N(Cc1ccccc1)Cc1ccccc1)C(F)(F)Cl,O=C(c1nn[nH]c1N(Cc1ccccc1)Cc1ccccc1)C(F)(F)Cl,高毒,3.9451709,56.60067,5.0,1.2673722195406034,0.08833817691557361,both<5,True,True,False,,-14.111444,-13.19102
O=C(c1ccn(-c2ccc(Cl)cc2)n1)c1nn[nH]c1N(Cc1ccccc1)Cc1ccccc1,O=C(c1ccn(-c2ccc(Cl)cc2)n1)c1nn[nH]c1N(Cc1ccccc1)Cc1ccccc1,低毒,6.371875,106.40436,250.0,39.2349190779794,2.3495277825081606,one>10-other<5,True,False,False,,24.515217,-9.48006
O=C(c1cc2[nH]ccc2o1)c1nn[nH]c1N(Cc1ccccc1)Cc1ccccc1,O=C(c1cc2[nH]ccc2o1)c1nn[nH]c1N(Cc1ccccc1)Cc1ccccc1,低毒,34.715908,64.433624,250.0,7.2013095552621005,3.879961803793622,one>5-other<=5,False,False,False,,6.4002748,2.177133
O=C(c1nn[nH]c1N(Cc1ccccc1)Cc1ccccc1)C(c1cc[nH]n1)c1ccc(I)cc1Br,O=C(c1nn[nH]c1N(Cc1ccccc1)Cc1ccccc1)C(c1cc[nH]n1)c1ccc(I)cc1Br,中毒,12.520198,80.76574,42.5,3.394515006871297,0.5262132186246298,both<5,False,False,False,,-23.638968,-19.981565
O=C(C1=NCON=N1)c1nn[nH]c1N(Cc1ccccc1)Cc1ccccc1,O=C(C1=NCON=N1)c1nn[nH]c1N(Cc1ccccc1)Cc1ccccc1,中毒,6.088357,35.762074,42.5,6.980536785211511,1.188409822092533,one>5-other<=5,True,False,False,,12.876968,5.650745
O=C(c1nn[nH]c1N(Cc1ccccc1)Cc1ccccc1)N1CCOCC1,O=C(c1nn[nH]c1N(Cc1ccccc1)Cc1ccccc1)N1CCOCC1,中毒,8.732165,26.523224,42.5,4.867063322784212,1.6023693047270573,both<5,False,False,False,,4.652924,34.357254
O=C(c1nn[nH]c1N(Cc1ccccc1)Cc1ccccc1)c1cccc2ccccc12,O=C(c1nn[nH]c1N(Cc1ccccc1)Cc1ccccc1)c1cccc2ccccc12,中毒,6.383442,34.50007,42.5,6.657850106572599,1.2318815585011855,one>5-other<=5,False,False,False,,-4.6456914,14.627108
O=C(c1nn[nH]c1N(Cc1ccccc1)Cc1ccccc1)N1CCNCC1,O=C(c1nn[nH]c1N(Cc1ccccc1)Cc1ccccc1)N1CCNCC1,中毒,8.732165,21.591461,42.5,4.867063322784212,1.9683707369316046,both<5,False,False,False,,1.728715,36.182255
O=C(c1nn[nH]c1N(Cc1ccccc1)Cc1ccccc1)[N+](=O)[O-],O=C(c1nn[nH]c1N(Cc1ccccc1)Cc1ccccc1)[N+](=O)[O-],低毒,16.005756,24.885092,250.0,15.619380927711255,10.046175437084983,both>10,True,False,False,,-9.728009,-13.874456
O=C(c1c[nH]cn1)c1nn[nH]c1N(Cc1ccccc1)Cc1ccccc1,O=C(c1c[nH]cn1)c1nn[nH]c1N(Cc1ccccc1)Cc1ccccc1,低毒,5.037307,54.16356,250.0,49.62969300858574,4.615649340626798,one>10-other<5,False,False,False,,17.500917,-2.8963203
O=C(c1ccc2nsnc2c1)c1nn[nH]c1N(Cc1ccccc1)Cc1ccccc1,O=C(c1ccc2nsnc2c1)c1nn[nH]c1N(Cc1ccccc1)Cc1ccccc1,低毒,27.375433,34.50007,250.0,9.132275642909466,7.246362108830503,both5-10,False,False,False,,13.235811,17.738995
O=C(c1nn[nH]c1N(Cc1ccccc1)Cc1ccccc1)S(=O)(=O)c1ccccc1,O=C(c1nn[nH]c1N(Cc1ccccc1)Cc1ccccc1)S(=O)(=O)c1ccccc1,中毒,7.1028624,64.723854,42.5,5.983503214140823,0.6566358054018229,one>5-other<=5,True,False,False,,-12.611124,-30.751556
O=C(c1nn[nH]c1N(Cc1ccccc1)Cc1ccccc1)C1CCCP2(=O)N1OP2(=O)Br,O=C(c1nn[nH]c1N(Cc1ccccc1)Cc1ccccc1)C1CCCP2(=O)N1OP2(=O)Br,中毒,21.52339,30.503714,42.5,1.9745960092717738,1.3932729634168481,both<5,False,False,False,,10.238493,-30.50631
O=C(c1nn[nH]c1N(Cc1ccccc1)Cc1ccccc1)n1nnc2ccccc21,O=C(c1nn[nH]c1N(Cc1ccccc1)Cc1ccccc1)n1nnc2ccccc21,中毒,16.032082,15.41628,42.5,2.6509345448707164,2.7568259009307043,both<5,True,False,False,,-0.57874614,28.638962
O=C(c1nn[nH]c1N(Cc1ccccc1)Cc1ccccc1)c1nsc2ccccc12,O=C(c1nn[nH]c1N(Cc1ccccc1)Cc1ccccc1)c1nsc2ccccc12,中毒,6.550082,34.579483,42.5,6.488468388640021,1.2290524991365543,one>5-other<=5,False,False,False,,27.051767,-0.7075868
O=C(c1nn[nH]c1N(Cc1ccccc1)Cc1ccccc1)C1CC1,O=C(c1nn[nH]c1N(Cc1ccccc1)Cc1ccccc1)C1CC1,高毒,6.35907,32.817757,5.0,0.7862784966984165,0.15235654283137023,both<5,True,False,False,,5.9809165,-32.621628
O=C(c1nn[nH]c1N(Cc1ccccc1)Cc1ccccc1)C1CCCc2c(Br)cccc21,O=C(c1nn[nH]c1N(Cc1ccccc1)Cc1ccccc1)C1CCCc2c(Br)cccc21,中毒,11.428651,24.365522,42.5,3.718724108383395,1.7442679865426238,both<5,True,False,False,,9.013431,-40.859344
O=C(c1ccc[nH]1)c1nn[nH]c1N(Cc1ccccc1)Cc1ccccc1,O=C(c1ccc[nH]1)c1nn[nH]c1N(Cc1ccccc1)Cc1ccccc1,低毒,5.037307,34.50007,250.0,49.62969300858574,7.246362108830503,both<5,True,True,False,,11.73621,5.7893267
O=C(OCCC(Br)c1cccc([N+](=O)[O-])c1O)c1nn[nH]c1N(Cc1ccccc1)Cc1ccccc1,O=C(OCCC(Br)c1cccc([N+](=O)[O-])c1O)c1nn[nH]c1N(Cc1ccccc1)Cc1ccccc1,低毒,14.565209,68.58584,250.0,17.164188993099927,3.645067261697166,one>10-other<5,False,False,False,,-24.628912,-4.8374867
O=C(c1ccc(Br)o1)c1nn[nH]c1N(Cc1ccccc1)Cc1ccccc1,O=C(c1ccc(Br)o1)c1nn[nH]c1N(Cc1ccccc1)Cc1ccccc1,低毒,18.123169,37.892868,250.0,13.794496977874013,6.597547591277599,both<5,True,False,False,,8.656363,0.6648041
O=C(c1nn[nH]c1N(Cc1ccccc1)Cc1ccccc1)c1c[nH]c2ccccc12,O=C(c1nn[nH]c1N(Cc1ccccc1)Cc1ccccc1)c1c[nH]c2ccccc12,中毒,17.915283,21.234655,42.5,2.3722762291837647,2.0014452789555564,both<5,False,False,False,,-20.312632,22.032524
O=C(c1nn[nH]c1N(Cc1ccccc1)Cc1ccccc1)c1c(O)ccc2c(Br)cccc12,O=C(c1nn[nH]c1N(Cc1ccccc1)Cc1ccccc1)c1c(O)ccc2c(Br)cccc12,中毒,5.943993,14.9330225,42.5,7.1500757150958965,2.846041382446186,one>5-other<=5,False,False,False,,1.3784424,3.0068939
O=C(c1ccsc1)c1nn[nH]c1N(Cc1ccccc1)Cc1ccccc1,O=C(c1ccsc1)c1nn[nH]c1N(Cc1ccccc1)Cc1ccccc1,高毒,7.1555886,30.313057,5.0,0.6987545371180227,0.16494542269359372,both<5,True,False,False,,13.460076,8.0929575
O=C(c1nn[nH]c1N(Cc1ccccc1)Cc1ccccc1)C(c1ccccc1Br)N1CCOC1=O,O=C(c1nn[nH]c1N(Cc1ccccc1)Cc1ccccc1)C(c1ccccc1Br)N1CCOC1=O,中毒,6.973339,33.790993,42.5,6.094641318886118,1.2577316091302793,one>5-other<=5,False,False,False,,-23.694078,-29.112806
O=C(c1cnn(-c2ccccc2)c1CNC(F)(F)F)c1nn[nH]c1N(Cc1ccccc1)Cc1ccccc1,O=C(c1cnn(-c2ccccc2)c1CNC(F)(F)F)c1nn[nH]c1N(Cc1ccccc1)Cc1ccccc1,中毒,12.169352,31.966595,42.5,3.492379873636657,1.3295128868119985,both<5,True,False,False,,-16.043098,7.1038465
O=C(c1cc(O)ccc1Cl)c1nn[nH]c1N(Cc1ccccc1)Cc1ccccc1,O=C(c1cc(O)ccc1Cl)c1nn[nH]c1N(Cc1ccccc1)Cc1ccccc1,中毒,6.295896,32.390194,42.5,6.750429168461487,1.3121255155186782,one>5-other<=5,True,False,False,,-12.059381,13.325618
O=C(c1nn[nH]c1N(Cc1ccccc1)Cc1ccccc1)[SH](C1=NOC2(CCCC2)N1c1ccccc1)c1nsnc1N1CCOCC1,O=C(c1nn[nH]c1N(Cc1ccccc1)Cc1ccccc1)[SH](C1=NOC2(CCCC2)N1c1ccccc1)c1nsnc1N1CCOCC1,中毒,9.41612,21.192566,42.5,4.513536361048925,2.0054202025370595,both<5,False,False,False,,25.90177,4.913263
O=C(c1nn[nH]c1N(Cc1ccccc1)Cc1ccccc1)C(Cl)Cl,O=C(c1nn[nH]c1N(Cc1ccccc1)Cc1ccccc1)C(Cl)Cl,高毒,12.285367,56.60067,5.0,0.40698824870270456,0.08833817691557361,both<5,True,False,False,,-18.675697,-21.73734
O=C(c1cc(C2CCCCS2(=O)=O)n(-c2nsc(Cl)n2)n1)c1nn[nH]c1N(Cc1ccccc1)Cc1ccccc1,O=C(c1cc(C2CCCCS2(=O)=O)n(-c2nsc(Cl)n2)n1)c1nn[nH]c1N(Cc1ccccc1)Cc1ccccc1,中毒,5.5913577,34.700733,42.5,7.601016118142469,1.2247579899825172,one>5-other<=5,True,False,False,,22.445148,-1.1043234
O=C(c1nn[nH]c1N(Cc1ccccc1)Cc1ccccc1)c1cn(C2CC2)c2cc(-n3ncc(OC(F)F)cc3=O)ccc12,O=C(c1nn[nH]c1N(Cc1ccccc1)Cc1ccccc1)c1cn(C2CC2)c2cc(-n3ncc(OC(F)F)cc3=O)ccc12,中毒,7.1165624,12.816132,42.5,5.971984451369385,3.3161331359570894,one>5-other<=5,False,False,False,,-4.6948743,17.306734
O=C(c1cnco1)c1nn[nH]c1N(Cc1ccccc1)Cc1ccccc1,O=C(c1cnco1)c1nn[nH]c1N(Cc1ccccc1)Cc1ccccc1,高毒,3.4502869,54.97219,5.0,1.4491548514414845,0.09095508110555538,both<5,True,False,False,,11.675293,2.0140002
O=C(c1cnccn1)c1nn[nH]c1N(Cc1ccccc1)Cc1ccccc1,O=C(c1cnccn1)c1nn[nH]c1N(Cc1ccccc1)Cc1ccccc1,低毒,5.037307,34.579483,250.0,49.62969300858574,7.229720583156202,both<5,False,False,False,,16.673258,-5.580134
O=C(c1nn[nH]c1N(Cc1ccccc1)Cc1ccccc1)C(F)(Cl)Cl,O=C(c1nn[nH]c1N(Cc1ccccc1)Cc1ccccc1)C(F)(Cl)Cl,高毒,4.9531636,56.60067,5.0,1.0094558556474897,0.08833817691557361,both<5,True,False,False,,-14.115415,-13.190246
O=C(c1cscc1Cl)c1nn[nH]c1N(Cc1ccccc1)Cc1ccccc1,O=C(c1cscc1Cl)c1nn[nH]c1N(Cc1ccccc1)Cc1ccccc1,中毒,4.389569,30.13742,42.5,9.682043954657052,1.410206978566845,one>5-other<=5,True,False,False,,-7.93287,10.647386
O=C(c1nn[nH]c1N(Cc1ccccc1)Cc1ccccc1)C(F)(F)F,O=C(c1nn[nH]c1N(Cc1ccccc1)Cc1ccccc1)C(F)(F)F,高毒,5.056891,56.60067,5.0,0.9887498069466002,0.08833817691557361,both<5,True,True,False,,-14.456149,-12.798478
O=C(c1ncns1)c1nn[nH]c1N(Cc1ccccc1)Cc1ccccc1,O=C(c1ncns1)c1nn[nH]c1N(Cc1ccccc1)Cc1ccccc1,低毒,5.9809318,30.845133,250.0,41.79950689288917,8.105006387879735,both<5,True,True,False,,8.581829,-11.04881
O=C(c1ccccc1-c1cccc2cccnc12)c1nn[nH]c1N(Cc1ccccc1)Cc1ccccc1,O=C(c1ccccc1-c1cccc2cccnc12)c1nn[nH]c1N(Cc1ccccc1)Cc1ccccc1,中毒,6.4928164,32.179115,42.5,6.545695639876711,1.3207324067178354,one>5-other<=5,True,False,False,,-6.248356,3.8602374
O=C(c1ccc(C(F)(F)F)cc1)c1nn[nH]c1N(Cc1ccccc1)Cc1ccccc1,O=C(c1ccc(C(F)(F)F)cc1)c1nn[nH]c1N(Cc1ccccc1)Cc1ccccc1,低毒,4.7763376,31.501791,250.0,52.34135878502391,7.936056714997569,both<5,True,False,False,,12.135243,9.813661
O=C(c1ccc(Cl)cc1)c1nn[nH]c1N(Cc1ccccc1)Cc1ccccc1,O=C(c1ccc(Cl)cc1)c1nn[nH]c1N(Cc1ccccc1)Cc1ccccc1,低毒,6.273191,34.50007,250.0,39.85212629425758,7.246362108830503,both<5,True,True,False,,12.256604,10.748341
O=C(c1nn[nH]c1N(Cc1ccccc1)Cc1ccccc1)c1snc(F)c1I,O=C(c1nn[nH]c1N(Cc1ccccc1)Cc1ccccc1)c1snc(F)c1I,中毒,4.9793983,20.081724,42.5,8.535167793265304,2.1163521617964673,one>5-other<=5,False,False,False,,25.923214,-3.0017252
O=C(c1nn[nH]c1N(Cc1ccccc1)Cc1ccccc1)C(Cl)(Cl)Cl,O=C(c1nn[nH]c1N(Cc1ccccc1)Cc1ccccc1)C(Cl)(Cl)Cl,低毒,12.285367,56.60067,250.0,20.34941243513523,4.41690884577868,one>10-other<5,True,False,False,,-13.368501,-13.204868
O=C(c1n[nH]c(CC=CBr)n1)c1nn[nH]c1N(Cc1ccccc1)Cc1ccccc1,O=C(c1n[nH]c(CC=CBr)n1)c1nn[nH]c1N(Cc1ccccc1)Cc1ccccc1,低毒,8.127022,26.708387,250.0,30.761575396252155,9.360355606648953,both<5,True,False,False,,19.6509,3.7517247
O=C(Nc1ncc2n1COCCO2)C(=O)c1nn[nH]c1N(Cc1ccccc1)Cc1ccccc1,O=C(Nc1ncc2n1COCCO2)C(=O)c1nn[nH]c1N(Cc1ccccc1)Cc1ccccc1,中毒,8.238738,20.02914,42.5,5.158557050849293,2.121908379491081,one>5-other<=5,False,False,False,,5.7156343,33.81935
O=C(C(=O)c1nn[nH]c1N(Cc1ccccc1)Cc1ccccc1)c1ccccn1,O=C(C(=O)c1nn[nH]c1N(Cc1ccccc1)Cc1ccccc1)c1ccccn1,高毒,3.915215,45.099583,5.0,1.2770690753892187,0.1108657700892711,both<5,True,False,False,,2.0129685,-13.584211
O=C(c1ccc(OCCCOc2ccccc2I)cc1)c1nn[nH]c1N(Cc1ccccc1)Cc1ccccc1,O=C(c1ccc(OCCCOc2ccccc2I)cc1)c1nn[nH]c1N(Cc1ccccc1)Cc1ccccc1,高毒,5.037307,48.35956,5.0,0.9925938601717147,0.10339217312978033,both<5,True,False,False,,16.095926,13.219533
O=C(c1nn[nH]c1N(Cc1ccccc1)Cc1ccccc1)N1CCN(c2ccc([N+](=O)[O-])cc2)CC1,O=C(c1nn[nH]c1N(Cc1ccccc1)Cc1ccccc1)N1CCN(c2ccc([N+](=O)[O-])cc2)CC1,中毒,8.234413,12.11019,42.5,5.161266504364064,3.509441222639777,one>5-other<=5,False,False,False,,3.9636097,42.3434
Nc1nonc1C(=O)c1nn[nH]c1N(Cc1ccccc1)Cc1ccccc1,Nc1nonc1C(=O)c1nn[nH]c1N(Cc1ccccc1)Cc1ccccc1,微毒,5.037307,30.879324,137.5,27.296331154722154,4.452817684739472,one>10-other<5,True,False,False,,24.751816,7.731262
O=C(c1ccc2c(c1)OCCO2)c1nn[nH]c1N(Cc1ccccc1)Cc1ccccc1,O=C(c1ccc2c(c1)OCCO2)c1nn[nH]c1N(Cc1ccccc1)Cc1ccccc1,高毒,10.612266,32.818672,5.0,0.4711529092844073,0.15235229505934914,both<5,True,False,False,,16.373917,16.927559
O=C(c1n[nH]nc1-c1cnc2ccccc2n1)c1nn[nH]c1N(Cc1ccccc1)Cc1ccccc1,O=C(c1n[nH]nc1-c1cnc2ccccc2n1)c1nn[nH]c1N(Cc1ccccc1)Cc1ccccc1,中毒,10.256438,32.46234,42.5,4.14373879118657,1.3092093792376027,both<5,True,False,False,,36.25541,7.186326
O=C(C(F)=CCNc1ccon1)c1nn[nH]c1N(Cc1ccccc1)Cc1ccccc1,O=C(C(F)=CCNc1ccon1)c1nn[nH]c1N(Cc1ccccc1)Cc1ccccc1,高毒,6.8352427,50.495193,5.0,0.731502920883848,0.09901932645351014,both<5,True,False,False,,-17.514482,-11.301182
O=C(c1nc2ccccc2s1)c1nn[nH]c1N(Cc1ccccc1)Cc1ccccc1,O=C(c1nc2ccccc2s1)c1nn[nH]c1N(Cc1ccccc1)Cc1ccccc1,中毒,6.9044075,51.940323,42.5,6.155488360152555,0.8182467405911203,one>5-other<=5,True,False,False,,10.7954035,-16.000643
NC(=S)ONC1CSC([O-])C(C(O[N+](=O)[O-])C(=O)c2nn[nH]c2N(Cc2ccccc2)Cc2ccccc2)=CO1,NC(=S)ONC1CSC([O-])C(C(O[N+](=O)[O-])C(=O)c2nn[nH]c2N(Cc2ccccc2)Cc2ccccc2)=CO1,中毒,10.962882,98.6666,42.5,3.876717819274165,0.4307435342861718,both<5,False,False,False,,-14.396548,-20.567066
O=C(c1ccncc1)c1nn[nH]c1N(Cc1ccccc1)Cc1ccccc1,O=C(c1ccncc1)c1nn[nH]c1N(Cc1ccccc1)Cc1ccccc1,低毒,5.037307,34.50007,250.0,49.62969300858574,7.246362108830503,both<5,True,False,False,,12.028358,8.573762
O=C(c1cscn1)c1nn[nH]c1N(Cc1ccccc1)Cc1ccccc1,O=C(c1cscn1)c1nn[nH]c1N(Cc1ccccc1)Cc1ccccc1,低毒,5.037307,33.37947,250.0,49.62969300858574,7.48963359813682,both<5,True,True,False,,16.599188,-4.81237
O=C(c1ccsc1Cl)c1nn[nH]c1N(Cc1ccccc1)Cc1ccccc1,O=C(c1ccsc1Cl)c1nn[nH]c1N(Cc1ccccc1)Cc1ccccc1,中毒,4.637418,30.13742,42.5,9.164582532780093,1.410206978566845,one>5-other<=5,True,False,False,,-5.2204494,7.521526
O=C(c1nn[nH]c1N(Cc1ccccc1)Cc1ccccc1)c1ncsc1Br,O=C(c1nn[nH]c1N(Cc1ccccc1)Cc1ccccc1)c1ncsc1Br,低毒,5.037307,57.25769,250.0,49.62969300858574,4.366225741904712,one>10-other<5,True,True,False,,7.9260726,-6.8757467
O=C(c1ccccc1)c1nn[nH]c1N(Cc1ccccc1)Cc1ccccc1,O=C(c1ccccc1)c1nn[nH]c1N(Cc1ccccc1)Cc1ccccc1,低毒,5.037307,34.50007,250.0,49.62969300858574,7.246362108830503,both<5,True,True,False,,13.165324,7.2816467
O=C1OCC(=S)N(C(=O)c2nn[nH]c2N(Cc2ccccc2)Cc2ccccc2)O1,O=C1OCC(=S)N(C(=O)c2nn[nH]c2N(Cc2ccccc2)Cc2ccccc2)O1,低毒,9.030694,63.511505,250.0,27.683365198732233,3.9362946918042643,one>10-other<5,True,False,False,,2.504221,33.99171
O=C(c1nn[nH]c1N(Cc1ccccc1)Cc1ccccc1)S(=O)(=O)c1cccc(Cl)c1,O=C(c1nn[nH]c1N(Cc1ccccc1)Cc1ccccc1)S(=O)(=O)c1cccc(Cl)c1,中毒,7.1028624,64.723854,42.5,5.983503214140823,0.6566358054018229,one>5-other<=5,True,False,False,,-13.422464,-31.433537
O=C(c1nn[nH]c1N(Cc1ccccc1)Cc1ccccc1)C(O)c1ccoc1,O=C(c1nn[nH]c1N(Cc1ccccc1)Cc1ccccc1)C(O)c1ccoc1,高毒,4.5691423,35.110603,5.0,1.0942972820084855,0.14240712413854015,both<5,True,False,False,,-24.456875,-24.117928
O=C(c1ccc(C(F)(F)F)cc1Cl)c1nn[nH]c1N(Cc1ccccc1)Cc1ccccc1,O=C(c1ccc(C(F)(F)F)cc1Cl)c1nn[nH]c1N(Cc1ccccc1)Cc1ccccc1,中毒,3.321266,30.202047,42.5,12.796325256694285,1.4071893868650691,one>10-other<5,True,False,False,,-17.944271,10.007585
O=C(c1coc(NC(=S)Nc2cc(F)ccc2[N+](=O)[O-])n1)c1nn[nH]c1N(Cc1ccccc1)Cc1ccccc1,O=C(c1coc(NC(=S)Nc2cc(F)ccc2[N+](=O)[O-])n1)c1nn[nH]c1N(Cc1ccccc1)Cc1ccccc1,中毒,9.640367,57.303272,42.5,4.40854585722722,0.7416679452440342,both<5,True,False,False,,13.182876,-9.339853
O=C(c1nn[nH]c1N(Cc1ccccc1)Cc1ccccc1)C(c1cccnc1)N1CCOC1=O,O=C(c1nn[nH]c1N(Cc1ccccc1)Cc1ccccc1)C(c1cccnc1)N1CCOC1=O,中毒,4.519293,43.440685,42.5,9.404125822335484,0.9783455302327759,one>5-other<=5,False,False,False,,-23.687386,-28.994946
O=C(c1ccc(O)cc1)c1nn[nH]c1N(Cc1ccccc1)Cc1ccccc1,O=C(c1ccc(O)cc1)c1nn[nH]c1N(Cc1ccccc1)Cc1ccccc1,高毒,5.037307,28.805965,5.0,0.9925938601717147,0.1735751605613629,both<5,True,True,False,,13.183812,10.005384
O=C(c1nn[nH]c1N(Cc1ccccc1)Cc1ccccc1)C(Cl)CO,O=C(c1nn[nH]c1N(Cc1ccccc1)Cc1ccccc1)C(Cl)CO,中毒,6.550082,50.01052,42.5,6.488468388640021,0.8498211976200207,one>5-other<=5,True,False,False,,-18.909117,-22.403322
O=C(c1cc(F)ccc1F)c1nn[nH]c1N(Cc1ccccc1)Cc1ccccc1,O=C(c1cc(F)ccc1F)c1nn[nH]c1N(Cc1ccccc1)Cc1ccccc1,中毒,16.313023,20.880424,42.5,2.6052804559890586,2.0353992811640222,both<5,True,False,False,,-11.690102,17.726128
O=C(c1cc[n+]([O-])cn1)c1nn[nH]c1N(Cc1ccccc1)Cc1ccccc1,O=C(c1cc[n+]([O-])cn1)c1nn[nH]c1N(Cc1ccccc1)Cc1ccccc1,低毒,5.037307,56.669506,250.0,49.62969300858574,4.41154366159465,one>10-other<5,True,False,False,,20.061535,15.051763
O=C(c1ncc(-c2cnc3ccccc3n2)s1)c1nn[nH]c1N(Cc1ccccc1)Cc1ccccc1,O=C(c1ncc(-c2cnc3ccccc3n2)s1)c1nn[nH]c1N(Cc1ccccc1)Cc1ccccc1,中毒,26.475252,61.583515,42.5,1.6052727279045351,0.6901197503909935,both<5,True,False,False,,36.25919,7.1824517
O=C(c1cccs1)c1nn[nH]c1N(Cc1ccccc1)Cc1ccccc1,O=C(c1cccs1)c1nn[nH]c1N(Cc1ccccc1)Cc1ccccc1,低毒,5.02923,21.606764,250.0,49.709398854297774,11.570450808830051,both>10,True,True,False,,6.948182,-4.107715
O=C(c1coc(Cl)n1)c1nn[nH]c1N(Cc1ccccc1)Cc1ccccc1,O=C(c1coc(Cl)n1)c1nn[nH]c1N(Cc1ccccc1)Cc1ccccc1,低毒,10.612266,62.754444,250.0,23.557645464220364,3.983781610749352,one>10-other<5,False,False,False,,14.41364,-8.57483
O=C(c1nn[nH]c1N(Cc1ccccc1)Cc1ccccc1)c1cccc[n+]1CCN1CCCC(OF)(c2ccccc2Oc2ccccc2)CC1,O=C(c1nn[nH]c1N(Cc1ccccc1)Cc1ccccc1)c1cccc[n+]1CCN1CCCC(OF)(c2ccccc2Oc2ccccc2)CC1,中毒,31.426859,23.371883,42.5,1.3523464117110782,1.8184243006864274,both<5,True,False,False,,22.346632,17.93657
O=C(c1ccc(CN2CCc3ccccc3C2)o1)c1nn[nH]c1N(Cc1ccccc1)Cc1ccccc1,O=C(c1ccc(CN2CCc3ccccc3C2)o1)c1nn[nH]c1N(Cc1ccccc1)Cc1ccccc1,中毒,16.87103,35.060253,42.5,2.5191111627446574,1.212198896568145,both<5,False,False,False,,9.025015,1.6423953
O=C(c1cnc(Cl)nc1Cl)c1nn[nH]c1N(Cc1ccccc1)Cc1ccccc1,O=C(c1cnc(Cl)nc1Cl)c1nn[nH]c1N(Cc1ccccc1)Cc1ccccc1,中毒,3.548662,21.6476,42.5,11.976344887171559,1.9632661357379109,one>10-other<5,True,False,False,,-10.673475,8.482479
O=C(c1nn[nH]c1N(Cc1ccccc1)Cc1ccccc1)C(O)SCCc1ccccc1,O=C(c1nn[nH]c1N(Cc1ccccc1)Cc1ccccc1)C(O)SCCc1ccccc1,微毒,46.384094,57.782154,137.5,2.964378262945052,2.379627453832891,both<5,True,False,False,,-21.139332,-24.790083
O=C1ON2C=CC=CC2=[N+]([O-])C(O)=C1C(=O)c1nn[nH]c1N(Cc1ccccc1)Cc1ccccc1,O=C1ON2C=CC=CC2=[N+]([O-])C(O)=C1C(=O)c1nn[nH]c1N(Cc1ccccc1)Cc1ccccc1,中毒,6.6203346,24.79592,42.5,6.419615105254651,1.7139916566919076,one>5-other<=5,True,False,False,,20.089167,12.304446
O=C(c1ccco1)c1nn[nH]c1N(Cc1ccccc1)Cc1ccccc1,O=C(c1ccco1)c1nn[nH]c1N(Cc1ccccc1)Cc1ccccc1,低毒,6.295896,64.433624,250.0,39.70840687330286,3.879961803793622,one>10-other<5,True,True,False,,11.456529,2.0561295
O=C(c1cccnc1)c1nn[nH]c1N(Cc1ccccc1)Cc1ccccc1,O=C(c1cccnc1)c1nn[nH]c1N(Cc1ccccc1)Cc1ccccc1,中毒,5.8860874,20.880424,42.5,7.220416061100282,2.0353992811640222,one>5-other<=5,True,False,False,,11.112323,7.985302
O=C(c1nn[nH]c1N(Cc1ccccc1)Cc1ccccc1)c1[nH]nc2ccsc12,O=C(c1nn[nH]c1N(Cc1ccccc1)Cc1ccccc1)c1[nH]nc2ccsc12,低毒,25.132898,56.669506,250.0,9.947121895771827,4.41154366159465,one>5-other<=5,False,False,False,,8.186967,-8.808302
O=C(c1ccccc1Cl)c1nn[nH]c1N(Cc1ccccc1)Cc1ccccc1,O=C(c1ccccc1Cl)c1nn[nH]c1N(Cc1ccccc1)Cc1ccccc1,低毒,3.4502869,34.049644,250.0,72.45774257207422,7.342220670500989,both<5,True,True,False,,-9.210579,9.705983
O=C(c1cccc(Nc2ncnc3[nH]ccc23)c1)c1nn[nH]c1N(Cc1ccccc1)Cc1ccccc1,O=C(c1cccc(Nc2ncnc3[nH]ccc23)c1)c1nn[nH]c1N(Cc1ccccc1)Cc1ccccc1,低毒,14.203769,23.145391,250.0,17.600962110831286,10.801286528276838,both>10,True,False,False,,8.910699,13.063677
O=C(c1nn[nH]c1N(Cc1ccccc1)Cc1ccccc1)C1CC2C=CC1N2Cc1ncn[nH]1,O=C(c1nn[nH]c1N(Cc1ccccc1)Cc1ccccc1)C1CC2C=CC1N2Cc1ncn[nH]1,中毒,10.081876,32.49456,42.5,4.21548529261816,1.3079112319108184,both<5,True,False,False,,2.4835005,-32.207195
O=C(c1ccc([N+](=O)[O-])c(Nc2ccccc2)c1O)c1nn[nH]c1N(Cc1ccccc1)Cc1ccccc1,O=C(c1ccc([N+](=O)[O-])c(Nc2ccccc2)c1O)c1nn[nH]c1N(Cc1ccccc1)Cc1ccccc1,低毒,23.029446,15.926857,250.0,10.855667131549756,15.696756742400588,both>10,False,False,False,,-21.479092,5.732573
O=C(c1ccncn1)c1nn[nH]c1N(Cc1ccccc1)Cc1ccccc1,O=C(c1ccncn1)c1nn[nH]c1N(Cc1ccccc1)Cc1ccccc1,低毒,5.037307,56.669506,250.0,49.62969300858574,4.41154366159465,one>10-other<5,True,False,False,,15.439778,-5.5517054
O=C(c1nn[nH]c1N(Cc1ccccc1)Cc1ccccc1)S(=Cc1cccnc1)C(Cl)C(Cl)Cl,O=C(c1nn[nH]c1N(Cc1ccccc1)Cc1ccccc1)S(=Cc1cccnc1)C(Cl)C(Cl)Cl,低毒,11.132793,29.571793,250.0,22.456179684648767,8.454002095848567,both<5,False,False,False,,-4.5533643,-17.869019
O=C(c1nn[nH]c1N(Cc1ccccc1)Cc1ccccc1)c1c(C(Cl)(Cl)Cl)no[n+]1[O-],O=C(c1nn[nH]c1N(Cc1ccccc1)Cc1ccccc1)c1c(C(Cl)(Cl)Cl)no[n+]1[O-],中毒,5.2192693,38.534748,42.5,8.142902302435324,1.1029006858952342,one>5-other<=5,True,False,False,,22.09609,25.475859
O=C(c1ccc(Cl)s1)c1nn[nH]c1N(Cc1ccccc1)Cc1ccccc1,O=C(c1ccc(Cl)s1)c1nn[nH]c1N(Cc1ccccc1)Cc1ccccc1,低毒,5.02923,32.00644,250.0,49.709398854297774,7.810928050729792,both<5,True,False,False,,5.697863,-2.9497335
O=C(OCc1cc2c(Br)ccc(NS(=O)(=O)c3ccoc3)c2s1)c1nn[nH]c1N(Cc1ccccc1)Cc1ccccc1,O=C(OCc1cc2c(Br)ccc(NS(=O)(=O)c3ccoc3)c2s1)c1nn[nH]c1N(Cc1ccccc1)Cc1ccccc1,中毒,36.651775,21.714342,42.5,1.159561849323805,1.9572317687544942,both<5,False,False,False,,-25.06086,-7.0269866
O=C(c1nn[nH]c1N(Cc1ccccc1)Cc1ccccc1)C1C2CC3CC(C2)CC1C3,O=C(c1nn[nH]c1N(Cc1ccccc1)Cc1ccccc1)C1C2CC3CC(C2)CC1C3,高毒,10.627377,22.30062,5.0,0.4704829799488623,0.22420901302295632,both<5,True,False,False,,3.9903798,-32.022697
O=C(c1ccc(Oc2ccc3ccccc3c2)cc1)c1nn[nH]c1N(Cc1ccccc1)Cc1ccccc1,O=C(c1ccc(Oc2ccc3ccccc3c2)cc1)c1nn[nH]c1N(Cc1ccccc1)Cc1ccccc1,高毒,7.0350223,20.539291,5.0,0.710729801098143,0.2434358615397192,both<5,True,False,False,,14.732654,12.985498
O=C(c1cn[nH]c1)c1nn[nH]c1N(Cc1ccccc1)Cc1ccccc1,O=C(c1cn[nH]c1)c1nn[nH]c1N(Cc1ccccc1)Cc1ccccc1,低毒,5.037307,32.37407,250.0,49.62969300858574,7.722229549760039,both<5,True,False,False,,12.614725,8.094281
O=C(c1nn[nH]c1N(Cc1ccccc1)Cc1ccccc1)S(=O)(=O)c1cccc([N+](=O)[O-])c1,O=C(c1nn[nH]c1N(Cc1ccccc1)Cc1ccccc1)S(=O)(=O)c1cccc([N+](=O)[O-])c1,中毒,7.1603336,48.82299,42.5,5.935477643108695,0.870491545069239,one>5-other<=5,True,False,False,,-13.732896,-32.339355
O=C(c1ccnc(Br)c1)c1nn[nH]c1N(Cc1ccccc1)Cc1ccccc1,O=C(c1ccnc(Br)c1)c1nn[nH]c1N(Cc1ccccc1)Cc1ccccc1,低毒,5.037307,34.50007,250.0,49.62969300858574,7.246362108830503,both<5,True,False,False,,9.873456,17.253302
O=C(c1coc(F)c1F)c1nn[nH]c1N(Cc1ccccc1)Cc1ccccc1,O=C(c1coc(F)c1F)c1nn[nH]c1N(Cc1ccccc1)Cc1ccccc1,中毒,9.263896,50.879738,42.5,4.587702625331717,0.8353030434236905,both<5,True,False,False,,-2.8333375,17.050856
O=C(c1nn[nH]c1N(Cc1ccccc1)Cc1ccccc1)S(=O)(=O)c1ccccn1,O=C(c1nn[nH]c1N(Cc1ccccc1)Cc1ccccc1)S(=O)(=O)c1ccccn1,中毒,6.7066283,48.96392,42.5,6.337014383218464,0.8679860599396453,one>5-other<=5,False,False,False,,-11.011056,-29.43097
O=C(C(=S)c1ccccn1)c1nn[nH]c1N(Cc1ccccc1)Cc1ccccc1,O=C(C(=S)c1ccccn1)c1nn[nH]c1N(Cc1ccccc1)Cc1ccccc1,中毒,8.076448,66.0139,42.5,5.2622142803370995,0.6438038049562288,one>5-other<=5,True,False,False,,2.1202877,-13.618938
O=C(c1cc(F)ccc1O)c1nn[nH]c1N(Cc1ccccc1)Cc1ccccc1,O=C(c1cc(F)ccc1O)c1nn[nH]c1N(Cc1ccccc1)Cc1ccccc1,中毒,5.415689,19.154457,42.5,7.847570272222057,2.21880474084961,one>5-other<=5,False,False,False,,-12.002875,17.692957
O=C(c1nn[nH]c1N(Cc1ccccc1)Cc1ccccc1)C(Cl)c1csc(Cl)n1,O=C(c1nn[nH]c1N(Cc1ccccc1)Cc1ccccc1)C(Cl)c1csc(Cl)n1,中毒,10.544879,31.825802,42.5,4.0303923828808275,1.3353944701849148,both<5,True,False,False,,-17.342995,-22.634724
O=C(c1cccc(F)c1)c1nn[nH]c1N(Cc1ccccc1)Cc1ccccc1,O=C(c1cccc(F)c1)c1nn[nH]c1N(Cc1ccccc1)Cc1ccccc1,中毒,5.8860874,20.880424,42.5,7.220416061100282,2.0353992811640222,one>5-other<=5,True,False,False,,8.806878,11.8821945
O=C(c1csc(-c2c[nH]nn2)n1)c1nn[nH]c1N(Cc1ccccc1)Cc1ccccc1,O=C(c1csc(-c2c[nH]nn2)n1)c1nn[nH]c1N(Cc1ccccc1)Cc1ccccc1,中毒,5.276667,12.931412,42.5,8.054326717983152,3.286570716330127,one>5-other<=5,True,False,False,,18.504622,-12.121056
O=C(c1c[nH]nc1S(=O)(=O)c1cc2nc[nH]c2c(F)c1F)c1nn[nH]c1N(Cc1ccccc1)Cc1ccccc1,O=C(c1c[nH]nc1S(=O)(=O)c1cc2nc[nH]c2c(F)c1F)c1nn[nH]c1N(Cc1ccccc1)Cc1ccccc1,中毒,17.161053,26.274765,42.5,2.4765380073122554,1.6175216029524908,both<5,False,False,False,,-20.969444,12.882611
O=C(c1ccc2ccccc2c1)c1nn[nH]c1N(Cc1ccccc1)Cc1ccccc1,O=C(c1ccc2ccccc2c1)c1nn[nH]c1N(Cc1ccccc1)Cc1ccccc1,低毒,6.383442,34.50007,250.0,39.1638241563094,7.246362108830503,both<5,True,True,True,336,13.294404,15.612523
O=C(c1ccoc1)c1nn[nH]c1N(Cc1ccccc1)Cc1ccccc1,O=C(c1ccoc1)c1nn[nH]c1N(Cc1ccccc1)Cc1ccccc1,低毒,10.612266,64.433624,250.0,23.557645464220364,3.879961803793622,one>10-other<5,True,True,False,,12.096484,7.1122108
O=C(S[N+]([O-])=NCc1cccs1)c1nn[nH]c1N(Cc1ccccc1)Cc1ccccc1,O=C(S[N+]([O-])=NCc1cccs1)c1nn[nH]c1N(Cc1ccccc1)Cc1ccccc1,低毒,31.02722,41.86337,250.0,8.057441175844952,5.971807811936784,both5-10,True,False,False,,-10.491625,-11.513871
O=C(c1cc(Cl)ccc1F)c1nn[nH]c1N(Cc1ccccc1)Cc1ccccc1,O=C(c1cc(Cl)ccc1F)c1nn[nH]c1N(Cc1ccccc1)Cc1ccccc1,中毒,16.313023,20.880424,42.5,2.6052804559890586,2.0353992811640222,both<5,True,False,False,,-13.239136,15.263048
O=C(C=NO)c1nn[nH]c1N(Cc1ccccc1)Cc1ccccc1,O=C(C=NO)c1nn[nH]c1N(Cc1ccccc1)Cc1ccccc1,高毒,6.273191,42.472836,5.0,0.7970425258851517,0.11772230137869767,both<5,True,False,False,,-7.6313787,-13.565095
O=C(Oc1ccc(Br)cc1)c1nn[nH]c1N(Cc1ccccc1)Cc1ccccc1,O=C(Oc1ccc(Br)cc1)c1nn[nH]c1N(Cc1ccccc1)Cc1ccccc1,低毒,10.256438,34.70963,250.0,24.374934065803355,7.202612070483034,both<5,True,False,False,,-27.58598,-10.99224
CSCc1c[nH]nc1-c1n[nH]cc1C(=O)c1nn[nH]c1N(Cc1ccccc1)Cc1ccccc1,CSCc1c[nH]nc1-c1n[nH]cc1C(=O)c1nn[nH]c1N(Cc1ccccc1)Cc1ccccc1,低毒,7.6939373,28.441448,250.0,32.493116365791025,8.789988470347923,both<5,True,False,False,,-22.463604,14.9154415
O=C(NS(=O)(=O)c1ccccc1)c1nn[nH]c1N(Cc1ccccc1)Cc1ccccc1,O=C(NS(=O)(=O)c1ccccc1)c1nn[nH]c1N(Cc1ccccc1)Cc1ccccc1,中毒,24.685646,23.091864,42.5,1.72164828094837,1.8404750694876775,both<5,False,False,False,,-8.877377,-23.380066
O=C(c1cn(-c2cccc3cnccc23)nn1)c1nn[nH]c1N(Cc1ccccc1)Cc1ccccc1,O=C(c1cn(-c2cccc3cnccc23)nn1)c1nn[nH]c1N(Cc1ccccc1)Cc1ccccc1,中毒,11.198261,64.433624,42.5,3.795232134703772,0.6595935066449158,both<5,True,False,False,,16.94199,-7.3372507
O=C(OC1=CC=C(Cc2c[nH]c3ccc(F)cc23)C[N+]N(c2cnc[nH]2)S1)c1nn[nH]c1N(Cc1ccccc1)Cc1ccccc1,O=C(OC1=CC=C(Cc2c[nH]c3ccc(F)cc23)C[N+]N(c2cnc[nH]2)S1)c1nn[nH]c1N(Cc1ccccc1)Cc1ccccc1,中毒,5.16909,11.956418,42.5,8.221950091795655,3.5545762953419664,one>5-other<=5,False,False,False,,-19.053516,24.309183
O=C(c1nn[nH]c1N(Cc1ccccc1)Cc1ccccc1)C([N+]F)c1ccc([N+](=O)[O-])cc1,O=C(c1nn[nH]c1N(Cc1ccccc1)Cc1ccccc1)C([N+]F)c1ccc([N+](=O)[O-])cc1,高毒,7.3604026,73.095825,5.0,0.6793106670550875,0.06840335956260156,both<5,False,False,False,,-25.58236,-25.841894
O=C(c1nn[nH]c1N(Cc1ccccc1)Cc1ccccc1)C1(C(F)(F)F)CC[S+]([O-])CC1,O=C(c1nn[nH]c1N(Cc1ccccc1)Cc1ccccc1)C1(C(F)(F)F)CC[S+]([O-])CC1,中毒,7.487235,9.744929,42.5,5.676327776542342,4.361242652460577,one>5-other<=5,True,False,False,,-13.205093,-14.975368
O=C(c1cc2occc2s1)c1nn[nH]c1N(Cc1ccccc1)Cc1ccccc1,O=C(c1cc2occc2s1)c1nn[nH]c1N(Cc1ccccc1)Cc1ccccc1,中毒,11.249224,23.11524,42.5,3.7780383784694838,1.8386138322595829,both<5,False,False,False,,3.4771245,-2.5825915
O=C(c1cc2ccccc2o1)c1nn[nH]c1N(Cc1ccccc1)Cc1ccccc1,O=C(c1cc2ccccc2o1)c1nn[nH]c1N(Cc1ccccc1)Cc1ccccc1,低毒,9.807893,59.342094,250.0,25.489674489719658,4.212861110024193,one>10-other<5,True,True,False,,6.284216,2.3827808
O=C(C1=CSC1=S)c1nn[nH]c1N(Cc1ccccc1)Cc1ccccc1,O=C(C1=CSC1=S)c1nn[nH]c1N(Cc1ccccc1)Cc1ccccc1,中毒,3.5289395,129.39316,42.5,12.043278157644812,0.3284563109827444,one>10-other<5,False,False,False,,13.770071,6.768233
O=C(c1nn[nH]c1N(Cc1ccccc1)Cc1ccccc1)c1n[nH]c2cccc(Cl)c12,O=C(c1nn[nH]c1N(Cc1ccccc1)Cc1ccccc1)c1n[nH]c2cccc(Cl)c12,低毒,14.610249,32.717667,250.0,17.111275790029314,7.641131624696834,both<5,False,False,False,,33.621086,1.8888109
O=C(c1nn[nH]c1N(Cc1ccccc1)Cc1ccccc1)C1(S#Cc2ccc(F)cc2)NN(c2ccccc2)CCO1,O=C(c1nn[nH]c1N(Cc1ccccc1)Cc1ccccc1)C1(S#Cc2ccc(F)cc2)NN(c2ccccc2)CCO1,中毒,15.373346,9.088881,42.5,2.7645250422386902,4.6760431784726855,both<5,False,False,False,,11.768463,28.118053
O=C(c1nn[nH]c1N(Cc1ccccc1)Cc1ccccc1)C1CCS(=O)(=O)C1,O=C(c1nn[nH]c1N(Cc1ccccc1)Cc1ccccc1)C1CCS(=O)(=O)C1,高毒,8.619859,32.817757,5.0,0.5800558918655166,0.15235654283137023,both<5,True,False,False,,6.0191064,-31.321095
O=C(c1nn[nH]c1N(Cc1ccccc1)Cc1ccccc1)c1c[nH]c2cccc[n+]12,O=C(c1nn[nH]c1N(Cc1ccccc1)Cc1ccccc1)c1c[nH]c2cccc[n+]12,中毒,11.532878,33.505077,42.5,3.6851165858166537,1.268464477786456,both<5,False,False,False,,22.970293,16.264797
O=C(Nc1ccccc1)c1nn[nH]c1N(Cc1ccccc1)Cc1ccccc1,O=C(Nc1ccccc1)c1nn[nH]c1N(Cc1ccccc1)Cc1ccccc1,高毒,7.905521,22.836445,5.0,0.6324693843707454,0.21894826449563404,both<5,False,False,False,,-7.6474695,-19.353924
O=C(c1nn[nH]c1N(Cc1ccccc1)Cc1ccccc1)C(c1c[nH]c(-n2nnc(Cl)n2)n1)c1ccsc1F,O=C(c1nn[nH]c1N(Cc1ccccc1)Cc1ccccc1)C(c1c[nH]c(-n2nnc(Cl)n2)n1)c1ccsc1F,中毒,9.405783,19.74883,42.5,4.5184967588556955,2.1520262213001984,both<5,False,False,False,,-20.83653,-17.63494
O=C(c1nn[nH]c1N(Cc1ccccc1)Cc1ccccc1)C1CCOC1,O=C(c1nn[nH]c1N(Cc1ccccc1)Cc1ccccc1)C1CCOC1,高毒,6.35907,25.981432,5.0,0.7862784966984165,0.1924451277358384,both<5,True,False,False,,9.103327,-33.961266
O=C(c1ccccn1)c1nn[nH]c1N(Cc1ccccc1)Cc1ccccc1,O=C(c1ccccn1)c1nn[nH]c1N(Cc1ccccc1)Cc1ccccc1,低毒,5.037307,34.285435,250.0,49.62969300858574,7.291726063851895,both<5,True,True,False,,16.731846,-5.013082
O=C(C(=S)c1cc2ccccc2[nH]1)c1nn[nH]c1N(Cc1ccccc1)Cc1ccccc1,O=C(C(=S)c1cc2ccccc2[nH]1)c1nn[nH]c1N(Cc1ccccc1)Cc1ccccc1,中毒,5.8182015,66.0139,42.5,7.304662789695407,0.6438038049562288,one>5-other<=5,True,False,False,,5.050408,10.0198345
O=C(c1cc(Cl)sc1Br)c1nn[nH]c1N(Cc1ccccc1)Cc1ccccc1,O=C(c1cc(Cl)sc1Br)c1nn[nH]c1N(Cc1ccccc1)Cc1ccccc1,低毒,5.753842,16.437222,250.0,43.44922922805319,15.209382704693045,both>10,True,False,False,,-7.1568847,8.262442
O=C(c1nn[nH]c1N(Cc1ccccc1)Cc1ccccc1)c1ccnn1Cc1ccccc1Cl,O=C(c1nn[nH]c1N(Cc1ccccc1)Cc1ccccc1)c1ccnn1Cc1ccccc1Cl,低毒,16.226608,57.103924,250.0,15.40679358249118,4.37798285105591,one>10-other<5,False,False,False,,-3.6424394,4.82608
O=C(c1nn[nH]c1N(Cc1ccccc1)Cc1ccccc1)C1CCOCC1,O=C(c1nn[nH]c1N(Cc1ccccc1)Cc1ccccc1)C1CCOCC1,高毒,6.35907,38.260345,5.0,0.7862784966984165,0.1306836098838105,both<5,True,False,False,,9.132797,-33.523018
O=C(c1nn[nH]c1N(Cc1ccccc1)Cc1ccccc1)C(S)Cc1ccoc1,O=C(c1nn[nH]c1N(Cc1ccccc1)Cc1ccccc1)C(S)Cc1ccoc1,低毒,7.599869,56.60067,250.0,32.89530385326378,4.41690884577868,one>10-other<5,True,False,False,,-23.506649,-22.981163
O=C(c1nn[nH]c1N(Cc1ccccc1)Cc1ccccc1)c1ccnn1-c1ccccn1,O=C(c1nn[nH]c1N(Cc1ccccc1)Cc1ccccc1)c1ccnn1-c1ccccn1,低毒,9.216318,112.88969,250.0,27.12580012972643,2.214551213667076,one>10-other<5,False,False,False,,29.87452,-12.015998
O=C(c1cc2ccccc2s1)c1nn[nH]c1N(Cc1ccccc1)Cc1ccccc1,O=C(c1cc2ccccc2s1)c1nn[nH]c1N(Cc1ccccc1)Cc1ccccc1,中毒,7.8632665,34.65899,42.5,5.404878494198308,1.2262330783441755,one>5-other<=5,False,False,False,,3.0119092,-2.70974
O=C(c1cc(I)c(-n2nccn2)cc1I)c1nn[nH]c1N(Cc1ccccc1)Cc1ccccc1,O=C(c1cc(I)c(-n2nccn2)cc1I)c1nn[nH]c1N(Cc1ccccc1)Cc1ccccc1,低毒,14.627226,22.838451,250.0,17.09141569290035,10.94645166609592,both>10,False,False,False,,-5.1653404,11.08907
O=C(c1nn[nH]c1N(Cc1ccccc1)Cc1ccccc1)c1c[nH]c2cc(Cl)ccc12,O=C(c1nn[nH]c1N(Cc1ccccc1)Cc1ccccc1)c1c[nH]c2cc(Cl)ccc12,中毒,15.636305,22.491127,42.5,2.7180334484393853,1.8896340765849573,both<5,False,False,False,,-18.660046,21.380873
O=C(c1nn[nH]c1N(Cc1ccccc1)Cc1ccccc1)c1n[nH]c(=S)c2ccccc12,O=C(c1nn[nH]c1N(Cc1ccccc1)Cc1ccccc1)c1n[nH]c(=S)c2ccccc12,低毒,22.028288,145.83531,250.0,11.349043557084418,1.714262478682289,one>10-other<5,True,False,False,,30.825176,2.5700603
O=C(c1nc2ccccc2o1)c1nn[nH]c1N(Cc1ccccc1)Cc1ccccc1,O=C(c1nc2ccccc2o1)c1nn[nH]c1N(Cc1ccccc1)Cc1ccccc1,低毒,23.779917,52.4347,250.0,10.513072858917043,4.767835040536133,one>10-other<5,False,False,False,,7.653763,3.1086357
O=C(c1nn[nH]c1N(Cc1ccccc1)Cc1ccccc1)N1C=Cc2ccc3ccnc(c3c2F)C1=O,O=C(c1nn[nH]c1N(Cc1ccccc1)Cc1ccccc1)N1C=Cc2ccc3ccnc(c3c2F)C1=O,中毒,6.7633185,10.509729,42.5,6.283897468380353,4.043872111259957,one>5-other<=5,False,False,False,,-8.566604,-1.5373442
O=C(c1cc([N+](=O)[O-])c2[nH]ncc2c1)c1nn[nH]c1N(Cc1ccccc1)Cc1ccccc1,O=C(c1cc([N+](=O)[O-])c2[nH]ncc2c1)c1nn[nH]c1N(Cc1ccccc1)Cc1ccccc1,中毒,41.841217,29.353004,42.5,1.0157448336170527,1.4478926926865816,both<5,False,False,False,,7.2907825,20.877113
O=C(c1nn[nH]c1N(Cc1ccccc1)Cc1ccccc1)S(=O)(=O)c1ccc(N2CCC(n3c(=O)[nH]c4cc(I)ccc43)CC2)cc1,O=C(c1nn[nH]c1N(Cc1ccccc1)Cc1ccccc1)S(=O)(=O)c1ccc(N2CCC(n3c(=O)[nH]c4cc(I)ccc43)CC2)cc1,中毒,19.674328,35.548767,42.5,2.160175432675515,1.1955407623561178,both<5,True,False,False,,-12.115575,-31.776482
O=C(c1nnc[nH]1)c1nn[nH]c1N(Cc1ccccc1)Cc1ccccc1,O=C(c1nnc[nH]1)c1nn[nH]c1N(Cc1ccccc1)Cc1ccccc1,低毒,7.140232,41.86337,250.0,35.01286792922134,5.971807811936784,both<5,True,False,False,,13.626326,4.145398
O=C(c1cc(N2CC[S+]([O-])CC2)ccc1Cl)c1nn[nH]c1N(Cc1ccccc1)Cc1ccccc1,O=C(c1cc(N2CC[S+]([O-])CC2)ccc1Cl)c1nn[nH]c1N(Cc1ccccc1)Cc1ccccc1,低毒,11.938512,21.538471,250.0,20.94063313753004,11.607137758293055,both>10,True,False,False,,-12.4530735,12.683076
O=C(c1nn[nH]c1N(Cc1ccccc1)Cc1ccccc1)c1noc2ccccc12,O=C(c1nn[nH]c1N(Cc1ccccc1)Cc1ccccc1)c1noc2ccccc12,微毒,11.777452,32.03235,137.5,11.674851232677492,4.292535514877928,one>10-other<5,True,False,False,,23.77633,-18.957952
O=C(c1nn[nH]c1N(Cc1ccccc1)Cc1ccccc1)c1sccc1Cc1c[nH]cn1,O=C(c1nn[nH]c1N(Cc1ccccc1)Cc1ccccc1)c1sccc1Cc1c[nH]cn1,中毒,6.981647,40.160202,42.5,6.0873888353278245,1.058261609341507,one>5-other<=5,False,False,False,,6.2386394,-8.336472
O=C(c1cc2ncc(C(F)(F)F)nc2s1)c1nn[nH]c1N(Cc1ccccc1)Cc1ccccc1,O=C(c1cc2ncc(C(F)(F)F)nc2s1)c1nn[nH]c1N(Cc1ccccc1)Cc1ccccc1,中毒,33.63709,27.352291,42.5,1.2634862290406215,1.5538003745280422,both<5,True,False,False,,2.9133039,-4.968336
O=C(C1=CCCC1)c1nn[nH]c1N(Cc1ccccc1)Cc1ccccc1,O=C(C1=CCCC1)c1nn[nH]c1N(Cc1ccccc1)Cc1ccccc1,高毒,8.3174095,22.30062,5.0,0.601148711025951,0.22420901302295632,both<5,True,False,False,,18.457344,9.026892
O=C(c1nsnc1COc1ccccc1F)c1nn[nH]c1N(Cc1ccccc1)Cc1ccccc1,O=C(c1nsnc1COc1ccccc1F)c1nn[nH]c1N(Cc1ccccc1)Cc1ccccc1,低毒,7.144753,34.595528,250.0,34.99071276501791,7.226367523571255,both<5,True,False,False,,25.23813,3.0002773
O=C1CCN(C(=O)c2nn[nH]c2N(Cc2ccccc2)Cc2ccccc2)C1,O=C1CCN(C(=O)c2nn[nH]c2N(Cc2ccccc2)Cc2ccccc2)C1,中毒,25.021065,41.819942,42.5,1.6985687859409662,1.016261572050961,both<5,False,False,False,,-0.49535593,39.599148
O=C(c1nn[nH]c1N(Cc1ccccc1)Cc1ccccc1)N1CCNc2ccccc21,O=C(c1nn[nH]c1N(Cc1ccccc1)Cc1ccccc1)N1CCNc2ccccc21,中毒,18.02155,20.145674,42.5,2.3582877166503433,2.1096340584087683,both<5,False,False,False,,-5.985389,39.79778
O=C(c1nn[nH]c1N(Cc1ccccc1)Cc1ccccc1)N1CCCNCC1,O=C(c1nn[nH]c1N(Cc1ccccc1)Cc1ccccc1)N1CCCNCC1,中毒,8.732165,21.591461,42.5,4.867063322784212,1.9683707369316046,both<5,False,False,False,,1.5977472,36.142002
O=C(c1ccnc(Nc2cccc(Cl)c2)n1)c1nn[nH]c1N(Cc1ccccc1)Cc1ccccc1,O=C(c1ccnc(Nc2cccc(Cl)c2)n1)c1nn[nH]c1N(Cc1ccccc1)Cc1ccccc1,低毒,7.890244,34.571663,250.0,31.68469821719075,7.231355922912936,both<5,True,False,False,,20.095852,-6.8876834
O=C(c1nn[nH]c1N(Cc1ccccc1)Cc1ccccc1)S(=O)(=O)c1ccccc1-n1cccn1,O=C(c1nn[nH]c1N(Cc1ccccc1)Cc1ccccc1)S(=O)(=O)c1ccccc1-n1cccn1,中毒,7.5783124,40.09689,42.5,5.608108739354688,1.0599325783121833,one>5-other<=5,False,False,False,,-14.872891,-31.029375
O=C(c1cc(Cl)sc1N=CN1CCN1)c1nn[nH]c1N(Cc1ccccc1)Cc1ccccc1,O=C(c1cc(Cl)sc1N=CN1CCN1)c1nn[nH]c1N(Cc1ccccc1)Cc1ccccc1,中毒,20.997538,24.330715,42.5,2.02404681920328,1.7467632989823767,both<5,False,False,False,,-7.2625875,8.061136
O=C(c1cc[nH]n1)c1nn[nH]c1N(Cc1ccccc1)Cc1ccccc1,O=C(c1cc[nH]n1)c1nn[nH]c1N(Cc1ccccc1)Cc1ccccc1,低毒,6.4241095,56.669506,250.0,38.915899549968756,4.41154366159465,one>10-other<5,True,False,False,,19.387877,-2.3594334
O=C(c1nn[nH]c1N(Cc1ccccc1)Cc1ccccc1)c1c(F)cc(Br)cc1Br,O=C(c1nn[nH]c1N(Cc1ccccc1)Cc1ccccc1)c1c(F)cc(Br)cc1Br,中毒,50.41282,20.880424,42.5,0.8430395284374094,2.0353992811640222,both<5,True,False,False,,1.7924696,7.2326226
O=C1Nc2nonc2-c2c(Br)c1cc(C(=O)c1nn[nH]c1N(Cc1ccccc1)Cc1ccccc1)c2Br,O=C1Nc2nonc2-c2c(Br)c1cc(C(=O)c1nn[nH]c1N(Cc1ccccc1)Cc1ccccc1)c2Br,中毒,7.897817,29.770737,42.5,5.381233827018276,1.4275763478747603,one>5-other<=5,False,False,False,,-1.5737759,11.829108
O=C(c1nn[nH]c1N(Cc1ccccc1)Cc1ccccc1)C12CC3CC(CC(C3)C1)C2,O=C(c1nn[nH]c1N(Cc1ccccc1)Cc1ccccc1)C12CC3CC(CC(C3)C1)C2,高毒,10.166119,10.310754,5.0,0.49182977299400094,0.4849305880054941,both<5,True,False,False,,-1.6193206,-25.504221
O=C(c1cc([N+](=O)[O-])ccc1Oc1ccccc1)c1nn[nH]c1N(Cc1ccccc1)Cc1ccccc1,O=C(c1cc([N+](=O)[O-])ccc1Oc1ccccc1)c1nn[nH]c1N(Cc1ccccc1)Cc1ccccc1,低毒,13.314962,19.882467,250.0,18.77587033293824,12.573892364564218,both>10,False,False,False,,-24.372992,4.6478744
O=C(c1nn[nH]c1N(Cc1ccccc1)Cc1ccccc1)C1CNCCO1,O=C(c1nn[nH]c1N(Cc1ccccc1)Cc1ccccc1)C1CNCCO1,中毒,6.9044075,55.22629,42.5,6.155488360152555,0.7695610188553315,one>5-other<=5,True,False,False,,11.994227,-36.22385
O=C(NS(=O)(=O)C(F)(F)F)c1nn[nH]c1N(Cc1ccccc1)Cc1ccccc1,O=C(NS(=O)(=O)C(F)(F)F)c1nn[nH]c1N(Cc1ccccc1)Cc1ccccc1,高毒,25.021065,43.502377,5.0,0.1998316218754078,0.11493624819627672,both<5,True,False,False,,-9.232631,-22.963333
O=C(c1nn[nH]c1N(Cc1ccccc1)Cc1ccccc1)C1CCCCC1,O=C(c1nn[nH]c1N(Cc1ccccc1)Cc1ccccc1)C1CCCCC1,高毒,10.627377,22.30062,5.0,0.4704829799488623,0.22420901302295632,both<5,True,False,False,,6.7652245,-31.775362
O=C(c1nn[nH]c1N(Cc1ccccc1)Cc1ccccc1)c1[nH]nc2c(Br)cccc12,O=C(c1nn[nH]c1N(Cc1ccccc1)Cc1ccccc1)c1[nH]nc2c(Br)cccc12,低毒,14.375973,39.49306,250.0,17.390127263038124,6.330226120741214,both<5,True,False,False,,-0.78911394,10.040591
O=C(c1nn[nH]c1N(Cc1ccccc1)Cc1ccccc1)N1CCN(c2ncccn2)CC1,O=C(c1nn[nH]c1N(Cc1ccccc1)Cc1ccccc1)N1CCN(c2ncccn2)CC1,中毒,8.732165,33.614918,42.5,4.867063322784212,1.2643196095257467,both<5,False,False,False,,3.532402,39.625526
O=C(c1ccn(CCBr)c1)c1nn[nH]c1N(Cc1ccccc1)Cc1ccccc1,O=C(c1ccn(CCBr)c1)c1nn[nH]c1N(Cc1ccccc1)Cc1ccccc1,中毒,12.285367,40.152443,42.5,3.459400113972989,1.0584661062839937,both<5,True,False,False,,29.28707,19.715254
O=C(C[S+]([O-])P(=O)(O)O)c1nn[nH]c1N(Cc1ccccc1)Cc1ccccc1,O=C(C[S+]([O-])P(=O)(O)O)c1nn[nH]c1N(Cc1ccccc1)Cc1ccccc1,中毒,38.823082,31.777111,42.5,1.094709585395616,1.3374406502844138,both<5,True,False,False,,-11.004122,-16.862507
O=C(c1nn[nH]c1N(Cc1ccccc1)Cc1ccccc1)C1CC(O)C([N+](=O)[O-])=N1,O=C(c1nn[nH]c1N(Cc1ccccc1)Cc1ccccc1)C1CC(O)C([N+](=O)[O-])=N1,中毒,22.518536,24.861216,42.5,1.8873340611485576,1.7094899943751747,both<5,True,False,False,,0.30566084,-33.1147
N#CC(c1cc2cc(Cl)sc2nc1F)C(C(=O)c1nn[nH]c1N(Cc1ccccc1)Cc1ccccc1)c1ccnnc1,N#CC(c1cc2cc(Cl)sc2nc1F)C(C(=O)c1nn[nH]c1N(Cc1ccccc1)Cc1ccccc1)c1ccnnc1,中毒,8.018637,40.855667,42.5,5.300152631924852,1.0402473664179808,one>5-other<=5,False,False,False,,-19.771698,-19.034266
O=C(c1nn[nH]c1N(Cc1ccccc1)Cc1ccccc1)[PH](c1ccccc1)(c1ccccc1)c1ccccc1Br,O=C(c1nn[nH]c1N(Cc1ccccc1)Cc1ccccc1)[PH](c1ccccc1)(c1ccccc1)c1ccccc1Br,中毒,9.1944475,33.61609,42.5,4.622354959338231,1.2642755299619914,both<5,False,False,False,,-8.503986,-11.162129
O=C(c1ccc2nonc2c1)c1nn[nH]c1N(Cc1ccccc1)Cc1ccccc1,O=C(c1ccc2nonc2c1)c1nn[nH]c1N(Cc1ccccc1)Cc1ccccc1,低毒,17.510033,34.579483,250.0,14.277528774503166,7.229720583156202,both<5,False,False,False,,13.720772,17.970684
O=C(c1nn[nH]c1N(Cc1ccccc1)Cc1ccccc1)C1OC2OC(CO)C(O)C(O)C21,O=C(c1nn[nH]c1N(Cc1ccccc1)Cc1ccccc1)C1OC2OC(CO)C(O)C(O)C21,中毒,9.206666,34.49402,42.5,4.61622046460684,1.2320976215587514,both<5,False,False,False,,-6.118903,-40.47925
O=C(c1ccc([N+](=O)[O-])cc1[N+](=O)[O-])c1nn[nH]c1N(Cc1ccccc1)Cc1ccccc1,O=C(c1ccc([N+](=O)[O-])cc1[N+](=O)[O-])c1nn[nH]c1N(Cc1ccccc1)Cc1ccccc1,中毒,9.756077,25.358694,42.5,4.356259180816224,1.6759538168645436,both<5,True,True,False,,-22.969759,5.01938
O=C(Sc1ccncn1)c1nn[nH]c1N(Cc1ccccc1)Cc1ccccc1,O=C(Sc1ccncn1)c1nn[nH]c1N(Cc1ccccc1)Cc1ccccc1,中毒,5.1171713,30.458624,42.5,8.305369804602789,1.3953355213945318,one>5-other<=5,False,False,False,,-13.517681,-5.2286487
O=C(c1ccccc1C=Cc1cc2cc(Cl)ccc2[nH]1)c1nn[nH]c1N(Cc1ccccc1)Cc1ccccc1,O=C(c1ccccc1C=Cc1cc2cc(Cl)ccc2[nH]1)c1nn[nH]c1N(Cc1ccccc1)Cc1ccccc1,中毒,14.382698,36.154747,42.5,2.9549393305762246,1.1755026248697025,both<5,False,False,False,,-14.611527,13.245166
O=C(c1nn[nH]c1N(Cc1ccccc1)Cc1ccccc1)S(=O)(=O)c1cccs1,O=C(c1nn[nH]c1N(Cc1ccccc1)Cc1ccccc1)S(=O)(=O)c1cccs1,中毒,10.45257,44.452656,42.5,4.065985685816981,0.9560733558867665,both<5,False,False,False,,-10.682196,-31.919466
O=C(c1nc[nH]n1)c1nn[nH]c1N(Cc1ccccc1)Cc1ccccc1,O=C(c1nc[nH]n1)c1nn[nH]c1N(Cc1ccccc1)Cc1ccccc1,低毒,7.140232,41.86337,250.0,35.01286792922134,5.971807811936784,both<5,True,False,False,,18.700447,3.0637953
O=C(c1nn[nH]c1N(Cc1ccccc1)Cc1ccccc1)C1COCCO1,O=C(c1nn[nH]c1N(Cc1ccccc1)Cc1ccccc1)C1COCCO1,高毒,13.580291,70.70963,5.0,0.36818062293363224,0.07071172625284561,both<5,True,False,False,,11.79436,-36.689182
[434H]OCCCCC[n+]1ccc(C(=O)c2nn[nH]c2N(Cc2ccccc2)Cc2ccccc2)cc1,[434H]OCCCCC[n+]1ccc(C(=O)c2nn[nH]c2N(Cc2ccccc2)Cc2ccccc2)cc1,低毒,5.037307,31.436531,250.0,49.62969300858574,7.952531403671735,both<5,True,False,False,,18.365974,13.059253
O=C(C(=NF)c1cccc2ccccc12)c1nn[nH]c1N(Cc1ccccc1)Cc1ccccc1,O=C(C(=NF)c1cccc2ccccc12)c1nn[nH]c1N(Cc1ccccc1)Cc1ccccc1,高毒,9.455295,45.70164,5.0,0.5288042308568902,0.10940526423121796,both<5,True,False,False,,-13.92358,0.20865443
O=C(ON1CCCNCC1)c1nn[nH]c1N(Cc1ccccc1)Cc1ccccc1,O=C(ON1CCCNCC1)c1nn[nH]c1N(Cc1ccccc1)Cc1ccccc1,高毒,6.4241095,28.311388,5.0,0.778317990999375,0.17660737792156286,both<5,True,False,False,,-6.599253,34.500153
O=C(c1nn[nH]c1N(Cc1ccccc1)Cc1ccccc1)C1CSCN1C1CC1,O=C(c1nn[nH]c1N(Cc1ccccc1)Cc1ccccc1)C1CSCN1C1CC1,中毒,3.4648993,58.01186,42.5,12.265868736791283,0.7326088148182113,one>10-other<5,True,False,False,,3.7690344,-39.661003
O=C(c1nn[nH]c1N(Cc1ccccc1)Cc1ccccc1)S(=O)(=S)Cc1n[nH]c(=S)o1,O=C(c1nn[nH]c1N(Cc1ccccc1)Cc1ccccc1)S(=O)(=S)Cc1n[nH]c(=S)o1,中毒,17.4185,153.51414,42.5,2.439934552343772,0.27684746173870367,both<5,False,False,False,,-10.30268,-26.148987
O=C(c1ccccc1-c1cc(F)c(F)cc1F)c1nn[nH]c1N(Cc1ccccc1)Cc1ccccc1,O=C(c1ccccc1-c1cc(F)c(F)cc1F)c1nn[nH]c1N(Cc1ccccc1)Cc1ccccc1,中毒,4.1356435,20.039776,42.5,10.276514404590243,2.1207821883837426,one>10-other<5,True,False,False,,-9.327727,16.957283
O=C(c1nn[nH]c1N(Cc1ccccc1)Cc1ccccc1)c1nnsc1C(F)(F)F,O=C(c1nn[nH]c1N(Cc1ccccc1)Cc1ccccc1)c1nnsc1C(F)(F)F,低毒,19.70972,50.808228,250.0,12.684096983620265,4.920462882507928,one>10-other<5,True,False,False,,28.285215,-5.991496
O=C(c1nn[nH]c1N(Cc1ccccc1)Cc1ccccc1)N1CCCSC1,O=C(c1nn[nH]c1N(Cc1ccccc1)Cc1ccccc1)N1CCCSC1,中毒,12.458652,25.051384,42.5,3.4112839816057146,1.6965130549274245,both<5,False,False,False,,1.2116299,39.245853
O=C(c1c[nH]nc1-c1ccc[n+]([O-])c1)c1nn[nH]c1N(Cc1ccccc1)Cc1ccccc1,O=C(c1c[nH]nc1-c1ccc[n+]([O-])c1)c1nn[nH]c1N(Cc1ccccc1)Cc1ccccc1,中毒,30.381845,37.583416,42.5,1.398861721531395,1.1308179118151473,both<5,True,False,False,,-23.395689,15.2958975
O=C(c1cncs1)c1nn[nH]c1N(Cc1ccccc1)Cc1ccccc1,O=C(c1cncs1)c1nn[nH]c1N(Cc1ccccc1)Cc1ccccc1,低毒,14.741399,34.65899,250.0,16.95904167575954,7.213135754965738,both<5,False,False,False,,7.068647,-4.038383
O=C(c1ccc2c(c1)NNC=N2)c1nn[nH]c1N(Cc1ccccc1)Cc1ccccc1,O=C(c1ccc2c(c1)NNC=N2)c1nn[nH]c1N(Cc1ccccc1)Cc1ccccc1,低毒,15.60464,11.872601,250.0,16.020875842057233,21.056885513123873,both>10,True,True,False,,13.328938,14.469585
O=C(Cc1cccc(S(=O)(=O)N2CCc3ccccc32)c1)c1nn[nH]c1N(Cc1ccccc1)Cc1ccccc1,O=C(Cc1cccc(S(=O)(=O)N2CCc3ccccc32)c1)c1nn[nH]c1N(Cc1ccccc1)Cc1ccccc1,中毒,5.8783913,48.753246,42.5,7.229869165055413,0.8717368275334939,one>5-other<=5,True,False,False,,-6.99506,41.42634
O=C(c1nn[nH]c1N(Cc1ccccc1)Cc1ccccc1)c1cccc2ncccc12,O=C(c1nn[nH]c1N(Cc1ccccc1)Cc1ccccc1)c1cccc2ncccc12,中毒,16.020447,36.282906,42.5,2.6528598109653245,1.171350497669619,both<5,False,False,False,,-8.468668,13.378982
O=C(OCc1cn[nH]n1)c1nn[nH]c1N(Cc1ccccc1)Cc1ccccc1,O=C(OCc1cn[nH]n1)c1nn[nH]c1N(Cc1ccccc1)Cc1ccccc1,高毒,7.140232,34.70963,5.0,0.700257358584427,0.14405224140966066,both<5,True,False,False,,-22.958097,-7.5293136
O=C(c1nn[nH]c1N(Cc1ccccc1)Cc1ccccc1)C(F)(F)C(F)F,O=C(c1nn[nH]c1N(Cc1ccccc1)Cc1ccccc1)C(F)(F)C(F)F,高毒,8.740965,58.01186,5.0,0.5720192221339406,0.08618927233155427,both<5,True,False,False,,-14.962019,-13.481944
O=C(c1nn[nH]c1N(Cc1ccccc1)Cc1ccccc1)c1nc2nsnc2n1-c1ccco1,O=C(c1nn[nH]c1N(Cc1ccccc1)Cc1ccccc1)c1nc2nsnc2n1-c1ccco1,中毒,5.598315,26.229519,42.5,7.59156996346222,1.620311832634064,one>5-other<=5,False,False,False,,21.217249,2.7724226
O=C(c1nn[nH]c1N(Cc1ccccc1)Cc1ccccc1)c1oc2ccccc2c1C(F)(F)F,O=C(c1nn[nH]c1N(Cc1ccccc1)Cc1ccccc1)c1oc2ccccc2c1C(F)(F)F,低毒,8.865499,57.14756,250.0,28.199202323524034,4.3746399671307055,one>10-other<5,True,False,False,,-2.6955824,-0.61161596
O=C(c1nn[nH]c1N(Cc1ccccc1)Cc1ccccc1)c1csc2ccccc12,O=C(c1nn[nH]c1N(Cc1ccccc1)Cc1ccccc1)c1csc2ccccc12,中毒,9.179054,39.76604,42.5,4.630106762635887,1.0687511253320674,both<5,False,False,False,,-5.742091,20.800568
O=C(c1nn[nH]c1N(Cc1ccccc1)Cc1ccccc1)c1ccnc2cc(I)ccc12,O=C(c1nn[nH]c1N(Cc1ccccc1)Cc1ccccc1)c1ccnc2cc(I)ccc12,中毒,16.020447,36.282906,42.5,2.6528598109653245,1.171350497669619,both<5,False,False,False,,-9.374325,13.009971
O=C(c1nn[nH]c1N(Cc1ccccc1)Cc1ccccc1)N1CCCCCCC1,O=C(c1nn[nH]c1N(Cc1ccccc1)Cc1ccccc1)N1CCCCCCC1,中毒,25.021065,21.923925,42.5,1.6985687859409662,1.9385215010542136,both<5,False,False,False,,0.7587268,36.718548
O=C(C1=NCCCS1)c1nn[nH]c1N(Cc1ccccc1)Cc1ccccc1,O=C(C1=NCCCS1)c1nn[nH]c1N(Cc1ccccc1)Cc1ccccc1,中毒,15.984173,41.518845,42.5,2.6588801309895733,1.0236315581514852,both<5,True,False,False,,17.756624,5.262501
O=C(Cc1c(F)cccc1F)c1nn[nH]c1N(Cc1ccccc1)Cc1ccccc1,O=C(Cc1c(F)cccc1F)c1nn[nH]c1N(Cc1ccccc1)Cc1ccccc1,中毒,4.5691423,54.13144,42.5,9.301526897072126,0.7851259822387877,one>5-other<=5,True,False,False,,-6.3116546,-6.14037
O=C(c1cnn[nH]1)c1nn[nH]c1N(Cc1ccccc1)Cc1ccccc1,O=C(c1cnn[nH]1)c1nn[nH]c1N(Cc1ccccc1)Cc1ccccc1,低毒,5.037307,34.50007,250.0,49.62969300858574,7.246362108830503,both<5,True,False,False,,11.514737,5.344866
O=C(C1=CC=[N+]NCCN1)c1nn[nH]c1N(Cc1ccccc1)Cc1ccccc1,O=C(C1=CC=[N+]NCCN1)c1nn[nH]c1N(Cc1ccccc1)Cc1ccccc1,高毒,2.9952712,56.60067,5.0,1.6692979253431208,0.08833817691557361,both<5,True,False,False,,16.290783,5.4178286
O=C(c1ccon1)c1nn[nH]c1N(Cc1ccccc1)Cc1ccccc1,O=C(c1ccon1)c1nn[nH]c1N(Cc1ccccc1)Cc1ccccc1,微毒,5.037307,29.762762,137.5,27.296331154722154,4.619866933048754,one>10-other<5,True,True,False,,15.885143,-1.2987043
O=C(c1ccncc1[18F])c1nn[nH]c1N(Cc1ccccc1)Cc1ccccc1,O=C(c1ccncc1[18F])c1nn[nH]c1N(Cc1ccccc1)Cc1ccccc1,中毒,19.373323,34.50007,42.5,2.1937382657585385,1.2318815585011855,both<5,True,False,False,,-12.906826,5.045219
O=C(c1nn[nH]c1N(Cc1ccccc1)Cc1ccccc1)c1c(F)cc2cc(OCCON3CCCC3)ccc2c1Cl,O=C(c1nn[nH]c1N(Cc1ccccc1)Cc1ccccc1)c1c(F)cc2cc(OCCON3CCCC3)ccc2c1Cl,中毒,15.749705,15.482069,42.5,2.6984632410575307,2.7451111346939485,both<5,True,False,False,,2.9555027,7.178383
O=C(c1nn[nH]c1N(Cc1ccccc1)Cc1ccccc1)C(c1ccc(Cl)c(Cl)c1F)N1c2ccccc2CC1F,O=C(c1nn[nH]c1N(Cc1ccccc1)Cc1ccccc1)C(c1ccc(Cl)c(Cl)c1F)N1c2ccccc2CC1F,中毒,5.9949594,25.00937,42.5,7.089289045060088,1.6993630787180964,one>5-other<=5,True,False,False,,-17.417091,-20.097403
O=C(c1cnn(S(=O)(=O)C(O)=NO)c1-n1c(F)cc(F)c1F)c1nn[nH]c1N(Cc1ccccc1)Cc1ccccc1,O=C(c1cnn(S(=O)(=O)C(O)=NO)c1-n1c(F)cc(F)c1F)c1nn[nH]c1N(Cc1ccccc1)Cc1ccccc1,中毒,14.39041,16.729147,42.5,2.953355741775252,2.5404762119670536,both<5,False,False,False,,-8.670773,17.611311
O=C(c1nn[nH]c1N(Cc1ccccc1)Cc1ccccc1)S(=O)(=O)c1ccco1,O=C(c1nn[nH]c1N(Cc1ccccc1)Cc1ccccc1)S(=O)(=O)c1ccco1,低毒,24.13902,42.09225,250.0,10.356675623119747,5.939335625916885,both<5,True,False,False,,-11.912066,-29.204107
O=C(O)c1ccc(-c2s[nH]c2C(=O)c2nn[nH]c2N(Cc2ccccc2)Cc2ccccc2)cc1I,O=C(O)c1ccc(-c2s[nH]c2C(=O)c2nn[nH]c2N(Cc2ccccc2)Cc2ccccc2)cc1I,低毒,5.2378526,17.309227,250.0,47.72948364373598,14.4431637530665,both>10,True,False,False,,-5.9962554,11.079922
O=C(NN1C(=O)C(c2csc(Cl)n2)CC1Cn1ccnc1)c1nn[nH]c1N(Cc1ccccc1)Cc1ccccc1,O=C(NN1C(=O)C(c2csc(Cl)n2)CC1Cn1ccnc1)c1nn[nH]c1N(Cc1ccccc1)Cc1ccccc1,中毒,8.169991,17.421562,42.5,5.201964114770751,2.439505711370771,one>5-other<=5,False,False,False,,16.221605,-14.581852
O=C(c1nn[nH]c1N(Cc1ccccc1)Cc1ccccc1)c1cn(CC2CCCC2)c2cccc(Cc3cc(F)c4ccccc4n3)c2c1=O,O=C(c1nn[nH]c1N(Cc1ccccc1)Cc1ccccc1)c1cn(CC2CCCC2)c2cccc(Cc3cc(F)c4ccccc4n3)c2c1=O,中毒,14.062934,12.570087,42.5,3.0221289526069026,3.381042629219671,both<5,False,False,False,,-6.5885124,17.95457
O=C(c1ncc(SC(F)(F)c2ccc(F)cc2)s1)c1nn[nH]c1N(Cc1ccccc1)Cc1ccccc1,O=C(c1ncc(SC(F)(F)c2ccc(F)cc2)s1)c1nn[nH]c1N(Cc1ccccc1)Cc1ccccc1,中毒,6.380458,47.578785,42.5,6.660963836765323,0.8932552607217691,one>5-other<=5,False,False,False,,8.538446,7.8078027
O=C(OCCO)c1nn[nH]c1N(Cc1ccccc1)Cc1ccccc1,O=C(OCCO)c1nn[nH]c1N(Cc1ccccc1)Cc1ccccc1,高毒,6.4241095,37.091206,5.0,0.778317990999375,0.13480284248508934,both<5,False,False,False,,-22.48585,-9.054392
O=C(c1nn[nH]c1N(Cc1ccccc1)Cc1ccccc1)c1c(Cl)cnn1Cl,O=C(c1nn[nH]c1N(Cc1ccccc1)Cc1ccccc1)c1c(Cl)cnn1Cl,低毒,3.8245347,23.173279,250.0,65.36742887964907,10.788287665288973,both>10,False,False,False,,-2.5535161,4.923521
O=C(c1cc(I)c(Br)cc1Br)c1nn[nH]c1N(Cc1ccccc1)Cc1ccccc1,O=C(c1cc(I)c(Br)cc1Br)c1nn[nH]c1N(Cc1ccccc1)Cc1ccccc1,中毒,5.037307,34.50007,42.5,8.437047811459575,1.2318815585011855,one>5-other<=5,True,True,False,,-3.7139626,11.634194
O=C(c1nn[nH]c1N(Cc1ccccc1)Cc1ccccc1)c1cn(-c2ccc(F)cc2)c2ccc(Cl)cc12,O=C(c1nn[nH]c1N(Cc1ccccc1)Cc1ccccc1)c1cn(-c2ccc(F)cc2)c2ccc(Cl)cc12,中毒,9.002374,18.638416,42.5,4.720976933417785,2.280236689641437,both<5,False,False,False,,-14.494001,15.787109
NS(=O)(=O)c1ccc(Nc2nc(C(=O)c3nn[nH]c3N(Cc3ccccc3)Cc3ccccc3)cs2)c(F)c1,NS(=O)(=O)c1ccc(Nc2nc(C(=O)c3nn[nH]c3N(Cc3ccccc3)Cc3ccccc3)cs2)c(F)c1,中毒,13.781131,26.277933,42.5,3.083926856221017,1.6173265987092669,both<5,True,False,False,,20.071169,-15.345661
O=C(c1cc(-c2ccco2)n[nH]1)c1nn[nH]c1N(Cc1ccccc1)Cc1ccccc1,O=C(c1cc(-c2ccco2)n[nH]1)c1nn[nH]c1N(Cc1ccccc1)Cc1ccccc1,中毒,4.9574857,94.41073,42.5,8.572894118484294,0.45016069677673287,one>5-other<=5,True,False,False,,10.755604,2.426585
O=C(c1nn[nH]c1N(Cc1ccccc1)Cc1ccccc1)P(O)O,O=C(c1nn[nH]c1N(Cc1ccccc1)Cc1ccccc1)P(O)O,微毒,19.373323,45.30162,137.5,7.097388506865859,3.035211544311219,one>5-other<=5,True,False,False,,-7.3323817,-14.195111
O=C(c1ccno1)c1nn[nH]c1N(Cc1ccccc1)Cc1ccccc1,O=C(c1ccno1)c1nn[nH]c1N(Cc1ccccc1)Cc1ccccc1,低毒,3.4502869,50.920006,250.0,72.45774257207422,4.9096616367248656,one>10-other<5,True,False,False,,10.846871,1.5502023
O=C(c1nn[nH]c1N(Cc1ccccc1)Cc1ccccc1)C(O)CNO,O=C(c1nn[nH]c1N(Cc1ccccc1)Cc1ccccc1)C(O)CNO,低毒,10.961236,44.787975,250.0,22.807646874859735,5.5818553975704415,both<5,True,False,False,,-21.117815,-23.488966
O=C(c1nn[nH]c1N(Cc1ccccc1)Cc1ccccc1)S(=O)(=O)c1ccncc1-c1ccccc1,O=C(c1nn[nH]c1N(Cc1ccccc1)Cc1ccccc1)S(=O)(=O)c1ccncc1-c1ccccc1,中毒,13.684105,48.10254,42.5,3.105793181212801,0.8835292273547302,both<5,False,False,False,,-14.750862,-33.525326
O=C(c1nn[nH]c1N(Cc1ccccc1)Cc1ccccc1)N1CCNCC1S,O=C(c1nn[nH]c1N(Cc1ccccc1)Cc1ccccc1)N1CCNCC1S,中毒,10.562039,14.395053,42.5,4.023844259616917,2.9524031623919686,both<5,False,False,False,,1.3665086,34.79371
O=C(c1c[nH]nc1-c1cnccn1)c1nn[nH]c1N(Cc1ccccc1)Cc1ccccc1,O=C(c1c[nH]nc1-c1cnccn1)c1nn[nH]c1N(Cc1ccccc1)Cc1ccccc1,中毒,7.4146857,25.665722,42.5,5.731868041284609,1.655905101754005,one>5-other<=5,False,False,False,,-23.85232,13.986166
O=C(Oc1cccc([I+](=O)[O-])c1)c1nn[nH]c1N(Cc1ccccc1)Cc1ccccc1,O=C(Oc1cccc([I+](=O)[O-])c1)c1nn[nH]c1N(Cc1ccccc1)Cc1ccccc1,低毒,10.256438,34.70963,250.0,24.374934065803355,7.202612070483034,both<5,True,False,False,,-28.3115,-11.990718
O=C(c1ncco1)c1nn[nH]c1N(Cc1ccccc1)Cc1ccccc1,O=C(c1ncco1)c1nn[nH]c1N(Cc1ccccc1)Cc1ccccc1,低毒,13.8679495,49.112568,250.0,18.027178423169193,5.090346731614604,both<5,True,False,False,,12.091473,0.74225354
O=C(c1c[nH]nc1-c1ccccc1)c1nn[nH]c1N(Cc1ccccc1)Cc1ccccc1,O=C(c1c[nH]nc1-c1ccccc1)c1nn[nH]c1N(Cc1ccccc1)Cc1ccccc1,中毒,5.037307,31.01351,42.5,8.437047811459575,1.3703705256193188,one>5-other<=5,True,False,False,,-23.015062,14.708719
O=C(c1ccc(Cl)cc1Cl)c1nn[nH]c1N(Cc1ccccc1)Cc1ccccc1,O=C(c1ccc(Cl)cc1Cl)c1nn[nH]c1N(Cc1ccccc1)Cc1ccccc1,低毒,3.7705069,34.049644,250.0,66.3040823503068,7.342220670500989,both<5,True,True,False,,-13.776981,12.677357
O=C(c1nn[nH]c1N(Cc1ccccc1)Cc1ccccc1)P(=S)(OO)SS,O=C(c1nn[nH]c1N(Cc1ccccc1)Cc1ccccc1)P(=S)(OO)SS,中毒,12.551094,53.32705,42.5,3.3861590073343404,0.7969688928976945,both<5,True,False,False,,-12.498779,-17.042498
O=C(c1n[nH]c(=S)[nH]1)c1nn[nH]c1N(Cc1ccccc1)Cc1ccccc1,O=C(c1n[nH]c(=S)[nH]1)c1nn[nH]c1N(Cc1ccccc1)Cc1ccccc1,低毒,7.140232,115.43383,250.0,35.01286792922134,2.1657429195583306,one>10-other<5,True,False,False,,14.609453,3.905503
O=C(c1nn[nH]c1N(Cc1ccccc1)Cc1ccccc1)S(=O)(=O)Nc1cc(Cl)cc(C(F)(F)F)c1,O=C(c1nn[nH]c1N(Cc1ccccc1)Cc1ccccc1)S(=O)(=O)Nc1cc(Cl)cc(C(F)(F)F)c1,低毒,11.2865925,72.27336,250.0,22.15017508605897,3.4590892135082694,one>10-other<5,True,False,False,,-14.586852,-26.19028
O=C(c1nnc(N2CCCC2C=NNc2ccncn2)s1)c1nn[nH]c1N(Cc1ccccc1)Cc1ccccc1,O=C(c1nnc(N2CCCC2C=NNc2ccncn2)s1)c1nn[nH]c1N(Cc1ccccc1)Cc1ccccc1,低毒,28.162613,37.183544,250.0,8.877017200073018,6.723404310250793,both5-10,False,False,False,,13.910374,-5.8805933
O=C(c1nsnc1O)c1nn[nH]c1N(Cc1ccccc1)Cc1ccccc1,O=C(c1nsnc1O)c1nn[nH]c1N(Cc1ccccc1)Cc1ccccc1,低毒,13.407048,27.645193,250.0,18.646908700558097,9.043163489580268,both<5,False,False,False,,24.27775,2.912422
O=C(c1cc([N+](=O)[O-])ccc1Cl)c1nn[nH]c1N(Cc1ccccc1)Cc1ccccc1,O=C(c1cc([N+](=O)[O-])ccc1Cl)c1nn[nH]c1N(Cc1ccccc1)Cc1ccccc1,低毒,6.9906516,22.320736,250.0,35.762045415051155,11.20034751542243,both>10,True,True,False,,-24.199524,5.1372876
O=C(c1cc(Cl)sc1Cl)c1nn[nH]c1N(Cc1ccccc1)Cc1ccccc1,O=C(c1cc(Cl)sc1Cl)c1nn[nH]c1N(Cc1ccccc1)Cc1ccccc1,中毒,4.637418,30.13742,42.5,9.164582532780093,1.410206978566845,one>5-other<=5,True,False,False,,-7.2061357,8.238416
O=C(c1ncn[nH]1)c1nn[nH]c1N(Cc1ccccc1)Cc1ccccc1,O=C(c1ncn[nH]1)c1nn[nH]c1N(Cc1ccccc1)Cc1ccccc1,低毒,7.140232,41.86337,250.0,35.01286792922134,5.971807811936784,both<5,True,False,False,,13.706184,3.5782223
O=C(Nc1ccccc1Nc1c(Cl)ncnc1Cl)c1nn[nH]c1N(Cc1ccccc1)Cc1ccccc1,O=C(Nc1ccccc1Nc1c(Cl)ncnc1Cl)c1nn[nH]c1N(Cc1ccccc1)Cc1ccccc1,低毒,22.535984,22.05256,250.0,11.093369608356129,11.336552309573129,both>10,False,False,False,,-8.0942545,-20.43853
O=C(c1nn[nH]c1N(Cc1ccccc1)Cc1ccccc1)C1C=CC(O)C1,O=C(c1nn[nH]c1N(Cc1ccccc1)Cc1ccccc1)C1C=CC(O)C1,中毒,7.0541162,20.387478,42.5,6.024851135851717,2.0846129177919894,one>5-other<=5,True,False,False,,2.7710302,-33.458572
O=C(c1cc(F)cc(Cl)c1)c1nn[nH]c1N(Cc1ccccc1)Cc1ccccc1,O=C(c1cc(F)cc(Cl)c1)c1nn[nH]c1N(Cc1ccccc1)Cc1ccccc1,中毒,5.8860874,20.880424,42.5,7.220416061100282,2.0353992811640222,one>5-other<=5,True,False,False,,8.076755,11.821909
O=C(c1nn[nH]c1N(Cc1ccccc1)Cc1ccccc1)c1n[nH]c(=O)c2ccccc12,O=C(c1nn[nH]c1N(Cc1ccccc1)Cc1ccccc1)c1n[nH]c(=O)c2ccccc12,低毒,22.028288,62.66939,250.0,11.349043557084418,3.98918834218747,one>10-other<5,True,False,False,,30.64567,2.5572278
O=C(C1=C(Br)C(C(F)(F)F)=CI(c2c[nH]cn2)C=C1)c1nn[nH]c1N(Cc1ccccc1)Cc1ccccc1,O=C(C1=C(Br)C(C(F)(F)F)=CI(c2c[nH]cn2)C=C1)c1nn[nH]c1N(Cc1ccccc1)Cc1ccccc1,中毒,7.9255342,13.04225,42.5,5.362414561279667,3.2586401886177616,one>5-other<=5,False,False,False,,17.296265,-2.4424007
O=C(c1nn[nH]c1N(Cc1ccccc1)Cc1ccccc1)c1[nH]nnc1-c1cc[nH]n1,O=C(c1nn[nH]c1N(Cc1ccccc1)Cc1ccccc1)c1[nH]nnc1-c1cc[nH]n1,中毒,5.7064757,21.411777,42.5,7.447679134075695,1.9848889702148496,one>5-other<=5,False,False,False,,19.80077,-2.1159077
O=C(c1nn[nH]c1N(Cc1ccccc1)Cc1ccccc1)c1[nH]nnc1OCc1csc2cccc(Cl)c12,O=C(c1nn[nH]c1N(Cc1ccccc1)Cc1ccccc1)c1[nH]nnc1OCc1csc2cccc(Cl)c12,中毒,16.69482,19.231985,42.5,2.545699803891267,2.2098602926322997,both<5,False,False,False,,-5.990889,23.219028
O=C(c1csc(NCCCF)n1)c1nn[nH]c1N(Cc1ccccc1)Cc1ccccc1,O=C(c1csc(NCCCF)n1)c1nn[nH]c1N(Cc1ccccc1)Cc1ccccc1,低毒,6.314196,23.603157,250.0,39.593322728657775,10.591803460867544,both>10,True,False,False,,20.299582,-13.633498
O=C(c1nn[nH]c1N(Cc1ccccc1)Cc1ccccc1)[S+]([O-])Cn1ccnc1[N+](=O)[O-],O=C(c1nn[nH]c1N(Cc1ccccc1)Cc1ccccc1)[S+]([O-])Cn1ccnc1[N+](=O)[O-],中毒,20.627108,33.353508,42.5,2.0603954757011986,1.2742287857697008,both<5,True,False,False,,-8.730521,-14.744812
O=C1COCCN1C(=O)c1nn[nH]c1N(Cc1ccccc1)Cc1ccccc1,O=C1COCCN1C(=O)c1nn[nH]c1N(Cc1ccccc1)Cc1ccccc1,中毒,8.732165,27.578505,42.5,4.867063322784212,1.541055252995041,both<5,False,False,False,,3.5545805,33.492325
O=C(c1cn2ccnc2s1)c1nn[nH]c1N(Cc1ccccc1)Cc1ccccc1,O=C(c1cn2ccnc2s1)c1nn[nH]c1N(Cc1ccccc1)Cc1ccccc1,中毒,14.168839,57.69787,42.5,2.9995400470003224,0.7365956490248253,both<5,True,False,False,,8.8099785,-4.2738147
O=C(c1nn[nH]c1N(Cc1ccccc1)Cc1ccccc1)C(c1cn[nH]c1)C(F)(F)F,O=C(c1nn[nH]c1N(Cc1ccccc1)Cc1ccccc1)C(c1cn[nH]c1)C(F)(F)F,高毒,4.0294,41.393444,5.0,1.240879535414702,0.12079207518949135,both<5,True,False,False,,-19.088783,-16.452303
O=C(c1nn[nH]c1N(Cc1ccccc1)Cc1ccccc1)c1c[nH]c2c(C(F)(F)F)cc(Cl)cc12,O=C(c1nn[nH]c1N(Cc1ccccc1)Cc1ccccc1)c1c[nH]c2c(C(F)(F)F)cc(Cl)cc12,中毒,16.382872,20.286806,42.5,2.594172743338287,2.094957678404378,both<5,False,False,False,,-17.361813,20.938597
O=C(OCBr)c1nn[nH]c1N(Cc1ccccc1)Cc1ccccc1,O=C(OCBr)c1nn[nH]c1N(Cc1ccccc1)Cc1ccccc1,高毒,6.4241095,35.818108,5.0,0.778317990999375,0.13959419632103404,both<5,True,False,False,,-23.465218,-8.945338
O=C(c1ccccc1C(F)(F)F)c1nn[nH]c1N(Cc1ccccc1)Cc1ccccc1,O=C(c1ccccc1C(F)(F)F)c1nn[nH]c1N(Cc1ccccc1)Cc1ccccc1,中毒,5.2192693,42.20913,42.5,8.142902302435324,1.0068911631203958,one>5-other<=5,False,False,False,,-15.929909,8.2565365
O=C(OS(=O)(=O)O)c1nn[nH]c1N(Cc1ccccc1)Cc1ccccc1,O=C(OS(=O)(=O)O)c1nn[nH]c1N(Cc1ccccc1)Cc1ccccc1,中毒,7.1555886,35.42031,42.5,5.939413565503193,1.199876567991641,one>5-other<=5,True,False,False,,-23.728333,-11.318293
O=C(c1cncc(Br)c1)c1nn[nH]c1N(Cc1ccccc1)Cc1ccccc1,O=C(c1cncc(Br)c1)c1nn[nH]c1N(Cc1ccccc1)Cc1ccccc1,中毒,7.866942,20.880424,42.5,5.402353290516188,2.0353992811640222,one>5-other<=5,True,False,False,,10.357,9.286791
O=C(c1nn[nH]c1N(Cc1ccccc1)Cc1ccccc1)C(Cl)c1ccsc1,O=C(c1nn[nH]c1N(Cc1ccccc1)Cc1ccccc1)C(Cl)c1ccsc1,中毒,5.911282,23.258205,42.5,7.189641773138213,1.827312124903878,one>5-other<=5,True,False,False,,-17.857729,-22.811367
O=C(C1=C2C3=CC=CN2C=CC3=NC=C1)c1nn[nH]c1N(Cc1ccccc1)Cc1ccccc1,O=C(C1=C2C3=CC=CN2C=CC3=NC=C1)c1nn[nH]c1N(Cc1ccccc1)Cc1ccccc1,中毒,11.029702,19.633484,42.5,3.8532319368193266,2.1646692965955507,both<5,True,False,False,,13.792838,5.709329
O=C(c1nn[nH]c1N(Cc1ccccc1)Cc1ccccc1)N1CCCNC1,O=C(c1nn[nH]c1N(Cc1ccccc1)Cc1ccccc1)N1CCCNC1,中毒,8.732165,22.349182,42.5,4.867063322784212,1.9016355945376435,both<5,False,False,False,,1.3546661,36.063686
O=C(c1nn[nH]c1N(Cc1ccccc1)Cc1ccccc1)C12CC(=CO1)N=C(O)NC1=CC=C12,O=C(c1nn[nH]c1N(Cc1ccccc1)Cc1ccccc1)C12CC(=CO1)N=C(O)NC1=CC=C12,中毒,26.333712,10.263556,42.5,1.6139008431473696,4.140865017933356,both<5,True,False,False,,-1.0258108,-18.495228
O=C(c1nn[nH]c1N(Cc1ccccc1)Cc1ccccc1)n1c2c(sc1=S)CCN(Cc1ccc(-n3cnc(-c4ncco4)c3F)cc1)CC2,O=C(c1nn[nH]c1N(Cc1ccccc1)Cc1ccccc1)n1c2c(sc1=S)CCN(Cc1ccc(-n3cnc(-c4ncco4)c3F)cc1)CC2,中毒,8.469372,108.1768,42.5,5.018081623997624,0.3928753669918134,one>5-other<=5,True,False,False,,8.033308,37.506813
O=C(c1nn[nH]c1N(Cc1ccccc1)Cc1ccccc1)C1CCSc2ncccc21,O=C(c1nn[nH]c1N(Cc1ccccc1)Cc1ccccc1)C1CCSc2ncccc21,中毒,4.765836,40.621,42.5,8.917637954810028,1.0462568622141257,one>5-other<=5,True,False,False,,7.8141274,-39.752148
O=C(c1nn[nH]c1N(Cc1ccccc1)Cc1ccccc1)c1nc2ccccc2sc1=S,O=C(c1nn[nH]c1N(Cc1ccccc1)Cc1ccccc1)c1nc2ccccc2sc1=S,中毒,6.273191,135.96582,42.5,6.774861470023789,0.31257855834650206,one>5-other<=5,True,False,False,,11.093599,-16.308199
O=C(C(=O)c1nn[nH]c1N(Cc1ccccc1)Cc1ccccc1)C1=[N+]2OC(F)(F)OC2=Cc2ccccc2S1,O=C(C(=O)c1nn[nH]c1N(Cc1ccccc1)Cc1ccccc1)C1=[N+]2OC(F)(F)OC2=Cc2ccccc2S1,中毒,6.910856,40.298187,42.5,6.149744691540382,1.0546380163454996,one>5-other<=5,False,False,False,,-5.6556034,-10.291559
O=C(Nc1ccccc1C(F)(F)Br)c1nn[nH]c1N(Cc1ccccc1)Cc1ccccc1,O=C(Nc1ccccc1C(F)(F)Br)c1nn[nH]c1N(Cc1ccccc1)Cc1ccccc1,中毒,22.535984,20.273445,42.5,1.8858728334205421,2.0963383381561447,both<5,False,False,False,,-8.523815,-19.92385
O=C(c1nn[nH]c1N(Cc1ccccc1)Cc1ccccc1)c1c(Cl)sc2nc[nH]c12,O=C(c1nn[nH]c1N(Cc1ccccc1)Cc1ccccc1)c1c(Cl)sc2nc[nH]c12,中毒,14.7472105,24.659214,42.5,2.881900953404035,1.7234937009752218,both<5,False,False,False,,-1.7155318,2.5394247
O=C(c1cccc(Cl)c1)c1nn[nH]c1N(Cc1ccccc1)Cc1ccccc1,O=C(c1cccc(Cl)c1)c1nn[nH]c1N(Cc1ccccc1)Cc1ccccc1,低毒,5.037307,34.50007,250.0,49.62969300858574,7.246362108830503,both<5,True,True,False,,7.7178006,13.259532
O=C(c1nsnc1N1CCCC1)c1nn[nH]c1N(Cc1ccccc1)Cc1ccccc1,O=C(c1nsnc1N1CCCC1)c1nn[nH]c1N(Cc1ccccc1)Cc1ccccc1,低毒,16.60008,55.06953,250.0,15.060168384730677,4.539715519634905,one>10-other<5,True,False,False,,25.309265,4.8325405
O=C(OC(F)(Cl)Cl)c1nn[nH]c1N(Cc1ccccc1)Cc1ccccc1,O=C(OC(F)(Cl)Cl)c1nn[nH]c1N(Cc1ccccc1)Cc1ccccc1,低毒,6.4241095,24.496613,250.0,38.915899549968756,10.205492489920953,both>10,False,False,False,,-21.294758,-11.545525
O=C(c1nccnc1Nc1ccccc1)c1nn[nH]c1N(Cc1ccccc1)Cc1ccccc1,O=C(c1nccnc1Nc1ccccc1)c1nn[nH]c1N(Cc1ccccc1)Cc1ccccc1,低毒,7.0350223,34.579483,250.0,35.53649005490715,7.229720583156202,both<5,False,False,False,,21.83807,4.9181
O=CN(O)C1C(CO)=[S+]([O-])C(c2ccccc2)CC1C(=O)c1nn[nH]c1N(Cc1ccccc1)Cc1ccccc1,O=CN(O)C1C(CO)=[S+]([O-])C(c2ccccc2)CC1C(=O)c1nn[nH]c1N(Cc1ccccc1)Cc1ccccc1,中毒,9.073842,43.709972,42.5,4.683793259790065,0.9723181703250691,both<5,True,False,False,,2.5356233,-31.309671
O=C(c1nn[nH]c1N(Cc1ccccc1)Cc1ccccc1)N1CCN(CCO)CC1,O=C(c1nn[nH]c1N(Cc1ccccc1)Cc1ccccc1)N1CCN(CCO)CC1,中毒,8.732165,19.434464,42.5,4.867063322784212,2.1868367452789026,both<5,False,False,False,,2.3089292,37.297745
O=C(C1=COC=CN(c2cccn3cnnc23)C1)c1nn[nH]c1N(Cc1ccccc1)Cc1ccccc1,O=C(C1=COC=CN(c2cccn3cnnc23)C1)c1nn[nH]c1N(Cc1ccccc1)Cc1ccccc1,中毒,6.752278,11.744189,42.5,6.294172129761246,3.618810971110904,one>5-other<=5,False,False,False,,15.8557625,8.482538
O=C(c1nn[nH]c1N(Cc1ccccc1)Cc1ccccc1)[SH](c1ccc(F)cc1)P(=O)(O)OCCOCc1c(Cl)cccc1Cl,O=C(c1nn[nH]c1N(Cc1ccccc1)Cc1ccccc1)[SH](c1ccc(F)cc1)P(=O)(O)OCCOCc1c(Cl)cccc1Cl,中毒,10.257086,13.401106,42.5,4.143477007017393,3.171380033856907,both<5,False,False,False,,-29.276625,-3.8204153
O=C(c1nn[nH]c1N(Cc1ccccc1)Cc1ccccc1)[N+]([O-])=NNCc1noc2ccccc12,O=C(c1nn[nH]c1N(Cc1ccccc1)Cc1ccccc1)[N+]([O-])=NNCc1noc2ccccc12,低毒,11.671896,11.3553915,250.0,21.41897083387309,22.015973645646653,both>10,True,False,False,,22.94737,-19.688063
O=C(c1cocn1)c1nn[nH]c1N(Cc1ccccc1)Cc1ccccc1,O=C(c1cocn1)c1nn[nH]c1N(Cc1ccccc1)Cc1ccccc1,低毒,10.612266,62.754444,250.0,23.557645464220364,3.983781610749352,one>10-other<5,True,False,False,,16.384817,-3.4973848
O=C(c1nn[nH]c1N(Cc1ccccc1)Cc1ccccc1)c1c(Br)coc1Br,O=C(c1nn[nH]c1N(Cc1ccccc1)Cc1ccccc1)c1c(Br)coc1Br,低毒,23.983845,37.023136,250.0,10.423683108358981,6.752534415237002,both<5,False,False,False,,0.9620712,11.931171
O=C(SC(F)(F)F)c1nn[nH]c1N(Cc1ccccc1)Cc1ccccc1,O=C(SC(F)(F)F)c1nn[nH]c1N(Cc1ccccc1)Cc1ccccc1,高毒,5.190756,32.175953,5.0,0.9632508251206567,0.15539555269738242,both<5,True,True,False,,-13.419094,-9.147055
O=C(c1nn[nH]c1N(Cc1ccccc1)Cc1ccccc1)C(O)C(F)(F)F,O=C(c1nn[nH]c1N(Cc1ccccc1)Cc1ccccc1)C(O)C(F)(F)F,低毒,6.1503696,83.59449,250.0,40.64796366059041,2.9906277315646044,one>10-other<5,True,False,False,,-18.679316,-17.851469
O=C(c1ccc(I)cc1Cl)c1nn[nH]c1N(Cc1ccccc1)Cc1ccccc1,O=C(c1ccc(I)cc1Cl)c1nn[nH]c1N(Cc1ccccc1)Cc1ccccc1,低毒,4.1356435,22.11593,250.0,60.450084732883774,11.304069057914363,both>10,True,True,False,,-12.862787,11.109773
O=C(c1cscc1O)c1nn[nH]c1N(Cc1ccccc1)Cc1ccccc1,O=C(c1cscc1O)c1nn[nH]c1N(Cc1ccccc1)Cc1ccccc1,中毒,5.753842,17.286322,42.5,7.386368968769042,2.4585912491969086,one>5-other<=5,True,False,False,,-7.642671,10.951054
O=C(c1nn[nH]c1N(Cc1ccccc1)Cc1ccccc1)C1CCN(c2ccccc2[N+](=O)[O-])CC1,O=C(c1nn[nH]c1N(Cc1ccccc1)Cc1ccccc1)C1CCN(c2ccccc2[N+](=O)[O-])CC1,中毒,22.831984,34.94612,42.5,1.8614238692528868,1.216157902508204,both<5,True,False,False,,9.195271,-32.112442
O=C(c1ccccc1Oc1c(Br)[nH]c2ccc(Cl)nc12)c1nn[nH]c1N(Cc1ccccc1)Cc1ccccc1,O=C(c1ccccc1Oc1c(Br)[nH]c2ccc(Cl)nc12)c1nn[nH]c1N(Cc1ccccc1)Cc1ccccc1,低毒,6.2834067,27.355776,250.0,39.78733383595877,9.138837808878096,both<5,False,False,False,,-11.7132,9.175803
O=C(c1nn[nH]c1N(Cc1ccccc1)Cc1ccccc1)N1CCn2cccc2C1O,O=C(c1nn[nH]c1N(Cc1ccccc1)Cc1ccccc1)N1CCn2cccc2C1O,中毒,8.673359,20.765152,42.5,4.900062363381938,2.0466982375086875,both<5,False,False,False,,0.13702375,34.183643
O=C(c1nn[nH]c1N(Cc1ccccc1)Cc1ccccc1)C1CCCO1,O=C(c1nn[nH]c1N(Cc1ccccc1)Cc1ccccc1)C1CCCO1,低毒,6.5279627,41.11201,250.0,38.296787449474856,6.080948121972145,both<5,True,False,False,,11.564818,-35.76555
O=C(c1nn[nH]c1N(Cc1ccccc1)Cc1ccccc1)S(=O)(=O)C=CN1CCCCC1,O=C(c1nn[nH]c1N(Cc1ccccc1)Cc1ccccc1)S(=O)(=O)C=CN1CCCCC1,中毒,17.651392,52.269203,42.5,2.407742120281505,0.8130982980551665,both<5,False,False,False,,-9.486409,-27.151497
O=C(c1cc2c(F)cc(I)cc2[nH]1)c1nn[nH]c1N(Cc1ccccc1)Cc1ccccc1,O=C(c1cc2c(F)cc(I)cc2[nH]1)c1nn[nH]c1N(Cc1ccccc1)Cc1ccccc1,低毒,17.915283,19.85378,250.0,13.954566054022145,12.592060554715525,both>10,True,False,False,,3.8498595,9.9717045
CC12CC3CC(C1)CC(C(=O)c1nn[nH]c1N(Cc1ccccc1)Cc1ccccc1)(C3)C2,CC12CC3CC(C1)CC(C(=O)c1nn[nH]c1N(Cc1ccccc1)Cc1ccccc1)(C3)C2,高毒,10.166119,10.310754,5.0,0.49182977299400094,0.4849305880054941,both<5,True,False,False,,-1.1310067,-25.647324
O=C(SOc1cc2cn[nH]c2cc1C1CCN1)c1nn[nH]c1N(Cc1ccccc1)Cc1ccccc1,O=C(SOc1cc2cn[nH]c2cc1C1CCN1)c1nn[nH]c1N(Cc1ccccc1)Cc1ccccc1,中毒,39.254124,23.679771,42.5,1.0826887895906174,1.7947808701359487,both<5,True,False,False,,-15.397346,-7.8192973
O=C(c1cccnc1F)c1nn[nH]c1N(Cc1ccccc1)Cc1ccccc1,O=C(c1cccnc1F)c1nn[nH]c1N(Cc1ccccc1)Cc1ccccc1,中毒,7.485112,38.285244,42.5,5.677937751632841,1.1100882627259736,one>5-other<=5,True,False,False,,-8.120343,5.2230725
O=C(c1ccccc1[S+])c1nn[nH]c1N(Cc1ccccc1)Cc1ccccc1,O=C(c1ccccc1[S+])c1nn[nH]c1N(Cc1ccccc1)Cc1ccccc1,中毒,12.595518,32.63324,42.5,3.374216129896365,1.3023530608667726,both<5,True,False,False,,-5.98781,12.494243
O=C(c1ccc(F)cc1-[n+]1ccc(I)cc1)c1nn[nH]c1N(Cc1ccccc1)Cc1ccccc1,O=C(c1ccc(F)cc1-[n+]1ccc(I)cc1)c1nn[nH]c1N(Cc1ccccc1)Cc1ccccc1,中毒,4.737225,18.810434,42.5,8.971497026212605,2.259384339563882,one>5-other<=5,True,False,False,,-11.686231,18.484982
O=C(c1nn[nH]c1N(Cc1ccccc1)Cc1ccccc1)c1cccn1-c1cccnc1,O=C(c1nn[nH]c1N(Cc1ccccc1)Cc1ccccc1)c1cccn1-c1cccnc1,低毒,9.263896,29.762762,250.0,26.986486031363043,8.399758060088644,both<5,True,False,False,,28.985968,-13.894933
O=C(Cc1ccc(Cl)o1)c1nn[nH]c1N(Cc1ccccc1)Cc1ccccc1,O=C(Cc1ccc(Cl)o1)c1nn[nH]c1N(Cc1ccccc1)Cc1ccccc1,中毒,8.99911,34.68165,42.5,4.7226892437141,1.225431892657933,both<5,True,False,False,,-4.2146792,-6.955867
O=C(c1nn[nH]c1N(Cc1ccccc1)Cc1ccccc1)C(Br)c1ccco1,O=C(c1nn[nH]c1N(Cc1ccccc1)Cc1ccccc1)C(Br)c1ccco1,中毒,8.99911,41.4148,42.5,4.7226892437141,1.0262031930614177,both<5,True,False,False,,-26.345726,-22.087421
O=C(Sc1ccccn1)c1nn[nH]c1N(Cc1ccccc1)Cc1ccccc1,O=C(Sc1ccccn1)c1nn[nH]c1N(Cc1ccccc1)Cc1ccccc1,中毒,5.262189,30.458624,42.5,8.076486800455095,1.3953355213945318,one>5-other<=5,True,False,False,,-13.446801,-5.2295485
O=C(c1nn[nH]c1N(Cc1ccccc1)Cc1ccccc1)n1ccnc1,O=C(c1nn[nH]c1N(Cc1ccccc1)Cc1ccccc1)n1ccnc1,高毒,6.273191,41.60291,5.0,0.7970425258851517,0.12018390059733802,both<5,True,False,False,,-16.41613,-4.969867
O=C(c1nn[nH]c1N(Cc1ccccc1)Cc1ccccc1)c1ccnn1-c1cccc(O)c1,O=C(c1nn[nH]c1N(Cc1ccccc1)Cc1ccccc1)c1ccnn1-c1cccc(O)c1,低毒,10.383165,88.8869,250.0,24.0774368894263,2.8125629310955835,one>10-other<5,True,False,False,,29.716835,-11.691713
O=C(c1nn[nH]c1N(Cc1ccccc1)Cc1ccccc1)C(OCc1ccccc1)P(=O)(O)O,O=C(c1nn[nH]c1N(Cc1ccccc1)Cc1ccccc1)C(OCc1ccccc1)P(=O)(O)O,中毒,13.323265,32.051662,42.5,3.1899087798673977,1.3259842812519362,both<5,True,False,False,,-22.082119,-18.764296
O=C(c1cc(Br)ccn1)c1nn[nH]c1N(Cc1ccccc1)Cc1ccccc1,O=C(c1cc(Br)ccn1)c1nn[nH]c1N(Cc1ccccc1)Cc1ccccc1,低毒,5.037307,34.285435,250.0,49.62969300858574,7.291726063851895,both<5,True,True,False,,17.387094,-5.2934303
O=C(c1cscc1[N+](=O)[O-])c1nn[nH]c1N(Cc1ccccc1)Cc1ccccc1,O=C(c1cscc1[N+](=O)[O-])c1nn[nH]c1N(Cc1ccccc1)Cc1ccccc1,中毒,27.587673,26.548447,42.5,1.5405431259098947,1.6008469346625058,both<5,True,False,False,,-21.128902,4.8133855
O=C(c1nn[nH]c1N(Cc1ccccc1)Cc1ccccc1)c1onc2c(Cl)c-2ccc1Br,O=C(c1nn[nH]c1N(Cc1ccccc1)Cc1ccccc1)c1onc2c(Cl)c-2ccc1Br,中毒,7.5981646,33.737434,42.5,5.593456082801891,1.2597282887607872,one>5-other<=5,False,False,False,,0.9662701,10.76718
O=C(c1nn[nH]c1N(Cc1ccccc1)Cc1ccccc1)c1c2sc3ccccc3nc-2c2c(OCCN3CCNC3=O)cccc2c1=O,O=C(c1nn[nH]c1N(Cc1ccccc1)Cc1ccccc1)c1c2sc3ccccc3nc-2c2c(OCCN3CCNC3=O)cccc2c1=O,中毒,18.213478,21.726702,42.5,2.3334368098174334,1.9561183284973487,both<5,False,False,False,,9.646239,-16.152079
O=C(c1nn[nH]c1N(Cc1ccccc1)Cc1ccccc1)c1c(SCc2ccccc2OC(F)F)nsc1Cl,O=C(c1nn[nH]c1N(Cc1ccccc1)Cc1ccccc1)c1c(SCc2ccccc2OC(F)F)nsc1Cl,中毒,3.915215,57.913963,42.5,10.85508714080836,0.7338472071061688,one>10-other<5,False,False,False,,-0.11246065,4.3087406
O=C(c1nn[nH]c1N(Cc1ccccc1)Cc1ccccc1)N1CCCC2=C(CON2)CC(N2CCOCC2)CC1,O=C(c1nn[nH]c1N(Cc1ccccc1)Cc1ccccc1)N1CCCC2=C(CON2)CC(N2CCOCC2)CC1,中毒,10.774761,39.075317,42.5,3.944403035946691,1.0876431277576073,both<5,False,False,False,,5.5079775,35.195183
O=C(c1nn[nH]c1N(Cc1ccccc1)Cc1ccccc1)[n+]1ccccc1Br,O=C(c1nn[nH]c1N(Cc1ccccc1)Cc1ccccc1)[n+]1ccccc1Br,中毒,5.9663353,23.78606,42.5,7.1233006297852555,1.7867608170499865,one>5-other<=5,True,False,False,,-2.0391986,-15.228038
O=C(NC(Cc1cscn1)C(=O)c1nn[nH]c1N(Cc1ccccc1)Cc1ccccc1)c1ncccc1F,O=C(NC(Cc1cscn1)C(=O)c1nn[nH]c1N(Cc1ccccc1)Cc1ccccc1)c1ncccc1F,中毒,4.8280764,22.46335,42.5,8.80267760468745,1.8919706989384932,one>5-other<=5,False,False,False,,-17.914104,-29.169044
O=C(c1nn[nH]c1N(Cc1ccccc1)Cc1ccccc1)c1nsc2c1CCS2,O=C(c1nn[nH]c1N(Cc1ccccc1)Cc1ccccc1)c1nsc2c1CCS2,中毒,5.2946653,29.423944,42.5,8.026947425741907,1.4444018789595305,one>5-other<=5,True,False,False,,26.701775,0.52266765
O=C(c1nn[nH]c1N(Cc1ccccc1)Cc1ccccc1)P(=O)(O)SC=CP(=O)(O)O,O=C(c1nn[nH]c1N(Cc1ccccc1)Cc1ccccc1)P(=O)(O)SC=CP(=O)(O)O,中毒,42.831142,46.07614,42.5,0.9922686628341593,0.9223862936435213,both<5,True,False,False,,-12.044375,-18.578466
O=C(c1nn[nH]c1N(Cc1ccccc1)Cc1ccccc1)C(O)c1ccccn1,O=C(c1nn[nH]c1N(Cc1ccccc1)Cc1ccccc1)C(O)c1ccccn1,高毒,3.9739645,38.660896,5.0,1.2581893975147487,0.1293296461623652,both<5,True,False,False,,-22.71964,-23.869633
O=C(c1ccc([N+](=O)[O-])s1)c1nn[nH]c1N(Cc1ccccc1)Cc1ccccc1,O=C(c1ccc([N+](=O)[O-])s1)c1nn[nH]c1N(Cc1ccccc1)Cc1ccccc1,中毒,14.578729,9.519632,42.5,2.915206119820185,4.464458289984319,both<5,True,False,False,,-20.235928,2.2766042
NC1C2C3C=CC(CC12C(=O)c1nn[nH]c1N(Cc1ccccc1)Cc1ccccc1)O3,NC1C2C3C=CC(CC12C(=O)c1nn[nH]c1N(Cc1ccccc1)Cc1ccccc1)O3,中毒,26.425592,12.3704405,42.5,1.6082894188330765,3.435609265490586,both<5,False,False,False,,-2.4835546,-24.230358
O=C(c1nn[nH]c1N(Cc1ccccc1)Cc1ccccc1)c1nssc1=S,O=C(c1nn[nH]c1N(Cc1ccccc1)Cc1ccccc1)c1nssc1=S,中毒,5.7687135,100.19464,42.5,7.367327221225322,0.4241743869731953,one>5-other<=5,False,False,False,,24.449614,1.6760186
O=C(c1cc[n+]([O-])cc1)c1nn[nH]c1N(Cc1ccccc1)Cc1ccccc1,O=C(c1cc[n+]([O-])cc1)c1nn[nH]c1N(Cc1ccccc1)Cc1ccccc1,中毒,15.387692,34.50007,42.5,2.7619476657058124,1.2318815585011855,both<5,True,False,False,,19.48703,14.783731
O=C(c1nn[nH]c1N(Cc1ccccc1)Cc1ccccc1)S(=O)(=O)c1ccccc1CO,O=C(c1nn[nH]c1N(Cc1ccccc1)Cc1ccccc1)S(=O)(=O)c1ccccc1CO,中毒,9.699587,52.928974,42.5,4.3816298570238095,0.80296285357808,both<5,True,False,False,,-14.171863,-30.372227
Nc1ccc2c(c1)c(C(=O)c1nn[nH]c1N(Cc1ccccc1)Cc1ccccc1)nn2Cc1ccc(F)cc1,Nc1ccc2c(c1)c(C(=O)c1nn[nH]c1N(Cc1ccccc1)Cc1ccccc1)nn2Cc1ccc(F)cc1,低毒,12.667156,61.469467,250.0,19.7360796693433,4.067059829882696,one>10-other<5,False,False,False,,8.693835,9.592069
O=C(c1ccc(I)o1)c1nn[nH]c1N(Cc1ccccc1)Cc1ccccc1,O=C(c1ccc(I)o1)c1nn[nH]c1N(Cc1ccccc1)Cc1ccccc1,低毒,7.6808786,99.39865,250.0,32.54835976707144,2.5151247023978693,one>10-other<5,True,True,False,,9.163772,0.37450027
O=C(c1ccc(Cl)c(Cl)c1)c1nn[nH]c1N(Cc1ccccc1)Cc1ccccc1,O=C(c1ccc(Cl)c(Cl)c1)c1nn[nH]c1N(Cc1ccccc1)Cc1ccccc1,低毒,10.87335,20.880424,250.0,22.99199418762387,11.97293694802366,both>10,True,True,False,,10.307705,14.547356
O=C(c1nn[nH]c1N(Cc1ccccc1)Cc1ccccc1)C1CC2CCC1C2,O=C(c1nn[nH]c1N(Cc1ccccc1)Cc1ccccc1)C1CC2CCC1C2,中毒,10.627377,22.30062,42.5,3.9991053295653294,1.9057766106951288,both<5,True,False,False,,4.0293303,-31.765316
O=C(c1ccccc1Br)c1nn[nH]c1N(Cc1ccccc1)Cc1ccccc1,O=C(c1ccccc1Br)c1nn[nH]c1N(Cc1ccccc1)Cc1ccccc1,中毒,5.037307,34.50007,42.5,8.437047811459575,1.2318815585011855,one>5-other<=5,True,True,False,,-2.310104,12.256611
O=C(c1nn[nH]c1N(Cc1ccccc1)Cc1ccccc1)C1CSSC1,O=C(c1nn[nH]c1N(Cc1ccccc1)Cc1ccccc1)C1CSSC1,低毒,3.9491136,34.49861,250.0,63.30534528052067,7.2466687788290605,both<5,True,False,False,,6.515186,-35.10918
O=C(Sc1cccnc1)c1nn[nH]c1N(Cc1ccccc1)Cc1ccccc1,O=C(Sc1cccnc1)c1nn[nH]c1N(Cc1ccccc1)Cc1ccccc1,中毒,6.6162024,29.393785,42.5,6.423624525150561,1.4458838832766858,one>5-other<=5,True,False,False,,-13.043366,-6.474272
O=C(c1coc(=O)nc1O)c1nn[nH]c1N(Cc1ccccc1)Cc1ccccc1,O=C(c1coc(=O)nc1O)c1nn[nH]c1N(Cc1ccccc1)Cc1ccccc1,低毒,23.78051,50.153683,250.0,10.51281070086386,4.984678792183617,one>10-other<5,True,False,False,,-2.4709911,17.562592
O=C(c1ccc(F)c(Cl)n1)c1nn[nH]c1N(Cc1ccccc1)Cc1ccccc1,O=C(c1ccc(F)c(Cl)n1)c1nn[nH]c1N(Cc1ccccc1)Cc1ccccc1,低毒,7.2023005,34.285435,250.0,34.71113153359819,7.291726063851895,both<5,True,False,False,,21.594702,-6.98796
O=C(c1nn[nH]c1N(Cc1ccccc1)Cc1ccccc1)c1cccc[n+]1[O-],O=C(c1nn[nH]c1N(Cc1ccccc1)Cc1ccccc1)c1cccc[n+]1[O-],低毒,15.387692,32.172657,250.0,16.24675097474007,7.770573627164209,both<5,True,True,False,,22.75503,17.115208
O=C(Oc1cc(F)ccc1Br)c1nn[nH]c1N(Cc1ccccc1)Cc1ccccc1,O=C(Oc1cc(F)ccc1Br)c1nn[nH]c1N(Cc1ccccc1)Cc1ccccc1,低毒,6.8285685,17.081175,250.0,36.61089436241285,14.635995474550198,both>10,True,False,False,,-29.725176,-9.458278
O=C(c1nn[nH]c1N(Cc1ccccc1)Cc1ccccc1)N1CCS(=O)(=O)c2nc(CCCc3ccccc3)c(-c3ccoc3)n2C(=O)C1,O=C(c1nn[nH]c1N(Cc1ccccc1)Cc1ccccc1)N1CCS(=O)(=O)c2nc(CCCc3ccccc3)c(-c3ccoc3)n2C(=O)C1,中毒,12.516562,18.740925,42.5,3.3955010968666954,2.267764264570719,both<5,True,False,False,,0.083900586,39.09327
O=C(c1nn[nH]c1N(Cc1ccccc1)Cc1ccccc1)c1cccn(-c2ccccc2)c1=O,O=C(c1nn[nH]c1N(Cc1ccccc1)Cc1ccccc1)c1cccn(-c2ccccc2)c1=O,低毒,9.311446,34.571663,250.0,26.8486763495165,7.231355922912936,both<5,True,False,False,,-5.152122,12.687089
[N-]=[N+]=Nc1c(C(=O)c2nn[nH]c2N(Cc2ccccc2)Cc2ccccc2)cc([N+](=O)[O-])cc1C(F)(F)F,[N-]=[N+]=Nc1c(C(=O)c2nn[nH]c2N(Cc2ccccc2)Cc2ccccc2)cc([N+](=O)[O-])cc1C(F)(F)F,低毒,17.651392,31.108728,250.0,14.163188942832383,8.03632986858222,both<5,False,False,False,,-25.521034,3.767872
O=C([Cl+]I)c1nn[nH]c1N(Cc1ccccc1)Cc1ccccc1,O=C([Cl+]I)c1nn[nH]c1N(Cc1ccccc1)Cc1ccccc1,微毒,10.894191,22.105541,137.5,12.621405297557203,6.220159913751941,both<5,True,False,False,,-6.381105,-14.573691
O=C(c1nn[nH]c1N(Cc1ccccc1)Cc1ccccc1)N1CCCCC1c1ccn(Cc2ccc(Br)s2)n1,O=C(c1nn[nH]c1N(Cc1ccccc1)Cc1ccccc1)N1CCCCC1c1ccn(Cc2ccc(Br)s2)n1,中毒,23.551882,11.732461,42.5,1.804526704065518,3.622428406111897,both<5,False,False,False,,-0.93204314,33.061626
O=C(c1nn[nH]c1N(Cc1ccccc1)Cc1ccccc1)C(Br)Br,O=C(c1nn[nH]c1N(Cc1ccccc1)Cc1ccccc1)C(Br)Br,中毒,6.273191,56.60067,42.5,6.774861470023789,0.7508745037823757,one>5-other<=5,True,False,False,,-20.143032,-21.278185
O=C(c1nn[nH]c1N(Cc1ccccc1)Cc1ccccc1)N(C1C=COCC1)S(=O)(=O)n1ccnc1Br,O=C(c1nn[nH]c1N(Cc1ccccc1)Cc1ccccc1)N(C1C=COCC1)S(=O)(=O)n1ccnc1Br,低毒,10.625166,12.578119,250.0,23.52904415799245,19.87578587863575,both>10,True,False,False,,-6.008131,-29.644913
O=C(c1nn[nH]c1N(Cc1ccccc1)Cc1ccccc1)C(c1ccc(Cl)c(Cl)c1O)N1CCOCC1,O=C(c1nn[nH]c1N(Cc1ccccc1)Cc1ccccc1)C(c1ccc(Cl)c(Cl)c1O)N1CCOCC1,中毒,11.3665,31.952164,42.5,3.739057757445124,1.3301133531988631,both<5,True,False,False,,-21.296326,-15.55829
O=C(c1nn[nH]c1N(Cc1ccccc1)Cc1ccccc1)C(F)(F)Br,O=C(c1nn[nH]c1N(Cc1ccccc1)Cc1ccccc1)C(F)(F)Br,低毒,5.056891,93.74722,250.0,49.437490347330005,2.6667457445671454,one>10-other<5,True,True,False,,-14.395979,-12.531143
O=C(c1nn[nH]c1N(Cc1ccccc1)Cc1ccccc1)N1CCSCC1,O=C(c1nn[nH]c1N(Cc1ccccc1)Cc1ccccc1)N1CCSCC1,中毒,9.32252,25.051384,42.5,4.558853185619339,1.6965130549274245,both<5,False,False,False,,1.49374,38.68905
O=C(c1cc(C(F)(F)F)ccc1Cl)c1nn[nH]c1N(Cc1ccccc1)Cc1ccccc1,O=C(c1cc(C(F)(F)F)ccc1Cl)c1nn[nH]c1N(Cc1ccccc1)Cc1ccccc1,中毒,3.1726387,33.737434,42.5,13.395789441766565,1.2597282887607872,one>10-other<5,True,False,False,,-17.901154,10.034216
O=C(c1nn[nH]c1N(Cc1ccccc1)Cc1ccccc1)c1n[nH]c2ncccc12,O=C(c1nn[nH]c1N(Cc1ccccc1)Cc1ccccc1)c1n[nH]c2ncccc12,低毒,5.956421,45.44481,250.0,41.97151275908805,5.501178242355948,both<5,False,False,False,,31.450224,2.1654513
O=C(c1nn[nH]c1N(Cc1ccccc1)Cc1ccccc1)c1ccc[nH]c1=S,O=C(c1nn[nH]c1N(Cc1ccccc1)Cc1ccccc1)c1ccc[nH]c1=S,低毒,5.8860874,68.47388,250.0,42.47303565353107,3.6510272238114743,one>10-other<5,True,False,False,,1.404244,18.271288
O=C(S[S+]([O-])c1ccccc1Br)c1nn[nH]c1N(Cc1ccccc1)Cc1ccccc1,O=C(S[S+]([O-])c1ccccc1Br)c1nn[nH]c1N(Cc1ccccc1)Cc1ccccc1,低毒,5.262189,42.893295,250.0,47.508745885029974,5.828416772365005,both<5,True,False,False,,-11.941757,-9.480646
O=C(c1nn[nH]c1N(Cc1ccccc1)Cc1ccccc1)[SH](C(Cl)=NO)n1nc[n+]([O-])c1-c1cccnc1,O=C(c1nn[nH]c1N(Cc1ccccc1)Cc1ccccc1)[SH](C(Cl)=NO)n1nc[n+]([O-])c1-c1cccnc1,中毒,8.460658,26.652384,42.5,5.023249964719056,1.5946040699398598,one>5-other<=5,False,False,False,,-4.0821056,-10.652045
O=C(c1ccn2ncnc2c1)c1nn[nH]c1N(Cc1ccccc1)Cc1ccccc1,O=C(c1ccn2ncnc2c1)c1nn[nH]c1N(Cc1ccccc1)Cc1ccccc1,低毒,5.9305367,34.396038,250.0,42.154700771011164,7.268278980270926,both<5,False,False,False,,9.661358,8.686621
O=C(c1cnc[nH]1)c1nn[nH]c1N(Cc1ccccc1)Cc1ccccc1,O=C(c1cnc[nH]1)c1nn[nH]c1N(Cc1ccccc1)Cc1ccccc1,低毒,5.037307,54.16356,250.0,49.62969300858574,4.615649340626798,one>10-other<5,False,False,False,,11.196707,5.8023624
O=C(c1nn[nH]c1N(Cc1ccccc1)Cc1ccccc1)S(F)(F)F,O=C(c1nn[nH]c1N(Cc1ccccc1)Cc1ccccc1)S(F)(F)F,高毒,5.052193,42.069656,5.0,0.9896692386850621,0.11885050830936197,both<5,True,True,False,,-12.409213,-26.557713
O=C(c1n[nH]c(=S)o1)c1nn[nH]c1N(Cc1ccccc1)Cc1ccccc1,O=C(c1n[nH]c(=S)o1)c1nn[nH]c1N(Cc1ccccc1)Cc1ccccc1,中毒,10.360185,150.51297,42.5,4.102243347971103,0.2823676922992085,both<5,True,False,False,,10.879398,-0.25606665
O=C(c1nn[nH]c1N(Cc1ccccc1)Cc1ccccc1)S(=O)(=O)c1nc2ccccc2s1,O=C(c1nn[nH]c1N(Cc1ccccc1)Cc1ccccc1)S(=O)(=O)c1nc2ccccc2s1,中毒,10.338124,46.861023,42.5,4.110997314406366,0.9069370935414705,both<5,True,False,False,,-9.5219755,-30.80276
O=C(c1ccc2ccccc2n1)c1nn[nH]c1N(Cc1ccccc1)Cc1ccccc1,O=C(c1ccc2ccccc2n1)c1nn[nH]c1N(Cc1ccccc1)Cc1ccccc1,低毒,6.6625533,31.82146,250.0,37.52315197238272,7.856333430332864,both<5,True,False,False,,22.091097,-6.0949497
O=C(c1ccccc1O)c1nn[nH]c1N(Cc1ccccc1)Cc1ccccc1,O=C(c1ccccc1O)c1nn[nH]c1N(Cc1ccccc1)Cc1ccccc1,低毒,5.415689,19.154457,250.0,46.16217807189445,13.051792593233,both>10,True,False,False,,-6.4989114,12.374095
O=C(c1nn[nH]c1N(Cc1ccccc1)Cc1ccccc1)C1CCCCS1=CC(F)F,O=C(c1nn[nH]c1N(Cc1ccccc1)Cc1ccccc1)C1CCCCS1=CC(F)F,中毒,13.323265,14.387409,42.5,3.1899087798673977,2.9539717679534934,both<5,True,False,False,,7.1849003,-30.232697
O=C(c1nn[nH]c1N(Cc1ccccc1)Cc1ccccc1)C(c1c(Br)[nH]c2ccc(F)cc12)C12C=C3CC(CC(C3)C1)C2,O=C(c1nn[nH]c1N(Cc1ccccc1)Cc1ccccc1)C(c1c(Br)[nH]c2ccc(F)cc12)C12C=C3CC(CC(C3)C1)C2,中毒,7.275344,8.147813,42.5,5.8416481749866405,5.216123639558248,both5-10,False,False,False,,-17.297306,-18.709026
O=C(c1nn[nH]c1N(Cc1ccccc1)Cc1ccccc1)N1CCc2ccccc2C1,O=C(c1nn[nH]c1N(Cc1ccccc1)Cc1ccccc1)N1CCc2ccccc2C1,中毒,29.438211,40.914406,42.5,1.4437018608229963,1.038753929361702,both<5,False,False,False,,-1.4962875,40.562298
O=C(c1ccc(-c2c(-c3c(O)cccc3Oc3ccc4ccccc4c3O)sc3ccccc23)[nH]1)c1nn[nH]c1N(Cc1ccccc1)Cc1ccccc1,O=C(c1ccc(-c2c(-c3c(O)cccc3Oc3ccc4ccccc4c3O)sc3ccccc23)[nH]1)c1nn[nH]c1N(Cc1ccccc1)Cc1ccccc1,中毒,8.9428625,13.348358,42.5,4.752393319253203,3.1839122085278206,both<5,False,False,False,,1.0144893,-0.73929775
O=C(c1nn[nH]c1N(Cc1ccccc1)Cc1ccccc1)N1CCSC1,O=C(c1nn[nH]c1N(Cc1ccccc1)Cc1ccccc1)N1CCSC1,中毒,12.097101,25.051384,42.5,3.5132384196841873,1.6965130549274245,both<5,False,False,False,,1.2603277,39.190567
O=C(c1cccc2c1S(=O)(=O)N2)c1nn[nH]c1N(Cc1ccccc1)Cc1ccccc1,O=C(c1cccc2c1S(=O)(=O)N2)c1nn[nH]c1N(Cc1ccccc1)Cc1ccccc1,中毒,27.653488,47.39916,42.5,1.536876650063095,0.8966403624030468,both<5,True,False,False,,-6.453444,13.26548
O=C(c1nn[nH]c1N(Cc1ccccc1)Cc1ccccc1)c1nsc(CN2CC(F)(F)C2)c1N(O)C1CCC1,O=C(c1nn[nH]c1N(Cc1ccccc1)Cc1ccccc1)c1nsc(CN2CC(F)(F)C2)c1N(O)C1CCC1,中毒,11.630053,43.79421,42.5,3.654325564982378,0.9704479199419284,both<5,False,False,False,,28.936344,-2.0843432
O=C(c1nn[nH]c1N(Cc1ccccc1)Cc1ccccc1)c1c(F)ccc(F)[n+]1[O-],O=C(c1nn[nH]c1N(Cc1ccccc1)Cc1ccccc1)c1c(F)ccc(F)[n+]1[O-],中毒,38.63039,36.46865,42.5,1.1001700992405203,1.1653845151931865,both<5,False,False,False,,20.794851,19.445786
O=C(c1nn[nH]c1N(Cc1ccccc1)Cc1ccccc1)C(Cl)c1c[nH]c2cncnc12,O=C(c1nn[nH]c1N(Cc1ccccc1)Cc1ccccc1)C(Cl)c1c[nH]c2cncnc12,中毒,6.975422,43.922756,42.5,6.09282133754775,0.9676077703320802,one>5-other<=5,True,False,False,,-17.698538,-21.7473
O=C(c1nn[nH]c1N(Cc1ccccc1)Cc1ccccc1)c1noc2c(Cl)cc(Cl)cc12,O=C(c1nn[nH]c1N(Cc1ccccc1)Cc1ccccc1)c1noc2c(Cl)cc(Cl)cc12,中毒,15.585955,32.03235,42.5,2.726813980920643,1.3267837045986324,both<5,True,False,False,,23.94316,-17.610699
O=C(c1csc(Nc2nncs2)n1)c1nn[nH]c1N(Cc1ccccc1)Cc1ccccc1,O=C(c1csc(Nc2nncs2)n1)c1nn[nH]c1N(Cc1ccccc1)Cc1ccccc1,低毒,14.795996,23.603157,250.0,16.89646307014411,10.591803460867544,both>10,True,True,False,,19.57181,-14.3208685
O=C(c1nn[nH]c1N(Cc1ccccc1)Cc1ccccc1)C1COc2ncnn2C1c1ccc(Br)cc1[N+](=O)[O-],O=C(c1nn[nH]c1N(Cc1ccccc1)Cc1ccccc1)C1COc2ncnn2C1c1ccc(Br)cc1[N+](=O)[O-],中毒,7.361798,19.363712,42.5,5.773046204201745,2.194827107529796,one>5-other<=5,False,False,False,,-1.2523111,-34.565624
N=[N+]([O-])c1ccc(Cl)cc1C(=O)c1nn[nH]c1N(Cc1ccccc1)Cc1ccccc1,N=[N+]([O-])c1ccc(Cl)cc1C(=O)c1nn[nH]c1N(Cc1ccccc1)Cc1ccccc1,中毒,7.817441,27.951027,42.5,5.4365616574528675,1.5205165806608822,one>5-other<=5,True,True,False,,-15.454312,14.120088
O=C(c1ccc([N+](=O)[O-])nc1)c1nn[nH]c1N(Cc1ccccc1)Cc1ccccc1,O=C(c1ccc([N+](=O)[O-])nc1)c1nn[nH]c1N(Cc1ccccc1)Cc1ccccc1,中毒,5.8860874,23.603157,42.5,7.220416061100282,1.8006065883474824,one>5-other<=5,True,False,False,,9.09669,19.445799
O=C(c1nn[nH]c1N(Cc1ccccc1)Cc1ccccc1)c1n[nH]c2ccccc12,O=C(c1nn[nH]c1N(Cc1ccccc1)Cc1ccccc1)c1n[nH]c2ccccc12,低毒,14.610249,56.669506,250.0,17.111275790029314,4.41154366159465,one>10-other<5,False,False,False,,31.7399,2.8367999
O=C(c1nn[nH]c1N(Cc1ccccc1)Cc1ccccc1)c1c(Cl)cncc1Cl,O=C(c1nn[nH]c1N(Cc1ccccc1)Cc1ccccc1)c1c(Cl)cncc1Cl,高毒,3.4502869,34.049644,5.0,1.4491548514414845,0.1468444134100198,both<5,True,False,False,,-1.3368207,5.191572
O=C(c1nn[nH]c1N(Cc1ccccc1)Cc1ccccc1)c1cccc2cc(Br)ccc12,O=C(c1nn[nH]c1N(Cc1ccccc1)Cc1ccccc1)c1cccc2cc(Br)ccc12,中毒,6.383442,34.50007,42.5,6.657850106572599,1.2318815585011855,one>5-other<=5,False,False,False,,-4.243023,14.463233
O=C(c1ccc([N+](=O)[O-])cc1)c1nn[nH]c1N(Cc1ccccc1)Cc1ccccc1,O=C(c1ccc([N+](=O)[O-])cc1)c1nn[nH]c1N(Cc1ccccc1)Cc1ccccc1,低毒,5.7687135,33.37947,250.0,43.33721894838425,7.48963359813682,both<5,True,True,False,,-23.58655,2.4598534
O=C(c1nn[nH]c1N(Cc1ccccc1)Cc1ccccc1)C1ON=CC1CF,O=C(c1nn[nH]c1N(Cc1ccccc1)Cc1ccccc1)C1ON=CC1CF,中毒,6.35907,52.276863,42.5,6.683367221936541,0.8129791567638632,one>5-other<=5,True,False,False,,3.1658392,-28.378263
O=C(SCI)c1nn[nH]c1N(Cc1ccccc1)Cc1ccccc1,O=C(SCI)c1nn[nH]c1N(Cc1ccccc1)Cc1ccccc1,低毒,5.052193,41.86337,250.0,49.48346193425311,5.971807811936784,both<5,True,True,False,,-10.75917,-8.670988
O=C(c1nn[nH]c1N(Cc1ccccc1)Cc1ccccc1)C1C=CN(S(=O)(=O)N2CCNCC2)CC1,O=C(c1nn[nH]c1N(Cc1ccccc1)Cc1ccccc1)C1C=CN(S(=O)(=O)N2CCNCC2)CC1,中毒,18.126776,30.947563,42.5,2.3445978479570773,1.373290685279484,both<5,True,False,False,,10.751295,-28.682772
O=C(c1nn[nH]c1N(Cc1ccccc1)Cc1ccccc1)N1CCn2c1nc1ccccc2c1=O,O=C(c1nn[nH]c1N(Cc1ccccc1)Cc1ccccc1)N1CCn2c1nc1ccccc2c1=O,中毒,12.551094,19.51411,42.5,3.3861590073343404,2.177911265233208,both<5,False,False,False,,0.099048555,31.158089
O=C(c1coc(-c2ccccn2)n1)c1nn[nH]c1N(Cc1ccccc1)Cc1ccccc1,O=C(c1coc(-c2ccccn2)n1)c1nn[nH]c1N(Cc1ccccc1)Cc1ccccc1,中毒,9.524541,68.55407,42.5,4.462157284009802,0.6199486040726685,both<5,True,False,False,,14.739529,-7.749153
O=C(c1csc(Nc2ccncc2)n1)c1nn[nH]c1N(Cc1ccccc1)Cc1ccccc1,O=C(c1csc(Nc2ccncc2)n1)c1nn[nH]c1N(Cc1ccccc1)Cc1ccccc1,低毒,5.8860874,10.337043,250.0,42.47303565353107,24.184866020195525,both>10,True,True,False,,19.575504,-14.472646
O=C(c1nn[nH]c1N(Cc1ccccc1)Cc1ccccc1)N1CCCCC1,O=C(c1nn[nH]c1N(Cc1ccccc1)Cc1ccccc1)N1CCCCC1,中毒,25.021065,21.923925,42.5,1.6985687859409662,1.9385215010542136,both<5,False,False,False,,0.7587764,36.72017
O=C1NC(NN2CCOCC2)COc2cc3c(C(=O)c4nn[nH]c4N(Cc4ccccc4)Cc4ccccc4)c[nH]c3cc21,O=C1NC(NN2CCOCC2)COc2cc3c(C(=O)c4nn[nH]c4N(Cc4ccccc4)Cc4ccccc4)c[nH]c3cc21,中毒,13.653182,17.196432,42.5,3.112827471281054,2.4714429132741023,both<5,False,False,False,,-19.877935,23.226446
O=C(c1nn[nH]c1N(Cc1ccccc1)Cc1ccccc1)S(=O)(=O)O,O=C(c1nn[nH]c1N(Cc1ccccc1)Cc1ccccc1)S(=O)(=O)O,低毒,11.605294,66.38732,250.0,21.541892863722367,3.765779368710772,one>10-other<5,True,False,False,,-11.833257,-27.291506
O=C(C1=CCSO1)c1nn[nH]c1N(Cc1ccccc1)Cc1ccccc1,O=C(C1=CCSO1)c1nn[nH]c1N(Cc1ccccc1)Cc1ccccc1,高毒,24.685646,80.50812,5.0,0.20254685658216115,0.06210553668375314,both<5,True,False,False,,17.122099,6.892836
O=C(c1nn[nH]c1N(Cc1ccccc1)Cc1ccccc1)C(N1CC1)N1CCc2ccccc21,O=C(c1nn[nH]c1N(Cc1ccccc1)Cc1ccccc1)C(N1CC1)N1CCc2ccccc21,中毒,14.071503,20.497007,42.5,3.0202885931943446,2.0734734588323067,both<5,False,False,False,,-6.395277,41.228767
O=C(c1ccccc1[N+](=O)[O-])c1nn[nH]c1N(Cc1ccccc1)Cc1ccccc1,O=C(c1ccccc1[N+](=O)[O-])c1nn[nH]c1N(Cc1ccccc1)Cc1ccccc1,中毒,8.297343,25.358694,42.5,5.122121623753532,1.6759538168645436,one>5-other<=5,True,True,False,,-21.420622,4.8507595
O=C(c1nn(-c2ccccc2Cl)cc1S(=O)(=O)c1ccccn1)c1nn[nH]c1N(Cc1ccccc1)Cc1ccccc1,O=C(c1nn(-c2ccccc2Cl)cc1S(=O)(=O)c1ccccn1)c1nn[nH]c1N(Cc1ccccc1)Cc1ccccc1,中毒,14.088674,147.43402,42.5,3.016607524597418,0.2882645403008071,both<5,True,False,False,,-18.349588,12.880324
O=C(Oc1ccco1)c1nn[nH]c1N(Cc1ccccc1)Cc1ccccc1,O=C(Oc1ccco1)c1nn[nH]c1N(Cc1ccccc1)Cc1ccccc1,低毒,6.3385205,25.268124,250.0,39.44138068181684,9.893888442212806,both<5,True,False,False,,-26.237814,-11.965657
NC(=O)c1c(C(=O)c2nn[nH]c2N(Cc2ccccc2)Cc2ccccc2)sc2c1CCCC2,NC(=O)c1c(C(=O)c2nn[nH]c2N(Cc2ccccc2)Cc2ccccc2)sc2c1CCCC2,中毒,25.051294,32.06942,42.5,1.6965191498690648,1.325250035703795,both<5,True,False,False,,20.20182,8.54001
O=C(c1cc(Br)c[nH]1)c1nn[nH]c1N(Cc1ccccc1)Cc1ccccc1,O=C(c1cc(Br)c[nH]1)c1nn[nH]c1N(Cc1ccccc1)Cc1ccccc1,低毒,5.037307,34.50007,250.0,49.62969300858574,7.246362108830503,both<5,True,True,False,,6.84216,8.247938
O=C(c1cc2cc[nH]c2nc1Nc1cccc(Oc2cccc(F)c2)c1)c1nn[nH]c1N(Cc1ccccc1)Cc1ccccc1,O=C(c1cc2cc[nH]c2nc1Nc1cccc(Oc2cccc(F)c2)c1)c1nn[nH]c1N(Cc1ccccc1)Cc1ccccc1,中毒,8.9152155,17.511269,42.5,4.7671309796156915,2.427008573736147,both<5,False,False,False,,-12.191902,19.825443
O=C(c1nn[nH]c1N(Cc1ccccc1)Cc1ccccc1)N1CCCCC(Oc2cc(Cl)cc(Cl)c2)C1,O=C(c1nn[nH]c1N(Cc1ccccc1)Cc1ccccc1)N1CCCCC(Oc2cc(Cl)cc(Cl)c2)C1,中毒,22.218597,16.12439,42.5,1.912812046593221,2.6357586240471735,both<5,False,False,False,,-0.394925,36.353306
O=C(c1n[nH]c([N+](=O)[O-])n1)c1nn[nH]c1N(Cc1ccccc1)Cc1ccccc1,O=C(c1n[nH]c([N+](=O)[O-])n1)c1nn[nH]c1N(Cc1ccccc1)Cc1ccccc1,中毒,5.7064757,38.05627,42.5,7.447679134075695,1.1167673552873154,one>5-other<=5,True,False,False,,-21.870348,2.5400023
O=C(Oc1cc2ocnc2n2cccc12)c1nn[nH]c1N(Cc1ccccc1)Cc1ccccc1,O=C(Oc1cc2ocnc2n2cccc12)c1nn[nH]c1N(Cc1ccccc1)Cc1ccccc1,低毒,13.912241,9.091128,250.0,17.96978646358987,27.499337815945395,both>10,True,False,False,,-29.933558,-10.85863
O=C(C1=Cc2cccn2CC1)c1nn[nH]c1N(Cc1ccccc1)Cc1ccccc1,O=C(C1=Cc2cccn2CC1)c1nn[nH]c1N(Cc1ccccc1)Cc1ccccc1,中毒,6.117079,21.847343,42.5,6.947760524263296,1.945316645598506,one>5-other<=5,False,False,False,,18.824749,9.816164
O=C(c1ccc2c(c1)N=C(c1ccccc1Cl)OS(=O)C1(O)CN1C2O)c1nn[nH]c1N(Cc1ccccc1)Cc1ccccc1,O=C(c1ccc2c(c1)N=C(c1ccccc1Cl)OS(=O)C1(O)CN1C2O)c1nn[nH]c1N(Cc1ccccc1)Cc1ccccc1,中毒,31.972729,17.21324,42.5,1.3292578184364556,2.469029653917566,both<5,False,False,False,,9.755384,15.167926
O=C(c1nn[nH]c1N(Cc1ccccc1)Cc1ccccc1)C1CSc2ccccc21,O=C(c1nn[nH]c1N(Cc1ccccc1)Cc1ccccc1)C1CSc2ccccc21,中毒,8.438656,39.408356,42.5,5.036347020188997,1.078451483741164,one>5-other<=5,True,False,False,,6.465845,-38.753353
O=C(c1nn[nH]c1N(Cc1ccccc1)Cc1ccccc1)[PH](Br)(c1ccncc1)C(F)(F)F,O=C(c1nn[nH]c1N(Cc1ccccc1)Cc1ccccc1)[PH](Br)(c1ccncc1)C(F)(F)F,中毒,41.96294,29.90356,42.5,1.0127984359532483,1.421235464941298,both<5,False,False,False,,-12.889598,-11.028419
O=C(c1nn[nH]c1N(Cc1ccccc1)Cc1ccccc1)N1CCc2nscc2C1,O=C(c1nn[nH]c1N(Cc1ccccc1)Cc1ccccc1)N1CCc2nscc2C1,中毒,22.028288,19.50927,42.5,1.929337404704351,2.1784515771220554,both<5,False,False,False,,-0.7398114,40.676975
O=C(c1nn[nH]c1N(Cc1ccccc1)Cc1ccccc1)c1c[nH]c2ncc(Cl)cc12,O=C(c1nn[nH]c1N(Cc1ccccc1)Cc1ccccc1)c1c[nH]c2ncc(Cl)cc12,中毒,6.550082,34.50007,42.5,6.488468388640021,1.2318815585011855,one>5-other<=5,False,False,False,,-17.259867,22.610573
O=C(c1cc(F)cc(F)c1)c1nn[nH]c1N(Cc1ccccc1)Cc1ccccc1,O=C(c1cc(F)cc(F)c1)c1nn[nH]c1N(Cc1ccccc1)Cc1ccccc1,中毒,5.8860874,20.880424,42.5,7.220416061100282,2.0353992811640222,one>5-other<=5,True,False,False,,8.806034,11.470725
O=C(c1nn[nH]c1N(Cc1ccccc1)Cc1ccccc1)c1ccc(Br)c2ccccc12,O=C(c1nn[nH]c1N(Cc1ccccc1)Cc1ccccc1)c1ccc(Br)c2ccccc12,中毒,6.383442,34.50007,42.5,6.657850106572599,1.2318815585011855,one>5-other<=5,False,False,False,,-5.284169,15.735776
O=C(c1cc[n+](CC[PH](=O)[O-])cc1)c1nn[nH]c1N(Cc1ccccc1)Cc1ccccc1,O=C(c1cc[n+](CC[PH](=O)[O-])cc1)c1nn[nH]c1N(Cc1ccccc1)Cc1ccccc1,高毒,3.9148588,36.120674,5.0,1.2771852716629268,0.13842488099751404,both<5,True,False,False,,18.734114,14.001991
O=C(c1nn[nH]c1N(Cc1ccccc1)Cc1ccccc1)c1sccc1S(=O)(=O)F,O=C(c1nn[nH]c1N(Cc1ccccc1)Cc1ccccc1)c1sccc1S(=O)(=O)F,中毒,39.747334,17.314074,42.5,1.069254103935625,2.454650476831738,both<5,False,False,False,,5.1314197,-8.867805
O=C(c1nn[nH]c1N(Cc1ccccc1)Cc1ccccc1)C(O)SSCO,O=C(c1nn[nH]c1N(Cc1ccccc1)Cc1ccccc1)C(O)SSCO,高毒,46.9248,79.133804,5.0,0.10655346426623023,0.06318412293183834,both<5,True,False,False,,-21.17512,-24.714735
O=C(c1nn[nH]c1N(Cc1ccccc1)Cc1ccccc1)c1sc(F)c(C(F)(F)F)c1Cl,O=C(c1nn[nH]c1N(Cc1ccccc1)Cc1ccccc1)c1sc(F)c(C(F)(F)F)c1Cl,中毒,16.049923,30.306967,42.5,2.6479877816236255,1.4023178234892326,both<5,True,False,False,,-0.8283285,-3.1403527
O=C(c1nn[nH]c1N(Cc1ccccc1)Cc1ccccc1)c1nnc2ccccn12,O=C(c1nn[nH]c1N(Cc1ccccc1)Cc1ccccc1)c1nnc2ccccn12,低毒,13.529667,62.692104,250.0,18.477912279733122,3.987743017844799,one>10-other<5,False,False,False,,10.111525,6.832692
O=C(c1nn[nH]c1N(Cc1ccccc1)Cc1ccccc1)C1CCCc2ccccc21,O=C(c1nn[nH]c1N(Cc1ccccc1)Cc1ccccc1)C1CCCc2ccccc21,高毒,11.428651,23.10993,5.0,0.43749695392745824,0.21635721094784796,both<5,True,False,False,,8.953654,-40.977795
O=C(c1nn[nH]c1N(Cc1ccccc1)Cc1ccccc1)c1onc2c1C(=O)n1cnnc1NN2c1ccccc1,O=C(c1nn[nH]c1N(Cc1ccccc1)Cc1ccccc1)c1onc2c1C(=O)n1cnnc1NN2c1ccccc1,中毒,8.246499,25.373991,42.5,5.153702195319492,1.674943448982858,one>5-other<=5,False,False,False,,14.962355,-0.15488008
O=C(C1=NNC2=CC=C[N+]([O-])=C1C2c1ccc(F)s1)c1nn[nH]c1N(Cc1ccccc1)Cc1ccccc1,O=C(C1=NNC2=CC=C[N+]([O-])=C1C2c1ccc(F)s1)c1nn[nH]c1N(Cc1ccccc1)Cc1ccccc1,中毒,14.0433035,17.54973,42.5,3.0263534502405363,2.421689678416705,both<5,False,False,False,,19.378437,20.095367
O=C(Nc1ccc2c(c1)CCC2)c1nn[nH]c1N(Cc1ccccc1)Cc1ccccc1,O=C(Nc1ccc2c(c1)CCC2)c1nn[nH]c1N(Cc1ccccc1)Cc1ccccc1,中毒,10.626951,38.806087,42.5,3.9992656407279945,1.0951890099097084,both<5,False,False,False,,-7.110171,-19.706783
O=C(c1nonc1N1CC1)c1nn[nH]c1N(Cc1ccccc1)Cc1ccccc1,O=C(c1nonc1N1CC1)c1nn[nH]c1N(Cc1ccccc1)Cc1ccccc1,中毒,5.037307,30.879324,42.5,8.437047811459575,1.3763254661922002,one>5-other<=5,True,False,False,,24.771772,6.4172773
O=C(c1nn[nH]c1N(Cc1ccccc1)Cc1ccccc1)C1(Br)C(Br)=NN2CCCC(CC=CI)=NN21,O=C(c1nn[nH]c1N(Cc1ccccc1)Cc1ccccc1)C1(Br)C(Br)=NN2CCCC(CC=CI)=NN21,中毒,13.583489,23.106897,42.5,3.128798499413516,1.8392776840611702,both<5,False,False,False,,0.8929337,-19.445728
O=C(c1ccn[nH]1)c1nn[nH]c1N(Cc1ccccc1)Cc1ccccc1,O=C(c1ccn[nH]1)c1nn[nH]c1N(Cc1ccccc1)Cc1ccccc1,低毒,6.4241095,56.669506,250.0,38.915899549968756,4.41154366159465,one>10-other<5,True,False,False,,11.735384,4.6411304
O=C(c1nn[nH]c1N(Cc1ccccc1)Cc1ccccc1)C1(Cl)OC(Cl)C1c1ccc(Cl)c(Cl)c1,O=C(c1nn[nH]c1N(Cc1ccccc1)Cc1ccccc1)C1(Cl)OC(Cl)C1c1ccc(Cl)c(Cl)c1,中毒,9.4146385,46.46917,42.5,4.514246617116525,0.9145848742295161,both<5,True,False,False,,-3.0879736,-3.5089242
O=C(c1nn[nH]c1N(Cc1ccccc1)Cc1ccccc1)C(F)(F)C(F)(F)C(F)(F)F,O=C(c1nn[nH]c1N(Cc1ccccc1)Cc1ccccc1)C(F)(F)C(F)(F)C(F)(F)F,高毒,8.9606,49.83237,5.0,0.557998348324889,0.10033638777364995,both<5,True,False,False,,-14.897343,-12.8842325
O=C(c1c[n+](-c2ccc(Cl)cc2Cl)c(N2CCNCC2)c(CNc2cccc(Br)c2)n1)c1nn[nH]c1N(Cc1ccccc1)Cc1ccccc1,O=C(c1c[n+](-c2ccc(Cl)cc2Cl)c(N2CCNCC2)c(CNc2cccc(Br)c2)n1)c1nn[nH]c1N(Cc1ccccc1)Cc1ccccc1,低毒,11.747761,19.381754,250.0,21.2806508406155,12.89872939260296,both>10,False,False,False,,-14.759358,11.019054
O=C(c1nn[nH]c1N(Cc1ccccc1)Cc1ccccc1)c1ncnc2c1cnn2-c1cccc(Cl)c1,O=C(c1nn[nH]c1N(Cc1ccccc1)Cc1ccccc1)c1ncnc2c1cnn2-c1cccc(Cl)c1,低毒,7.7471695,106.40436,250.0,32.26985029822828,2.3495277825081606,one>10-other<5,True,False,False,,-12.323404,23.769636
O=C(c1nn[nH]c1N(Cc1ccccc1)Cc1ccccc1)[SH](c1ccc(I)cc1)c1cc([N+](=O)[O-])ccc1C[SH](=O)=O,O=C(c1nn[nH]c1N(Cc1ccccc1)Cc1ccccc1)[SH](c1ccc(I)cc1)c1cc([N+](=O)[O-])ccc1C[SH](=O)=O,低毒,23.106281,23.547396,250.0,10.819568930196946,10.616885196138035,both>10,True,False,False,,-25.806843,1.8989596
O=C(c1nn[nH]c1N(Cc1ccccc1)Cc1ccccc1)c1c(O)cccc1O,O=C(c1nn[nH]c1N(Cc1ccccc1)Cc1ccccc1)c1c(O)cccc1O,低毒,5.415689,15.683915,250.0,46.16217807189445,15.939897659481066,both>10,True,False,False,,1.5658112,2.8759398
O=C(c1csc(Cn2ncc3ncccc32)n1)c1nn[nH]c1N(Cc1ccccc1)Cc1ccccc1,O=C(c1csc(Cn2ncc3ncccc32)n1)c1nn[nH]c1N(Cc1ccccc1)Cc1ccccc1,中毒,3.8930557,31.992182,42.5,10.916874371974693,1.3284495568323536,one>10-other<5,False,False,False,,17.018673,-13.258649
O=C(c1nc(OCCc2cc3cc(-c4cc(F)ccn4)ccc3[nH]2)no1)c1nn[nH]c1N(Cc1ccccc1)Cc1ccccc1,O=C(c1nc(OCCc2cc3cc(-c4cc(F)ccn4)ccc3[nH]2)no1)c1nn[nH]c1N(Cc1ccccc1)Cc1ccccc1,中毒,8.200283,19.226871,42.5,5.182747961259385,2.21044807550849,one>5-other<=5,False,False,False,,13.499528,-1.5707709
O=C(c1cncc(Br)c1OPCI)c1nn[nH]c1N(Cc1ccccc1)Cc1ccccc1,O=C(c1cncc(Br)c1OPCI)c1nn[nH]c1N(Cc1ccccc1)Cc1ccccc1,中毒,3.8245347,41.16868,42.5,11.112462909540342,1.0323381755256666,one>10-other<5,True,False,False,,-11.608786,3.51701
O=C(Sn1ccnc1)c1nn[nH]c1N(Cc1ccccc1)Cc1ccccc1,O=C(Sn1ccnc1)c1nn[nH]c1N(Cc1ccccc1)Cc1ccccc1,高毒,5.052193,41.86337,5.0,0.9896692386850621,0.11943615623873567,both<5,True,True,False,,-16.24407,-5.35892
O=C(c1nn[nH]c1N(Cc1ccccc1)Cc1ccccc1)c1cc(Br)cc[n+]1[O-],O=C(c1nn[nH]c1N(Cc1ccccc1)Cc1ccccc1)c1cc(Br)cc[n+]1[O-],低毒,15.387692,32.172657,250.0,16.24675097474007,7.770573627164209,both<5,True,False,False,,22.707094,17.096037
O=C(c1nnc(-c2cccs2)o1)c1nn[nH]c1N(Cc1ccccc1)Cc1ccccc1,O=C(c1nnc(-c2cccs2)o1)c1nn[nH]c1N(Cc1ccccc1)Cc1ccccc1,中毒,20.270273,36.137024,42.5,2.0966663843155935,1.1760791370091794,both<5,False,False,False,,9.526515,-2.0991023
O=C(c1nn[nH]c1N(Cc1ccccc1)Cc1ccccc1)c1c[nH]c2cc(Br)ccc12,O=C(c1nn[nH]c1N(Cc1ccccc1)Cc1ccccc1)c1c[nH]c2cc(Br)ccc12,中毒,17.915283,21.234655,42.5,2.3722762291837647,2.0014452789555564,both<5,False,False,False,,-19.534742,21.487976
O=C(c1cc(Cl)cc(Cl)c1)c1nn[nH]c1N(Cc1ccccc1)Cc1ccccc1,O=C(c1cc(Cl)cc(Cl)c1)c1nn[nH]c1N(Cc1ccccc1)Cc1ccccc1,低毒,5.037307,34.50007,250.0,49.62969300858574,7.246362108830503,both<5,True,True,False,,7.706751,12.24002
O=C(Oc1ccc2sc(N3CCOCC3)cc2c1)c1nn[nH]c1N(Cc1ccccc1)Cc1ccccc1,O=C(Oc1ccc2sc(N3CCOCC3)cc2c1)c1nn[nH]c1N(Cc1ccccc1)Cc1ccccc1,中毒,12.866191,18.170855,42.5,3.3032309251432688,2.3389103044408204,both<5,True,False,False,,-29.303663,-12.543902
O=C(c1cc(S(=O)(=O)NCc2ccc3ccccc3n2)ccc1O)c1nn[nH]c1N(Cc1ccccc1)Cc1ccccc1,O=C(c1cc(S(=O)(=O)NCc2ccc3ccccc3n2)ccc1O)c1nn[nH]c1N(Cc1ccccc1)Cc1ccccc1,中毒,15.297073,15.362118,42.5,2.7783092883194063,2.7665456026310955,both<5,False,False,False,,-11.822318,14.793076
O=C(c1nn[nH]c1N(Cc1ccccc1)Cc1ccccc1)N1CCN(Cc2ccco2)CC1,O=C(c1nn[nH]c1N(Cc1ccccc1)Cc1ccccc1)N1CCN(Cc2ccco2)CC1,中毒,8.732165,36.287693,42.5,4.867063322784212,1.1711959754509609,both<5,False,False,False,,3.6727138,36.701252
O=C(c1ccc(Nc2cc(Br)c(I)cn2)cc1)c1nn[nH]c1N(Cc1ccccc1)Cc1ccccc1,O=C(c1ccc(Nc2cc(Br)c(I)cn2)cc1)c1nn[nH]c1N(Cc1ccccc1)Cc1ccccc1,低毒,7.7105303,34.50007,250.0,32.423191437299714,7.246362108830503,both<5,True,False,False,,11.795158,13.688756
O=C(c1ccc(CP(=O)(O)O)cc1)c1nn[nH]c1N(Cc1ccccc1)Cc1ccccc1,O=C(c1ccc(CP(=O)(O)O)cc1)c1nn[nH]c1N(Cc1ccccc1)Cc1ccccc1,中毒,5.037307,32.63324,42.5,8.437047811459575,1.3023530608667726,one>5-other<=5,True,True,False,,14.995203,10.264277
O=C(c1nn[nH]c1N(Cc1ccccc1)Cc1ccccc1)c1c[nH]c2cc(-c3ccco3)ccc12,O=C(c1nn[nH]c1N(Cc1ccccc1)Cc1ccccc1)c1c[nH]c2cc(-c3ccco3)ccc12,中毒,19.786402,26.606503,42.5,2.1479397820786215,1.5973538499215774,both<5,False,False,False,,-19.496433,20.70543
O=C(c1nn[nH]c1N(Cc1ccccc1)Cc1ccccc1)C12CC3CC(C1)NC(C3)C2,O=C(c1nn[nH]c1N(Cc1ccccc1)Cc1ccccc1)C12CC3CC(C1)NC(C3)C2,中毒,26.425592,21.612333,42.5,1.6082894188330765,1.9664697929649706,both<5,True,False,False,,-1.8517013,-25.549593
O=C1OCCN1C(=O)c1nn[nH]c1N(Cc1ccccc1)Cc1ccccc1,O=C1OCCN1C(=O)c1nn[nH]c1N(Cc1ccccc1)Cc1ccccc1,中毒,8.3274145,48.421444,42.5,5.103624900621916,0.8777102971154681,one>5-other<=5,False,False,False,,3.2857594,33.569897
O=C(Oc1ccncc1S(=O)(=O)O)c1nn[nH]c1N(Cc1ccccc1)Cc1ccccc1,O=C(Oc1ccncc1S(=O)(=O)O)c1nn[nH]c1N(Cc1ccccc1)Cc1ccccc1,低毒,4.9703856,34.80541,250.0,50.29790847615525,7.182791410875493,both<5,True,False,False,,-28.011587,-8.3413725
O=C(c1nn[nH]c1N(Cc1ccccc1)Cc1ccccc1)c1c(N=C=S)n[nH]c1Nc1ccc(Cl)c(Cl)c1,O=C(c1nn[nH]c1N(Cc1ccccc1)Cc1ccccc1)c1c(N=C=S)n[nH]c1Nc1ccc(Cl)c(Cl)c1,低毒,13.941088,26.393616,250.0,17.932603251625697,9.471987468484803,both<5,False,False,False,,-1.8604804,3.7763681
[N-]=[N+]=Nc1ccc(CC(=O)c2nn[nH]c2N(Cc2ccccc2)Cc2ccccc2)cc1,[N-]=[N+]=Nc1ccc(CC(=O)c2nn[nH]c2N(Cc2ccccc2)Cc2ccccc2)cc1,高毒,5.7670083,65.40903,5.0,0.8670006595967619,0.07644204477577485,both<5,True,False,False,,-7.390314,-7.513383
O=C(c1nn[nH]c1N(Cc1ccccc1)Cc1ccccc1)c1snn[n+]1-c1c[nH]c2ccccc12,O=C(c1nn[nH]c1N(Cc1ccccc1)Cc1ccccc1)c1snn[n+]1-c1c[nH]c2ccccc12,中毒,13.046575,32.43277,42.5,3.257559934312262,1.310403027555155,both<5,False,False,False,,-21.769985,21.34734
O=C(c1cc2cc[nH]c2[nH]1)c1nn[nH]c1N(Cc1ccccc1)Cc1ccccc1,O=C(c1cc2cc[nH]c2[nH]1)c1nn[nH]c1N(Cc1ccccc1)Cc1ccccc1,低毒,15.387692,56.669506,250.0,16.24675097474007,4.41154366159465,one>10-other<5,True,True,False,,5.9878907,9.6224985
O=C(c1nn[nH]c1N(Cc1ccccc1)Cc1ccccc1)N1CCCC1CBr,O=C(c1nn[nH]c1N(Cc1ccccc1)Cc1ccccc1)N1CCCC1CBr,中毒,25.021065,21.923925,42.5,1.6985687859409662,1.9385215010542136,both<5,False,False,False,,-0.9424979,33.655273
O=C(Oc1cccc(Br)c1)c1nn[nH]c1N(Cc1ccccc1)Cc1ccccc1,O=C(Oc1cccc(Br)c1)c1nn[nH]c1N(Cc1ccccc1)Cc1ccccc1,低毒,10.256438,25.876787,250.0,24.374934065803355,9.66116852142424,both<5,True,False,False,,-28.154705,-11.276975
O=C(c1nn[nH]c1N(Cc1ccccc1)Cc1ccccc1)N1CCCN(c2ccnc3c(C(F)(F)F)cccc23)CC1,O=C(c1nn[nH]c1N(Cc1ccccc1)Cc1ccccc1)N1CCCN(c2ccnc3c(C(F)(F)F)cccc23)CC1,中毒,19.42834,20.67045,42.5,2.1875260572956825,2.0560752184882283,both<5,False,False,False,,5.709459,40.661472
O=C(c1ccc2s[nH]c(=O)c2c1)c1nn[nH]c1N(Cc1ccccc1)Cc1ccccc1,O=C(c1ccc2s[nH]c(=O)c2c1)c1nn[nH]c1N(Cc1ccccc1)Cc1ccccc1,中毒,12.27202,56.669506,42.5,3.463162543737706,0.7499624224710906,both<5,True,False,False,,15.144801,14.888915
O=C(c1nn[nH]c1N(Cc1ccccc1)Cc1ccccc1)c1nnc(Cl)c(O)c1O,O=C(c1nn[nH]c1N(Cc1ccccc1)Cc1ccccc1)c1nnc(Cl)c(O)c1O,低毒,9.807257,57.935555,250.0,25.491327493508123,4.315139468328214,one>10-other<5,True,False,False,,7.6512785,6.399961
O=C1CC2CC3C(CC3(C(=O)c3nn[nH]c3N(Cc3ccccc3)Cc3ccccc3)C1)O2,O=C1CC2CC3C(CC3(C(=O)c3nn[nH]c3N(Cc3ccccc3)Cc3ccccc3)C1)O2,中毒,10.166119,11.128978,42.5,4.180553070449008,3.81885919803238,both<5,True,False,False,,-3.1154106,-25.45325
O=C(c1nn[nH]c1N(Cc1ccccc1)Cc1ccccc1)c1[nH]ncc1Br,O=C(c1nn[nH]c1N(Cc1ccccc1)Cc1ccccc1)c1[nH]ncc1Br,中毒,16.226608,56.669506,42.5,2.6191549090235005,0.7499624224710906,both<5,False,False,False,,2.3904335,13.608947
O=C(c1nn[nH]c1N(Cc1ccccc1)Cc1ccccc1)N1CCOC1c1ccncc1,O=C(c1nn[nH]c1N(Cc1ccccc1)Cc1ccccc1)N1CCOC1c1ccncc1,中毒,8.566201,45.697975,42.5,4.961359183610098,0.9300193279899164,both<5,False,False,False,,4.0582466,31.89906
O=C(c1ccncc1Cl)c1nn[nH]c1N(Cc1ccccc1)Cc1ccccc1,O=C(c1ccncc1Cl)c1nn[nH]c1N(Cc1ccccc1)Cc1ccccc1,低毒,3.4502869,34.049644,250.0,72.45774257207422,7.342220670500989,both<5,True,False,False,,-11.927841,6.356064
Cc1c(C(=O)c2nn[nH]c2N(Cc2ccccc2)Cc2ccccc2)cc(C(F)(F)F)cc1[N+](=O)[O-],Cc1c(C(=O)c2nn[nH]c2N(Cc2ccccc2)Cc2ccccc2)cc(C(F)(F)F)cc1[N+](=O)[O-],中毒,15.316387,23.433012,42.5,2.7748058337779007,1.8136806314100806,both<5,True,False,False,,-20.668217,6.507222
O=C(SCBr)c1nn[nH]c1N(Cc1ccccc1)Cc1ccccc1,O=C(SCBr)c1nn[nH]c1N(Cc1ccccc1)Cc1ccccc1,低毒,5.052193,41.86337,250.0,49.48346193425311,5.971807811936784,both<5,True,True,False,,-10.818089,-8.798734
O=C(c1csnn1)c1nn[nH]c1N(Cc1ccccc1)Cc1ccccc1,O=C(c1csnn1)c1nn[nH]c1N(Cc1ccccc1)Cc1ccccc1,低毒,7.2023005,22.001596,250.0,34.71113153359819,11.36281204327177,both>10,True,False,False,,18.440596,-4.297926
O=C(c1nn[nH]c1N(Cc1ccccc1)Cc1ccccc1)c1nc[n+]([O-])c2cc([SH](F)(F)(F)F)ccc2c1=O,O=C(c1nn[nH]c1N(Cc1ccccc1)Cc1ccccc1)c1nc[n+]([O-])c2cc([SH](F)(F)(F)F)ccc2c1=O,低毒,10.951988,36.893288,250.0,22.82690594620812,6.776300339508911,both<5,True,False,False,,20.81008,16.681433
O=C(c1nn[nH]c1N(Cc1ccccc1)Cc1ccccc1)C12CC3CC(C1)C(C3)C2,O=C(c1nn[nH]c1N(Cc1ccccc1)Cc1ccccc1)C12CC3CC(C1)C(C3)C2,中毒,10.166119,10.310754,42.5,4.180553070449008,4.1219099980467,both<5,True,False,False,,-1.8425709,-25.670515
O=C(c1nn[nH]c1N(Cc1ccccc1)Cc1ccccc1)N1CC1,O=C(c1nn[nH]c1N(Cc1ccccc1)Cc1ccccc1)N1CC1,中毒,8.732165,25.051384,42.5,4.867063322784212,1.6965130549274245,both<5,False,False,False,,1.5426079,36.915794
O=C(c1ccncc1-c1ccc2nc[nH]c2c1)c1nn[nH]c1N(Cc1ccccc1)Cc1ccccc1,O=C(c1ccncc1-c1ccc2nc[nH]c2c1)c1nn[nH]c1N(Cc1ccccc1)Cc1ccccc1,中毒,5.923411,32.831234,42.5,7.174919991201016,1.2944990127389058,one>5-other<=5,True,False,False,,-10.22248,24.948748
O=C(c1nn[nH]c1N(Cc1ccccc1)Cc1ccccc1)N1CCCC1,O=C(c1nn[nH]c1N(Cc1ccccc1)Cc1ccccc1)N1CCCC1,中毒,25.021065,25.051384,42.5,1.6985687859409662,1.6965130549274245,both<5,False,False,False,,0.7974393,36.689888
O=C(C(=Cc1ccc(OC[118F])cc1Br)Nc1c(Cl)ccc(Cl)c1Cl)c1nn[nH]c1N(Cc1ccccc1)Cc1ccccc1,O=C(C(=Cc1ccc(OC[118F])cc1Br)Nc1c(Cl)ccc(Cl)c1Cl)c1nn[nH]c1N(Cc1ccccc1)Cc1ccccc1,中毒,7.275344,67.05767,42.5,5.8416481749866405,0.6337828320011715,one>5-other<=5,False,False,False,,-7.153298,-4.046547
O=C(NC1CC1)c1nn[nH]c1N(Cc1ccccc1)Cc1ccccc1,O=C(NC1CC1)c1nn[nH]c1N(Cc1ccccc1)Cc1ccccc1,中毒,9.143364,25.051384,42.5,4.648179816531421,1.6965130549274245,both<5,True,False,False,,3.1485093,-23.007614
O=C(c1csc(Nc2ccccn2)n1)c1nn[nH]c1N(Cc1ccccc1)Cc1ccccc1,O=C(c1csc(Nc2ccccn2)n1)c1nn[nH]c1N(Cc1ccccc1)Cc1ccccc1,低毒,5.8860874,10.611208,250.0,42.47303565353107,23.55999430036618,both>10,True,False,False,,19.601671,-14.35171
O=C(c1nn[nH]c1N(Cc1ccccc1)Cc1ccccc1)N1CCc2sccc2C1F,O=C(c1nn[nH]c1N(Cc1ccccc1)Cc1ccccc1)N1CCc2sccc2C1F,中毒,14.544382,16.102783,42.5,2.922090467645858,2.6392953317448296,both<5,False,False,False,,-2.5170481,36.287537
O=C(OCc1ccccc1)c1nn[nH]c1N(Cc1ccccc1)Cc1ccccc1,O=C(OCc1ccccc1)c1nn[nH]c1N(Cc1ccccc1)Cc1ccccc1,高毒,7.140232,34.70963,5.0,0.700257358584427,0.14405224140966066,both<5,False,False,False,,-23.507568,-7.876059
O=C(c1nn[nH]c1N(Cc1ccccc1)Cc1ccccc1)C1CC=CCC1,O=C(c1nn[nH]c1N(Cc1ccccc1)Cc1ccccc1)C1CC=CCC1,高毒,6.35907,22.30062,5.0,0.7862784966984165,0.22420901302295632,both<5,True,False,False,,6.457101,-33.33539
O=C(CSc1nccs1)c1nn[nH]c1N(Cc1ccccc1)Cc1ccccc1,O=C(CSc1nccs1)c1nn[nH]c1N(Cc1ccccc1)Cc1ccccc1,中毒,11.7344055,56.60067,42.5,3.621828136073873,0.7508745037823757,both<5,True,True,False,,6.4442096,-12.289398
O=C(c1nn[nH]c1N(Cc1ccccc1)Cc1ccccc1)C(Nc1ccccn1)C(Br)(NCCl)OC[n+]1cncnc1Cl,O=C(c1nn[nH]c1N(Cc1ccccc1)Cc1ccccc1)C(Nc1ccccn1)C(Br)(NCCl)OC[n+]1cncnc1Cl,中毒,11.140956,35.855057,42.5,3.8147534197244837,1.1853279162267123,both<5,True,False,False,,-19.853922,-22.471186
O=C(c1cc2ccccc2[nH]1)c1nn[nH]c1N(Cc1ccccc1)Cc1ccccc1,O=C(c1cc2ccccc2[nH]1)c1nn[nH]c1N(Cc1ccccc1)Cc1ccccc1,低毒,16.020447,31.82146,250.0,15.60505771156073,7.856333430332864,both<5,True,False,False,,5.070056,10.133828
O=C(c1nn[nH]c1N(Cc1ccccc1)Cc1ccccc1)c1sccc1-c1o[n+]([O-])cc1Cl,O=C(c1nn[nH]c1N(Cc1ccccc1)Cc1ccccc1)c1sccc1-c1o[n+]([O-])cc1Cl,中毒,6.8388767,17.239014,42.5,6.214470864783978,2.4653382148190146,one>5-other<=5,False,False,False,,3.5918603,-8.049272
O=C(Nn1ncc2ccccc21)c1nn[nH]c1N(Cc1ccccc1)Cc1ccccc1,O=C(Nn1ncc2ccccc21)c1nn[nH]c1N(Cc1ccccc1)Cc1ccccc1,低毒,36.71381,19.964197,250.0,6.809426752494497,12.522417004801145,both<5,True,False,False,,-6.5746737,-21.2495
O=C(c1nn[nH]c1N(Cc1ccccc1)Cc1ccccc1)c1n[nH]c2cc(Cl)ccc12,O=C(c1nn[nH]c1N(Cc1ccccc1)Cc1ccccc1)c1n[nH]c2cc(Cl)ccc12,低毒,14.610249,53.6493,250.0,17.111275790029314,4.659893046134806,one>10-other<5,False,False,False,,31.86931,3.5829535
O=C(c1nn[nH]c1N(Cc1ccccc1)Cc1ccccc1)c1ccnc2cccnc12,O=C(c1nn[nH]c1N(Cc1ccccc1)Cc1ccccc1)c1ccnc2cccnc12,中毒,13.765743,20.805614,42.5,3.0873742158341906,2.0427178933532075,both<5,True,False,False,,-6.162902,5.0330763
NS(=O)(=O)C(=O)c1nn[nH]c1N(Cc1ccccc1)Cc1ccccc1,NS(=O)(=O)C(=O)c1nn[nH]c1N(Cc1ccccc1)Cc1ccccc1,低毒,12.68541,69.663536,250.0,19.707679925205415,3.5886780137028937,one>10-other<5,True,False,False,,-11.936169,-27.296892
O=C(c1nn[nH]c1N(Cc1ccccc1)Cc1ccccc1)c1nc(Nc2nnc3cc4[nH]ncc4n3n2)nc(O)c1OC(F)(F)F,O=C(c1nn[nH]c1N(Cc1ccccc1)Cc1ccccc1)c1nc(Nc2nnc3cc4[nH]ncc4n3n2)nc(O)c1OC(F)(F)F,中毒,14.023423,70.24745,42.5,3.030643802158717,0.605004167411059,both<5,False,False,False,,16.469746,20.265083
O=C(c1nn[nH]c1N(Cc1ccccc1)Cc1ccccc1)S(CSC1NC=Nc2cccc(Cl)c21)=NC1CCNC1,O=C(c1nn[nH]c1N(Cc1ccccc1)Cc1ccccc1)S(CSC1NC=Nc2cccc(Cl)c21)=NC1CCNC1,中毒,14.496804,10.493414,42.5,2.931680665614297,4.0501594619253565,both<5,True,False,False,,6.633939,-25.831198
O=C(c1nn[nH]c1N(Cc1ccccc1)Cc1ccccc1)[n+]1ccccc1,O=C(c1nn[nH]c1N(Cc1ccccc1)Cc1ccccc1)[n+]1ccccc1,高毒,7.2297215,24.44561,5.0,0.6915895722954196,0.20453570191130432,both<5,True,False,False,,-2.6478894,-14.949026
O=C1NN(C(=O)c2nn[nH]c2N(Cc2ccccc2)Cc2ccccc2)Cc2c1[nH]c1ccccc21,O=C1NN(C(=O)c2nn[nH]c2N(Cc2ccccc2)Cc2ccccc2)Cc2c1[nH]c1ccccc21,低毒,7.550425,11.804778,250.0,33.1107189330402,21.177865437198395,both>10,False,False,False,,-4.057625,35.911716
O=C(OP(=O)(O)O)c1nn[nH]c1N(Cc1ccccc1)Cc1ccccc1,O=C(OP(=O)(O)O)c1nn[nH]c1N(Cc1ccccc1)Cc1ccccc1,低毒,66.658226,25.876787,250.0,3.7504748476204575,9.66116852142424,one>5-other<=5,False,False,False,,-23.161776,-10.649944
O=C(c1nn[nH]c1N(Cc1ccccc1)Cc1ccccc1)C(c1ccc(O)cc1)c1cnnc[n+]1Br,O=C(c1nn[nH]c1N(Cc1ccccc1)Cc1ccccc1)C(c1ccc(O)cc1)c1cnnc[n+]1Br,中毒,15.220251,42.826473,42.5,2.7923323997744847,0.9923768413056102,both<5,False,False,False,,-21.768408,-20.317732
O=C(SC(=Nc1ccccc1N1CCOCC1)Nc1cc2ccccc2cc1Cl)c1nn[nH]c1N(Cc1ccccc1)Cc1ccccc1,O=C(SC(=Nc1ccccc1N1CCOCC1)Nc1cc2ccccc2cc1Cl)c1nn[nH]c1N(Cc1ccccc1)Cc1ccccc1,中毒,13.54244,57.86043,42.5,3.138282318400525,0.7345261692662844,both<5,True,False,False,,8.573671,31.94191
O=C(c1nn[nH]c1N(Cc1ccccc1)Cc1ccccc1)c1c(O)ccc2sccc12,O=C(c1nn[nH]c1N(Cc1ccccc1)Cc1ccccc1)c1c(O)ccc2sccc12,中毒,7.503785,31.12242,42.5,5.663808331395423,1.3655750420436457,one>5-other<=5,False,False,False,,2.4638538,2.1323247
O=C(c1csc(-c2csc(NC3=NCCC3)n2)n1)c1nn[nH]c1N(Cc1ccccc1)Cc1ccccc1,O=C(c1csc(-c2csc(NC3=NCCC3)n2)n1)c1nn[nH]c1N(Cc1ccccc1)Cc1ccccc1,中毒,9.996985,16.874786,42.5,4.251281761451077,2.5185504574695052,both<5,False,False,False,,19.355457,-12.597934
O=C(c1csc(O)n1)c1nn[nH]c1N(Cc1ccccc1)Cc1ccccc1,O=C(c1csc(O)n1)c1nn[nH]c1N(Cc1ccccc1)Cc1ccccc1,低毒,5.037307,27.793814,250.0,49.62969300858574,8.99480726178854,both<5,True,True,False,,18.260635,-12.480582
O=C(c1ccc(-c2cccs2)o1)c1nn[nH]c1N(Cc1ccccc1)Cc1ccccc1,O=C(c1ccc(-c2cccs2)o1)c1nn[nH]c1N(Cc1ccccc1)Cc1ccccc1,中毒,8.297835,46.387737,42.5,5.121817919975512,0.9161904147210285,one>5-other<=5,False,False,False,,9.393,-2.0763023
O=C(c1nn[nH]c1N(Cc1ccccc1)Cc1ccccc1)c1occc1Br,O=C(c1nn[nH]c1N(Cc1ccccc1)Cc1ccccc1)c1occc1Br,中毒,6.236171,60.39891,42.5,6.815079317100189,0.7036550825172176,one>5-other<=5,True,False,False,,0.7911662,11.319624
O=C(c1nn[nH]c1N(Cc1ccccc1)Cc1ccccc1)C(O[N+](=O)[O-])n1nnnc1O,O=C(c1nn[nH]c1N(Cc1ccccc1)Cc1ccccc1)C(O[N+](=O)[O-])n1nnnc1O,中毒,14.594956,22.135231,42.5,2.9119649281573716,1.920016104643317,both<5,False,False,False,,-18.426525,-19.412281
O=C(c1nn[nH]c1N(Cc1ccccc1)Cc1ccccc1)N1CCOCC1F,O=C(c1nn[nH]c1N(Cc1ccccc1)Cc1ccccc1)N1CCOCC1F,中毒,7.233535,24.974611,42.5,5.875412229290382,1.7017282070980004,one>5-other<=5,False,False,False,,4.6991186,32.58703
O=C(c1nn[nH]c1N(Cc1ccccc1)Cc1ccccc1)S(=O)(=O)c1ccsc1,O=C(c1nn[nH]c1N(Cc1ccccc1)Cc1ccccc1)S(=O)(=O)c1ccsc1,中毒,8.873394,62.87364,42.5,4.789599109427577,0.6759589551360474,both<5,True,False,False,,-12.023272,-30.717064
O=C(c1nc(C2=CC(F)C2)n[nH]1)c1nn[nH]c1N(Cc1ccccc1)Cc1ccccc1,O=C(c1nc(C2=CC(F)C2)n[nH]1)c1nn[nH]c1N(Cc1ccccc1)Cc1ccccc1,中毒,5.4532914,38.702,42.5,7.793458460701366,1.0981344633352281,one>5-other<=5,True,False,False,,15.446654,4.0693874
NC1CCC(N)N(CNC(=O)C(=O)c2nn[nH]c2N(Cc2ccccc2)Cc2ccccc2)C1CO,NC1CCC(N)N(CNC(=O)C(=O)c2nn[nH]c2N(Cc2ccccc2)Cc2ccccc2)C1CO,中毒,14.017293,32.241837,42.5,3.0319691541012945,1.3181631059049148,both<5,True,False,False,,8.701082,-21.314426
O=C(c1cnn(-c2cnn(CBr)c2)c1-n1cccn1)c1nn[nH]c1N(Cc1ccccc1)Cc1ccccc1,O=C(c1cnn(-c2cnn(CBr)c2)c1-n1cccn1)c1nn[nH]c1N(Cc1ccccc1)Cc1ccccc1,中毒,6.603815,33.28982,42.5,6.4356739248449575,1.2766665605281133,one>5-other<=5,True,False,False,,-10.117158,4.31597
O=C(c1nn[nH]c1N(Cc1ccccc1)Cc1ccccc1)S(=O)(=O)C1CSCCO1,O=C(c1nn[nH]c1N(Cc1ccccc1)Cc1ccccc1)S(=O)(=O)C1CSCCO1,低毒,13.999463,32.444996,250.0,17.857827832396143,7.705348461130955,both<5,False,False,False,,-10.29111,-27.890564
O=C(Nc1sc2c(c1[N+](=O)[O-])C(=O)c1cc(F)ccc1-2)c1nn[nH]c1N(Cc1ccccc1)Cc1ccccc1,O=C(Nc1sc2c(c1[N+](=O)[O-])C(=O)c1cc(F)ccc1-2)c1nn[nH]c1N(Cc1ccccc1)Cc1ccccc1,中毒,14.166747,12.898468,42.5,2.99998298833176,3.2949649524269087,both<5,False,False,False,,-19.520746,-2.3416393
O=C(Oc1ccccc1)c1nn[nH]c1N(Cc1ccccc1)Cc1ccccc1,O=C(Oc1ccccc1)c1nn[nH]c1N(Cc1ccccc1)Cc1ccccc1,低毒,10.256438,34.70963,250.0,24.374934065803355,7.202612070483034,both<5,True,False,False,,-27.25008,-11.003829
O=C(c1nn[nH]c1N(Cc1ccccc1)Cc1ccccc1)S(=O)(=O)N1CC1,O=C(c1nn[nH]c1N(Cc1ccccc1)Cc1ccccc1)S(=O)(=O)N1CC1,低毒,12.68541,49.83991,250.0,19.707679925205415,5.016060422259992,both<5,False,False,False,,-10.96594,-27.223719
O=C(c1nn[nH]c1N(Cc1ccccc1)Cc1ccccc1)c1sc2cc(Cl)ccc2c1F,O=C(c1nn[nH]c1N(Cc1ccccc1)Cc1ccccc1)c1sc2cc(Cl)ccc2c1F,中毒,12.178491,60.01921,42.5,3.4897591171188616,0.7081066211967801,both<5,False,False,False,,0.27932593,22.278927
O=C(CN1CCOCC1)c1nn[nH]c1N(Cc1ccccc1)Cc1ccccc1,O=C(CN1CCOCC1)c1nn[nH]c1N(Cc1ccccc1)Cc1ccccc1,高毒,4.9206624,53.697197,5.0,1.0161233577007842,0.09311472999233088,both<5,True,False,False,,6.5446935,32.50136
O=C(c1cc(F)ccc1Cl)c1nn[nH]c1N(Cc1ccccc1)Cc1ccccc1,O=C(c1cc(F)ccc1Cl)c1nn[nH]c1N(Cc1ccccc1)Cc1ccccc1,中毒,4.1356435,22.11593,42.5,10.276514404590243,1.9216917398454418,one>10-other<5,True,False,False,,-12.9706,17.642143
O=C(c1cnn(S(=O)(=O)c2ccc(Cl)cc2)n1)c1nn[nH]c1N(Cc1ccccc1)Cc1ccccc1,O=C(c1cnn(S(=O)(=O)c2ccc(Cl)cc2)n1)c1nn[nH]c1N(Cc1ccccc1)Cc1ccccc1,中毒,28.908344,15.368224,42.5,1.470163770017404,2.7654464172307742,both<5,True,False,False,,24.932905,-12.408955
O=C(c1ccc(N2CCOCC2CO)cc1)c1nn[nH]c1N(Cc1ccccc1)Cc1ccccc1,O=C(c1ccc(N2CCOCC2CO)cc1)c1nn[nH]c1N(Cc1ccccc1)Cc1ccccc1,中毒,6.0211134,28.352098,42.5,7.05849519459308,1.4990072339620157,one>5-other<=5,True,False,False,,14.566312,9.120859
N#CN1CCC(C(=O)c2nn[nH]c2N(Cc2ccccc2)Cc2ccccc2)C1,N#CN1CCC(C(=O)c2nn[nH]c2N(Cc2ccccc2)Cc2ccccc2)C1,中毒,18.126776,20.262547,42.5,2.3445978479570773,2.097465831911457,both<5,True,False,False,,8.635033,-30.917934
O=C(c1nn[nH]c1N(Cc1ccccc1)Cc1ccccc1)N1CCN(c2c(-c3cncs3)coc3ncc(-c4ccc(Br)cc4)c2-3)CC1,O=C(c1nn[nH]c1N(Cc1ccccc1)Cc1ccccc1)N1CCN(c2c(-c3cncs3)coc3ncc(-c4ccc(Br)cc4)c2-3)CC1,中毒,11.728049,10.92298,42.5,3.6237911352519077,3.8908795951288018,both<5,False,False,False,,4.3902397,40.860714
O=C(c1ccc(Br)s1)c1nn[nH]c1N(Cc1ccccc1)Cc1ccccc1,O=C(c1ccc(Br)s1)c1nn[nH]c1N(Cc1ccccc1)Cc1ccccc1,低毒,5.02923,21.606764,250.0,49.709398854297774,11.570450808830051,both>10,True,True,False,,5.6094813,-2.9164252
O=C(c1nn[nH]c1N(Cc1ccccc1)Cc1ccccc1)N1CC=CCC1,O=C(c1nn[nH]c1N(Cc1ccccc1)Cc1ccccc1)N1CC=CCC1,中毒,8.732165,23.7656,42.5,4.867063322784212,1.7882990540949946,both<5,False,False,False,,1.0725514,37.561314
O=C(Oc1cccc2cnccc12)c1nn[nH]c1N(Cc1ccccc1)Cc1ccccc1,O=C(Oc1cccc2cnccc12)c1nn[nH]c1N(Cc1ccccc1)Cc1ccccc1,低毒,11.530368,24.477404,250.0,21.681875201207802,10.213501399086276,both>10,True,False,False,,-28.382505,-8.189944
O=C(c1nn[nH]c1N(Cc1ccccc1)Cc1ccccc1)c1coc2ccccc2c1=O,O=C(c1nn[nH]c1N(Cc1ccccc1)Cc1ccccc1)c1coc2ccccc2c1=O,低毒,11.944199,59.342094,250.0,20.930662658919196,4.212861110024193,one>10-other<5,True,True,False,,-1.6178818,18.007545
O=C(c1cc2c(Br)cccc2[nH]1)c1nn[nH]c1N(Cc1ccccc1)Cc1ccccc1,O=C(c1cc2c(Br)cccc2[nH]1)c1nn[nH]c1N(Cc1ccccc1)Cc1ccccc1,低毒,16.020447,32.746445,250.0,15.60505771156073,7.634416499256637,both<5,True,False,False,,4.271621,10.446239
O=C(c1ncc[nH]1)c1nn[nH]c1N(Cc1ccccc1)Cc1ccccc1,O=C(c1ncc[nH]1)c1nn[nH]c1N(Cc1ccccc1)Cc1ccccc1,微毒,6.8554707,41.86337,137.5,20.05697435188513,3.284494296565231,one>10-other<5,True,True,False,,13.314306,3.8140025
O=C(OC1C(O)SC1n1cnc2c(NC3COC3)ncnc21)c1nn[nH]c1N(Cc1ccccc1)Cc1ccccc1,O=C(OC1C(O)SC1n1cnc2c(NC3COC3)ncnc21)c1nn[nH]c1N(Cc1ccccc1)Cc1ccccc1,中毒,9.5343485,24.03849,42.5,4.457567289469228,1.7679979066904785,both<5,True,False,False,,-2.0876963,-30.923643
O=C(c1cccc(Br)c1)c1nn[nH]c1N(Cc1ccccc1)Cc1ccccc1,O=C(c1cccc(Br)c1)c1nn[nH]c1N(Cc1ccccc1)Cc1ccccc1,中毒,6.53202,34.50007,42.5,6.506409962002565,1.2318815585011855,one>5-other<=5,True,True,False,,8.0103855,14.817813
O=C(O)c1ccc(C(=O)c2nn[nH]c2N(Cc2ccccc2)Cc2ccccc2)cc1,O=C(O)c1ccc(C(=O)c2nn[nH]c2N(Cc2ccccc2)Cc2ccccc2)cc1,低毒,5.037307,26.775206,250.0,49.62969300858574,9.33699632413659,both<5,True,True,False,,13.192119,9.801616
O=C(c1nn[nH]c1N(Cc1ccccc1)Cc1ccccc1)c1nssc1=NCCN(Cc1nc(-c2nccs2)co1)c1cn2ccsc2n1,O=C(c1nn[nH]c1N(Cc1ccccc1)Cc1ccccc1)c1nssc1=NCCN(Cc1nc(-c2nccs2)co1)c1cn2ccsc2n1,中毒,11.268372,25.232527,42.5,3.771618473369534,1.6843338758737878,both<5,False,False,False,,9.126543,-12.367285
O=C(c1nn[nH]c1N(Cc1ccccc1)Cc1ccccc1)c1cccc2oc(N3CCCCC3F)nc(=O)c12,O=C(c1nn[nH]c1N(Cc1ccccc1)Cc1ccccc1)c1cccc2oc(N3CCCCC3F)nc(=O)c12,中毒,26.506607,18.738924,42.5,1.6033738305321388,2.26800642342111,both<5,False,False,False,,-4.0727053,19.042257
O=C(c1nn[nH]c1N(Cc1ccccc1)Cc1ccccc1)[SH](Cl)CC(Cl)(Cl)Cl,O=C(c1nn[nH]c1N(Cc1ccccc1)Cc1ccccc1)[SH](Cl)CC(Cl)(Cl)Cl,低毒,5.262189,27.284857,250.0,47.508745885029974,9.162591542993978,both<5,True,False,False,,-5.357202,-12.032907
O=C(c1nn[nH]c1N(Cc1ccccc1)Cc1ccccc1)c1[nH]nc[n+]1[O-],O=C(c1nn[nH]c1N(Cc1ccccc1)Cc1ccccc1)c1[nH]nc[n+]1[O-],低毒,7.6939373,41.86337,250.0,32.493116365791025,5.971807811936784,both<5,True,False,False,,21.115618,16.742188
O=C(c1nn[nH]c1N(Cc1ccccc1)Cc1ccccc1)c1ccc(O)c2ccccc12,O=C(c1nn[nH]c1N(Cc1ccccc1)Cc1ccccc1)c1ccc(O)c2ccccc12,中毒,7.0350223,19.057148,42.5,6.0412033093342155,2.230134330698381,one>5-other<=5,False,False,False,,-5.7180977,15.756561
O=C(c1cnn2c1C1CSC(=S)N2CC(O)C1)c1nn[nH]c1N(Cc1ccccc1)Cc1ccccc1,O=C(c1cnn2c1C1CSC(=S)N2CC(O)C1)c1nn[nH]c1N(Cc1ccccc1)Cc1ccccc1,中毒,14.080299,51.1797,42.5,3.0184018109274526,0.8304073685465136,both<5,False,False,False,,3.2421527,19.127577
O=C(c1cc(Cl)ccc1O)c1nn[nH]c1N(Cc1ccccc1)Cc1ccccc1,O=C(c1cc(Cl)ccc1O)c1nn[nH]c1N(Cc1ccccc1)Cc1ccccc1,低毒,5.415689,19.154457,250.0,46.16217807189445,13.051792593233,both>10,True,False,False,,-13.292204,14.204177
O=C(c1nn[nH]c1N(Cc1ccccc1)Cc1ccccc1)C1OC2OC(CF)CN2C12C(O)C1=C(O)C3(Cl)OC2(F)C(=O)C13,O=C(c1nn[nH]c1N(Cc1ccccc1)Cc1ccccc1)C1OC2OC(CF)CN2C12C(O)C1=C(O)C3(Cl)OC2(F)C(=O)C13,中毒,7.863573,13.503714,42.5,5.404667827207811,3.147282295818765,one>5-other<=5,False,False,False,,4.444175,-29.039694
O=C(c1nn[nH]c1N(Cc1ccccc1)Cc1ccccc1)C1COCSC1,O=C(c1nn[nH]c1N(Cc1ccccc1)Cc1ccccc1)C1COCSC1,高毒,3.9721262,38.401184,5.0,1.258771687566221,0.1302043187001734,both<5,True,False,False,,7.7706585,-35.1325
O=C(c1nn[nH]c1N(Cc1ccccc1)Cc1ccccc1)C12CC3CC(C1)OC(C3)C2,O=C(c1nn[nH]c1N(Cc1ccccc1)Cc1ccccc1)C12CC3CC(C1)OC(C3)C2,中毒,10.166119,11.312037,42.5,4.180553070449008,3.757059846957714,both<5,True,False,False,,-2.2479608,-25.447277
O=C(c1nn[nH]c1N(Cc1ccccc1)Cc1ccccc1)N(C(=S)N=Nc1ccsc1)c1cccc(I)c1,O=C(c1nn[nH]c1N(Cc1ccccc1)Cc1ccccc1)N(C(=S)N=Nc1ccsc1)c1cccc(I)c1,中毒,8.579593,38.86608,42.5,4.953614932549831,1.0934984953460705,both<5,False,False,False,,-17.459938,29.386547
O=C(c1ccc([18F])o1)c1nn[nH]c1N(Cc1ccccc1)Cc1ccccc1,O=C(c1ccc([18F])o1)c1nn[nH]c1N(Cc1ccccc1)Cc1ccccc1,中毒,6.295896,64.433624,42.5,6.750429168461487,0.6595935066449158,one>5-other<=5,True,False,False,,8.853399,0.40413684
O=C(c1nn[nH]c1N(Cc1ccccc1)Cc1ccccc1)c1no[n+]([O-])c1NO,O=C(c1nn[nH]c1N(Cc1ccccc1)Cc1ccccc1)c1no[n+]([O-])c1NO,中毒,15.341533,21.154076,42.5,2.7702577050155286,2.0090690796421455,both<5,True,False,False,,21.670473,25.71477
O=C(c1nn[nH]c1N(Cc1ccccc1)Cc1ccccc1)C(Cl)c1ccc(Br)c(S(=O)(=O)NCC2CCNC2)c1,O=C(c1nn[nH]c1N(Cc1ccccc1)Cc1ccccc1)C(Cl)c1ccc(Br)c(S(=O)(=O)NCC2CCNC2)c1,中毒,9.138851,44.113987,42.5,4.650475207441286,0.9634132593818826,both<5,False,False,False,,-18.665918,-23.40927
O=C(c1c[nH]cc1Br)c1nn[nH]c1N(Cc1ccccc1)Cc1ccccc1,O=C(c1c[nH]cc1Br)c1nn[nH]c1N(Cc1ccccc1)Cc1ccccc1,高毒,15.646089,34.50007,5.0,0.31956867943164585,0.14492724217661007,both<5,True,False,False,,-2.1481044,12.351377
O=C(OC1CCC1)c1nn[nH]c1N(Cc1ccccc1)Cc1ccccc1,O=C(OC1CCC1)c1nn[nH]c1N(Cc1ccccc1)Cc1ccccc1,高毒,6.4241095,37.091206,5.0,0.778317990999375,0.13480284248508934,both<5,True,False,False,,-2.3257892,-30.750511
O=C(c1nn[nH]c1N(Cc1ccccc1)Cc1ccccc1)c1c(O)[nH]c2ccccc12,O=C(c1nn[nH]c1N(Cc1ccccc1)Cc1ccccc1)c1c(O)[nH]c2ccccc12,中毒,14.818398,29.098383,42.5,2.8680563175587537,1.460562258734446,both<5,False,False,False,,-0.13224468,1.2697661
O=C(c1ccc2conc2c1)c1nn[nH]c1N(Cc1ccccc1)Cc1ccccc1,O=C(c1ccc2conc2c1)c1nn[nH]c1N(Cc1ccccc1)Cc1ccccc1,高毒,13.950841,34.579483,5.0,0.35840133222076004,0.14459441166312403,both<5,False,False,False,,14.086105,17.660778
[N-]=[N+]=NCC(F)(F)C(=O)c1nn[nH]c1N(Cc1ccccc1)Cc1ccccc1,[N-]=[N+]=NCC(F)(F)C(=O)c1nn[nH]c1N(Cc1ccccc1)Cc1ccccc1,中毒,10.15559,37.68041,42.5,4.184887337909466,1.1279070477205528,both<5,True,False,False,,-15.12224,-11.826074
O=C(c1cc(I)c2[nH]ccc2c1)c1nn[nH]c1N(Cc1ccccc1)Cc1ccccc1,O=C(c1cc(I)c2[nH]ccc2c1)c1nn[nH]c1N(Cc1ccccc1)Cc1ccccc1,中毒,6.6625533,34.50007,42.5,6.378935835305063,1.2318815585011855,one>5-other<=5,True,False,False,,12.002646,15.345896
O=C(c1nc2ccccc2[nH]1)c1nn[nH]c1N(Cc1ccccc1)Cc1ccccc1,O=C(c1nc2ccccc2[nH]1)c1nn[nH]c1N(Cc1ccccc1)Cc1ccccc1,中毒,12.169352,40.16329,42.5,3.492379873636657,1.0581802437001548,both<5,True,True,False,,-0.7448156,-6.4701033
O=C(c1nn[nH]c1N(Cc1ccccc1)Cc1ccccc1)c1cn(CCO)c2c(Br)c(Cl)c(Cl)c(Cl)c12,O=C(c1nn[nH]c1N(Cc1ccccc1)Cc1ccccc1)c1cn(CCO)c2c(Br)c(Cl)c(Cl)c(Cl)c12,中毒,23.873722,12.546354,42.5,1.7802000040044028,3.387438294822544,both<5,False,False,False,,-3.8031628,9.668828
O=C(c1nn[nH]c1N(Cc1ccccc1)Cc1ccccc1)N1NCCC1C(F)(F)F,O=C(c1nn[nH]c1N(Cc1ccccc1)Cc1ccccc1)N1NCCC1C(F)(F)F,中毒,22.727623,16.223923,42.5,1.8699711800041736,2.619588369594703,both<5,False,False,False,,-16.814867,-9.35832
O=C(c1nn[nH]c1N(Cc1ccccc1)Cc1ccccc1)N(c1cccc2cccnc12)C1CCCCC1,O=C(c1nn[nH]c1N(Cc1ccccc1)Cc1ccccc1)N(c1cccc2cccnc12)C1CCCCC1,中毒,20.611782,37.64033,42.5,2.061927493702388,1.1291080604234873,both<5,False,False,False,,8.545895,-27.031313
O=C(c1nn[nH]c1N(Cc1ccccc1)Cc1ccccc1)P(=O)(O)C(F)Br,O=C(c1nn[nH]c1N(Cc1ccccc1)Cc1ccccc1)P(=O)(O)C(F)Br,中毒,19.373323,51.01637,42.5,2.1937382657585385,0.8330659355026632,both<5,True,False,False,,-12.910295,-18.607685
O=C(c1nn[nH]c1N(Cc1ccccc1)Cc1ccccc1)C(Nc1csnn1)N(c1cc(Cl)ccc1F)C1CCS(=O)(=O)C1,O=C(c1nn[nH]c1N(Cc1ccccc1)Cc1ccccc1)C(Nc1csnn1)N(c1cc(Cl)ccc1F)C1CCS(=O)(=O)C1,中毒,8.140944,12.75894,42.5,5.220524794176204,3.330997716111213,one>5-other<=5,False,False,False,,-4.207687,-33.861103
O=C(SC1CCc2cc3ncoc3cc2C1c1ccsc1)c1nn[nH]c1N(Cc1ccccc1)Cc1ccccc1,O=C(SC1CCc2cc3ncoc3cc2C1c1ccsc1)c1nn[nH]c1N(Cc1ccccc1)Cc1ccccc1,中毒,15.692889,18.443,42.5,2.7082330092311238,2.304397332321206,both<5,False,False,False,,12.566441,20.954388
O=C(C1=NNOC=C1)c1nn[nH]c1N(Cc1ccccc1)Cc1ccccc1,O=C(C1=NNOC=C1)c1nn[nH]c1N(Cc1ccccc1)Cc1ccccc1,中毒,6.1503696,37.381256,42.5,6.91015382230037,1.1369334406527165,one>5-other<=5,True,False,False,,16.134432,2.4790907
O=C(c1nn[nH]c1N(Cc1ccccc1)Cc1ccccc1)N1CC(c2ccc(Cl)s2)=NO1,O=C(c1nn[nH]c1N(Cc1ccccc1)Cc1ccccc1)N1CC(c2ccc(Cl)s2)=NO1,中毒,11.991237,15.474315,42.5,3.544254858777289,2.746486678085589,both<5,False,False,False,,2.8565044,29.460566
O=C(c1nn[nH]c1N(Cc1ccccc1)Cc1ccccc1)N1CCCc2ccccc21,O=C(c1nn[nH]c1N(Cc1ccccc1)Cc1ccccc1)N1CCCc2ccccc21,中毒,13.684105,30.241766,42.5,3.105793181212801,1.4053412092402275,both<5,True,False,False,,-5.46893,40.58602
O=C(C1=C(Br)Sc2ncnn2S1)c1nn[nH]c1N(Cc1ccccc1)Cc1ccccc1,O=C(C1=C(Br)Sc2ncnn2S1)c1nn[nH]c1N(Cc1ccccc1)Cc1ccccc1,低毒,14.250752,62.727425,250.0,17.542933874647456,3.985497571437055,one>10-other<5,True,False,False,,16.305979,1.0464852
O=C(c1nn[nH]c1N(Cc1ccccc1)Cc1ccccc1)N1CCCc2ccc(I)cc2SC1,O=C(c1nn[nH]c1N(Cc1ccccc1)Cc1ccccc1)N1CCCc2ccc(I)cc2SC1,中毒,13.202669,31.068483,42.5,3.2190460883325938,1.3679457732133236,both<5,False,False,False,,0.80169547,40.836746
O=C(c1nn[nH]c1N(Cc1ccccc1)Cc1ccccc1)C12COCON1c1ccoc1[SH]2c1cccnc1Cl,O=C(c1nn[nH]c1N(Cc1ccccc1)Cc1ccccc1)C12COCON1c1ccoc1[SH]2c1cccnc1Cl,中毒,6.1406474,34.717995,42.5,6.921094345850244,1.2241490327998492,one>5-other<=5,True,False,False,,-10.221613,1.2574016
O=C(c1cc([N+](=O)[O-])c[nH]1)c1nn[nH]c1N(Cc1ccccc1)Cc1ccccc1,O=C(c1cc([N+](=O)[O-])c[nH]1)c1nn[nH]c1N(Cc1ccccc1)Cc1ccccc1,低毒,10.264914,65.17422,250.0,24.354807064141017,3.8358725275116448,one>10-other<5,True,False,False,,-23.425676,2.6985166
O=C(c1ccn(CCCc2ccccc2)c1)c1nn[nH]c1N(Cc1ccccc1)Cc1ccccc1,O=C(c1ccn(CCCc2ccccc2)c1)c1nn[nH]c1N(Cc1ccccc1)Cc1ccccc1,低毒,6.273191,72.79328,250.0,39.85212629425758,3.4343829540309216,one>10-other<5,True,False,False,,29.29491,19.742952
O=C(c1nn[nH]c1N(Cc1ccccc1)Cc1ccccc1)c1ccnc2cc(Cl)ccc12,O=C(c1nn[nH]c1N(Cc1ccccc1)Cc1ccccc1)c1ccnc2cc(Cl)ccc12,中毒,14.382698,35.80921,42.5,2.9549393305762246,1.1868455070636856,both<5,False,False,False,,-9.7932825,12.732016
O=C(c1nn[nH]c1N(Cc1ccccc1)Cc1ccccc1)P(=S)(Cl)Cl,O=C(c1nn[nH]c1N(Cc1ccccc1)Cc1ccccc1)P(=S)(Cl)Cl,中毒,56.83491,49.83802,42.5,0.7477798416501408,0.8527626097505479,both<5,True,False,False,,-12.244211,-17.36293
O=C(Cl)C(=O)c1nn[nH]c1N(Cc1ccccc1)Cc1ccccc1,O=C(Cl)C(=O)c1nn[nH]c1N(Cc1ccccc1)Cc1ccccc1,高毒,5.759682,56.60067,5.0,0.8681034821019633,0.08833817691557361,both<5,True,False,False,,-6.6530185,-10.71478
O=C(c1nn[nH]c1N(Cc1ccccc1)Cc1ccccc1)C(Cc1ccccc1)n1cncn1,O=C(c1nn[nH]c1N(Cc1ccccc1)Cc1ccccc1)C(Cc1ccccc1)n1cncn1,中毒,4.9793234,58.9828,42.5,8.535296181003226,0.7205490414154635,one>5-other<=5,False,False,False,,-27.417835,-28.412874
O=C(NC1c2ccccc2CC1O)C(C(=O)c1nn[nH]c1N(Cc1ccccc1)Cc1ccccc1)C1CCCCC1,O=C(NC1c2ccccc2CC1O)C(C(=O)c1nn[nH]c1N(Cc1ccccc1)Cc1ccccc1)C1CCCCC1,中毒,9.528033,9.244489,42.5,4.46052191464912,4.597333611408916,both<5,True,False,False,,1.2786943,-29.372734
O=C(C1=[SH]c2c(Cl)cccc21)c1nn[nH]c1N(Cc1ccccc1)Cc1ccccc1,O=C(C1=[SH]c2c(Cl)cccc21)c1nn[nH]c1N(Cc1ccccc1)Cc1ccccc1,中毒,7.599869,37.440536,42.5,5.5922016550548435,1.1351333218092818,one>5-other<=5,False,False,False,,-1.7930268,6.1061707
O=C(c1nn[nH]c1N(Cc1ccccc1)Cc1ccccc1)C(Cl)C(Cl)(Cl)Cl,O=C(c1nn[nH]c1N(Cc1ccccc1)Cc1ccccc1)C(Cl)C(Cl)(Cl)Cl,低毒,6.550082,56.60067,250.0,38.16746110964718,4.41690884577868,one>10-other<5,True,False,False,,-18.871788,-21.412214
O=C(c1nn[nH]c1N(Cc1ccccc1)Cc1ccccc1)P(=O)(O)O,O=C(c1nn[nH]c1N(Cc1ccccc1)Cc1ccccc1)P(=O)(O)O,高毒,19.373323,48.13457,5.0,0.25808685479512217,0.1038754475213968,both<5,True,False,False,,-11.88668,-18.287687
O=C(c1ccccc1SC(F)(F)F)c1nn[nH]c1N(Cc1ccccc1)Cc1ccccc1,O=C(c1ccccc1SC(F)(F)F)c1nn[nH]c1N(Cc1ccccc1)Cc1ccccc1,中毒,12.595518,34.665947,42.5,3.374216129896365,1.2259869894799065,both<5,True,False,False,,-15.107783,8.651221
O=C(c1cs[n+](Cc2ccccc2Cc2ccccc2)c1)c1nn[nH]c1N(Cc1ccccc1)Cc1ccccc1,O=C(c1cs[n+](Cc2ccccc2Cc2ccccc2)c1)c1nn[nH]c1N(Cc1ccccc1)Cc1ccccc1,中毒,5.281971,13.2197275,42.5,8.046238799872244,3.2148922888160896,one>5-other<=5,False,False,False,,14.077211,7.930473
O=C(c1nn[nH]c1N(Cc1ccccc1)Cc1ccccc1)C1CSC2=NC=CC=CN2O1,O=C(c1nn[nH]c1N(Cc1ccccc1)Cc1ccccc1)C1CSC2=NC=CC=CN2O1,低毒,6.2406607,83.59449,250.0,40.05986096952843,2.9906277315646044,one>10-other<5,False,False,False,,8.316085,-37.402897
O=C(Nc1ccc([N+](=O)[O-])o1)Nc1nc(C(=O)c2nn[nH]c2N(Cc2ccccc2)Cc2ccccc2)cs1,O=C(Nc1ccc([N+](=O)[O-])o1)Nc1nc(C(=O)c2nn[nH]c2N(Cc2ccccc2)Cc2ccccc2)cs1,中毒,9.254977,41.727467,42.5,4.592123783776016,1.0185137765491494,both<5,True,False,False,,14.164435,-12.21111
O=C(c1nn[nH]c1N(Cc1ccccc1)Cc1ccccc1)N1CC=C2COC1O2,O=C(c1nn[nH]c1N(Cc1ccccc1)Cc1ccccc1)N1CC=C2COC1O2,中毒,8.681855,26.571674,42.5,4.895267198081516,1.5994475921991214,both<5,False,False,False,,1.236687,33.586914
O=C(c1nn[nH]c1N(Cc1ccccc1)Cc1ccccc1)C(c1ccco1)[N+](=O)[O-],O=C(c1nn[nH]c1N(Cc1ccccc1)Cc1ccccc1)C(c1ccco1)[N+](=O)[O-],中毒,19.174204,42.178818,42.5,2.216519653175694,1.0076147700487956,both<5,True,False,False,,-27.340828,-22.789545
O=C(c1nn[nH]c1N(Cc1ccccc1)Cc1ccccc1)C1(c2cccc(Br)c2)CC1,O=C(c1nn[nH]c1N(Cc1ccccc1)Cc1ccccc1)C1(c2cccc(Br)c2)CC1,高毒,4.5715175,43.6451,5.0,1.0937287235584245,0.11456039738710645,both<5,True,False,False,,-13.058404,29.697079
O=C(c1nn[nH]c1N(Cc1ccccc1)Cc1ccccc1)S(=O)(=O)c1ccc2nonc2c1,O=C(c1nn[nH]c1N(Cc1ccccc1)Cc1ccccc1)S(=O)(=O)c1ccc2nonc2c1,中毒,4.5889144,71.21408,42.5,9.261449723272241,0.5967920950463729,one>5-other<=5,True,False,False,,-12.952231,-32.095665
O=C(c1nn[nH]c1N(Cc1ccccc1)Cc1ccccc1)[PH](O)(Cl)Cl,O=C(c1nn[nH]c1N(Cc1ccccc1)Cc1ccccc1)[PH](O)(Cl)Cl,低毒,50.5275,49.524765,250.0,4.947800702587699,5.0479795310487585,one>5-other<=5,True,False,False,,-8.0626955,-12.069088
O=C(c1nn[nH]c1N(Cc1ccccc1)Cc1ccccc1)C1CCCc2nnsc21,O=C(c1nn[nH]c1N(Cc1ccccc1)Cc1ccccc1)C1CCCc2nnsc21,中毒,4.1214986,18.449442,42.5,10.311783194588493,2.303592704863377,one>10-other<5,True,False,False,,10.084632,-40.06156
O=C(O)c1nnn(SNC(=O)c2nn[nH]c2N(Cc2ccccc2)Cc2ccccc2)n1,O=C(O)c1nnn(SNC(=O)c2nn[nH]c2N(Cc2ccccc2)Cc2ccccc2)n1,低毒,10.402324,21.670536,250.0,24.03309106695773,11.536401314669837,both>10,True,False,False,,-6.5083385,-18.99235
O=C(c1cc[nH]c(=O)c1Cl)c1nn[nH]c1N(Cc1ccccc1)Cc1ccccc1,O=C(c1cc[nH]c(=O)c1Cl)c1nn[nH]c1N(Cc1ccccc1)Cc1ccccc1,低毒,8.432035,53.6493,250.0,29.64883328876125,4.659893046134806,one>10-other<5,True,False,False,,-9.77766,10.495748
O=C(Oc1cc(CO[N+](=O)[O-])cc([N+](=O)[O-])c1)c1nn[nH]c1N(Cc1ccccc1)Cc1ccccc1,O=C(Oc1cc(CO[N+](=O)[O-])cc([N+](=O)[O-])c1)c1nn[nH]c1N(Cc1ccccc1)Cc1ccccc1,低毒,10.954821,14.65498,250.0,22.821002734777682,17.05904750467077,both>10,True,False,False,,-25.77368,-3.231994
O=C(c1nn[nH]c1N(Cc1ccccc1)Cc1ccccc1)c1c[nH]c2ccc3[nH]nnc3c12,O=C(c1nn[nH]c1N(Cc1ccccc1)Cc1ccccc1)c1c[nH]c2ccc3[nH]nnc3c12,中毒,16.894619,20.885086,42.5,2.515593870450704,2.0349449363052656,both<5,False,False,False,,-20.643719,22.424566
N#CN1CCCC1C(=O)c1nn[nH]c1N(Cc1ccccc1)Cc1ccccc1,N#CN1CCCC1C(=O)c1nn[nH]c1N(Cc1ccccc1)Cc1ccccc1,中毒,7.5319433,25.851242,42.5,5.642634086212518,1.6440215909162121,one>5-other<=5,True,False,False,,8.81352,-30.573153
O=C(c1nn[nH]c1N(Cc1ccccc1)Cc1ccccc1)C1CCCCCCC1,O=C(c1nn[nH]c1N(Cc1ccccc1)Cc1ccccc1)C1CCCCCCC1,高毒,10.627377,22.30062,5.0,0.4704829799488623,0.22420901302295632,both<5,True,False,False,,6.7655816,-31.773743
O=C(c1nn[nH]c1N(Cc1ccccc1)Cc1ccccc1)[n+]1cc(Br)c(Cl)c(Cl)c1O,O=C(c1nn[nH]c1N(Cc1ccccc1)Cc1ccccc1)[n+]1cc(Br)c(Cl)c(Cl)c1O,中毒,24.908743,14.485055,42.5,1.7062282107130013,2.9340585865914903,both<5,False,False,False,,-1.7895408,-15.538465
O=C(c1cc2nc[nH]c(=O)c2s1)c1nn[nH]c1N(Cc1ccccc1)Cc1ccccc1,O=C(c1cc2nc[nH]c(=O)c2s1)c1nn[nH]c1N(Cc1ccccc1)Cc1ccccc1,中毒,25.418716,36.120674,42.5,1.6719963352987617,1.1766114884788694,both<5,True,False,False,,3.6856008,-4.2275176
O=C(c1nn[nH]c1N(Cc1ccccc1)Cc1ccccc1)c1cc2cccnc2n(CCc2cccc3ccccc23)c1=O,O=C(c1nn[nH]c1N(Cc1ccccc1)Cc1ccccc1)c1cc2cccnc2n(CCc2cccc3ccccc23)c1=O,中毒,8.616156,15.171299,42.5,4.93259407095229,2.8013421922539394,both<5,True,False,False,,-5.2972655,14.256252
O=C(c1cnsc1S)c1nn[nH]c1N(Cc1ccccc1)Cc1ccccc1,O=C(c1cnsc1S)c1nn[nH]c1N(Cc1ccccc1)Cc1ccccc1,中毒,7.1555886,32.37407,42.5,5.939413565503193,1.3127790234592065,one>5-other<=5,False,False,False,,-5.719244,9.504949
O=C(c1nn[nH]c1N(Cc1ccccc1)Cc1ccccc1)C1CN2CCC1CC2,O=C(c1nn[nH]c1N(Cc1ccccc1)Cc1ccccc1)C1CN2CCC1CC2,中毒,19.461971,21.035542,42.5,2.183745932002468,2.0203900617345636,both<5,True,False,False,,4.0909758,-30.833864
O=C(c1nn[nH]c1N(Cc1ccccc1)Cc1ccccc1)c1c(O)n(CN2CCC2)c2ccc(Cl)cc12,O=C(c1nn[nH]c1N(Cc1ccccc1)Cc1ccccc1)c1c(O)n(CN2CCC2)c2ccc(Cl)cc12,中毒,12.652332,15.291654,42.5,3.35906455821741,2.77929385532788,both<5,False,False,False,,-16.622744,15.182318
O=C(c1nn[nH]c1N(Cc1ccccc1)Cc1ccccc1)c1cn(Cc2ccc(Br)c(F)c2)c2cnccc12,O=C(c1nn[nH]c1N(Cc1ccccc1)Cc1ccccc1)c1cn(Cc2ccc(Br)c(F)c2)c2cnccc12,中毒,17.56681,16.788609,42.5,2.4193350984043205,2.5314783374846597,both<5,False,False,False,,-13.693721,4.753081
O=C(c1nn[nH]c1N(Cc1ccccc1)Cc1ccccc1)C1CCCN1S(=O)(=O)c1cccs1,O=C(c1nn[nH]c1N(Cc1ccccc1)Cc1ccccc1)C1CCCN1S(=O)(=O)c1cccs1,中毒,11.454771,20.086124,42.5,3.710244403838366,2.1158885606799998,both<5,False,False,False,,-2.0704997,-37.741886
O=C(C(Cl)=Cc1ccccc1)c1nn[nH]c1N(Cc1ccccc1)Cc1ccccc1,O=C(C(Cl)=Cc1ccccc1)c1nn[nH]c1N(Cc1ccccc1)Cc1ccccc1,高毒,2.9952712,58.515434,5.0,1.6692979253431208,0.08544754192543458,both<5,False,False,False,,-6.9123855,-10.169158
O=C(c1nn[nH]c1N(Cc1ccccc1)Cc1ccccc1)C1COC(n2cnc3c4[nH]nnc4nc-3c2Br)=N1,O=C(c1nn[nH]c1N(Cc1ccccc1)Cc1ccccc1)C1COC(n2cnc3c4[nH]nnc4nc-3c2Br)=N1,中毒,21.311634,14.911535,42.5,1.9942159291962314,2.850142523891739,both<5,True,False,False,,4.514068,-34.614243
O=C(c1nn[nH]c1N(Cc1ccccc1)Cc1ccccc1)C1SC2NC=C1CCOC1OC12,O=C(c1nn[nH]c1N(Cc1ccccc1)Cc1ccccc1)C1SC2NC=C1CCOC1OC12,中毒,12.909526,21.70566,42.5,3.2921425620119593,1.9580146376567216,both<5,False,False,False,,9.581532,-36.868324
O=C(OCc1ccccc1[N+](=O)[O-])c1nn[nH]c1N(Cc1ccccc1)Cc1ccccc1,O=C(OCc1ccccc1[N+](=O)[O-])c1nn[nH]c1N(Cc1ccccc1)Cc1ccccc1,高毒,7.6939373,26.762428,5.0,0.6498623273158205,0.18682908740567186,both<5,True,False,False,,-24.538452,-5.0342765
O=C(c1nn[nH]c1N(Cc1ccccc1)Cc1ccccc1)N1CCC(c2cc[nH]n2)C(F)(F)C1,O=C(c1nn[nH]c1N(Cc1ccccc1)Cc1ccccc1)N1CCC(c2cc[nH]n2)C(F)(F)C1,中毒,28.444048,13.587211,42.5,1.4941614498752076,3.1279414149084754,both<5,True,False,False,,-1.0004693,38.01079
O=C(c1nn[nH]c1N(Cc1ccccc1)Cc1ccccc1)S(=O)(=O)C12CC3CC(C1)C(C3)C2,O=C(c1nn[nH]c1N(Cc1ccccc1)Cc1ccccc1)S(=O)(=O)C12CC3CC(C1)C(C3)C2,中毒,16.732775,64.433624,42.5,2.539925385956603,0.6595935066449158,both<5,False,False,False,,-4.422744,-26.792374
O=C(Cc1ccncc1)c1nn[nH]c1N(Cc1ccccc1)Cc1ccccc1,O=C(Cc1ccncc1)c1nn[nH]c1N(Cc1ccccc1)Cc1ccccc1,高毒,3.7705069,42.472836,5.0,1.326081647006136,0.11772230137869767,both<5,True,False,False,,-7.522429,-7.151441
O=C(c1cc(I)cc([N+](=O)[O-])c1)c1nn[nH]c1N(Cc1ccccc1)Cc1ccccc1,O=C(c1cc(I)cc([N+](=O)[O-])c1)c1nn[nH]c1N(Cc1ccccc1)Cc1ccccc1,低毒,14.106122,21.606764,250.0,17.722801490019723,11.570450808830051,both>10,True,True,False,,-24.318281,2.048066
O=C(OC(Cl)(Cl)Cl)c1nn[nH]c1N(Cc1ccccc1)Cc1ccccc1,O=C(OC(Cl)(Cl)Cl)c1nn[nH]c1N(Cc1ccccc1)Cc1ccccc1,高毒,6.4241095,28.179708,5.0,0.778317990999375,0.17743264053694238,both<5,True,False,False,,-21.467299,-11.5106945
O=C(NOc1ccccc1)c1nn[nH]c1N(Cc1ccccc1)Cc1ccccc1,O=C(NOc1ccccc1)c1nn[nH]c1N(Cc1ccccc1)Cc1ccccc1,低毒,10.590737,22.829683,250.0,23.60553377918836,10.950655775640863,both>10,True,False,False,,-8.717135,-17.68055
O=C(C1=CC=CC23CC(CCN2)OCCC1C3)c1nn[nH]c1N(Cc1ccccc1)Cc1ccccc1,O=C(C1=CC=CC23CC(CCN2)OCCC1C3)c1nn[nH]c1N(Cc1ccccc1)Cc1ccccc1,中毒,20.35318,32.080154,42.5,2.088125786732098,1.3248066078485783,both<5,False,False,False,,13.2675905,-35.16858
O=C(c1nn[nH]c1N(Cc1ccccc1)Cc1ccccc1)C1c2ccccc2Oc2ccccc21,O=C(c1nn[nH]c1N(Cc1ccccc1)Cc1ccccc1)C1c2ccccc2Oc2ccccc21,中毒,11.845599,43.310623,42.5,3.587830383250353,0.9812835063582438,both<5,False,False,False,,12.79631,-30.663057
O=C(c1nn[nH]c1N(Cc1ccccc1)Cc1ccccc1)C1COS1,O=C(c1nn[nH]c1N(Cc1ccccc1)Cc1ccccc1)C1COS1,中毒,12.595518,47.453873,42.5,3.374216129896365,0.8956065609228566,both<5,True,False,False,,5.238712,-36.163357
O=C(c1nn[nH]c1N(Cc1ccccc1)Cc1ccccc1)[PH](F)(F)OF,O=C(c1nn[nH]c1N(Cc1ccccc1)Cc1ccccc1)[PH](F)(F)OF,中毒,20.074528,48.013813,42.5,2.117110798321136,0.8851619428767301,both<5,True,False,False,,-8.263365,-12.140779
O=C(c1nn[nH]c1N(Cc1ccccc1)Cc1ccccc1)S(=O)(=O)c1cncs1,O=C(c1nn[nH]c1N(Cc1ccccc1)Cc1ccccc1)S(=O)(=O)c1cncs1,中毒,12.68541,44.452656,42.5,3.3503055872849203,0.9560733558867665,both<5,False,False,False,,-10.684741,-32.226173
O=C(OC(=O)c1nn[nH]c1N(Cc1ccccc1)Cc1ccccc1)c1ccccc1,O=C(OC(=O)c1nn[nH]c1N(Cc1ccccc1)Cc1ccccc1)c1ccccc1,高毒,7.140232,34.70963,5.0,0.700257358584427,0.14405224140966066,both<5,False,False,False,,-24.578217,-10.8546505
O=C(Sc1nncs1)c1nn[nH]c1N(Cc1ccccc1)Cc1ccccc1,O=C(Sc1nncs1)c1nn[nH]c1N(Cc1ccccc1)Cc1ccccc1,中毒,5.052193,28.596737,42.5,8.412188528823028,1.4861835460458304,one>5-other<=5,True,False,False,,-11.871695,-6.3093367
O=C(c1nccs1)c1nn[nH]c1N(Cc1ccccc1)Cc1ccccc1,O=C(c1nccs1)c1nn[nH]c1N(Cc1ccccc1)Cc1ccccc1,中毒,5.38902,69.663536,42.5,7.886406062697856,0.6100752623294919,one>5-other<=5,True,False,False,,7.5181117,-11.59069
O=C(c1nn[nH]c1N(Cc1ccccc1)Cc1ccccc1)N(c1cc[nH]n1)c1cc(Cl)ccc1Cl,O=C(c1nn[nH]c1N(Cc1ccccc1)Cc1ccccc1)N(c1cc[nH]n1)c1cc(Cl)ccc1Cl,中毒,20.611782,28.172316,42.5,2.061927493702388,1.508573168070385,both<5,True,False,False,,-15.928208,12.734541
CS(=O)(=O)N(C(=O)c1nn[nH]c1N(Cc1ccccc1)Cc1ccccc1)c1ccccc1,CS(=O)(=O)N(C(=O)c1nn[nH]c1N(Cc1ccccc1)Cc1ccccc1)c1ccccc1,低毒,14.210293,12.952595,250.0,17.592881441642337,19.30115162251271,both>10,True,False,False,,-12.16258,-22.367378
O=C(c1nn[nH]c1N(Cc1ccccc1)Cc1ccccc1)N1CCCCN1C(=S)NO,O=C(c1nn[nH]c1N(Cc1ccccc1)Cc1ccccc1)N1CCCCN1C(=S)NO,中毒,17.77603,56.11679,42.5,2.390860051428806,0.7573490928472566,both<5,False,False,False,,-1.1315682,35.087597
O=C(c1nn[nH]c1N(Cc1ccccc1)Cc1ccccc1)N1CC[S+]([O-])CC1,O=C(c1nn[nH]c1N(Cc1ccccc1)Cc1ccccc1)N1CC[S+]([O-])CC1,中毒,9.32252,24.06637,42.5,4.558853185619339,1.765949746471944,both<5,False,False,False,,1.6675088,37.38253
O=C(c1nn[nH]c1N(Cc1ccccc1)Cc1ccccc1)c1c[nH]c2cc(Br)oc12,O=C(c1nn[nH]c1N(Cc1ccccc1)Cc1ccccc1)c1c[nH]c2cc(Br)oc12,中毒,46.13361,29.791418,42.5,0.9212372498055106,1.4265853340717116,both<5,False,False,False,,-20.430517,19.636862
O=C(c1ccc2occc2c1Br)c1nn[nH]c1N(Cc1ccccc1)Cc1ccccc1,O=C(c1ccc2occc2c1Br)c1nn[nH]c1N(Cc1ccccc1)Cc1ccccc1,中毒,15.15376,101.04092,42.5,2.8045844727645153,0.4206216649650458,both<5,True,False,False,,-1.4713341,16.376045
O=C(c1nn[nH]c1N(Cc1ccccc1)Cc1ccccc1)N1CC[N+]2(CCCc3sccc3-c3cscc32)CC1,O=C(c1nn[nH]c1N(Cc1ccccc1)Cc1ccccc1)N1CC[N+]2(CCCc3sccc3-c3cscc32)CC1,中毒,22.199469,15.444187,42.5,1.9144602062328608,2.7518444318240904,both<5,False,False,False,,0.47327673,37.936268
O=C(c1nn[nH]c1N(Cc1ccccc1)Cc1ccccc1)c1c[nH]c2c(F)cccc12,O=C(c1nn[nH]c1N(Cc1ccccc1)Cc1ccccc1)c1c[nH]c2c(F)cccc12,中毒,17.915283,21.234655,42.5,2.3722762291837647,2.0014452789555564,both<5,False,False,False,,-15.222051,21.36471
O=C([125I])c1nn[nH]c1N(Cc1ccccc1)Cc1ccccc1,O=C([125I])c1nn[nH]c1N(Cc1ccccc1)Cc1ccccc1,高毒,6.4241095,28.596737,5.0,0.778317990999375,0.17484512306421532,both<5,False,False,False,,-6.811785,-13.943569
O=C(C1=NN=C(CF)C2=NSN=C1C2)c1nn[nH]c1N(Cc1ccccc1)Cc1ccccc1,O=C(C1=NN=C(CF)C2=NSN=C1C2)c1nn[nH]c1N(Cc1ccccc1)Cc1ccccc1,中毒,19.097826,22.285797,42.5,2.225384187708067,1.9070442039833713,both<5,True,False,False,,14.928166,7.4430013
O=C(c1nn[nH]c1N(Cc1ccccc1)Cc1ccccc1)C1CCSC1,O=C(c1nn[nH]c1N(Cc1ccccc1)Cc1ccccc1)C1CCSC1,低毒,8.619859,32.817757,250.0,29.00279459327583,7.617827141568511,both<5,True,False,False,,7.206771,-35.469383
O=C(c1nn[nH]c1N(Cc1ccccc1)Cc1ccccc1)c1csc2c(F)cccc12,O=C(c1nn[nH]c1N(Cc1ccccc1)Cc1ccccc1)c1csc2c(F)cccc12,中毒,7.503785,29.58691,42.5,5.663808331395423,1.4364460499592557,one>5-other<=5,False,False,False,,-6.2216043,19.525578
O=C(Sc1ccccc1)c1nn[nH]c1N(Cc1ccccc1)Cc1ccccc1,O=C(Sc1ccccc1)c1nn[nH]c1N(Cc1ccccc1)Cc1ccccc1,中毒,6.6162024,29.393785,42.5,6.423624525150561,1.4458838832766858,one>5-other<=5,True,False,False,,-12.851957,-6.705761
O=C(c1nn[nH]c1N(Cc1ccccc1)Cc1ccccc1)c1cnn2cccnc12,O=C(c1nn[nH]c1N(Cc1ccccc1)Cc1ccccc1)c1cnn2cccnc12,高毒,5.348194,18.76,5.0,0.9348950318556133,0.26652452025586354,both<5,False,False,False,,-9.403068,4.544033
O=C(c1c[nH]nc1-n1ccn(-c2ccccc2F)c1=S)c1nn[nH]c1N(Cc1ccccc1)Cc1ccccc1,O=C(c1c[nH]nc1-n1ccn(-c2ccccc2F)c1=S)c1nn[nH]c1N(Cc1ccccc1)Cc1ccccc1,中毒,9.378384,64.692894,42.5,4.5316975717778245,0.6569500508046525,both<5,False,False,False,,-20.026287,15.361855
O=C(c1nn[nH]c1N(Cc1ccccc1)Cc1ccccc1)C1CCCc2[nH]ncc21,O=C(c1nn[nH]c1N(Cc1ccccc1)Cc1ccccc1)C1CCCc2[nH]ncc21,中毒,10.825338,18.804382,42.5,3.9259744129929244,2.260111499543032,both<5,True,False,False,,9.251679,-40.841824
O=C(c1cnoc1)c1nn[nH]c1N(Cc1ccccc1)Cc1ccccc1,O=C(c1cnoc1)c1nn[nH]c1N(Cc1ccccc1)Cc1ccccc1,低毒,5.037307,59.86826,250.0,49.62969300858574,4.17583540928031,one>10-other<5,True,False,False,,11.845869,7.3200235
O=C(c1cc2ccccc2nc1CCCOc1ccccc1N1CCN(Cc2ccn[nH]2)CC1)c1nn[nH]c1N(Cc1ccccc1)Cc1ccccc1,O=C(c1cc2ccccc2nc1CCCOc1ccccc1N1CCN(Cc2ccn[nH]2)CC1)c1nn[nH]c1N(Cc1ccccc1)Cc1ccccc1,中毒,15.84444,21.23448,42.5,2.6823289431497734,2.0014617734929225,both<5,True,False,False,,1.3686253,20.080332
O=C(c1nn[nH]c1N(Cc1ccccc1)Cc1ccccc1)c1c(Cl)cccc1Cl,O=C(c1nn[nH]c1N(Cc1ccccc1)Cc1ccccc1)c1c(Cl)cccc1Cl,低毒,3.4502869,34.049644,250.0,72.45774257207422,7.342220670500989,both<5,True,False,False,,-0.90426457,5.4472613
O=C(c1nn[nH]c1N(Cc1ccccc1)Cc1ccccc1)S(=O)(=O)c1ccc(Br)cc1,O=C(c1nn[nH]c1N(Cc1ccccc1)Cc1ccccc1)S(=O)(=O)c1ccc(Br)cc1,中毒,7.1028624,64.723854,42.5,5.983503214140823,0.6566358054018229,one>5-other<=5,True,False,False,,-12.64338,-31.027094
O=C(c1ccc2[nH]nnc2c1)c1nn[nH]c1N(Cc1ccccc1)Cc1ccccc1,O=C(c1ccc2[nH]nnc2c1)c1nn[nH]c1N(Cc1ccccc1)Cc1ccccc1,中毒,13.136693,30.879324,42.5,3.2352130022373213,1.3763254661922002,both<5,True,False,False,,12.976295,17.354372
O=C(c1nn[nH]c1N(Cc1ccccc1)Cc1ccccc1)S(=O)(=O)C=C(Cl)SP(=O)(O)O,O=C(c1nn[nH]c1N(Cc1ccccc1)Cc1ccccc1)S(=O)(=O)C=C(Cl)SP(=O)(O)O,中毒,15.183247,44.039932,42.5,2.7991377601905576,0.9650332793429381,both<5,True,False,False,,-11.322615,-26.038467
O=C(CP(F)(F)(F)C(F)(F)F)c1nn[nH]c1N(Cc1ccccc1)Cc1ccccc1,O=C(CP(F)(F)(F)C(F)(F)F)c1nn[nH]c1N(Cc1ccccc1)Cc1ccccc1,低毒,6.273191,60.48709,250.0,39.85212629425758,4.133113363529309,one>10-other<5,False,False,False,,-14.090317,-11.29063
O=C(c1cc2cccnc2o1)c1nn[nH]c1N(Cc1ccccc1)Cc1ccccc1,O=C(c1cc2cccnc2o1)c1nn[nH]c1N(Cc1ccccc1)Cc1ccccc1,低毒,5.483516,59.342094,250.0,45.59118638479399,4.212861110024193,one>10-other<5,False,False,False,,6.08414,2.6724453
O=C(c1cccc(Cl)c1Cl)c1nn[nH]c1N(Cc1ccccc1)Cc1ccccc1,O=C(c1cccc(Cl)c1Cl)c1nn[nH]c1N(Cc1ccccc1)Cc1ccccc1,低毒,4.1356435,22.11593,250.0,60.450084732883774,11.304069057914363,both>10,True,False,False,,-9.600208,9.974378
O=C(c1nn[nH]c1N(Cc1ccccc1)Cc1ccccc1)C1CSCCS1,O=C(c1nn[nH]c1N(Cc1ccccc1)Cc1ccccc1)C1CSCCS1,中毒,8.077464,56.60067,42.5,5.2615523882248185,0.7508745037823757,one>5-other<=5,True,False,False,,4.5976725,-36.992672
O=C(c1nn[nH]c1N(Cc1ccccc1)Cc1ccccc1)c1ccc(F)c2ccccc12,O=C(c1nn[nH]c1N(Cc1ccccc1)Cc1ccccc1)c1ccc(F)c2ccccc12,低毒,7.5008483,21.234655,250.0,33.32956353750015,11.77320752326798,both>10,False,False,False,,-6.6472654,16.737991
O=C(c1nn[nH]c1N(Cc1ccccc1)Cc1ccccc1)N1C(NC(c2ccccc2)C(F)(F)F)=Nc2c(Br)cccc2-c2ncccc21,O=C(c1nn[nH]c1N(Cc1ccccc1)Cc1ccccc1)N1C(NC(c2ccccc2)C(F)(F)F)=Nc2c(Br)cccc2-c2ncccc21,中毒,7.404756,15.528323,42.5,5.739554416107701,2.7369343102922317,one>5-other<=5,False,False,False,,-11.872189,-0.6772523
O=C(c1nn[nH]c1N(Cc1ccccc1)Cc1ccccc1)c1c[nH]c2ncccc12,O=C(c1nn[nH]c1N(Cc1ccccc1)Cc1ccccc1)c1c[nH]c2ncccc12,中毒,5.276667,34.50007,42.5,8.054326717983152,1.2318815585011855,one>5-other<=5,False,False,False,,-16.734373,23.65095
O=C(c1nn[nH]c1N(Cc1ccccc1)Cc1ccccc1)n1nn[n+]([O-])c1-c1cccs1,O=C(c1nn[nH]c1N(Cc1ccccc1)Cc1ccccc1)n1nn[n+]([O-])c1-c1cccs1,中毒,5.80363,11.531792,42.5,7.323003017077243,3.685463629590267,one>5-other<=5,True,False,False,,1.4926989,27.088636
O=C(c1nn[nH]c1N(Cc1ccccc1)Cc1ccccc1)c1ncc[n+](CCBr)c1Br,O=C(c1nn[nH]c1N(Cc1ccccc1)Cc1ccccc1)c1ncc[n+](CCBr)c1Br,中毒,3.9739645,26.09783,42.5,10.694609878875365,1.6284878857744112,one>10-other<5,False,False,False,,-1.6049833,8.782822
O=C(c1nn[nH]c1N(Cc1ccccc1)Cc1ccccc1)N1CCN(c2nnc(Br)s2)CC1,O=C(c1nn[nH]c1N(Cc1ccccc1)Cc1ccccc1)N1CCN(c2nnc(Br)s2)CC1,中毒,7.2404256,20.45788,42.5,5.869820691203567,2.0774391090376914,one>5-other<=5,False,False,False,,2.8278189,38.879944
N#Cc1ccc(-n2ccc(C(=O)c3nn[nH]c3N(Cc3ccccc3)Cc3ccccc3)n2)nc1,N#Cc1ccc(-n2ccc(C(=O)c3nn[nH]c3N(Cc3ccccc3)Cc3ccccc3)n2)nc1,低毒,8.542568,82.18617,250.0,29.265204561438672,3.0418743202171363,one>10-other<5,False,False,False,,24.677593,-8.711905
O=C(c1nn[nH]c1N(Cc1ccccc1)Cc1ccccc1)C1CSc2ccccc2CN1,O=C(c1nn[nH]c1N(Cc1ccccc1)Cc1ccccc1)C1CSc2ccccc2CN1,中毒,10.378176,36.811905,42.5,4.095131938406133,1.1545178115612327,both<5,False,False,False,,6.0724177,-38.935738
O=C(c1nn[nH]c1N(Cc1ccccc1)Cc1ccccc1)c1cc(O)cc2c1ccc1ncoc12,O=C(c1nn[nH]c1N(Cc1ccccc1)Cc1ccccc1)c1cc(O)cc2c1ccc1ncoc12,中毒,14.403091,33.39955,42.5,2.950755501024051,1.272472233907343,both<5,False,False,False,,-8.989368,22.4285
O=C(c1nn[nH]c1N(Cc1ccccc1)Cc1ccccc1)c1c(Cl)ccc(Cl)c1Cl,O=C(c1nn[nH]c1N(Cc1ccccc1)Cc1ccccc1)c1c(Cl)ccc(Cl)c1Cl,低毒,4.4499626,22.11593,250.0,56.18024744747293,11.304069057914363,both>10,True,False,False,,-0.9712696,4.483439
O=C(c1ccc(Oc2cc(CCBr)ccc2F)nc1)c1nn[nH]c1N(Cc1ccccc1)Cc1ccccc1,O=C(c1ccc(Oc2cc(CCBr)ccc2F)nc1)c1nn[nH]c1N(Cc1ccccc1)Cc1ccccc1,中毒,44.334908,29.861744,42.5,0.9586125677761641,1.4232256495133035,both<5,False,False,False,,10.685436,11.964347
O=C(c1cc(-c2ccc3c(c2)OCO3)[nH]n1)c1nn[nH]c1N(Cc1ccccc1)Cc1ccccc1,O=C(c1cc(-c2ccc3c(c2)OCO3)[nH]n1)c1nn[nH]c1N(Cc1ccccc1)Cc1ccccc1,中毒,12.641171,34.140465,42.5,3.3620303055784944,1.244857092602576,both<5,False,False,False,,18.994263,-0.20485796
O=C(c1cc(O)ccc1O)c1nn[nH]c1N(Cc1ccccc1)Cc1ccccc1,O=C(c1cc(O)ccc1O)c1nn[nH]c1N(Cc1ccccc1)Cc1ccccc1,低毒,7.188829,19.154457,250.0,34.77617842905986,13.051792593233,both>10,True,False,False,,-11.141303,14.428838
O=C(c1nn[nH]c1N(Cc1ccccc1)Cc1ccccc1)S(=O)(=O)c1ccc(CCNCCCCN2CCC(N(C3CSC3)n3ccnc3)CC2)cc1,O=C(c1nn[nH]c1N(Cc1ccccc1)Cc1ccccc1)S(=O)(=O)c1ccc(CCNCCCCN2CCC(N(C3CSC3)n3ccnc3)CC2)cc1,中毒,19.520813,66.22834,42.5,2.1771634203964765,0.6417192398299579,both<5,False,False,False,,-12.2486725,-33.260315
O=C(c1nn[nH]c1N(Cc1ccccc1)Cc1ccccc1)N1C=NCC1,O=C(c1nn[nH]c1N(Cc1ccccc1)Cc1ccccc1)N1C=NCC1,中毒,8.732165,21.923925,42.5,4.867063322784212,1.9385215010542136,both<5,False,False,False,,0.60949177,35.305252
O=C(c1nn[nH]c1N(Cc1ccccc1)Cc1ccccc1)n1cccc(Br)c1=O,O=C(c1nn[nH]c1N(Cc1ccccc1)Cc1ccccc1)n1cccc(Br)c1=O,中毒,17.635347,36.123688,42.5,2.4099327333905025,1.1765133172449058,both<5,False,False,False,,-6.0719357,29.402782
O=C(c1nn[nH]c1N(Cc1ccccc1)Cc1ccccc1)C(c1scnc1Cl)C1CC1,O=C(c1nn[nH]c1N(Cc1ccccc1)Cc1ccccc1)C(c1scnc1Cl)C1CC1,中毒,7.354001,25.880949,42.5,5.7791670139832725,1.6421345291472889,one>5-other<=5,False,False,False,,-17.795172,-24.184261
O=C(c1nn[nH]c1N(Cc1ccccc1)Cc1ccccc1)c1scc[n+]1CSCc1sccc1F,O=C(c1nn[nH]c1N(Cc1ccccc1)Cc1ccccc1)c1scc[n+]1CSCc1sccc1F,中毒,28.88707,69.663536,42.5,1.4712464780955632,0.6100752623294919,both<5,True,False,False,,24.290825,20.409122
O=C(c1nn[nH]c1N(Cc1ccccc1)Cc1ccccc1)C1CC2CC2C2CN3CN1C23C(=O)O,O=C(c1nn[nH]c1N(Cc1ccccc1)Cc1ccccc1)C1CC2CC2C2CN3CN1C23C(=O)O,中毒,13.811184,23.83532,42.5,3.0772162618353356,1.783068152640703,both<5,False,False,False,,3.6032128,-30.442654
O=C(c1nn[nH]c1N(Cc1ccccc1)Cc1ccccc1)n1cnnn1,O=C(c1nn[nH]c1N(Cc1ccccc1)Cc1ccccc1)n1cnnn1,高毒,4.8796115,39.039207,5.0,1.0246717387234618,0.12807637204311043,both<5,True,False,False,,-2.676688,30.18045
O=C(OCCCO)c1nn[nH]c1N(Cc1ccccc1)Cc1ccccc1,O=C(OCCCO)c1nn[nH]c1N(Cc1ccccc1)Cc1ccccc1,高毒,6.4241095,37.091206,5.0,0.778317990999375,0.13480284248508934,both<5,False,False,False,,-22.35365,-9.049587
O=C(c1cc(Br)c(F)s1)c1nn[nH]c1N(Cc1ccccc1)Cc1ccccc1,O=C(c1cc(Br)c(F)s1)c1nn[nH]c1N(Cc1ccccc1)Cc1ccccc1,中毒,3.5702617,21.606764,42.5,11.903889286323185,1.9669766375011086,one>10-other<5,True,False,False,,4.9092584,-1.9681911
O=C(c1nn[nH]c1N(Cc1ccccc1)Cc1ccccc1)[SH](c1cccs1)P(=O)(c1cccs1)c1ccccc1Cl,O=C(c1nn[nH]c1N(Cc1ccccc1)Cc1ccccc1)[SH](c1cccs1)P(=O)(c1cccs1)c1ccccc1Cl,中毒,6.1406474,24.930058,42.5,6.921094345850244,1.7047693992529018,one>5-other<=5,False,False,False,,-2.5241587,-11.298209
O=C(c1nn[nH]c1N(Cc1ccccc1)Cc1ccccc1)N1CCCC(O)C1,O=C(c1nn[nH]c1N(Cc1ccccc1)Cc1ccccc1)N1CCCC(O)C1,中毒,22.218597,19.741385,42.5,1.912812046593221,2.15283780747906,both<5,False,False,False,,0.19903949,36.30691
O=C(c1ccc2c(c1)OCNO2)c1nn[nH]c1N(Cc1ccccc1)Cc1ccccc1,O=C(c1ccc2c(c1)OCNO2)c1nn[nH]c1N(Cc1ccccc1)Cc1ccccc1,高毒,12.755189,50.170483,5.0,0.3919973275190199,0.09966019262760537,both<5,True,False,False,,16.457611,16.958195
O=C(C1=CC=CC(CON=Cc2cc(Cl)cs2)N1)c1nn[nH]c1N(Cc1ccccc1)Cc1ccccc1,O=C(C1=CC=CC(CON=Cc2cc(Cl)cs2)N1)c1nn[nH]c1N(Cc1ccccc1)Cc1ccccc1,中毒,5.048786,23.897366,42.5,8.417865205615767,1.7784386781371637,one>5-other<=5,False,False,False,,6.811158,-1.8889943
O=C(c1nn2c(C3CCNC3)nnc2s1)c1nn[nH]c1N(Cc1ccccc1)Cc1ccccc1,O=C(c1nn2c(C3CCNC3)nnc2s1)c1nn[nH]c1N(Cc1ccccc1)Cc1ccccc1,中毒,32.682102,28.272287,42.5,1.300405953080986,1.5032388430408903,both<5,True,False,False,,32.903114,-8.717402
O=C(c1nn[nH]c1N(Cc1ccccc1)Cc1ccccc1)c1[nH]nc(Br)c1-c1nc2[nH]ncc2[nH]1,O=C(c1nn[nH]c1N(Cc1ccccc1)Cc1ccccc1)c1[nH]nc(Br)c1-c1nc2[nH]ncc2[nH]1,低毒,5.785862,49.546413,250.0,43.20877338588442,5.045773949367434,both<5,False,False,False,,2.812223,13.43351
O=C(c1nn[nH]c1N(Cc1ccccc1)Cc1ccccc1)N(SF)C1CCCC1,O=C(c1nn[nH]c1N(Cc1ccccc1)Cc1ccccc1)N(SF)C1CCCC1,中毒,50.277473,39.628677,42.5,0.845308991563677,1.0724556865726302,both<5,False,False,False,,7.6635423,-28.17733
O=C(OCCCCl)c1nn[nH]c1N(Cc1ccccc1)Cc1ccccc1,O=C(OCCCCl)c1nn[nH]c1N(Cc1ccccc1)Cc1ccccc1,低毒,6.4241095,37.091206,250.0,38.915899549968756,6.740142124254466,both<5,False,False,False,,-22.17945,-8.938254
O=C(SC1CSS1)c1nn[nH]c1N(Cc1ccccc1)Cc1ccccc1,O=C(SC1CSS1)c1nn[nH]c1N(Cc1ccccc1)Cc1ccccc1,低毒,11.935802,41.86337,250.0,20.9453876664509,5.971807811936784,both<5,True,False,False,,7.0761576,-23.672527
O=C(c1nn[nH]c1N(Cc1ccccc1)Cc1ccccc1)c1occc1C12CC3CC(CC(C3)C1)C2,O=C(c1nn[nH]c1N(Cc1ccccc1)Cc1ccccc1)c1occc1C12CC3CC(CC(C3)C1)C2,低毒,4.3301153,41.305355,250.0,57.73518317168136,6.052483993903454,both<5,True,False,False,,0.37195337,-23.533234
O=C(c1csc(-c2ccccc2)n1)c1nn[nH]c1N(Cc1ccccc1)Cc1ccccc1,O=C(c1csc(-c2ccccc2)n1)c1nn[nH]c1N(Cc1ccccc1)Cc1ccccc1,中毒,9.096605,23.876022,42.5,4.672072712841769,1.7800285156379902,both<5,True,False,False,,18.28878,-12.174636
O=C(c1nn[nH]c1N(Cc1ccccc1)Cc1ccccc1)c1c(Cl)ccc(O)c1Cl,O=C(c1nn[nH]c1N(Cc1ccccc1)Cc1ccccc1)c1c(Cl)ccc(O)c1Cl,中毒,22.15011,32.390194,42.5,1.9187263629842017,1.3121255155186782,both<5,False,False,False,,-0.95003295,4.362026
O=C(c1cnccc1-c1ccccc1)c1nn[nH]c1N(Cc1ccccc1)Cc1ccccc1,O=C(c1cnccc1-c1ccccc1)c1nn[nH]c1N(Cc1ccccc1)Cc1ccccc1,中毒,4.3550386,16.533592,42.5,9.758811322590802,2.5705242998617606,one>5-other<=5,True,False,False,,-12.085419,4.987085
O=C(c1nn[nH]c1N(Cc1ccccc1)Cc1ccccc1)c1ncnn1Cc1ccc(Cl)cc1Cl,O=C(c1nn[nH]c1N(Cc1ccccc1)Cc1ccccc1)c1ncnn1Cc1ccc(Cl)cc1Cl,低毒,10.78981,20.206976,250.0,23.17000948116788,12.37196500851983,both>10,True,False,False,,-13.810689,12.221924
O=C(c1ccsc1F)c1nn[nH]c1N(Cc1ccccc1)Cc1ccccc1,O=C(c1ccsc1F)c1nn[nH]c1N(Cc1ccccc1)Cc1ccccc1,中毒,11.9262295,57.491985,42.5,3.5635738856107038,0.7392334775012552,both<5,True,False,False,,-5.0998554,7.555998
O=C(c1ccc([N+](=O)[O-])o1)c1nn[nH]c1N(Cc1ccccc1)Cc1ccccc1,O=C(c1ccc([N+](=O)[O-])o1)c1nn[nH]c1N(Cc1ccccc1)Cc1ccccc1,低毒,6.295896,57.69787,250.0,39.70840687330286,4.3329155824989725,one>10-other<5,True,True,False,,12.991984,-11.676863
O=C(c1nn[nH]c1N(Cc1ccccc1)Cc1ccccc1)c1cccc(F)[n+]1[O-],O=C(c1nn[nH]c1N(Cc1ccccc1)Cc1ccccc1)c1cccc(F)[n+]1[O-],低毒,15.387692,21.171606,250.0,16.24675097474007,11.808268111545246,both>10,False,False,False,,20.899364,19.379286
O=C(c1nn[nH]c1N(Cc1ccccc1)Cc1ccccc1)C1CS1,O=C(c1nn[nH]c1N(Cc1ccccc1)Cc1ccccc1)C1CS1,中毒,8.077464,56.60067,42.5,5.2615523882248185,0.7508745037823757,one>5-other<=5,True,False,False,,4.772724,-36.50544
O=C1Nc2ccccc2SC1C(=O)c1nn[nH]c1N(Cc1ccccc1)Cc1ccccc1,O=C1Nc2ccccc2SC1C(=O)c1nn[nH]c1N(Cc1ccccc1)Cc1ccccc1,中毒,21.728558,43.413006,42.5,1.9559512416792684,0.978969297818262,both<5,False,False,False,,1.7203175,-36.455204
O=C(Oc1cc(Br)ccn1)c1nn[nH]c1N(Cc1ccccc1)Cc1ccccc1,O=C(Oc1cc(Br)ccn1)c1nn[nH]c1N(Cc1ccccc1)Cc1ccccc1,低毒,7.140232,34.70963,250.0,35.01286792922134,7.202612070483034,both<5,False,False,False,,-28.136238,-9.919637
O=C(c1nn[nH]c1N(Cc1ccccc1)Cc1ccccc1)S(S)=Cc1ccccc1C(F)C(F)(F)F,O=C(c1nn[nH]c1N(Cc1ccccc1)Cc1ccccc1)S(S)=Cc1ccccc1C(F)C(F)(F)F,低毒,22.218597,41.139397,250.0,11.251835568195418,6.076899960395627,both<5,True,False,False,,-16.746584,-14.986239
O=C(c1nn[nH]c1N(Cc1ccccc1)Cc1ccccc1)C(O)c1ccccc1-c1ccccc1,O=C(c1nn[nH]c1N(Cc1ccccc1)Cc1ccccc1)C(O)c1ccccc1-c1ccccc1,中毒,4.5691423,39.343636,42.5,9.301526897072126,1.0802255287233749,one>5-other<=5,True,False,False,,-22.503895,-24.773321
O=C(Cn1c2ccccc2c2ccc(OCc3cc4ccncc4s3)cc21)c1nn[nH]c1N(Cc1ccccc1)Cc1ccccc1,O=C(Cn1c2ccccc2c2ccc(OCc3cc4ccncc4s3)cc21)c1nn[nH]c1N(Cc1ccccc1)Cc1ccccc1,中毒,6.926977,13.331708,42.5,6.135432527060505,3.187888603620781,one>5-other<=5,True,False,False,,-7.8350954,-6.533387
O=COCc1oc2cc1CC2C(=O)c1nn[nH]c1N(Cc1ccccc1)Cc1ccccc1,O=COCc1oc2cc1CC2C(=O)c1nn[nH]c1N(Cc1ccccc1)Cc1ccccc1,中毒,10.734419,36.186535,42.5,3.9592268570846727,1.174470006592231,both<5,False,False,False,,5.2122607,-33.730743
O=C(c1nn[nH]c1N(Cc1ccccc1)Cc1ccccc1)c1n[nH]c2cccnc12,O=C(c1nn[nH]c1N(Cc1ccccc1)Cc1ccccc1)c1n[nH]c2cccnc12,低毒,17.491394,54.299004,250.0,14.292743048381393,4.604136016933202,one>10-other<5,False,False,False,,32.154453,2.1171808
O=C(O)C1C2CCC(O2)C1C(=O)c1nn[nH]c1N(Cc1ccccc1)Cc1ccccc1,O=C(O)C1C2CCC(O2)C1C(=O)c1nn[nH]c1N(Cc1ccccc1)Cc1ccccc1,低毒,9.475711,36.986286,250.0,26.38324448687808,6.759262068108163,both<5,True,False,False,,5.316386,-32.617146
O=C(c1nn[nH]c1N(Cc1ccccc1)Cc1ccccc1)N(Cc1ccco1)S(=O)(=O)CO,O=C(c1nn[nH]c1N(Cc1ccccc1)Cc1ccccc1)N(Cc1ccco1)S(=O)(=O)CO,高毒,25.838991,21.840267,5.0,0.1935060080325892,0.2289349301453137,both<5,True,False,False,,-14.022057,-22.437838
O=C(NO[N+](=O)[O-])c1nn[nH]c1N(Cc1ccccc1)Cc1ccccc1,O=C(NO[N+](=O)[O-])c1nn[nH]c1N(Cc1ccccc1)Cc1ccccc1,低毒,11.501207,15.224212,250.0,21.736849010716874,16.42121116022294,both>10,True,False,False,,-9.156176,-16.99933
[N-]=[N+]=S1(=O)NCCN1C(=O)c1nn[nH]c1N(Cc1ccccc1)Cc1ccccc1,[N-]=[N+]=S1(=O)NCCN1C(=O)c1nn[nH]c1N(Cc1ccccc1)Cc1ccccc1,中毒,5.8236656,12.8458185,42.5,7.29780913244744,3.3084696004384617,one>5-other<=5,False,False,False,,2.1527557,35.241776
O=C(SC1=CCCN(Cc2csc(-c3cccs3)n2)C1)c1nn[nH]c1N(Cc1ccccc1)Cc1ccccc1,O=C(SC1=CCCN(Cc2csc(-c3cccs3)n2)C1)c1nn[nH]c1N(Cc1ccccc1)Cc1ccccc1,低毒,5.4320016,10.604401,250.0,46.023550508527094,23.575117538463513,both>10,False,False,False,,-10.799547,-5.7877407
O=C(C1=C(CCCl)C(c2ccoc2)Oc2cccc(Br)c21)c1nn[nH]c1N(Cc1ccccc1)Cc1ccccc1,O=C(C1=C(CCCl)C(c2ccoc2)Oc2cccc(Br)c21)c1nn[nH]c1N(Cc1ccccc1)Cc1ccccc1,中毒,6.850181,24.338812,42.5,6.204215625835288,1.7461821883500313,one>5-other<=5,False,False,False,,0.41167715,9.063085
O=C(c1nn[nH]c1N(Cc1ccccc1)Cc1ccccc1)S(=O)(=O)C1=C(c2ccccc2)n2nc(-c3ccccn3)nc2C=CS1,O=C(c1nn[nH]c1N(Cc1ccccc1)Cc1ccccc1)S(=O)(=O)C1=C(c2ccccc2)n2nc(-c3ccccn3)nc2C=CS1,中毒,10.810957,16.960188,42.5,3.931196840390726,2.505868449099739,both<5,False,False,False,,-10.44856,-29.486353
O=C(Oc1nnc(CNc2nc3ccccc3s2)s1)c1nn[nH]c1N(Cc1ccccc1)Cc1ccccc1,O=C(Oc1nnc(CNc2nc3ccccc3s2)s1)c1nn[nH]c1N(Cc1ccccc1)Cc1ccccc1,中毒,17.960443,18.741549,42.5,2.3663113432113003,2.2676887593442783,both<5,False,False,False,,-25.916653,-13.885521
O=C(c1nn[nH]c1N(Cc1ccccc1)Cc1ccccc1)n1cc(Cl)c(=O)[nH]c1=O,O=C(c1nn[nH]c1N(Cc1ccccc1)Cc1ccccc1)n1cc(Cl)c(=O)[nH]c1=O,中毒,51.73966,19.396572,42.5,0.8214201639515992,2.191108820672024,both<5,False,False,False,,-6.6820083,31.694054
O=C(c1nn[nH]c1N(Cc1ccccc1)Cc1ccccc1)S(=O)(=O)c1ccc(F)cc1,O=C(c1nn[nH]c1N(Cc1ccccc1)Cc1ccccc1)S(=O)(=O)c1ccc(F)cc1,中毒,5.766618,46.550915,42.5,7.370004394256737,0.9129788318876223,one>5-other<=5,True,False,False,,-12.764143,-30.707472
O=C(c1nn[nH]c1N(Cc1ccccc1)Cc1ccccc1)N1CCN(C(c2ccc(F)cc2)c2ccccn2)CC1,O=C(c1nn[nH]c1N(Cc1ccccc1)Cc1ccccc1)N1CCN(C(c2ccc(F)cc2)c2ccccn2)CC1,中毒,9.13082,17.899239,42.5,4.654565526425885,2.3744026212511042,both<5,False,False,False,,2.958136,40.913006
O=C(c1cc2cc(SCn3ncnn3)ccc2s1)c1nn[nH]c1N(Cc1ccccc1)Cc1ccccc1,O=C(c1cc2cc(SCn3ncnn3)ccc2s1)c1nn[nH]c1N(Cc1ccccc1)Cc1ccccc1,中毒,7.8632665,36.559467,42.5,5.404878494198308,1.1624895953762127,one>5-other<=5,False,False,False,,3.0900965,-1.8427984
O=C(c1nn[nH]c1N(Cc1ccccc1)Cc1ccccc1)C1CC=C(c2c[nH]c3ncncc23)CC1,O=C(c1nn[nH]c1N(Cc1ccccc1)Cc1ccccc1)C1CC=C(c2c[nH]c3ncncc23)CC1,中毒,4.871928,21.020603,42.5,8.72344583089077,2.0218259200271276,one>5-other<=5,True,False,False,,7.061073,-33.26358
O=C(OCc1ccc[nH]1)c1nn[nH]c1N(Cc1ccccc1)Cc1ccccc1,O=C(OCc1ccc[nH]1)c1nn[nH]c1N(Cc1ccccc1)Cc1ccccc1,高毒,7.140232,34.70963,5.0,0.700257358584427,0.14405224140966066,both<5,True,False,False,,-23.88404,-7.7530074
O=C(C1=C(Cl)CSC1c1cc2ccoc2s1)c1nn[nH]c1N(Cc1ccccc1)Cc1ccccc1,O=C(C1=C(Cl)CSC1c1cc2ccoc2s1)c1nn[nH]c1N(Cc1ccccc1)Cc1ccccc1,中毒,9.100812,76.263725,42.5,4.669912970403081,0.5572767393672418,both<5,False,False,False,,20.079828,1.2882801
O=C(c1nn[nH]c1N(Cc1ccccc1)Cc1ccccc1)C1CCN(C2c3[nH]c4ccccc4c3CCC2Cl)CC1,O=C(c1nn[nH]c1N(Cc1ccccc1)Cc1ccccc1)C1CCN(C2c3[nH]c4ccccc4c3CCC2Cl)CC1,中毒,16.275507,37.24203,42.5,2.6112857805289873,1.1411837646873706,both<5,False,False,False,,8.003794,-32.72442
O=C(c1csc2c1C1CCC(C2)NSN1)c1nn[nH]c1N(Cc1ccccc1)Cc1ccccc1,O=C(c1csc2c1C1CCC(C2)NSN1)c1nn[nH]c1N(Cc1ccccc1)Cc1ccccc1,中毒,14.360532,20.7544,42.5,2.9595003861973916,2.0477585475850906,both<5,True,False,False,,-4.5128007,20.994333
O=C(c1ccc(S(F)(F)(F)(F)F)cc1)c1nn[nH]c1N(Cc1ccccc1)Cc1ccccc1,O=C(c1ccc(S(F)(F)(F)(F)F)cc1)c1nn[nH]c1N(Cc1ccccc1)Cc1ccccc1,中毒,5.276667,32.37407,42.5,8.054326717983152,1.3127790234592065,one>5-other<=5,True,False,False,,13.031907,11.069395
O=C(c1nn[nH]c1N(Cc1ccccc1)Cc1ccccc1)[S+](NN1c2ccccc2S1(=O)=O)C1CC1,O=C(c1nn[nH]c1N(Cc1ccccc1)Cc1ccccc1)[S+](NN1c2ccccc2S1(=O)=O)C1CC1,中毒,10.753189,28.212355,42.5,3.952315912981721,1.5064321996515357,both<5,True,False,False,,4.3603354,-25.632906
O=C(c1ccc(OCCCO[N+](=O)[O-])cc1)c1nn[nH]c1N(Cc1ccccc1)Cc1ccccc1,O=C(c1ccc(OCCCO[N+](=O)[O-])cc1)c1nn[nH]c1N(Cc1ccccc1)Cc1ccccc1,高毒,5.037307,27.793814,5.0,0.9925938601717147,0.1798961452357708,both<5,True,False,False,,16.17071,13.280072
O=C(C[n+]1ccccc1)c1nn[nH]c1N(Cc1ccccc1)Cc1ccccc1,O=C(C[n+]1ccccc1)c1nn[nH]c1N(Cc1ccccc1)Cc1ccccc1,中毒,6.273191,20.222002,42.5,6.774861470023789,2.101671239079098,one>5-other<=5,True,False,False,,-3.3707383,-14.730283
O=C(c1nn[nH]c1N(Cc1ccccc1)Cc1ccccc1)N1CCN(c2ccccn2)CC1,O=C(c1nn[nH]c1N(Cc1ccccc1)Cc1ccccc1)N1CCN(c2ccccn2)CC1,中毒,8.732165,12.740919,42.5,4.867063322784212,3.3357091431159716,both<5,False,False,False,,3.735225,39.751045
O=C(c1c[nH]c2c1CCCC2)c1nn[nH]c1N(Cc1ccccc1)Cc1ccccc1,O=C(c1c[nH]c2c1CCCC2)c1nn[nH]c1N(Cc1ccccc1)Cc1ccccc1,中毒,14.825804,26.898594,42.5,2.866623624593985,1.5800082338876151,both<5,False,False,False,,-8.296309,20.083996
O=C(c1nn[nH]c1N(Cc1ccccc1)Cc1ccccc1)c1c(F)c(F)c(F)c(F)c1F,O=C(c1nn[nH]c1N(Cc1ccccc1)Cc1ccccc1)c1c(F)c(F)c(F)c(F)c1F,中毒,16.313023,20.880424,42.5,2.6052804559890586,2.0353992811640222,both<5,True,False,False,,3.4305074,4.9566064
O=C(c1nn[nH]c1N(Cc1ccccc1)Cc1ccccc1)N1CCc2ccc(F)cc2C1,O=C(c1nn[nH]c1N(Cc1ccccc1)Cc1ccccc1)N1CCc2ccc(F)cc2C1,中毒,18.608776,25.97788,42.5,2.2838686434830535,1.6360072492443571,both<5,False,False,False,,-1.4786534,41.63501
O=C(c1cc(F)c(O)c(Br)c1)c1nn[nH]c1N(Cc1ccccc1)Cc1ccccc1,O=C(c1cc(F)c(O)c(Br)c1)c1nn[nH]c1N(Cc1ccccc1)Cc1ccccc1,中毒,7.5008483,30.390955,42.5,5.666025801375025,1.3984423984043937,one>5-other<=5,True,False,False,,9.49933,11.168685
O=C(c1nn[nH]c1N(Cc1ccccc1)Cc1ccccc1)c1n[nH]c2c1Cn1cccc(c1=O)O2,O=C(c1nn[nH]c1N(Cc1ccccc1)Cc1ccccc1)c1n[nH]c2c1Cn1cccc(c1=O)O2,中毒,25.866304,80.20781,42.5,1.6430642738908505,0.5298735871232491,both<5,False,False,False,,29.474201,3.981752
O=C(c1ccccc1SCCN1CCNCC1)c1nn[nH]c1N(Cc1ccccc1)Cc1ccccc1,O=C(c1ccccc1SCCN1CCNCC1)c1nn[nH]c1N(Cc1ccccc1)Cc1ccccc1,中毒,12.595518,31.501791,42.5,3.374216129896365,1.3491296415495868,both<5,True,False,False,,-3.5995357,24.180622
O=C(c1csc(-c2cccc(O)c2I)n1)c1nn[nH]c1N(Cc1ccccc1)Cc1ccccc1,O=C(c1csc(-c2cccc(O)c2I)n1)c1nn[nH]c1N(Cc1ccccc1)Cc1ccccc1,中毒,8.306189,36.10415,42.5,5.11666662051634,1.177149995222156,one>5-other<=5,True,False,False,,17.851181,-11.972827
O=C(OCc1csc(SCc2ncccn2)n1)c1nn[nH]c1N(Cc1ccccc1)Cc1ccccc1,O=C(OCc1csc(SCc2ncccn2)n1)c1nn[nH]c1N(Cc1ccccc1)Cc1ccccc1,低毒,10.954821,33.5181,250.0,22.821002734777682,7.4586566660998095,both<5,True,False,False,,-22.115322,-7.104238
O=C(c1ccc(N2CCNCC2)o1)c1nn[nH]c1N(Cc1ccccc1)Cc1ccccc1,O=C(c1ccc(N2CCNCC2)o1)c1nn[nH]c1N(Cc1ccccc1)Cc1ccccc1,中毒,7.6808786,29.498934,42.5,5.533221160402145,1.4407300277359176,one>5-other<=5,True,True,False,,8.150271,1.279074
O=C(C1=CSC2=NC(c3ccc(Cl)nc3)=CC(=C1)N[S+]2[O-])c1nn[nH]c1N(Cc1ccccc1)Cc1ccccc1,O=C(C1=CSC2=NC(c3ccc(Cl)nc3)=CC(=C1)N[S+]2[O-])c1nn[nH]c1N(Cc1ccccc1)Cc1ccccc1,中毒,8.140944,15.085933,42.5,5.220524794176204,2.817194004507378,one>5-other<=5,True,False,False,,12.242052,12.498286
O=C(c1ccsc1SCC(Cl)=C(Cl)Cl)c1nn[nH]c1N(Cc1ccccc1)Cc1ccccc1,O=C(c1ccsc1SCC(Cl)=C(Cl)Cl)c1nn[nH]c1N(Cc1ccccc1)Cc1ccccc1,中毒,7.338164,19.373144,42.5,5.791639434605169,2.1937585350111473,one>5-other<=5,False,False,False,,-5.19835,7.111573
O=C(c1nsnc1Br)c1nn[nH]c1N(Cc1ccccc1)Cc1ccccc1,O=C(c1nsnc1Br)c1nn[nH]c1N(Cc1ccccc1)Cc1ccccc1,低毒,7.3410196,34.50007,250.0,34.05521489140283,7.246362108830503,both<5,True,False,False,,24.039043,3.0427825
O=C(c1cc(I)ccc1O)c1nn[nH]c1N(Cc1ccccc1)Cc1ccccc1,O=C(c1cc(I)ccc1O)c1nn[nH]c1N(Cc1ccccc1)Cc1ccccc1,中毒,5.7064757,19.154457,42.5,7.447679134075695,2.21880474084961,one>5-other<=5,True,False,False,,-11.294494,15.136662
O=C(c1ccc(I)c(Br)c1)c1nn[nH]c1N(Cc1ccccc1)Cc1ccccc1,O=C(c1ccc(I)c(Br)c1)c1nn[nH]c1N(Cc1ccccc1)Cc1ccccc1,中毒,5.8860874,35.710007,42.5,7.220416061100282,1.1901425838421147,one>5-other<=5,True,True,False,,11.631292,13.821614
O=C(c1nn[nH]c1N(Cc1ccccc1)Cc1ccccc1)c1[nH]cnc1CSc1ccccn1,O=C(c1nn[nH]c1N(Cc1ccccc1)Cc1ccccc1)c1[nH]cnc1CSc1ccccn1,低毒,6.6625533,63.199642,250.0,37.52315197238272,3.955718609925037,one>10-other<5,False,False,False,,30.74148,11.036127
O=C(C1=CCn2c(nnc2-c2ccc3c(c2)OCS3)N1)c1nn[nH]c1N(Cc1ccccc1)Cc1ccccc1,O=C(C1=CCn2c(nnc2-c2ccc3c(c2)OCS3)N1)c1nn[nH]c1N(Cc1ccccc1)Cc1ccccc1,中毒,7.7361045,47.004856,42.5,5.493721032336107,0.9041619019107303,one>5-other<=5,False,False,False,,18.046661,6.653421
O=C(OCCc1nncn1Cc1c(F)cccc1F)c1nn[nH]c1N(Cc1ccccc1)Cc1ccccc1,O=C(OCCc1nncn1Cc1c(F)cccc1F)c1nn[nH]c1N(Cc1ccccc1)Cc1ccccc1,低毒,5.3864026,21.24873,250.0,46.41316636821763,11.765409038563718,both>10,False,False,False,,-21.317572,-9.557113
O=C(c1nn[nH]c1N(Cc1ccccc1)Cc1ccccc1)C(O)Nc1ccc2nsnc2c1,O=C(c1nn[nH]c1N(Cc1ccccc1)Cc1ccccc1)C(O)Nc1ccc2nsnc2c1,中毒,30.871027,52.531105,42.5,1.3766953720068982,0.8090444699383347,both<5,True,False,False,,-21.072945,-26.566366
O=C(c1ccc2sccc2c1)c1nn[nH]c1N(Cc1ccccc1)Cc1ccccc1,O=C(c1ccc2sccc2c1)c1nn[nH]c1N(Cc1ccccc1)Cc1ccccc1,中毒,7.817441,34.50007,42.5,5.4365616574528675,1.2318815585011855,one>5-other<=5,True,False,False,,14.155646,15.249367
O=C(c1nn[nH]c1N(Cc1ccccc1)Cc1ccccc1)C(CN1CCNCC1)SCOCBr,O=C(c1nn[nH]c1N(Cc1ccccc1)Cc1ccccc1)C(CN1CCNCC1)SCOCBr,中毒,15.158507,33.101807,42.5,2.803706196131321,1.2839178235798425,both<5,True,False,False,,-26.143822,-17.681837
O=C(c1nn[nH]c1N(Cc1ccccc1)Cc1ccccc1)c1sc2ccccc2c1Cl,O=C(c1nn[nH]c1N(Cc1ccccc1)Cc1ccccc1)c1sc2ccccc2c1Cl,中毒,5.388941,34.65899,42.5,7.886521674666692,1.2262330783441755,one>5-other<=5,False,False,False,,-0.3647283,-2.0239668
O=C(c1cncnc1)c1nn[nH]c1N(Cc1ccccc1)Cc1ccccc1,O=C(c1cncnc1)c1nn[nH]c1N(Cc1ccccc1)Cc1ccccc1,低毒,5.037307,32.37407,250.0,49.62969300858574,7.722229549760039,both<5,True,False,False,,11.303127,8.0647745
O=C(c1nn[nH]c1N(Cc1ccccc1)Cc1ccccc1)C(c1ccc2nn[nH]c2c1)c1ccco1,O=C(c1nn[nH]c1N(Cc1ccccc1)Cc1ccccc1)C(c1ccc2nn[nH]c2c1)c1ccco1,中毒,19.482138,38.096863,42.5,2.1814854201320206,1.1155774164397736,both<5,False,False,False,,-25.952398,-22.546827
O=C(c1nn[nH]c1N(Cc1ccccc1)Cc1ccccc1)C(O)S,O=C(c1nn[nH]c1N(Cc1ccccc1)Cc1ccccc1)C(O)S,高毒,44.532196,83.59449,5.0,0.11227831656898303,0.05981255463129209,both<5,True,True,False,,-21.751478,-22.638609
O=C(c1nn[nH]c1N(Cc1ccccc1)Cc1ccccc1)n1nncc1Cl,O=C(c1nn[nH]c1N(Cc1ccccc1)Cc1ccccc1)n1nncc1Cl,中毒,12.382725,18.09417,42.5,3.432200908927558,2.348822852885764,both<5,True,False,False,,-1.4034127,27.70251
O=C(c1nn[nH]c1N(Cc1ccccc1)Cc1ccccc1)c1sc(-c2ccco2)nc1-c1cccc2cccnc12,O=C(c1nn[nH]c1N(Cc1ccccc1)Cc1ccccc1)c1sc(-c2ccco2)nc1-c1cccc2cccnc12,中毒,21.109203,17.088017,42.5,2.013339868871411,2.4871229938500177,both<5,False,False,False,,-5.923639,3.2728562
O=C(c1ccc2ccccc2c1O[N+](=O)[O-])c1nn[nH]c1N(Cc1ccccc1)Cc1ccccc1,O=C(c1ccc2ccccc2c1O[N+](=O)[O-])c1nn[nH]c1N(Cc1ccccc1)Cc1ccccc1,中毒,5.943993,21.031403,42.5,7.1500757150958965,2.020787676409415,one>5-other<=5,False,False,False,,-4.3639097,15.272643
O=C(c1nn[nH]c1N(Cc1ccccc1)Cc1ccccc1)N(C1CCCCC1)C1CCS(=O)(=O)C1,O=C(c1nn[nH]c1N(Cc1ccccc1)Cc1ccccc1)N(C1CCCCC1)C1CCS(=O)(=O)C1,中毒,37.090923,36.763214,42.5,1.1458329036459947,1.1560469114588294,both<5,False,False,False,,6.8592677,-28.676624
O=C1CCN(C(=O)c2nn[nH]c2N(Cc2ccccc2)Cc2ccccc2)CCO1,O=C1CCN(C(=O)c2nn[nH]c2N(Cc2ccccc2)Cc2ccccc2)CCO1,中毒,8.323097,22.088709,42.5,5.106272340692413,1.9240599348744192,one>5-other<=5,False,False,False,,3.6085398,34.951374
O=C(c1nn[nH]c1N(Cc1ccccc1)Cc1ccccc1)C(c1cccnc1)S(=O)(=O)c1ccccc1,O=C(c1nn[nH]c1N(Cc1ccccc1)Cc1ccccc1)C(c1cccnc1)S(=O)(=O)c1ccccc1,中毒,9.528033,36.92061,42.5,4.46052191464912,1.1511185757765106,both<5,True,False,False,,-23.41312,-27.065094
O=C(c1ccccc1F)c1nn[nH]c1N(Cc1ccccc1)Cc1ccccc1,O=C(c1ccccc1F)c1nn[nH]c1N(Cc1ccccc1)Cc1ccccc1,中毒,16.313023,20.880424,42.5,2.6052804559890586,2.0353992811640222,both<5,True,False,False,,-7.748925,15.962994
O=C(c1ccc2c(c1)CCO2)c1nn[nH]c1N(Cc1ccccc1)Cc1ccccc1,O=C(c1ccc2c(c1)CCO2)c1nn[nH]c1N(Cc1ccccc1)Cc1ccccc1,中毒,5.276667,47.193893,42.5,8.054326717983152,0.900540245747474,one>5-other<=5,True,False,False,,16.374619,16.943197
O=C(c1cc([N+](=O)[O-])cc([N+](=O)[O-])c1)c1nn[nH]c1N(Cc1ccccc1)Cc1ccccc1,O=C(c1cc([N+](=O)[O-])cc([N+](=O)[O-])c1)c1nn[nH]c1N(Cc1ccccc1)Cc1ccccc1,低毒,14.106122,21.606764,250.0,17.722801490019723,11.570450808830051,both>10,True,True,False,,-24.033192,2.0760996
O=C(c1ccc(F)c2c1CCC2)c1nn[nH]c1N(Cc1ccccc1)Cc1ccccc1,O=C(c1ccc(F)c2c1CCC2)c1nn[nH]c1N(Cc1ccccc1)Cc1ccccc1,中毒,9.9971075,26.113438,42.5,4.251229668181521,1.6275145386831102,both<5,True,False,False,,-8.113139,18.797
O=C(c1n[nH]c(Nc2nsnc2Br)n1)c1nn[nH]c1N(Cc1ccccc1)Cc1ccccc1,O=C(c1n[nH]c(Nc2nsnc2Br)n1)c1nn[nH]c1N(Cc1ccccc1)Cc1ccccc1,低毒,5.884706,40.708843,250.0,42.48300594796069,6.141171833353259,both<5,False,False,False,,23.27977,3.3720813
O=C(c1nn[nH]c1N(Cc1ccccc1)Cc1ccccc1)c1nccn1-c1nc2c(s1)CC(c1ccccn1)C2,O=C(c1nn[nH]c1N(Cc1ccccc1)Cc1ccccc1)c1nccn1-c1nc2c(s1)CC(c1ccccn1)C2,中毒,15.497371,23.747583,42.5,2.742400630403699,1.7896558146570116,both<5,False,False,False,,9.914384,-4.6832438
O=C(c1ccc2occc2c1)c1nn[nH]c1N(Cc1ccccc1)Cc1ccccc1,O=C(c1ccc2occc2c1)c1nn[nH]c1N(Cc1ccccc1)Cc1ccccc1,低毒,5.9305367,129.5575,250.0,42.154700771011164,1.929645138259074,one>10-other<5,True,False,False,,14.074218,16.30486
O=C(c1nn[nH]c1N(Cc1ccccc1)Cc1ccccc1)N1CCc2ccccc21,O=C(c1nn[nH]c1N(Cc1ccccc1)Cc1ccccc1)N1CCc2ccccc21,中毒,13.684105,29.599037,42.5,3.105793181212801,1.4358575246890635,both<5,True,False,False,,-5.482258,40.811657
O=C(c1nn[nH]c1N(Cc1ccccc1)Cc1ccccc1)c1sccc1Br,O=C(c1nn[nH]c1N(Cc1ccccc1)Cc1ccccc1)c1sccc1Br,低毒,5.3548603,16.24854,250.0,46.68655875112185,15.385997757336968,both>10,True,True,False,,5.2013164,-7.8514185
O=C(c1ccc(Cl)c(OC2CCOC2)c1)c1nn[nH]c1N(Cc1ccccc1)Cc1ccccc1,O=C(c1ccc(Cl)c(OC2CCOC2)c1)c1nn[nH]c1N(Cc1ccccc1)Cc1ccccc1,低毒,12.285367,33.504192,250.0,20.34941243513523,7.461752845733453,both<5,False,False,False,,10.646434,15.284012
O=C(c1nn[nH]c1N(Cc1ccccc1)Cc1ccccc1)C(Br)c1cc2ccccc2o1,O=C(c1nn[nH]c1N(Cc1ccccc1)Cc1ccccc1)C(Br)c1cc2ccccc2o1,中毒,8.831326,73.68305,42.5,4.8124143531786725,0.5767947988037955,both<5,True,False,False,,-25.362349,-20.363201
O=C(c1nn[nH]c1N(Cc1ccccc1)Cc1ccccc1)c1[nH]c2csnc2c1Cl,O=C(c1nn[nH]c1N(Cc1ccccc1)Cc1ccccc1)c1[nH]c2csnc2c1Cl,低毒,8.564269,9.427747,250.0,29.191049463766262,26.517470186673442,both>10,True,False,False,,21.801176,0.5039081
O=C(c1cc[n+]([O-])s1)c1nn[nH]c1N(Cc1ccccc1)Cc1ccccc1,O=C(c1cc[n+]([O-])s1)c1nn[nH]c1N(Cc1ccccc1)Cc1ccccc1,高毒,5.9809318,29.36747,5.0,0.8359901378577833,0.17025640955792243,both<5,True,False,False,,21.65097,14.368822
O=C(c1nn[nH]c1N(Cc1ccccc1)Cc1ccccc1)c1coc2ccccc12,O=C(c1nn[nH]c1N(Cc1ccccc1)Cc1ccccc1)c1coc2ccccc12,低毒,11.944199,106.40436,250.0,20.930662658919196,2.3495277825081606,one>10-other<5,False,False,False,,-1.777317,17.702827
O=C(c1nn[nH]c1N(Cc1ccccc1)Cc1ccccc1)c1occ(Br)c1Br,O=C(c1nn[nH]c1N(Cc1ccccc1)Cc1ccccc1)c1occ(Br)c1Br,低毒,21.885036,60.39891,250.0,11.423330535074285,4.139147544218927,one>10-other<5,True,False,False,,0.9007816,11.668399
O=C(c1c[nH]nc1SCc1ccc([N+](=O)[O-])cn1)c1nn[nH]c1N(Cc1ccccc1)Cc1ccccc1,O=C(c1c[nH]nc1SCc1ccc([N+](=O)[O-])cn1)c1nn[nH]c1N(Cc1ccccc1)Cc1ccccc1,中毒,18.778954,55.6923,42.5,2.2631718465256374,0.7631216523648691,both<5,False,False,False,,-23.859715,3.7805204
O=C(c1nn[nH]c1N(Cc1ccccc1)Cc1ccccc1)N1CCS1,O=C(c1nn[nH]c1N(Cc1ccccc1)Cc1ccccc1)N1CCS1,中毒,9.143364,25.051384,42.5,4.648179816531421,1.6965130549274245,both<5,False,False,False,,-1.6521208,36.16126
O=C(c1nn[nH]c1N(Cc1ccccc1)Cc1ccccc1)C1CN2C=NC=C1C1CNC1CS2,O=C(c1nn[nH]c1N(Cc1ccccc1)Cc1ccccc1)C1CN2C=NC=C1C1CNC1CS2,中毒,13.285592,21.035542,42.5,3.1989541753201514,2.0203900617345636,both<5,False,False,False,,6.782578,-37.294086
N#C[SH](C(=O)c1nn[nH]c1N(Cc1ccccc1)Cc1ccccc1)c1ccc(F)cc1Cl,N#C[SH](C(=O)c1nn[nH]c1N(Cc1ccccc1)Cc1ccccc1)c1ccc(F)cc1Cl,中毒,5.5003715,16.550896,42.5,7.726750820376406,2.5678368107684317,one>5-other<=5,False,False,False,,-14.24925,19.009192
Nc1n[s+](-c2cccnc2)nc1C(=O)c1nn[nH]c1N(Cc1ccccc1)Cc1ccccc1,Nc1n[s+](-c2cccnc2)nc1C(=O)c1nn[nH]c1N(Cc1ccccc1)Cc1ccccc1,中毒,19.688936,19.421846,42.5,2.1585727131217247,2.1882574910747414,both<5,False,False,False,,14.7663,1.4647102
O=C(C1=NNN=C2CC=CN21)c1nn[nH]c1N(Cc1ccccc1)Cc1ccccc1,O=C(C1=NNN=C2CC=CN21)c1nn[nH]c1N(Cc1ccccc1)Cc1ccccc1,中毒,5.4743395,39.280575,42.5,7.763493659828733,1.0819597218217911,one>5-other<=5,True,False,False,,14.576951,6.441521
O=C(c1nn[nH]c1N(Cc1ccccc1)Cc1ccccc1)C(O)CI,O=C(c1nn[nH]c1N(Cc1ccccc1)Cc1ccccc1)C(O)CI,低毒,6.1503696,80.90046,250.0,40.64796366059041,3.0902172867743896,one>10-other<5,True,False,False,,-21.43496,-23.232485
O=C(c1nn[nH]c1N(Cc1ccccc1)Cc1ccccc1)c1scc[n+]1[O-],O=C(c1nn[nH]c1N(Cc1ccccc1)Cc1ccccc1)c1scc[n+]1[O-],中毒,5.38902,41.23211,42.5,7.886406062697856,1.0307500634820774,one>5-other<=5,False,False,False,,24.044575,19.673063
O=C(c1nn[nH]c1N(Cc1ccccc1)Cc1ccccc1)n1cnc2c(Br)cc(Br)cc21,O=C(c1nn[nH]c1N(Cc1ccccc1)Cc1ccccc1)n1cnc2c(Br)cc(Br)cc21,中毒,7.4186554,20.829964,42.5,5.728800936083378,2.040329978486761,one>5-other<=5,True,False,False,,-6.0114965,29.341612
O=C(c1nn[nH]c1N(Cc1ccccc1)Cc1ccccc1)c1c[nH]c2ncc(F)cc12,O=C(c1nn[nH]c1N(Cc1ccccc1)Cc1ccccc1)c1c[nH]c2ncc(F)cc12,中毒,5.276667,34.50007,42.5,8.054326717983152,1.2318815585011855,one>5-other<=5,False,False,False,,-17.154415,22.763733
O=C(c1nnc(NCc2cscn2)o1)c1nn[nH]c1N(Cc1ccccc1)Cc1ccccc1,O=C(c1nnc(NCc2cscn2)o1)c1nn[nH]c1N(Cc1ccccc1)Cc1ccccc1,中毒,11.641698,63.712284,42.5,3.6506702029205704,0.667061315836676,both<5,False,False,False,,13.148416,-3.6934788
O=C(c1ccn(Cc2ccc(C(F)(F)F)n(-c3cccc(Cl)c3)c2=O)n1)c1nn[nH]c1N(Cc1ccccc1)Cc1ccccc1,O=C(c1ccn(Cc2ccc(C(F)(F)F)n(-c3cccc(Cl)c3)c2=O)n1)c1nn[nH]c1N(Cc1ccccc1)Cc1ccccc1,中毒,12.468579,49.84341,42.5,3.4085680493342503,0.8526703931372271,both<5,False,False,False,,23.03548,-10.217475
O=C(c1ccn(-c2ccc(F)cc2)n1)c1nn[nH]c1N(Cc1ccccc1)Cc1ccccc1,O=C(c1ccn(-c2ccc(F)cc2)n1)c1nn[nH]c1N(Cc1ccccc1)Cc1ccccc1,低毒,5.488625,76.098465,250.0,45.54874854813364,3.2852173825056785,one>10-other<5,True,False,False,,24.468142,-9.333951
O=C(c1nn[nH]c1N(Cc1ccccc1)Cc1ccccc1)C1c2ccccc2CN2C1C(c1ccc(Cl)cc1)Nc1nnc(O)n12,O=C(c1nn[nH]c1N(Cc1ccccc1)Cc1ccccc1)C1c2ccccc2CN2C1C(c1ccc(Cl)cc1)Nc1nnc(O)n12,中毒,9.274084,11.666832,42.5,4.582662826862469,3.6428055190989297,both<5,True,False,False,,5.8543687,-42.43324
O=C(c1cc2c3cnsc3nc-2n(CCN2CCOCC2)n1)c1nn[nH]c1N(Cc1ccccc1)Cc1ccccc1,O=C(c1cc2c3cnsc3nc-2n(CCN2CCOCC2)n1)c1nn[nH]c1N(Cc1ccccc1)Cc1ccccc1,中毒,13.046575,47.06604,42.5,3.257559934312262,0.9029865270160821,both<5,False,False,False,,31.459751,-1.3340728
O=C(c1ccc(S(=O)(=O)c2cccc(N3CCNC3=O)c2OCl)[nH]1)c1nn[nH]c1N(Cc1ccccc1)Cc1ccccc1,O=C(c1ccc(S(=O)(=O)c2cccc(N3CCNC3=O)c2OCl)[nH]1)c1nn[nH]c1N(Cc1ccccc1)Cc1ccccc1,中毒,29.27248,25.726233,42.5,1.4518756183282044,1.6520102262931382,both<5,True,False,False,,10.326725,4.80697
O=C(c1cc(-c2ncccc2F)[nH]n1)c1nn[nH]c1N(Cc1ccccc1)Cc1ccccc1,O=C(c1cc(-c2ncccc2F)[nH]n1)c1nn[nH]c1N(Cc1ccccc1)Cc1ccccc1,中毒,8.818181,48.056625,42.5,4.819588076044255,0.8843733824420671,both<5,True,False,False,,-7.70561,24.753893
O=C(c1ccc([N+]F)o1)c1nn[nH]c1N(Cc1ccccc1)Cc1ccccc1,O=C(c1ccc([N+]F)o1)c1nn[nH]c1N(Cc1ccccc1)Cc1ccccc1,中毒,6.295896,64.433624,42.5,6.750429168461487,0.6595935066449158,one>5-other<=5,True,True,False,,8.941714,-0.13377938
O=C(c1nn[nH]c1N(Cc1ccccc1)Cc1ccccc1)S(=O)(=O)c1ccc(Cl)cc1,O=C(c1nn[nH]c1N(Cc1ccccc1)Cc1ccccc1)S(=O)(=O)c1ccc(Cl)cc1,中毒,7.1028624,64.723854,42.5,5.983503214140823,0.6566358054018229,one>5-other<=5,True,False,False,,-12.895939,-30.931984
O=C(c1cc(Br)oc1Br)c1nn[nH]c1N(Cc1ccccc1)Cc1ccccc1,O=C(c1cc(Br)oc1Br)c1nn[nH]c1N(Cc1ccccc1)Cc1ccccc1,低毒,23.983845,50.69255,250.0,10.423683108358981,4.931691145937618,one>10-other<5,False,False,False,,-1.0693402,11.749864
N#Cc1cc(OC(=O)c2nn[nH]c2N(Cc2ccccc2)Cc2ccccc2)ccc1F,N#Cc1cc(OC(=O)c2nn[nH]c2N(Cc2ccccc2)Cc2ccccc2)ccc1F,低毒,6.8285685,20.626547,250.0,36.61089436241285,12.120303025028862,both>10,False,False,False,,-27.335117,-12.107284
O=C(c1nn[nH]c1N(Cc1ccccc1)Cc1ccccc1)c1c(O)nc2ccccc2[n+]1[O-],O=C(c1nn[nH]c1N(Cc1ccccc1)Cc1ccccc1)c1c(O)nc2ccccc2[n+]1[O-],中毒,28.875662,21.720812,42.5,1.4718277281400511,1.9566487661695153,both<5,False,False,False,,19.086626,17.888931
O=C(c1nn[nH]c1N(Cc1ccccc1)Cc1ccccc1)N1CCOP(=O)(O)CC1,O=C(c1nn[nH]c1N(Cc1ccccc1)Cc1ccccc1)N1CCOP(=O)(O)CC1,中毒,21.046637,22.59352,42.5,2.0193249876452946,1.8810703245886429,both<5,False,False,False,,4.3117366,35.56743
O=C(c1cc2sccc2o1)c1nn[nH]c1N(Cc1ccccc1)Cc1ccccc1,O=C(c1cc2sccc2o1)c1nn[nH]c1N(Cc1ccccc1)Cc1ccccc1,中毒,7.8972545,59.29613,42.5,5.381617117695776,0.7167415478885385,one>5-other<=5,True,False,False,,6.109512,1.6294327
O=C(c1nn[nH]c1N(Cc1ccccc1)Cc1ccccc1)c1cccc2cccnc12,O=C(c1nn[nH]c1N(Cc1ccccc1)Cc1ccccc1)c1cccc2cccnc12,中毒,16.058071,20.6486,42.5,2.646644170398798,2.058250922580708,both<5,True,False,False,,-6.344791,4.128262
O=C1C=C(NCc2c[nH]cn2)CCCN1C(=O)c1nn[nH]c1N(Cc1ccccc1)Cc1ccccc1,O=C1C=C(NCc2c[nH]cn2)CCCN1C(=O)c1nn[nH]c1N(Cc1ccccc1)Cc1ccccc1,中毒,10.916027,21.895508,42.5,3.8933579039333632,1.941037403653754,both<5,False,False,False,,-4.8877788,39.182625
O=C(c1csc(CCN(C(=O)c2ccccc2F)c2ccc3ccccn23)n1)c1nn[nH]c1N(Cc1ccccc1)Cc1ccccc1,O=C(c1csc(CCN(C(=O)c2ccccc2F)c2ccc3ccccn23)n1)c1nn[nH]c1N(Cc1ccccc1)Cc1ccccc1,中毒,5.847795,21.1228,42.5,7.267696627532258,2.0120438578218796,one>5-other<=5,True,False,False,,-4.288354,-1.4254916
O=C(NS(=O)(=O)c1ccccc1F)c1nn[nH]c1N(Cc1ccccc1)Cc1ccccc1,O=C(NS(=O)(=O)c1ccccc1F)c1nn[nH]c1N(Cc1ccccc1)Cc1ccccc1,中毒,23.169813,15.330676,42.5,1.8342832546814252,2.77221956813907,both<5,False,False,False,,-9.053415,-23.910194
O=C(c1nn[nH]c1N(Cc1ccccc1)Cc1ccccc1)C1CCC1,O=C(c1nn[nH]c1N(Cc1ccccc1)Cc1ccccc1)C1CCC1,高毒,6.35907,22.30062,5.0,0.7862784966984165,0.22420901302295632,both<5,True,False,False,,6.6351233,-32.12154
O=C(c1nn[nH]c1N(Cc1ccccc1)Cc1ccccc1)C1Cc2ccccc2C12CO2,O=C(c1nn[nH]c1N(Cc1ccccc1)Cc1ccccc1)C1Cc2ccccc2C12CO2,中毒,10.282844,52.39731,42.5,4.133097808349518,0.8111103413514931,both<5,False,False,False,,4.3145943,-33.27739
O=C(c1ncccc1Br)c1nn[nH]c1N(Cc1ccccc1)Cc1ccccc1,O=C(c1ncccc1Br)c1nn[nH]c1N(Cc1ccccc1)Cc1ccccc1,低毒,5.037307,34.285435,250.0,49.62969300858574,7.291726063851895,both<5,True,True,False,,-1.6318235,8.883119
O=C(c1nn[nH]c1N(Cc1ccccc1)Cc1ccccc1)[N+]([O-])C(=S)Nc1ccccc1,O=C(c1nn[nH]c1N(Cc1ccccc1)Cc1ccccc1)[N+]([O-])C(=S)Nc1ccccc1,低毒,7.1559925,44.515392,250.0,34.93575489353853,5.616035010991254,both<5,True,False,False,,-9.611625,-15.575036
O=C(c1nn[nH]c1N(Cc1ccccc1)Cc1ccccc1)N1CCCCCO1,O=C(c1nn[nH]c1N(Cc1ccccc1)Cc1ccccc1)N1CCCCCO1,中毒,25.021065,18.291927,42.5,1.6985687859409662,2.323429346727657,both<5,True,False,False,,2.2304099,32.243156
O=C(c1cc(O)cc(O)c1)c1nn[nH]c1N(Cc1ccccc1)Cc1ccccc1,O=C(c1cc(O)cc(O)c1)c1nn[nH]c1N(Cc1ccccc1)Cc1ccccc1,低毒,10.612266,32.818672,250.0,23.557645464220364,7.617614752967457,both<5,True,False,False,,10.233778,10.526916
O=C(c1nn[nH]c1N(Cc1ccccc1)Cc1ccccc1)c1coc2c(Cl)cccc2c1=O,O=C(c1nn[nH]c1N(Cc1ccccc1)Cc1ccccc1)c1coc2c(Cl)cccc2c1=O,中毒,11.944199,59.342094,42.5,3.5582126520162634,0.7161863887041128,both<5,True,True,False,,-1.599802,19.166506
O=C(c1nnsn1)c1nn[nH]c1N(Cc1ccccc1)Cc1ccccc1,O=C(c1nnsn1)c1nn[nH]c1N(Cc1ccccc1)Cc1ccccc1,低毒,5.9809318,41.86337,250.0,41.79950689288917,5.971807811936784,both<5,True,True,False,,22.738077,1.4884697
O=C(c1c[nH]c(Nc2cc(F)ccc2F)n1)c1nn[nH]c1N(Cc1ccccc1)Cc1ccccc1,O=C(c1c[nH]c(Nc2cc(F)ccc2F)n1)c1nn[nH]c1N(Cc1ccccc1)Cc1ccccc1,低毒,7.5008483,56.87477,250.0,33.32956353750015,4.3956221713072425,one>10-other<5,False,False,False,,-12.239421,21.475527
O=C(c1nnno1)c1nn[nH]c1N(Cc1ccccc1)Cc1ccccc1,O=C(c1nnno1)c1nn[nH]c1N(Cc1ccccc1)Cc1ccccc1,低毒,15.633446,42.98752,250.0,15.991355968479375,5.815641376846116,both<5,False,False,False,,12.344747,-0.015801275
O=C(c1nn[nH]c1N(Cc1ccccc1)Cc1ccccc1)C1CC(c2ccc3ccccc3c2I)[S+]([O-])C1,O=C(c1nn[nH]c1N(Cc1ccccc1)Cc1ccccc1)C1CC(c2ccc3ccccc3c2I)[S+]([O-])C1,中毒,7.099995,72.08576,42.5,5.985919708394161,0.5895755278157573,one>5-other<=5,True,False,False,,5.3654933,-31.811491
O=C(c1nn[nH]c1N(Cc1ccccc1)Cc1ccccc1)c1n[n+]([O-])nn1-c1ccc(N2CCOCC2)cc1,O=C(c1nn[nH]c1N(Cc1ccccc1)Cc1ccccc1)c1n[n+]([O-])nn1-c1ccc(N2CCOCC2)cc1,中毒,35.377247,36.769714,42.5,1.2013371193072204,1.1558425502031373,both<5,False,False,False,,7.1783485,30.994549
O=C(c1nn[nH]c1N(Cc1ccccc1)Cc1ccccc1)C1CCC(c2ccco2)S1,O=C(c1nn[nH]c1N(Cc1ccccc1)Cc1ccccc1)C1CCC(c2ccco2)S1,中毒,46.480984,58.555893,42.5,0.9143524156029055,0.725802268953528,both<5,False,False,False,,5.4549084,-37.480335
O=C(c1nn[nH]c1N(Cc1ccccc1)Cc1ccccc1)[PH](O)c1ccccc1,O=C(c1nn[nH]c1N(Cc1ccccc1)Cc1ccccc1)[PH](O)c1ccccc1,高毒,19.373323,45.30162,5.0,0.25808685479512217,0.11037132888404433,both<5,False,False,False,,-6.8112855,-13.104273
O=C(OCc1cccc([N+](=O)[O-])c1)c1nn[nH]c1N(Cc1ccccc1)Cc1ccccc1,O=C(OCc1cccc([N+](=O)[O-])c1)c1nn[nH]c1N(Cc1ccccc1)Cc1ccccc1,低毒,7.140232,35.818108,250.0,35.01286792922134,6.9797098160517015,both<5,False,False,False,,-24.937557,-3.517461
O=C1N=[S+]([O-])C1C1COCCN1C(=O)c1nn[nH]c1N(Cc1ccccc1)Cc1ccccc1,O=C1N=[S+]([O-])C1C1COCCN1C(=O)c1nn[nH]c1N(Cc1ccccc1)Cc1ccccc1,中毒,31.939308,18.848122,42.5,1.3306487416696693,2.2548665591192587,both<5,False,False,False,,4.9457297,32.38377
O=C(c1ccncc1Br)c1nn[nH]c1N(Cc1ccccc1)Cc1ccccc1,O=C(c1ccncc1Br)c1nn[nH]c1N(Cc1ccccc1)Cc1ccccc1,中毒,15.646089,34.50007,42.5,2.7163337751689896,1.2318815585011855,both<5,True,False,False,,-12.116609,3.9895563
O=C(c1nn[nH]c1N(Cc1ccccc1)Cc1ccccc1)N1CCCN(S(=O)(=O)c2ccc(Cl)cc2)CC1,O=C(c1nn[nH]c1N(Cc1ccccc1)Cc1ccccc1)N1CCCN(S(=O)(=O)c2ccc(Cl)cc2)CC1,中毒,7.84181,21.591461,42.5,5.419667143172304,1.9683707369316046,one>5-other<=5,False,False,False,,4.702954,37.297688
O=C(c1nn(C2CCCC2)nc1NO)c1nn[nH]c1N(Cc1ccccc1)Cc1ccccc1,O=C(c1nn(C2CCCC2)nc1NO)c1nn[nH]c1N(Cc1ccccc1)Cc1ccccc1,低毒,11.602768,23.049025,250.0,21.546582677512816,10.84644578241379,both>10,False,False,False,,27.220682,6.9831448
O=C(c1nn[nH]c1N(Cc1ccccc1)Cc1ccccc1)N1CCSCC1Nc1cccc2ccccc12,O=C(c1nn[nH]c1N(Cc1ccccc1)Cc1ccccc1)N1CCSCC1Nc1cccc2ccccc12,中毒,8.889056,47.78395,42.5,4.781160114189853,0.8894199830696291,both<5,False,False,False,,1.7453145,40.20168
O=C(C1=COCCO1)c1nn[nH]c1N(Cc1ccccc1)Cc1ccccc1,O=C(C1=COCCO1)c1nn[nH]c1N(Cc1ccccc1)Cc1ccccc1,中毒,5.1077585,69.18164,42.5,8.320675302091905,0.6143248410994593,one>5-other<=5,True,False,False,,16.11339,7.089633
O=C(c1nn[nH]c1N(Cc1ccccc1)Cc1ccccc1)C1CCNc2nc[nH]c2N=C1c1ccncc1Cl,O=C(c1nn[nH]c1N(Cc1ccccc1)Cc1ccccc1)C1CCNc2nc[nH]c2N=C1c1ccncc1Cl,低毒,8.733482,23.85246,250.0,28.625466909990767,10.48109922414711,both>10,False,False,False,,11.725479,-24.33064
O=C(C1=NCC(Cc2c[nH]c3ncccc23)(NC(=O)C2CC2)C(NF)=N1)c1nn[nH]c1N(Cc1ccccc1)Cc1ccccc1,O=C(C1=NCC(Cc2c[nH]c3ncccc23)(NC(=O)C2CC2)C(NF)=N1)c1nn[nH]c1N(Cc1ccccc1)Cc1ccccc1,中毒,27.20869,21.73806,42.5,1.5620009636627121,1.9550962689402827,both<5,False,False,False,,-16.397785,24.178402
O=C(c1cc2cncc(Br)n2n1)c1nn[nH]c1N(Cc1ccccc1)Cc1ccccc1,O=C(c1cc2cncc(Br)n2n1)c1nn[nH]c1N(Cc1ccccc1)Cc1ccccc1,中毒,15.147701,46.81303,42.5,2.8057062916676268,0.9078668909062285,both<5,False,False,False,,17.301323,-0.8643974
O=C(c1nn[nH]c1N(Cc1ccccc1)Cc1ccccc1)C1CCCCN1c1coc(C2CC2)n1,O=C(c1nn[nH]c1N(Cc1ccccc1)Cc1ccccc1)C1CCCCN1c1coc(C2CC2)n1,低毒,7.275344,9.71746,250.0,34.36263632345082,25.726887478826768,both>10,True,False,False,,8.8533125,-29.484331
O=C(c1cc2ncccc2s1)c1nn[nH]c1N(Cc1ccccc1)Cc1ccccc1,O=C(c1cc2ncccc2s1)c1nn[nH]c1N(Cc1ccccc1)Cc1ccccc1,中毒,12.652749,34.65899,42.5,3.3589538526370832,1.2262330783441755,both<5,False,False,False,,2.6897278,-3.5395975
O=C(c1c[nH]c(C=CI)n1)c1nn[nH]c1N(Cc1ccccc1)Cc1ccccc1,O=C(c1c[nH]c(C=CI)n1)c1nn[nH]c1N(Cc1ccccc1)Cc1ccccc1,低毒,5.052193,23.118843,250.0,49.48346193425311,10.813689941144547,both>10,False,False,False,,20.323833,-9.030862
N#CN(c1ccncc1)C(C(=O)c1nn[nH]c1N(Cc1ccccc1)Cc1ccccc1)c1ccco1,N#CN(c1ccncc1)C(C(=O)c1nn[nH]c1N(Cc1ccccc1)Cc1ccccc1)c1ccco1,中毒,13.124002,23.96769,42.5,3.2383414754127586,1.7732205314738299,both<5,True,False,False,,-26.776781,-21.637371
O=C(c1nn[nH]c1N(Cc1ccccc1)Cc1ccccc1)c1cccc2sc(Cl)nc12,O=C(c1nn[nH]c1N(Cc1ccccc1)Cc1ccccc1)c1cccc2sc(Cl)nc12,中毒,22.22086,16.430983,42.5,1.9126172434370228,2.586576834751761,both<5,False,False,False,,-8.77043,9.241442
O=C(c1nn[nH]c1N(Cc1ccccc1)Cc1ccccc1)[SH]1Nc2ccccc2C(F)(F)C12C(=S)Nc1cccc[n+]12,O=C(c1nn[nH]c1N(Cc1ccccc1)Cc1ccccc1)[SH]1Nc2ccccc2C(F)(F)C12C(=S)Nc1cccc[n+]12,中毒,18.05903,52.43444,42.5,2.3533932885653326,0.8105359759730436,both<5,False,False,False,,-3.4545007,-15.780908
O=C(Nc1cc2ncnc(C(F)F)c2cc1F)c1nn[nH]c1N(Cc1ccccc1)Cc1ccccc1,O=C(Nc1cc2ncnc(C(F)F)c2cc1F)c1nn[nH]c1N(Cc1ccccc1)Cc1ccccc1,中毒,5.125945,27.344988,42.5,8.291154118899053,1.5542153465198083,one>5-other<=5,False,False,False,,-9.049068,-20.504229
O=C(C1=NOC(COP2(=O)COCO2)(C(F)(F)F)O1)c1nn[nH]c1N(Cc1ccccc1)Cc1ccccc1,O=C(C1=NOC(COP2(=O)COCO2)(C(F)(F)F)O1)c1nn[nH]c1N(Cc1ccccc1)Cc1ccccc1,中毒,20.751974,60.40584,42.5,2.047997939858637,0.7035743563867335,both<5,True,False,False,,26.946327,23.56309
O=C(c1ccnc(NCc2cc[nH]n2)n1)c1nn[nH]c1N(Cc1ccccc1)Cc1ccccc1,O=C(c1ccnc(NCc2cc[nH]n2)n1)c1nn[nH]c1N(Cc1ccccc1)Cc1ccccc1,低毒,9.464368,68.10966,250.0,26.414864679818027,3.6705512845020807,one>10-other<5,True,False,False,,20.356117,-5.1370163
O=C(c1nn[nH]c1N(Cc1ccccc1)Cc1ccccc1)c1sncc1-n1nccn1,O=C(c1nn[nH]c1N(Cc1ccccc1)Cc1ccccc1)c1sncc1-n1nccn1,高毒,6.839083,36.47471,5.0,0.7310921654262714,0.13708128179771684,both<5,True,False,False,,8.325021,5.1696296
O=C(c1nn[nH]c1N(Cc1ccccc1)Cc1ccccc1)c1cccn1-c1ccccn1,O=C(c1nn[nH]c1N(Cc1ccccc1)Cc1ccccc1)c1cccn1-c1ccccn1,中毒,10.612266,28.679724,42.5,4.004799728917462,1.4818831589871646,both<5,False,False,False,,29.579416,-13.060361
O=C(NS(=O)(=O)c1cc2ccccc2s1)c1nn[nH]c1N(Cc1ccccc1)Cc1ccccc1,O=C(NS(=O)(=O)c1cc2ccccc2s1)c1nn[nH]c1N(Cc1ccccc1)Cc1ccccc1,中毒,26.031343,15.478839,42.5,1.6326472283815707,2.745683962472896,both<5,False,False,False,,-8.174167,-23.461906
O=C(c1nn[nH]c1N(Cc1ccccc1)Cc1ccccc1)c1sccc1-c1ccccc1,O=C(c1nn[nH]c1N(Cc1ccccc1)Cc1ccccc1)c1sccc1-c1ccccc1,中毒,3.762623,18.074766,42.5,11.295311807746883,2.3513444102125582,one>10-other<5,True,False,False,,4.0998926,-8.72309
O=C(c1nn[nH]c1N(Cc1ccccc1)Cc1ccccc1)C1(Br)CSC(n2nnc3ccsc32)=NN1,O=C(c1nn[nH]c1N(Cc1ccccc1)Cc1ccccc1)C1(Br)CSC(n2nnc3ccsc32)=NN1,中毒,17.624168,8.488666,42.5,2.4114613523883794,5.006675960627971,one>5-other<=5,True,False,False,,3.2458718,-10.700692
O=C(Oc1ccccc1CNn1ccnc1)c1nn[nH]c1N(Cc1ccccc1)Cc1ccccc1,O=C(Oc1ccccc1CNn1ccnc1)c1nn[nH]c1N(Cc1ccccc1)Cc1ccccc1,低毒,11.325378,33.57959,250.0,22.07431840244096,7.444998583961269,both<5,False,False,False,,-31.288136,-8.207648
O=C(c1nn[nH]c1N(Cc1ccccc1)Cc1ccccc1)N1CCn2ncc(F)c2C=N1,O=C(c1nn[nH]c1N(Cc1ccccc1)Cc1ccccc1)N1CCn2ncc(F)c2C=N1,中毒,13.462404,21.348185,42.5,3.1569398749287276,1.99080155994526,both<5,False,False,False,,-1.862284,37.101387
O=C(OCn1c2nc(Br)[nH]c2c2ccc3ccoc3c21)c1nn[nH]c1N(Cc1ccccc1)Cc1ccccc1,O=C(OCn1c2nc(Br)[nH]c2c2ccc3ccoc3c21)c1nn[nH]c1N(Cc1ccccc1)Cc1ccccc1,中毒,9.241971,8.904544,42.5,4.598586167387888,4.7728440670291485,both<5,False,False,False,,-23.629837,-9.2214155
O=C(c1nn[nH]c1N(Cc1ccccc1)Cc1ccccc1)c1csc[n+]1[O-],O=C(c1nn[nH]c1N(Cc1ccccc1)Cc1ccccc1)c1csc[n+]1[O-],低毒,6.273191,33.37947,250.0,39.85212629425758,7.48963359813682,both<5,False,False,False,,23.302088,17.437664
O=C(c1nn[nH]c1N(Cc1ccccc1)Cc1ccccc1)S(=O)(=O)c1nc2ccsc2[nH]1,O=C(c1nn[nH]c1N(Cc1ccccc1)Cc1ccccc1)S(=O)(=O)c1nc2ccsc2[nH]1,中毒,12.463235,30.240389,42.5,3.4100295789977486,1.405405201632823,both<5,True,False,False,,-10.382772,-31.26375
O=C(c1nn[nH]c1N(Cc1ccccc1)Cc1ccccc1)c1[nH]c2cc(Cl)cc(I)c2c1CO,O=C(c1nn[nH]c1N(Cc1ccccc1)Cc1ccccc1)c1[nH]c2cc(Cl)cc(I)c2c1CO,中毒,14.382698,39.52488,42.5,2.9549393305762246,1.0752720817874715,both<5,True,False,False,,6.6782217,11.873225
O=C(c1nn[nH]c1N(Cc1ccccc1)Cc1ccccc1)C(c1cc(F)c(F)c(F)c1)C(F)(F)F,O=C(c1nn[nH]c1N(Cc1ccccc1)Cc1ccccc1)C(c1cc(F)c(F)c(F)c1)C(F)(F)F,中毒,4.9793234,44.696934,42.5,8.535296181003226,0.9508482170164065,one>5-other<=5,True,False,False,,-19.065857,-16.509375
O=C(C1=C[P+](Cl)(c2cccc(I)c2)OO1)c1nn[nH]c1N(Cc1ccccc1)Cc1ccccc1,O=C(C1=C[P+](Cl)(c2cccc(I)c2)OO1)c1nn[nH]c1N(Cc1ccccc1)Cc1ccccc1,中毒,9.484736,16.764952,42.5,4.480883811631657,2.535050502977879,both<5,True,False,False,,-13.233952,10.390551
O=C(c1ccccc1-c1nc2ccccc2s1)c1nn[nH]c1N(Cc1ccccc1)Cc1ccccc1,O=C(c1ccccc1-c1nc2ccccc2s1)c1nn[nH]c1N(Cc1ccccc1)Cc1ccccc1,中毒,7.0541162,14.815539,42.5,6.024851135851717,2.868609775182665,one>5-other<=5,False,False,False,,10.627638,-16.729366
O=C(c1nn[nH]c1N(Cc1ccccc1)Cc1ccccc1)c1csc2cc(F)ccc12,O=C(c1nn[nH]c1N(Cc1ccccc1)Cc1ccccc1)c1csc2cc(F)ccc12,中毒,7.503785,29.58691,42.5,5.663808331395423,1.4364460499592557,one>5-other<=5,False,False,False,,-6.335725,20.845522
O=C(c1nn[nH]c1N(Cc1ccccc1)Cc1ccccc1)n1cncn1,O=C(c1nn[nH]c1N(Cc1ccccc1)Cc1ccccc1)n1cncn1,高毒,22.15011,29.085104,5.0,0.22573251329225902,0.17190930450171332,both<5,True,False,False,,-2.827778,30.422052
O=C([P+]N1CCCCN(CCC[n+]2ccccc2Br)C2OCC21)c1nn[nH]c1N(Cc1ccccc1)Cc1ccccc1,O=C([P+]N1CCCCN(CCC[n+]2ccccc2Br)C2OCC21)c1nn[nH]c1N(Cc1ccccc1)Cc1ccccc1,中毒,38.498905,38.020164,42.5,1.1039275013146477,1.1178278978491518,both<5,False,False,False,,-0.586222,-15.545607
O=C(c1nn[nH]c1N(Cc1ccccc1)Cc1ccccc1)N(C(Cl)=C(Cl)CF)C(F)F,O=C(c1nn[nH]c1N(Cc1ccccc1)Cc1ccccc1)N(C(Cl)=C(Cl)CF)C(F)F,中毒,6.431549,13.968237,42.5,6.608050409007223,3.0426173324521915,one>5-other<=5,False,False,False,,-15.67462,-17.360365
O=C(c1nn[nH]c1N(Cc1ccccc1)Cc1ccccc1)c1c(-c2cccc(Cl)c2)oc2c(F)c(N3CCCCC3)c(F)cc2c1=O,O=C(c1nn[nH]c1N(Cc1ccccc1)Cc1ccccc1)c1c(-c2cccc(Cl)c2)oc2c(F)c(N3CCCCC3)c(F)cc2c1=O,中毒,7.7633433,26.776493,42.5,5.474445526581312,1.5872130827588213,one>5-other<=5,False,False,False,,0.7022769,7.422735
O=C(c1ccc(F)cc1F)c1nn[nH]c1N(Cc1ccccc1)Cc1ccccc1,O=C(c1ccc(F)cc1F)c1nn[nH]c1N(Cc1ccccc1)Cc1ccccc1,中毒,16.313023,20.880424,42.5,2.6052804559890586,2.0353992811640222,both<5,True,False,False,,-11.186167,18.199928
O=C(c1ccsn1)c1nn[nH]c1N(Cc1ccccc1)Cc1ccccc1,O=C(c1ccsn1)c1nn[nH]c1N(Cc1ccccc1)Cc1ccccc1,低毒,5.7687135,34.579483,250.0,43.33721894838425,7.229720583156202,both<5,True,False,False,,19.068056,-3.9269388
O=C(c1nsc(C(F)F)n1)c1nn[nH]c1N(Cc1ccccc1)Cc1ccccc1,O=C(c1nsc(C(F)F)n1)c1nn[nH]c1N(Cc1ccccc1)Cc1ccccc1,中毒,5.9809318,39.283604,42.5,7.105916171791159,1.0818762962787223,one>5-other<=5,True,True,False,,22.753706,-0.085501105
O=C(c1nn[nH]c1N(Cc1ccccc1)Cc1ccccc1)S(=O)(=O)Nc1ccc(F)c(Br)c1,O=C(c1nn[nH]c1N(Cc1ccccc1)Cc1ccccc1)S(=O)(=O)Nc1ccc(F)c(Br)c1,低毒,12.587451,27.940649,250.0,19.86105050180533,8.947537331720534,both<5,True,False,False,,-14.422225,-26.162104
O=C(C(Cl)=NBr)c1nn[nH]c1N(Cc1ccccc1)Cc1ccccc1,O=C(C(Cl)=NBr)c1nn[nH]c1N(Cc1ccccc1)Cc1ccccc1,高毒,12.595518,42.472836,5.0,0.39696660351721935,0.11772230137869767,both<5,True,False,False,,-6.759717,-10.741019
O=C(c1nn[nH]c1N(Cc1ccccc1)Cc1ccccc1)S1(CS(=O)(=O)c2ccccc2F)CNCS1,O=C(c1nn[nH]c1N(Cc1ccccc1)Cc1ccccc1)S1(CS(=O)(=O)c2ccccc2F)CNCS1,中毒,11.014143,36.22951,42.5,3.8586751597468814,1.173076864688482,both<5,False,False,False,,-10.059439,-24.487324
O=C(c1nn[nH]c1N(Cc1ccccc1)Cc1ccccc1)c1sc(Cl)cc1Cl,O=C(c1nn[nH]c1N(Cc1ccccc1)Cc1ccccc1)c1sc(Cl)cc1Cl,低毒,3.5702617,32.00644,250.0,70.02287815484226,7.810928050729792,both<5,True,False,False,,0.38640246,-3.9631014
NS(=O)(=O)CN(CCl)C(=O)c1nn[nH]c1N(Cc1ccccc1)Cc1ccccc1,NS(=O)(=O)CN(CCl)C(=O)c1nn[nH]c1N(Cc1ccccc1)Cc1ccccc1,高毒,7.6790786,25.051384,5.0,0.6511197840845124,0.19958977116793228,both<5,True,False,False,,-13.436711,-23.91545
O=C(OOOCc1cncn1-c1ccccc1)c1nn[nH]c1N(Cc1ccccc1)Cc1ccccc1,O=C(OOOCc1cncn1-c1ccccc1)c1nn[nH]c1N(Cc1ccccc1)Cc1ccccc1,中毒,6.5326886,42.83255,42.5,6.505744051537984,0.9922360447836984,one>5-other<=5,False,False,False,,-24.943798,-9.202916
O=C(c1nn[nH]c1N(Cc1ccccc1)Cc1ccccc1)C1CCCCO1,O=C(c1nn[nH]c1N(Cc1ccccc1)Cc1ccccc1)C1CCCCO1,低毒,14.13984,41.11201,250.0,17.68053952519972,6.080948121972145,both<5,True,False,False,,11.682771,-35.656384
O=C(c1cc(F)ccc1NCc1ccccc1C(F)(F)F)c1nn[nH]c1N(Cc1ccccc1)Cc1ccccc1,O=C(c1cc(F)ccc1NCc1ccccc1C(F)(F)F)c1nn[nH]c1N(Cc1ccccc1)Cc1ccccc1,中毒,5.566856,19.873621,42.5,7.634470875481601,2.138513157717962,one>5-other<=5,False,False,False,,-13.029857,18.850069
O=C(c1csc(NC2CCC2)n1)c1nn[nH]c1N(Cc1ccccc1)Cc1ccccc1,O=C(c1csc(NC2CCC2)n1)c1nn[nH]c1N(Cc1ccccc1)Cc1ccccc1,低毒,17.082487,23.603157,250.0,14.634871374408187,10.591803460867544,both>10,True,False,False,,19.0134,-13.683374
O=C(c1nn[nH]c1N(Cc1ccccc1)Cc1ccccc1)c1nccn1S(=O)(=O)c1ccc(F)c(OC(F)(F)F)c1,O=C(c1nn[nH]c1N(Cc1ccccc1)Cc1ccccc1)c1nccn1S(=O)(=O)c1ccc(F)c(OC(F)(F)F)c1,中毒,8.293376,13.02379,42.5,5.124571706383504,3.2632590052511596,one>5-other<=5,False,False,False,,6.023267,5.8922815
O=C(c1nn[nH]c1N(Cc1ccccc1)Cc1ccccc1)C1CSC(c2cnc3[nH]cnc3c2)=N1,O=C(c1nn[nH]c1N(Cc1ccccc1)Cc1ccccc1)C1CSC(c2cnc3[nH]cnc3c2)=N1,中毒,17.239576,31.429922,42.5,2.465257846248655,1.352214618922694,both<5,False,False,False,,6.166409,-36.437046
O=C(c1nn[nH]c1N(Cc1ccccc1)Cc1ccccc1)C1(S(=O)(=O)c2ccccc2)CCNC1,O=C(c1nn[nH]c1N(Cc1ccccc1)Cc1ccccc1)C1(S(=O)(=O)c2ccccc2)CCNC1,中毒,23.138746,11.888554,42.5,1.8367460362804449,3.5748670527971695,both<5,True,False,False,,-7.2461104,-27.165827
O=C(c1cnn(C2CN2)c1)c1nn[nH]c1N(Cc1ccccc1)Cc1ccccc1,O=C(c1cnn(C2CN2)c1)c1nn[nH]c1N(Cc1ccccc1)Cc1ccccc1,低毒,4.127754,45.20322,250.0,60.56562479256273,5.530579458719976,both<5,True,False,False,,12.979735,7.47786
O=C(c1ccc2c(c1)-c1ccccc1-n1cccc1N2)c1nn[nH]c1N(Cc1ccccc1)Cc1ccccc1,O=C(c1ccc2c(c1)-c1ccccc1-n1cccc1N2)c1nn[nH]c1N(Cc1ccccc1)Cc1ccccc1,中毒,15.498749,52.8529,42.5,2.7421568024619276,0.8041186008714754,both<5,False,False,False,,13.340933,13.273387
O=C(c1nn[nH]c1N(Cc1ccccc1)Cc1ccccc1)C1CCCCC1(F)F,O=C(c1nn[nH]c1N(Cc1ccccc1)Cc1ccccc1)C1CCCCC1(F)F,中毒,8.238762,22.30062,42.5,5.15854202366812,1.9057766106951288,one>5-other<=5,False,False,False,,6.5649457,-30.795292
O=C(c1nn[nH]c1N(Cc1ccccc1)Cc1ccccc1)[SH](=O)=S,O=C(c1nn[nH]c1N(Cc1ccccc1)Cc1ccccc1)[SH](=O)=S,低毒,5.2192693,105.1035,250.0,47.899425308443085,2.378607753309833,one>10-other<5,True,False,False,,-4.4905496,-12.78138
O=C(COc1ccccc1Cl)c1nn[nH]c1N(Cc1ccccc1)Cc1ccccc1,O=C(COc1ccccc1Cl)c1nn[nH]c1N(Cc1ccccc1)Cc1ccccc1,高毒,12.285367,102.96765,5.0,0.40698824870270456,0.04855894059930473,both<5,True,False,False,,-29.823837,-7.4971094
O=C(c1nn[nH]c1N(Cc1ccccc1)Cc1ccccc1)C1OC1c1cnccn1,O=C(c1nn[nH]c1N(Cc1ccccc1)Cc1ccccc1)C1OC1c1cnccn1,中毒,5.6990576,41.11201,42.5,7.457373303263333,1.0337611807352645,one>5-other<=5,False,False,False,,16.109293,-25.892452
O=C(Nc1nccs1)c1nn[nH]c1N(Cc1ccccc1)Cc1ccccc1,O=C(Nc1nccs1)c1nn[nH]c1N(Cc1ccccc1)Cc1ccccc1,中毒,9.143364,37.48489,42.5,4.648179816531421,1.1337901751879225,both<5,True,False,False,,5.080237,-13.618211
O=C(c1nn[nH]c1N(Cc1ccccc1)Cc1ccccc1)c1nc2[nH][nH]nc(-c3cccc(Cl)c3)c1-2,O=C(c1nn[nH]c1N(Cc1ccccc1)Cc1ccccc1)c1nc2[nH][nH]nc(-c3cccc(Cl)c3)c1-2,中毒,17.901764,37.29228,42.5,2.3740677175724136,1.1396460607932795,both<5,False,False,False,,6.5749907,13.049328
O=C(c1nn[nH]c1N(Cc1ccccc1)Cc1ccccc1)N(c1nc[nH]n1)P(=O)(c1ccccc1)c1ccccc1,O=C(c1nn[nH]c1N(Cc1ccccc1)Cc1ccccc1)N(c1nc[nH]n1)P(=O)(c1ccccc1)c1ccccc1,中毒,32.813423,25.519197,42.5,1.2952016618321105,1.6654129046458634,both<5,False,False,False,,29.411875,7.3331985
NCCOc1ccc(C[n+]2cccc(Nn3cnsc3=S(Cc3cccnc3)C(=O)c3nn[nH]c3N(Cc3ccccc3)Cc3ccccc3)c2CCl)cc1,NCCOc1ccc(C[n+]2cccc(Nn3cnsc3=S(Cc3cccnc3)C(=O)c3nn[nH]c3N(Cc3ccccc3)Cc3ccccc3)c2CCl)cc1,中毒,12.067114,24.802319,42.5,3.521968881706098,1.7135494467271386,both<5,True,False,False,,-21.230145,-5.3170996
O=C(c1nn[nH]c1N(Cc1ccccc1)Cc1ccccc1)N1c2ccccc2CCN1Cc1cc(O)c(O)nc1O,O=C(c1nn[nH]c1N(Cc1ccccc1)Cc1ccccc1)N1c2ccccc2CCN1Cc1cc(O)c(O)nc1O,中毒,10.536917,27.68339,42.5,4.0334378642253705,1.5352166046138136,both<5,False,False,False,,-4.8588552,40.79815
O=C(c1nn[nH]c1N(Cc1ccccc1)Cc1ccccc1)C(SS(=O)(=O)O)N1CN2CCC1CC2,O=C(c1nn[nH]c1N(Cc1ccccc1)Cc1ccccc1)C(SS(=O)(=O)O)N1CN2CCC1CC2,中毒,38.823082,28.273901,42.5,1.094709585395616,1.5031530314829922,both<5,False,False,False,,-16.717012,-25.762177
O=C(c1nn[nH]c1N(Cc1ccccc1)Cc1ccccc1)C1NCCc2ccccc21,O=C(c1nn[nH]c1N(Cc1ccccc1)Cc1ccccc1)C1NCCc2ccccc21,中毒,8.728971,67.254944,42.5,4.868844220011729,0.6319238032522932,both<5,True,False,False,,7.8779883,-41.765068
O=C(c1ccc2ncoc2c1)c1nn[nH]c1N(Cc1ccccc1)Cc1ccccc1,O=C(c1ccc2ncoc2c1)c1nn[nH]c1N(Cc1ccccc1)Cc1ccccc1,中毒,10.894191,108.79434,42.5,3.901161637426772,0.3906453221739293,both<5,True,False,False,,12.662673,20.046026
O=C(c1nn[nH]c1N(Cc1ccccc1)Cc1ccccc1)c1c(Cl)c2ccc(Cl)nc2n1C1CC1,O=C(c1nn[nH]c1N(Cc1ccccc1)Cc1ccccc1)c1c(Cl)c2ccc(Cl)nc2n1C1CC1,中毒,11.323628,17.327919,42.5,3.7532140759127732,2.4526892121321664,both<5,False,False,False,,-13.268066,26.075163
O=C(O[15I])c1nn[nH]c1N(Cc1ccccc1)Cc1ccccc1,O=C(O[15I])c1nn[nH]c1N(Cc1ccccc1)Cc1ccccc1,高毒,10.201695,34.70963,5.0,0.49011463291149165,0.14405224140966066,both<5,True,False,False,,-23.902674,-10.63143
O=C(C1=CC=C[N+]=NN1)c1nn[nH]c1N(Cc1ccccc1)Cc1ccccc1,O=C(C1=CC=C[N+]=NN1)c1nn[nH]c1N(Cc1ccccc1)Cc1ccccc1,低毒,5.3053966,36.587296,250.0,47.121830628081604,6.832972843907349,both<5,True,False,False,,12.977905,6.4941688
O=C(c1nn[nH]c1N(Cc1ccccc1)Cc1ccccc1)c1[nH]nc(C2=Nc3cccc4[nH]nc(c34)S2)c1Cc1cccnn1,O=C(c1nn[nH]c1N(Cc1ccccc1)Cc1ccccc1)c1[nH]nc(C2=Nc3cccc4[nH]nc(c34)S2)c1Cc1cccnn1,中毒,18.211054,56.599335,42.5,2.3337474041864903,0.7508922145463369,both<5,False,False,False,,34.220177,1.2282637
O=C(C(Cl)=C(NC(=S)NC(=O)c1c(Cl)cccc1Cl)c1ccc2[nH]cnc2c1)c1nn[nH]c1N(Cc1ccccc1)Cc1ccccc1,O=C(C(Cl)=C(NC(=S)NC(=O)c1c(Cl)cccc1Cl)c1ccc2[nH]cnc2c1)c1nn[nH]c1N(Cc1ccccc1)Cc1ccccc1,中毒,12.899289,75.288994,42.5,3.2947552380600205,0.564491537767127,both<5,True,False,False,,-4.9073443,-3.4275763
O=C1C=CC2=C3SC(c4ccccc4O)=CN3CC(C(=O)c3nn[nH]c3N(Cc3ccccc3)Cc3ccccc3)SC(F)=C12,O=C1C=CC2=C3SC(c4ccccc4O)=CN3CC(C(=O)c3nn[nH]c3N(Cc3ccccc3)Cc3ccccc3)SC(F)=C12,中毒,17.664818,11.257486,42.5,2.405912135635929,3.7752656321313656,both<5,False,False,False,,3.5100577,-36.929363
O=C(c1ccccc1I)c1nn[nH]c1N(Cc1ccccc1)Cc1ccccc1,O=C(c1ccccc1I)c1nn[nH]c1N(Cc1ccccc1)Cc1ccccc1,低毒,12.921395,34.50007,250.0,19.347756182672228,7.246362108830503,both<5,False,False,False,,-5.708391,11.489992
O=C(c1ccc(Cl)o1)c1nn[nH]c1N(Cc1ccccc1)Cc1ccccc1,O=C(c1ccc(Cl)o1)c1nn[nH]c1N(Cc1ccccc1)Cc1ccccc1,低毒,6.295896,108.79434,250.0,39.70840687330286,2.2979136598466425,one>10-other<5,True,False,False,,8.356451,0.49011958
O=C(c1nn[nH]c1N(Cc1ccccc1)Cc1ccccc1)N(Cc1ccc(OC(F)(F)F)cc1)c1ccco1,O=C(c1nn[nH]c1N(Cc1ccccc1)Cc1ccccc1)N(Cc1ccc(OC(F)(F)F)cc1)c1ccco1,中毒,7.3753867,21.310154,42.5,5.7624097188015915,1.9943544284100434,one>5-other<=5,True,False,False,,-19.731886,-12.894652
O=C(c1nn[nH]c1N(Cc1ccccc1)Cc1ccccc1)c1scn[n+]1[O-],O=C(c1nn[nH]c1N(Cc1ccccc1)Cc1ccccc1)c1scn[n+]1[O-],低毒,17.804089,19.939602,250.0,14.041718169348625,12.537863092753806,both>10,True,False,False,,23.998781,19.60687
O=C(c1nn[nH]c1N(Cc1ccccc1)Cc1ccccc1)C1CON(C2CC2Br)C1,O=C(c1nn[nH]c1N(Cc1ccccc1)Cc1ccccc1)C1CON(C2CC2Br)C1,中毒,6.9836826,26.930273,42.5,6.08561448654611,1.5781496162330029,one>5-other<=5,True,False,False,,7.627259,-34.037716
O=C(c1nn[nH]c1N(Cc1ccccc1)Cc1ccccc1)N1CC2C(c3cc(Sc4nnsn4)cc([N+](=O)[O-])c3)=CC=CN2C1,O=C(c1nn[nH]c1N(Cc1ccccc1)Cc1ccccc1)N1CC2C(c3cc(Sc4nnsn4)cc([N+](=O)[O-])c3)=CC=CN2C1,中毒,18.650047,17.420776,42.5,2.2788146324778698,2.4396157783097605,both<5,False,False,False,,3.956358,43.181072
O=C(c1nn[nH]c1N(Cc1ccccc1)Cc1ccccc1)[SH](c1ccccc1Cl)S(=O)(=O)c1cccnc1,O=C(c1nn[nH]c1N(Cc1ccccc1)Cc1ccccc1)[SH](c1ccccc1Cl)S(=O)(=O)c1cccnc1,中毒,9.879752,29.625902,42.5,4.301727411781187,1.434555477838278,both<5,False,False,False,,-17.707054,-33.80775
O=C(c1nn[nH]c1N(Cc1ccccc1)Cc1ccccc1)c1c(O)c(Br)nc2ccccc12,O=C(c1nn[nH]c1N(Cc1ccccc1)Cc1ccccc1)c1c(O)c(Br)nc2ccccc12,中毒,14.710481,12.258503,42.5,2.889096556394043,3.4669812455892863,both<5,False,False,False,,1.4698889,1.4273558
O=C(c1cn(-c2cc(Cl)c(OCC(F)(F)F)c(Br)c2)nc1Cl)c1nn[nH]c1N(Cc1ccccc1)Cc1ccccc1,O=C(c1cn(-c2cc(Cl)c(OCC(F)(F)F)c(Br)c2)nc1Cl)c1nn[nH]c1N(Cc1ccccc1)Cc1ccccc1,中毒,8.668397,57.48542,42.5,4.902867277537012,0.7393179000866655,both<5,True,False,False,,-17.22875,10.46527
O=C(C=Cc1c[nH]nc1-c1ncon1)c1nn[nH]c1N(Cc1ccccc1)Cc1ccccc1,O=C(C=Cc1c[nH]nc1-c1ncon1)c1nn[nH]c1N(Cc1ccccc1)Cc1ccccc1,中毒,11.313056,55.478966,42.5,3.7567214376027134,0.7660560941240325,both<5,False,False,False,,18.11088,1.8929114
O=C(c1cc2cc(Cl)[nH]c(=O)c2s1)c1nn[nH]c1N(Cc1ccccc1)Cc1ccccc1,O=C(c1cc2cc(Cl)[nH]c(=O)c2s1)c1nn[nH]c1N(Cc1ccccc1)Cc1ccccc1,中毒,8.742587,35.11842,42.5,4.8612613177312385,1.2101911190765415,both<5,False,False,False,,4.327009,-3.544892
O=C(c1nn[nH]c1N(Cc1ccccc1)Cc1ccccc1)C1([N+](=O)[O-])CC2(O)CSc3nn(S(=O)(=O)O)n3CN2c2ccccc21,O=C(c1nn[nH]c1N(Cc1ccccc1)Cc1ccccc1)C1([N+](=O)[O-])CC2(O)CSc3nn(S(=O)(=O)O)n3CN2c2ccccc21,中毒,13.614943,10.292379,42.5,3.1215701747704707,4.1292688502823305,both<5,True,False,False,,-3.8985019,-19.79963
O=C(c1nn[nH]c1N(Cc1ccccc1)Cc1ccccc1)C1NS(=O)(=O)c2ccccc21,O=C(c1nn[nH]c1N(Cc1ccccc1)Cc1ccccc1)C1NS(=O)(=O)c2ccccc21,中毒,8.78396,70.882996,42.5,4.838364473426564,0.5995796227349081,both<5,True,False,False,,5.4384317,-27.618681
O=C(SSc1ccccc1N1CCN(n2ccnc2)CC1C(F)(F)F)c1nn[nH]c1N(Cc1ccccc1)Cc1ccccc1,O=C(SSc1ccccc1N1CCN(n2ccnc2)CC1C(F)(F)F)c1nn[nH]c1N(Cc1ccccc1)Cc1ccccc1,中毒,11.229273,24.342138,42.5,3.7847508026565926,1.7459435978877451,both<5,False,False,False,,-16.381899,-5.8654327
O=C(c1nn[nH]c1N(Cc1ccccc1)Cc1ccccc1)c1sc[n+]([O-])c1I,O=C(c1nn[nH]c1N(Cc1ccccc1)Cc1ccccc1)c1sc[n+]([O-])c1I,低毒,14.168839,26.455732,250.0,17.644353217648955,9.449747979001298,both<5,False,False,False,,24.669672,18.305557
O=C(c1ccc(S(=O)(=O)S(=O)(=O)O)s1)c1nn[nH]c1N(Cc1ccccc1)Cc1ccccc1,O=C(c1ccc(S(=O)(=O)S(=O)(=O)O)s1)c1nn[nH]c1N(Cc1ccccc1)Cc1ccccc1,中毒,5.0551353,18.698236,42.5,8.407292283551739,2.2729416828410978,one>5-other<=5,False,False,False,,5.6656566,-3.3513606
O=C(c1nn[nH]c1N(Cc1ccccc1)Cc1ccccc1)c1snnc1COc1cccc(Br)c1,O=C(c1nn[nH]c1N(Cc1ccccc1)Cc1ccccc1)c1snnc1COc1cccc(Br)c1,低毒,14.367483,30.135832,250.0,17.400403397032033,8.295772288616421,both<5,False,False,False,,6.3515234,15.397455
O=C(c1nsnc1Cl)c1nn[nH]c1N(Cc1ccccc1)Cc1ccccc1,O=C(c1nsnc1Cl)c1nn[nH]c1N(Cc1ccccc1)Cc1ccccc1,低毒,4.2093515,18.31347,250.0,59.391571362001955,13.651154041260341,both>10,True,False,False,,24.22137,2.7016408
O=C(c1nonc1NO)c1nn[nH]c1N(Cc1ccccc1)Cc1ccccc1,O=C(c1nonc1NO)c1nn[nH]c1N(Cc1ccccc1)Cc1ccccc1,微毒,16.772837,19.855677,137.5,8.197778348409395,6.924971634057101,both5-10,True,False,False,,25.158278,7.9893785
O=C(C1=NOC(c2ccc(Cl)cc2Cl)C1)c1nn[nH]c1N(Cc1ccccc1)Cc1ccccc1,O=C(C1=NOC(c2ccc(Cl)cc2Cl)C1)c1nn[nH]c1N(Cc1ccccc1)Cc1ccccc1,中毒,22.518536,33.99595,42.5,1.8873340611485576,1.2501489147972038,both<5,False,False,False,,-14.757652,12.152008
O=C(c1nn[nH]c1N(Cc1ccccc1)Cc1ccccc1)C1CCN(C(Cl)Cl)C(=O)C1,O=C(c1nn[nH]c1N(Cc1ccccc1)Cc1ccccc1)C1CCN(C(Cl)Cl)C(=O)C1,中毒,18.126776,13.39559,42.5,2.3445978479570773,3.1726859361924333,both<5,True,False,False,,8.223657,-31.856083
O=C(c1nn[nH]c1N(Cc1ccccc1)Cc1ccccc1)C1CCc2[nH]c(=O)sc2C2COCCN2C1=O,O=C(c1nn[nH]c1N(Cc1ccccc1)Cc1ccccc1)C1CCc2[nH]c(=O)sc2C2COCCN2C1=O,中毒,8.40048,11.146428,42.5,5.059234710397501,3.812880682493082,one>5-other<=5,False,False,False,,9.841535,-34.703896
O=C(c1nn[nH]c1N(Cc1ccccc1)Cc1ccccc1)C1(c2cccs2)CCCC1,O=C(c1nn[nH]c1N(Cc1ccccc1)Cc1ccccc1)C1(c2cccs2)CCCC1,中毒,11.360196,33.55768,42.5,3.7411326353876286,1.2664761091946763,both<5,True,False,False,,-0.9483558,-20.04951
O=C(C1=CSCCSC1)c1nn[nH]c1N(Cc1ccccc1)Cc1ccccc1,O=C(C1=CSCCSC1)c1nn[nH]c1N(Cc1ccccc1)Cc1ccccc1,中毒,4.854593,36.587296,42.5,8.7545959053622,1.1616053834642495,one>5-other<=5,True,False,False,,18.82961,7.923877
O=C(c1nn[nH]c1N(Cc1ccccc1)Cc1ccccc1)S(=O)(=O)c1cscn1,O=C(c1nn[nH]c1N(Cc1ccccc1)Cc1ccccc1)S(=O)(=O)c1cscn1,中毒,17.231918,62.87364,42.5,2.46635342624077,0.6759589551360474,both<5,False,False,False,,-16.443518,-29.396326
O=C(c1cnns1)c1nn[nH]c1N(Cc1ccccc1)Cc1ccccc1,O=C(c1cnns1)c1nn[nH]c1N(Cc1ccccc1)Cc1ccccc1,低毒,5.9809318,29.36747,250.0,41.79950689288917,8.51282047789612,both<5,True,False,False,,7.5630813,-3.44239
O=C(c1nn[nH]c1N(Cc1ccccc1)Cc1ccccc1)N1SCC(Nc2nc3cccnc3[nH]2)=NC1=S,O=C(c1nn[nH]c1N(Cc1ccccc1)Cc1ccccc1)N1SCC(Nc2nc3cccnc3[nH]2)=NC1=S,中毒,8.970146,77.67145,42.5,4.737938490633263,0.5471766009260803,both<5,False,False,False,,-2.2255766,35.126133
O=C(c1ccc(Cl)cc1[N+](=O)[O-])c1nn[nH]c1N(Cc1ccccc1)Cc1ccccc1,O=C(c1ccc(Cl)cc1[N+](=O)[O-])c1nn[nH]c1N(Cc1ccccc1)Cc1ccccc1,中毒,8.457127,25.358694,42.5,5.025347260363951,1.6759538168645436,one>5-other<=5,True,False,False,,-22.507435,6.230686
O=C(c1nn[nH]c1N(Cc1ccccc1)Cc1ccccc1)c1c(F)c(O)c(F)c(F)c1F,O=C(c1nn[nH]c1N(Cc1ccccc1)Cc1ccccc1)c1c(F)c(O)c(F)c(F)c1F,中毒,16.313023,16.613554,42.5,2.6052804559890586,2.5581522171595554,both<5,False,False,False,,3.4069335,4.923571
O=C(CCI)OC(=O)c1nn[nH]c1N(Cc1ccccc1)Cc1ccccc1,O=C(CCI)OC(=O)c1nn[nH]c1N(Cc1ccccc1)Cc1ccccc1,高毒,6.4241095,37.091206,5.0,0.778317990999375,0.13480284248508934,both<5,False,False,False,,-24.846668,-11.090147
O=C(c1nn[nH]c1N(Cc1ccccc1)Cc1ccccc1)c1cnn2ncccc12,O=C(c1nn[nH]c1N(Cc1ccccc1)Cc1ccccc1)c1cnn2ncccc12,中毒,41.636017,30.879324,42.5,1.0207508561637872,1.3763254661922002,both<5,False,False,False,,-10.096474,5.2937894
O=C(c1nn[nH]c1N(Cc1ccccc1)Cc1ccccc1)C1(F)CS1,O=C(c1nn[nH]c1N(Cc1ccccc1)Cc1ccccc1)C1(F)CS1,中毒,8.584854,53.78547,42.5,4.9505792410680485,0.7901762316105075,both<5,True,False,False,,-2.3937657,-19.965229
O=C(c1nn[nH]c1N(Cc1ccccc1)Cc1ccccc1)n1nnc(-c2cnn3c(-c4ccnc5sccc45)csc23)c1-c1nc2cnccc2s1,O=C(c1nn[nH]c1N(Cc1ccccc1)Cc1ccccc1)n1nnc(-c2cnn3c(-c4ccnc5sccc45)csc23)c1-c1nc2cnccc2s1,中毒,5.360003,14.3937645,42.5,7.9291000396828135,2.952667455410987,one>5-other<=5,False,False,False,,-0.31984633,28.720222
O=C(c1cccc([N+](=O)[O-])c1)c1nn[nH]c1N(Cc1ccccc1)Cc1ccccc1,O=C(c1cccc([N+](=O)[O-])c1)c1nn[nH]c1N(Cc1ccccc1)Cc1ccccc1,低毒,14.106122,21.606764,250.0,17.722801490019723,11.570450808830051,both>10,True,True,False,,-23.908258,1.9000708
N#CCCc1ccccc1C(=O)c1nn[nH]c1N(Cc1ccccc1)Cc1ccccc1,N#CCCc1ccccc1C(=O)c1nn[nH]c1N(Cc1ccccc1)Cc1ccccc1,中毒,17.667408,26.113438,42.5,2.4055594346380635,1.6275145386831102,both<5,True,False,False,,-6.9172025,14.363893
O=C(C(=C(O)c1ccccc1)P(=O)(c1ccccc1)c1ccccn1)c1nn[nH]c1N(Cc1ccccc1)Cc1ccccc1,O=C(C(=C(O)c1ccccc1)P(=O)(c1ccccc1)c1ccccn1)c1nn[nH]c1N(Cc1ccccc1)Cc1ccccc1,中毒,10.440395,22.58534,42.5,4.070727209075901,1.8817516141001198,both<5,False,False,False,,1.3907058,-13.391321
O=C(c1ccc2[nH]ccc2c1)c1nn[nH]c1N(Cc1ccccc1)Cc1ccccc1,O=C(c1ccc2[nH]ccc2c1)c1nn[nH]c1N(Cc1ccccc1)Cc1ccccc1,中毒,6.6625533,34.50007,42.5,6.378935835305063,1.2318815585011855,one>5-other<=5,True,False,False,,12.665583,15.688396
O=C(c1nn[nH]c1N(Cc1ccccc1)Cc1ccccc1)C1CCCNC1,O=C(c1nn[nH]c1N(Cc1ccccc1)Cc1ccccc1)C1CCCNC1,中毒,19.461971,21.035542,42.5,2.183745932002468,2.0203900617345636,both<5,True,False,False,,7.293773,-32.238758
O=C(c1nn[nH]c1N(Cc1ccccc1)Cc1ccccc1)C1OC1c1ccncc1-c1cccnc1,O=C(c1nn[nH]c1N(Cc1ccccc1)Cc1ccccc1)C1OC1c1ccncc1-c1cccnc1,中毒,4.714241,44.86334,42.5,9.015237023308735,0.9473213541390364,one>5-other<=5,True,False,False,,16.117737,-25.908329
O=C(c1nn[nH]c1N(Cc1ccccc1)Cc1ccccc1)c1sc(CCOP(=O)(O)O)cc1F,O=C(c1nn[nH]c1N(Cc1ccccc1)Cc1ccccc1)c1sc(CCOP(=O)(O)O)cc1F,中毒,20.119535,30.788603,42.5,2.112374863534371,1.380380915626474,both<5,True,False,False,,16.66299,10.209318
O=C(c1nonc1N1CCCC1)c1nn[nH]c1N(Cc1ccccc1)Cc1ccccc1,O=C(c1nonc1N1CCCC1)c1nn[nH]c1N(Cc1ccccc1)Cc1ccccc1,中毒,15.387692,26.370928,42.5,2.7619476657058124,1.6116232238774457,both<5,True,False,False,,24.79778,6.310737
O=C(ON=Cc1ccsc1)c1nn[nH]c1N(Cc1ccccc1)Cc1ccccc1,O=C(ON=Cc1ccsc1)c1nn[nH]c1N(Cc1ccccc1)Cc1ccccc1,中毒,6.708568,35.818108,42.5,6.335182113380978,1.1865506687287892,one>5-other<=5,True,False,False,,-23.328362,-13.476736
O=C(c1nn[nH]c1N(Cc1ccccc1)Cc1ccccc1)N(Nc1ccc2ccccc2c1)c1cc(I)cc(Cl)c1O,O=C(c1nn[nH]c1N(Cc1ccccc1)Cc1ccccc1)N(Nc1ccc2ccccc2c1)c1cc(I)cc(Cl)c1O,中毒,13.071692,9.466301,42.5,3.2513005967398865,4.489610038810302,both<5,True,False,False,,-23.447168,10.370025
O=C(c1nn[nH]c1N(Cc1ccccc1)Cc1ccccc1)c1sc2nc(SCNc3ccccc3O)sc2c1Nc1ccc(Br)cc1,O=C(c1nn[nH]c1N(Cc1ccccc1)Cc1ccccc1)c1sc2nc(SCNc3ccccc3O)sc2c1Nc1ccc(Br)cc1,中毒,33.56348,25.60482,42.5,1.2662572534194905,1.6598437325472313,both<5,False,False,False,,2.0678153,-6.816589
O=C(c1nn[nH]c1N(Cc1ccccc1)Cc1ccccc1)c1ccnn[n+]1-c1ccccc1,O=C(c1nn[nH]c1N(Cc1ccccc1)Cc1ccccc1)c1ccnn[n+]1-c1ccccc1,低毒,10.612266,21.410532,250.0,23.557645464220364,11.676496408403116,both>10,True,False,False,,24.214052,14.106173
O=C(c1nn[nH]c1N(Cc1ccccc1)Cc1ccccc1)c1co[nH]c1=S,O=C(c1nn[nH]c1N(Cc1ccccc1)Cc1ccccc1)c1co[nH]c1=S,低毒,17.582653,84.93682,250.0,14.218559622373256,2.943364255925758,one>10-other<5,True,False,False,,1.2558805,17.825274
O=C(c1ccc(Cl)c(Cl)c1O)c1nn[nH]c1N(Cc1ccccc1)Cc1ccccc1,O=C(c1ccc(Cl)c(Cl)c1O)c1nn[nH]c1N(Cc1ccccc1)Cc1ccccc1,低毒,7.4153166,19.154457,250.0,33.71400217760089,13.051792593233,both>10,True,False,False,,-10.521004,10.271149
O=C(c1nc[nH]c1Cl)c1nn[nH]c1N(Cc1ccccc1)Cc1ccccc1,O=C(c1nc[nH]c1Cl)c1nn[nH]c1N(Cc1ccccc1)Cc1ccccc1,低毒,4.1356435,30.286152,250.0,60.450084732883774,8.254597678833546,both<5,False,False,False,,28.089697,11.222579
O=C1C=Cc2ccc(-c3cocc3C3(C(=O)c4nn[nH]c4N(Cc4ccccc4)Cc4ccccc4)CO3)n2CCO1,O=C1C=Cc2ccc(-c3cocc3C3(C(=O)c4nn[nH]c4N(Cc4ccccc4)Cc4ccccc4)CO3)n2CCO1,中毒,10.828372,14.2372675,42.5,3.9248743947843683,2.9851233742710814,both<5,False,False,False,,-3.2173262,-5.4558673
O=C(c1nn[nH]c1N(Cc1ccccc1)Cc1ccccc1)C1OC2OC(CO)C(O)C(O)C2O1,O=C(c1nn[nH]c1N(Cc1ccccc1)Cc1ccccc1)C1OC2OC(CO)C(O)C(O)C2O1,低毒,8.127022,73.04137,250.0,30.761575396252155,3.4227178378499747,one>10-other<5,False,False,False,,-6.059142,-40.4781
O=C(c1nn[nH]c1N(Cc1ccccc1)Cc1ccccc1)c1ccn[nH]c1=S,O=C(c1nn[nH]c1N(Cc1ccccc1)Cc1ccccc1)c1ccn[nH]c1=S,低毒,5.037307,98.82907,250.0,49.62969300858574,2.5296200804075157,one>10-other<5,True,False,False,,1.4699885,18.274084
O=C(Oc1ccccc1CN1CCCC1)c1nn[nH]c1N(Cc1ccccc1)Cc1ccccc1,O=C(Oc1ccccc1CN1CCCC1)c1nn[nH]c1N(Cc1ccccc1)Cc1ccccc1,低毒,25.721128,34.70963,250.0,9.719635935095848,7.202612070483034,both5-10,True,False,False,,-30.957777,-8.363825
O=C(c1nn[nH]c1N(Cc1ccccc1)Cc1ccccc1)C1CCSCO1,O=C(c1nn[nH]c1N(Cc1ccccc1)Cc1ccccc1)C1CCSCO1,低毒,6.9044075,98.3049,250.0,36.208755059720914,2.543108227565462,one>10-other<5,True,False,False,,10.773245,-35.961716
O=C(O)C1=CCN(S(=O)(=O)c2ccccc2F)C1(NS(=O)(=O)c1ccccn1)C(=O)c1nn[nH]c1N(Cc1ccccc1)Cc1ccccc1,O=C(O)C1=CCN(S(=O)(=O)c2ccccc2F)C1(NS(=O)(=O)c1ccccn1)C(=O)c1nn[nH]c1N(Cc1ccccc1)Cc1ccccc1,中毒,6.8139462,17.788555,42.5,6.237208036658698,2.389176636325997,one>5-other<=5,True,False,False,,-8.351003,-25.288084
O=C(c1nn[nH]c1N(Cc1ccccc1)Cc1ccccc1)C12CC3CC1CN(C3)C2,O=C(c1nn[nH]c1N(Cc1ccccc1)Cc1ccccc1)C12CC3CC1CN(C3)C2,中毒,26.425592,8.471967,42.5,1.6082894188330765,5.01654456397198,one>5-other<=5,True,False,False,,-2.4039176,-27.076021
O=C(Sc1ccc(F)c(C(F)(F)F)c1Cl)c1nn[nH]c1N(Cc1ccccc1)Cc1ccccc1,O=C(Sc1ccc(F)c(C(F)(F)F)c1Cl)c1nn[nH]c1N(Cc1ccccc1)Cc1ccccc1,中毒,5.970531,15.473865,42.5,7.118294838432293,2.7465665494690565,one>5-other<=5,False,False,False,,-13.820095,-7.8548493
O=C(c1ccn(Cc2cccnc2)n1)c1nn[nH]c1N(Cc1ccccc1)Cc1ccccc1,O=C(c1ccn(Cc2cccnc2)n1)c1nn[nH]c1N(Cc1ccccc1)Cc1ccccc1,中毒,16.815035,50.18471,42.5,2.52749994275956,0.8468714873514264,both<5,False,False,False,,18.428629,-8.059528
O=C(c1ccncc1OCCCl)c1nn[nH]c1N(Cc1ccccc1)Cc1ccccc1,O=C(c1ccncc1OCCCl)c1nn[nH]c1N(Cc1ccccc1)Cc1ccccc1,低毒,5.943993,20.287848,250.0,42.059268912328804,12.322647527722014,both>10,True,False,False,,-12.5074835,6.0009446
O=C(c1cc([N+](=O)[O-])sc1-c1cccc(O)c1)c1nn[nH]c1N(Cc1ccccc1)Cc1ccccc1,O=C(c1cc([N+](=O)[O-])sc1-c1cccc(O)c1)c1nn[nH]c1N(Cc1ccccc1)Cc1ccccc1,低毒,13.372279,12.434814,250.0,18.69539216165023,20.10484435070762,both>10,False,False,False,,-19.639986,3.1564507
O=C(c1conc1-c1ccsc1)c1nn[nH]c1N(Cc1ccccc1)Cc1ccccc1,O=C(c1conc1-c1ccsc1)c1nn[nH]c1N(Cc1ccccc1)Cc1ccccc1,低毒,11.322118,20.035828,250.0,22.080674304931286,12.477647542192916,both>10,False,False,False,,4.155072,20.759851
O=C(c1nn[nH]c1N(Cc1ccccc1)Cc1ccccc1)C(c1cccs1)S(=O)(=O)Cc1sccc1Cl,O=C(c1nn[nH]c1N(Cc1ccccc1)Cc1ccccc1)C(c1cccs1)S(=O)(=O)Cc1sccc1Cl,中毒,10.263465,26.634277,42.5,4.1409017325045685,1.5956881427643033,both<5,False,False,False,,-18.953741,-26.423056
N#Cc1nocc1C(=O)c1nn[nH]c1N(Cc1ccccc1)Cc1ccccc1,N#Cc1nocc1C(=O)c1nn[nH]c1N(Cc1ccccc1)Cc1ccccc1,低毒,6.273191,51.347263,250.0,39.85212629425758,4.868808684116231,one>10-other<5,True,False,False,,-0.24688195,15.1593075
O=C(c1nn[nH]c1N(Cc1ccccc1)Cc1ccccc1)[SH](SC1OC(CO)C(O)C(O)C1O)c1cc2cc(Cl)ccc2[nH]c1=O,O=C(c1nn[nH]c1N(Cc1ccccc1)Cc1ccccc1)[SH](SC1OC(CO)C(O)C(O)C1O)c1cc2cc(Cl)ccc2[nH]c1=O,低毒,8.523311,13.958889,250.0,29.331324411370183,17.90973479336357,both>10,False,False,False,,-6.966571,-40.503086
O=C(C1=Nc2ccccc2C=CC=C1N1CCCCC1)c1nn[nH]c1N(Cc1ccccc1)Cc1ccccc1,O=C(C1=Nc2ccccc2C=CC=C1N1CCCCC1)c1nn[nH]c1N(Cc1ccccc1)Cc1ccccc1,中毒,22.095713,14.075265,42.5,1.9234500375706365,3.019481338362013,both<5,True,False,False,,9.722732,35.726627
O=C(c1nn[nH]c1N(Cc1ccccc1)Cc1ccccc1)c1scc(C(F)(F)F)c1-n1cccc1,O=C(c1nn[nH]c1N(Cc1ccccc1)Cc1ccccc1)c1scc(C(F)(F)F)c1-n1cccc1,中毒,11.591821,23.51013,42.5,3.6663782161577547,1.8077313906813786,both<5,False,False,False,,29.147917,-5.5816956
O=C(c1coc(Nc2ccccc2)n1)c1nn[nH]c1N(Cc1ccccc1)Cc1ccccc1,O=C(c1coc(Nc2ccccc2)n1)c1nn[nH]c1N(Cc1ccccc1)Cc1ccccc1,低毒,12.896113,36.07957,250.0,19.385686214132896,6.929129144277496,both<5,True,False,False,,14.458491,-8.725011
O=C(C(=C(NO)SCc1ncns1)c1nccs1)c1nn[nH]c1N(Cc1ccccc1)Cc1ccccc1,O=C(C(=C(NO)SCc1ncns1)c1nccs1)c1nn[nH]c1N(Cc1ccccc1)Cc1ccccc1,中毒,8.394574,74.69442,42.5,5.062794133448582,0.568984938901728,one>5-other<=5,False,False,False,,7.571787,-11.592583
O=C(NC(=Nc1cccc(F)c1)c1ccncc1)c1nn[nH]c1N(Cc1ccccc1)Cc1ccccc1,O=C(NC(=Nc1cccc(F)c1)c1ccncc1)c1nn[nH]c1N(Cc1ccccc1)Cc1ccccc1,低毒,6.4387417,17.299889,250.0,38.82746220429995,14.450959772054029,both>10,True,False,False,,7.8903637,10.40786
O=C1CN(C(=O)c2nn[nH]c2N(Cc2ccccc2)Cc2ccccc2)N=CS1,O=C1CN(C(=O)c2nn[nH]c2N(Cc2ccccc2)Cc2ccccc2)N=CS1,中毒,26.740576,22.916853,42.5,1.5893449714770542,1.8545303755275648,both<5,True,False,False,,-2.462908,38.103794
O=C(c1nn[nH]c1N(Cc1ccccc1)Cc1ccccc1)c1sccc1Cl,O=C(c1nn[nH]c1N(Cc1ccccc1)Cc1ccccc1)c1sccc1Cl,低毒,3.5702617,21.606764,250.0,70.02287815484226,11.570450808830051,both>10,True,True,False,,4.727356,-8.156766
O=C(c1cc(F)ccc1[N+](=O)[O-])c1nn[nH]c1N(Cc1ccccc1)Cc1ccccc1,O=C(c1cc(F)ccc1[N+](=O)[O-])c1nn[nH]c1N(Cc1ccccc1)Cc1ccccc1,中毒,9.211015,17.77901,42.5,4.614040906458192,2.3904593112889865,both<5,True,False,False,,-21.724756,5.1192765
O=C(c1nn[nH]c1N(Cc1ccccc1)Cc1ccccc1)c1coc2cccnc2c1=O,O=C(c1nn[nH]c1N(Cc1ccccc1)Cc1ccccc1)c1coc2cccnc2c1=O,低毒,39.156185,39.433178,250.0,6.38468737442118,6.339839005621104,both5-10,True,False,False,,-1.2003826,17.909674
O=C(c1nn[nH]c1N(Cc1ccccc1)Cc1ccccc1)c1[nH]cnc1C1CC1,O=C(c1nn[nH]c1N(Cc1ccccc1)Cc1ccccc1)c1[nH]cnc1C1CC1,低毒,6.314196,68.55407,250.0,39.593322728657775,3.6467564945451088,one>10-other<5,False,False,False,,29.814342,12.407852
O=C(c1nn[nH]c1N(Cc1ccccc1)Cc1ccccc1)C1CC2CCCCC1N2CSSC1CCCCC1,O=C(c1nn[nH]c1N(Cc1ccccc1)Cc1ccccc1)C1CC2CCCCC1N2CSSC1CCCCC1,中毒,26.425592,42.099205,42.5,1.6082894188330765,1.0095202510356194,both<5,False,False,False,,5.3231225,-30.423355
O=C(c1ccc2cn[nH]c2c1)c1nn[nH]c1N(Cc1ccccc1)Cc1ccccc1,O=C(c1ccc2cn[nH]c2c1)c1nn[nH]c1N(Cc1ccccc1)Cc1ccccc1,低毒,13.950841,34.50007,250.0,17.920066611038,7.246362108830503,both<5,True,False,False,,13.406536,15.837153
O=C(c1nn[nH]c1N(Cc1ccccc1)Cc1ccccc1)c1c(Cl)cccc1Br,O=C(c1nn[nH]c1N(Cc1ccccc1)Cc1ccccc1)c1c(Cl)cccc1Br,中毒,3.4502869,34.049644,42.5,12.317816237252618,1.2481775139851683,one>10-other<5,True,True,False,,-0.55691695,5.670547
O=C(c1nn[nH]c1N(Cc1ccccc1)Cc1ccccc1)C(O)c1cccnc1,O=C(c1nn[nH]c1N(Cc1ccccc1)Cc1ccccc1)C(O)c1cccnc1,高毒,4.5691423,35.110603,5.0,1.0942972820084855,0.14240712413854015,both<5,True,False,False,,-23.509104,-26.847359
O=C(SP1(=S)SCc2c(nc3c(NC4CCCCC4)cc(F)c(F)c3c2O)CC1=O)c1nn[nH]c1N(Cc1ccccc1)Cc1ccccc1,O=C(SP1(=S)SCc2c(nc3c(NC4CCCCC4)cc(F)c(F)c3c2O)CC1=O)c1nn[nH]c1N(Cc1ccccc1)Cc1ccccc1,中毒,12.476084,62.459347,42.5,3.4065176220358886,0.6804425925234217,both<5,False,False,False,,8.757946,-24.701221
O=C(c1nn[nH]c1N(Cc1ccccc1)Cc1ccccc1)C(c1ccccc1)c1ccccc1,O=C(c1nn[nH]c1N(Cc1ccccc1)Cc1ccccc1)C(c1ccccc1)c1ccccc1,高毒,10.662706,66.28308,5.0,0.468924117386337,0.07543403233525056,both<5,False,False,False,,-21.356165,-20.520391
O=C(c1cc(I)c(ON(C(F)(F)F)C(F)(F)F)cc1Br)c1nn[nH]c1N(Cc1ccccc1)Cc1ccccc1,O=C(c1cc(I)c(ON(C(F)(F)F)C(F)(F)F)cc1Br)c1nn[nH]c1N(Cc1ccccc1)Cc1ccccc1,中毒,5.7687135,84.037415,42.5,7.367327221225322,0.5057271216636067,one>5-other<=5,True,False,False,,-3.6113207,11.771702
O=C(c1cnc(Cl)cc1Cl)c1nn[nH]c1N(Cc1ccccc1)Cc1ccccc1,O=C(c1cnc(Cl)cc1Cl)c1nn[nH]c1N(Cc1ccccc1)Cc1ccccc1,中毒,4.4499626,18.188808,42.5,9.550642066070397,2.3366017168359794,one>5-other<=5,True,False,False,,-10.094822,8.868961
O=C(c1nn[nH]c1N(Cc1ccccc1)Cc1ccccc1)N1CCN(S(=O)(=O)c2cccs2)CC1,O=C(c1nn[nH]c1N(Cc1ccccc1)Cc1ccccc1)N1CCN(S(=O)(=O)c2cccs2)CC1,中毒,7.617129,16.858675,42.5,5.5795300302778115,2.520957311295223,one>5-other<=5,False,False,False,,3.9136093,37.93972
O=C(Sc1cccs1)c1nn[nH]c1N(Cc1ccccc1)Cc1ccccc1,O=C(Sc1cccs1)c1nn[nH]c1N(Cc1ccccc1)Cc1ccccc1,高毒,10.655891,29.393785,5.0,0.46922401890184495,0.1701039862678454,both<5,True,False,False,,-11.344949,-6.1269774
O=C(c1ccc(Br)cc1)c1nn[nH]c1N(Cc1ccccc1)Cc1ccccc1,O=C(c1ccc(Br)cc1)c1nn[nH]c1N(Cc1ccccc1)Cc1ccccc1,高毒,5.037307,34.50007,5.0,0.9925938601717147,0.14492724217661007,both<5,True,True,False,,12.592492,10.405847
O=C(c1nn[nH]c1N(Cc1ccccc1)Cc1ccccc1)c1[nH]c2cnccc2c1Br,O=C(c1nn[nH]c1N(Cc1ccccc1)Cc1ccccc1)c1[nH]c2cnccc2c1Br,中毒,17.510033,32.746445,42.5,2.4271798916655385,1.2978508048736281,both<5,True,False,False,,-12.97654,3.380142
O=C(c1c[nH]nc1Cl)c1nn[nH]c1N(Cc1ccccc1)Cc1ccccc1,O=C(c1c[nH]nc1Cl)c1nn[nH]c1N(Cc1ccccc1)Cc1ccccc1,中毒,3.4502869,31.916294,42.5,12.317816237252618,1.331608237472684,one>10-other<5,True,False,False,,-21.50974,13.99331
O=C(c1nn[nH]c1N(Cc1ccccc1)Cc1ccccc1)c1scnc1Br,O=C(c1nn[nH]c1N(Cc1ccccc1)Cc1ccccc1)c1scnc1Br,低毒,17.973186,45.352272,250.0,13.909609570612579,5.512402994937056,both<5,False,False,False,,7.214875,-6.9842815
O=C(c1cn(-c2ccccc2Cl)nc1-c1ccccc1)c1nn[nH]c1N(Cc1ccccc1)Cc1ccccc1,O=C(c1cn(-c2ccccc2Cl)nc1-c1ccccc1)c1nn[nH]c1N(Cc1ccccc1)Cc1ccccc1,中毒,7.7518606,62.419464,42.5,5.4825547301508495,0.6808773622279102,one>5-other<=5,True,False,False,,-18.025648,12.854645
O=C(c1nn[nH]c1N(Cc1ccccc1)Cc1ccccc1)c1cc2ccccc2oc1=S,O=C(c1nn[nH]c1N(Cc1ccccc1)Cc1ccccc1)c1cc2ccccc2oc1=S,低毒,11.528915,238.56888,250.0,21.68460778833047,1.0479153861140649,one>10-other<5,True,False,False,,-6.079983,0.5784075
O=C(c1nn[nH]c1N(Cc1ccccc1)Cc1ccccc1)c1oc(=O)sc1Cl,O=C(c1nn[nH]c1N(Cc1ccccc1)Cc1ccccc1)c1oc(=O)sc1Cl,低毒,4.1556225,64.433624,250.0,60.15945866112719,3.879961803793622,one>10-other<5,True,False,False,,6.5084076,-0.30367997
O=C(c1nn[nH]c1N(Cc1ccccc1)Cc1ccccc1)C1CC=CCS1,O=C(c1nn[nH]c1N(Cc1ccccc1)Cc1ccccc1)C1CC=CCS1,中毒,13.323265,56.660545,42.5,3.1899087798673977,0.7500810308125345,both<5,True,False,False,,4.694426,-36.34646
O=C(c1nn[nH]c1N(Cc1ccccc1)Cc1ccccc1)[SH](C=NCl)c1ccccn1,O=C(c1nn[nH]c1N(Cc1ccccc1)Cc1ccccc1)[SH](C=NCl)c1ccccn1,中毒,11.309895,34.08825,42.5,3.757771402829116,1.2467639142519782,both<5,True,False,False,,-4.1578317,-12.092891
O=C(S[N+](=O)[O-])c1nn[nH]c1N(Cc1ccccc1)Cc1ccccc1,O=C(S[N+](=O)[O-])c1nn[nH]c1N(Cc1ccccc1)Cc1ccccc1,低毒,12.782871,33.37947,250.0,19.557421802973682,7.48963359813682,both<5,True,True,False,,-10.407442,-11.686079
O=C(c1nn[nH]c1N(Cc1ccccc1)Cc1ccccc1)[SH](Br)c1ccc2ccccc2c1,O=C(c1nn[nH]c1N(Cc1ccccc1)Cc1ccccc1)[SH](Br)c1ccc2ccccc2c1,中毒,13.624289,25.291515,42.5,3.119428837717697,1.6804054640459458,both<5,False,False,False,,-31.034735,-1.6792525
O=C(c1nn[nH]c1N(Cc1ccccc1)Cc1ccccc1)C12COC1c1ccccc12,O=C(c1nn[nH]c1N(Cc1ccccc1)Cc1ccccc1)C12COC1c1ccccc12,中毒,9.392593,44.078316,42.5,4.524842075026566,0.9641929151739825,both<5,True,False,False,,-1.8423,-22.590776
O=C(c1nn[nH]c1N(Cc1ccccc1)Cc1ccccc1)N1CCC(Cc2c(Cl)cccc2Cl)CC1,O=C(c1nn[nH]c1N(Cc1ccccc1)Cc1ccccc1)N1CCC(Cc2c(Cl)cccc2Cl)CC1,中毒,22.223923,36.417004,42.5,1.9123536380143147,1.167037244469644,both<5,False,False,False,,5.699686,37.745808
O=C(c1nn[nH]c1N(Cc1ccccc1)Cc1ccccc1)c1ccnn1-c1cn(-c2ccccc2Cl)nn1,O=C(c1nn[nH]c1N(Cc1ccccc1)Cc1ccccc1)c1ccnn1-c1cn(-c2ccccc2Cl)nn1,低毒,8.022476,76.768974,250.0,31.162449099255642,3.2565239181130647,one>10-other<5,False,False,False,,30.51253,-11.595901
O=C(c1nc2ccc(Cl)cc2s1)c1nn[nH]c1N(Cc1ccccc1)Cc1ccccc1,O=C(c1nc2ccc(Cl)cc2s1)c1nn[nH]c1N(Cc1ccccc1)Cc1ccccc1,中毒,22.349771,44.571575,42.5,1.9015854793322042,0.9535225084597078,both<5,True,False,False,,10.702922,-15.739277
O=C(c1nn[nH]c1N(Cc1ccccc1)Cc1ccccc1)c1nnn(-c2ccccc2Cl)c(=S)c1SCCc1nc2ccccc2s1,O=C(c1nn[nH]c1N(Cc1ccccc1)Cc1ccccc1)c1nnn(-c2ccccc2Cl)c(=S)c1SCCc1nc2ccccc2s1,中毒,9.256878,82.09398,42.5,4.591180741498375,0.517699348965661,both<5,True,False,False,,11.726142,-16.539778
O=C(c1ccc2oc(N3CCC=N3)nc2c1)c1nn[nH]c1N(Cc1ccccc1)Cc1ccccc1,O=C(c1ccc2oc(N3CCC=N3)nc2c1)c1nn[nH]c1N(Cc1ccccc1)Cc1ccccc1,低毒,22.968632,102.33306,250.0,10.884409659225678,2.4430032679566116,one>10-other<5,True,False,False,,13.32595,19.057472
O=C(c1nn[nH]c1N(Cc1ccccc1)Cc1ccccc1)C(n1ccnn1)n1cnc2cnccc21,O=C(c1nn[nH]c1N(Cc1ccccc1)Cc1ccccc1)C(n1ccnn1)n1cnc2cnccc21,中毒,32.741673,16.431627,42.5,1.2980399627105188,2.5864754597946997,both<5,False,False,False,,-22.73864,-17.022375
O=C(c1nn[nH]c1N(Cc1ccccc1)Cc1ccccc1)c1c[nH]c2ccc(Br)cc12,O=C(c1nn[nH]c1N(Cc1ccccc1)Cc1ccccc1)c1c[nH]c2ccc(Br)cc12,中毒,17.915283,21.234655,42.5,2.3722762291837647,2.0014452789555564,both<5,False,False,False,,-19.462742,21.839926
O=C(c1nn[nH]c1N(Cc1ccccc1)Cc1ccccc1)c1cnnn1C1CCN(C(=S)SC(F)F)CC1,O=C(c1nn[nH]c1N(Cc1ccccc1)Cc1ccccc1)c1cnnn1C1CCN(C(=S)SC(F)F)CC1,中毒,18.198402,23.928694,42.5,2.335369885773487,1.7761103050588554,both<5,False,False,False,,4.4814425,16.479132
O=C(SSc1ccc([N+](=O)[O-])o1)c1nn[nH]c1N(Cc1ccccc1)Cc1ccccc1,O=C(SSc1ccc([N+](=O)[O-])o1)c1nn[nH]c1N(Cc1ccccc1)Cc1ccccc1,低毒,13.950841,68.19969,250.0,17.920066611038,3.665705811859262,one>10-other<5,True,False,False,,12.428093,-12.296678
O=C(c1nn[nH]c1N(Cc1ccccc1)Cc1ccccc1)C(CN1CCOCC1)OCOO[N+](=O)[O-],O=C(c1nn[nH]c1N(Cc1ccccc1)Cc1ccccc1)C(CN1CCOCC1)OCOO[N+](=O)[O-],中毒,6.9044075,24.239897,42.5,6.155488360152555,1.7533077801444454,one>5-other<=5,False,False,False,,2.4139087,-17.397285
O=C(c1coc(-c2ccoc2)n1)c1nn[nH]c1N(Cc1ccccc1)Cc1ccccc1,O=C(c1coc(-c2ccoc2)n1)c1nn[nH]c1N(Cc1ccccc1)Cc1ccccc1,低毒,7.961838,46.371414,250.0,31.399784823554562,5.3912524642875885,both<5,False,False,False,,14.660456,-8.0335045
O=C(c1nn[nH]c1N(Cc1ccccc1)Cc1ccccc1)N1CCOC1,O=C(c1nn[nH]c1N(Cc1ccccc1)Cc1ccccc1)N1CCOC1,中毒,8.3274145,50.621746,42.5,5.103624900621916,0.8395601368629205,one>5-other<=5,False,False,False,,4.8850665,34.19227
O=C(Sc1ccncc1)c1nn[nH]c1N(Cc1ccccc1)Cc1ccccc1,O=C(Sc1ccncc1)c1nn[nH]c1N(Cc1ccccc1)Cc1ccccc1,中毒,6.708568,29.393785,42.5,6.335182113380978,1.4458838832766858,one>5-other<=5,False,False,False,,-12.866037,-6.52579
O=C(c1nn[nH]c1N(Cc1ccccc1)Cc1ccccc1)c1c(F)cccc1Cl,O=C(c1nn[nH]c1N(Cc1ccccc1)Cc1ccccc1)c1c(F)cccc1Cl,中毒,9.815951,22.11593,42.5,4.32968746482129,1.9216917398454418,both<5,True,False,False,,0.44581482,6.1856093
O=C(Oc1ccccc1Br)c1nn[nH]c1N(Cc1ccccc1)Cc1ccccc1,O=C(Oc1ccccc1Br)c1nn[nH]c1N(Cc1ccccc1)Cc1ccccc1,低毒,10.256438,39.769817,250.0,24.374934065803355,6.286174261249429,both<5,True,False,False,,-29.652472,-9.271638
O=C(c1cnoc1-n1cnnn1)c1nn[nH]c1N(Cc1ccccc1)Cc1ccccc1,O=C(c1cnoc1-n1cnnn1)c1nn[nH]c1N(Cc1ccccc1)Cc1ccccc1,低毒,15.40751,44.855484,250.0,16.22585349611975,5.573454518961383,both<5,True,False,False,,2.9090421,22.820724
O=C(c1nn[nH]c1N(Cc1ccccc1)Cc1ccccc1)C1(c2noc(Cc3ccncc3)n2)C(=NNc2cccs2)Nc2c(F)cccc21,O=C(c1nn[nH]c1N(Cc1ccccc1)Cc1ccccc1)C1(c2noc(Cc3ccncc3)n2)C(=NNc2cccs2)Nc2c(F)cccc21,中毒,6.5963764,14.072692,42.5,6.442931303920134,3.020033409386065,one>5-other<=5,False,False,False,,-5.451655,-5.3990655
O=Cc1c(C(=O)c2nn[nH]c2N(Cc2ccccc2)Cc2ccccc2)sc2ccccc12,O=Cc1c(C(=O)c2nn[nH]c2N(Cc2ccccc2)Cc2ccccc2)sc2ccccc12,中毒,7.8632665,35.400833,42.5,5.404878494198308,1.200536721833636,one>5-other<=5,False,False,False,,-0.3859957,-1.925625
O=C(c1nn[nH]c1N(Cc1ccccc1)Cc1ccccc1)c1c(Cl)noc1-c1ccccc1,O=C(c1nn[nH]c1N(Cc1ccccc1)Cc1ccccc1)c1c(Cl)noc1-c1ccccc1,中毒,9.72293,30.771832,42.5,4.371110354594757,1.3811332389959752,both<5,False,False,False,,0.7713359,5.334207
O=C(c1nn[nH]c1N(Cc1ccccc1)Cc1ccccc1)N(Cl)c1ccc(C2(C(F)(F)F)CCC(F)C2)cc1,O=C(c1nn[nH]c1N(Cc1ccccc1)Cc1ccccc1)N(Cl)c1ccc(C2(C(F)(F)F)CCC(F)C2)cc1,高毒,8.873394,37.66503,5.0,0.5634822481679502,0.13274913095781418,both<5,True,False,False,,-14.311033,-14.831467
O=C(c1c[nH]nc1C(F)(F)F)c1nn[nH]c1N(Cc1ccccc1)Cc1ccccc1,O=C(c1c[nH]nc1C(F)(F)F)c1nn[nH]c1N(Cc1ccccc1)Cc1ccccc1,中毒,6.273191,61.784237,42.5,6.774861470023789,0.6878777187132699,one>5-other<=5,True,False,False,,-21.359383,13.860418
O=C(c1ccc(S)o1)c1nn[nH]c1N(Cc1ccccc1)Cc1ccccc1,O=C(c1ccc(S)o1)c1nn[nH]c1N(Cc1ccccc1)Cc1ccccc1,中毒,6.260118,61.191177,42.5,6.78900940844885,0.6945445746206189,one>5-other<=5,True,False,False,,8.939875,0.540811
O=C(SN1CC1c1sccc1-c1c[nH]c2ccccc12)c1nn[nH]c1N(Cc1ccccc1)Cc1ccccc1,O=C(SN1CC1c1sccc1-c1c[nH]c2ccccc12)c1nn[nH]c1N(Cc1ccccc1)Cc1ccccc1,中毒,21.523277,17.58553,42.5,1.974606376157311,2.416759688220941,both<5,True,False,False,,-22.77917,23.089111
O=C(c1ccn(-c2cc(Cl)cc(Cl)c2COC2CCN2)n1)c1nn[nH]c1N(Cc1ccccc1)Cc1ccccc1,O=C(c1ccn(-c2cc(Cl)cc(Cl)c2COC2CCN2)n1)c1nn[nH]c1N(Cc1ccccc1)Cc1ccccc1,低毒,6.371875,97.86035,250.0,39.2349190779794,2.5546607998029844,one>10-other<5,True,False,False,,25.060984,-10.000357
O=C(c1nn[nH]c1N(Cc1ccccc1)Cc1ccccc1)c1cc2c3c(sc2n(CCNc2ccncn2)c1=O)-c1ccccc1CC3,O=C(c1nn[nH]c1N(Cc1ccccc1)Cc1ccccc1)c1cc2c3c(sc2n(CCNc2ccncn2)c1=O)-c1ccccc1CC3,中毒,8.5723,15.046138,42.5,4.957829287355786,2.824645101620097,both<5,False,False,False,,15.017131,-5.899847
O=C(c1nn[nH]c1N(Cc1ccccc1)Cc1ccccc1)c1sc(-c2ccccn2)nc1Cl,O=C(c1nn[nH]c1N(Cc1ccccc1)Cc1ccccc1)c1sc(-c2ccccn2)nc1Cl,中毒,27.848722,25.641085,42.5,1.5261023468150532,1.657496162896383,both<5,False,False,False,,11.047439,-8.333068
O=C(c1nn[nH]c1N(Cc1ccccc1)Cc1ccccc1)S(=O)(=O)CF,O=C(c1nn[nH]c1N(Cc1ccccc1)Cc1ccccc1)S(=O)(=O)CF,低毒,15.316387,70.04605,250.0,16.32238725751706,3.5690806262451633,one>10-other<5,False,False,False,,-12.6571045,-26.813417
O=C(c1nn[nH]c1N(Cc1ccccc1)Cc1ccccc1)C(O)(F)CBr,O=C(c1nn[nH]c1N(Cc1ccccc1)Cc1ccccc1)C(O)(F)CBr,高毒,4.2613,102.96765,5.0,1.1733508553727734,0.04855894059930473,both<5,True,False,False,,-14.239538,-12.250926
O=C(c1ccc(F)cc1)c1nn[nH]c1N(Cc1ccccc1)Cc1ccccc1,O=C(c1ccc(F)cc1)c1nn[nH]c1N(Cc1ccccc1)Cc1ccccc1,低毒,5.8860874,20.880424,250.0,42.47303565353107,11.97293694802366,both>10,True,False,False,,11.461055,10.32162
O=C(c1nc2ccc(Cl)cc2[nH]1)c1nn[nH]c1N(Cc1ccccc1)Cc1ccccc1,O=C(c1nc2ccc(Cl)cc2[nH]1)c1nn[nH]c1N(Cc1ccccc1)Cc1ccccc1,中毒,44.332058,40.16329,42.5,0.9586741946426217,1.0581802437001548,both<5,True,True,False,,-0.65761715,-6.351971
O=C(Nc1ccccc1Br)c1nn[nH]c1N(Cc1ccccc1)Cc1ccccc1,O=C(Nc1ccccc1Br)c1nn[nH]c1N(Cc1ccccc1)Cc1ccccc1,低毒,4.7700553,22.836445,250.0,52.410293859695926,10.947413224781702,both>10,False,False,False,,-8.263369,-19.902378
O=C(c1nn[nH]c1N(Cc1ccccc1)Cc1ccccc1)C(C1=C(O)C=Cc2[nH]ncc2S1(=O)=O)[N+](=O)[O-],O=C(c1nn[nH]c1N(Cc1ccccc1)Cc1ccccc1)C(C1=C(O)C=Cc2[nH]ncc2S1(=O)=O)[N+](=O)[O-],中毒,25.78554,49.877544,42.5,1.6482105862432976,0.8520868629778563,both<5,False,False,False,,-27.62314,-23.704107
O=C1CSC(C(=O)c2nn[nH]c2N(Cc2ccccc2)Cc2ccccc2)C(=CP(=O)(O)O)CCN1,O=C1CSC(C(=O)c2nn[nH]c2N(Cc2ccccc2)Cc2ccccc2)C(=CP(=O)(O)O)CCN1,中毒,29.690859,30.520765,42.5,1.431416989316476,1.3924945852438495,both<5,False,False,False,,3.363559,-35.9052
O=C(c1ccc(COP(=O)(O)O)cc1)c1nn[nH]c1N(Cc1ccccc1)Cc1ccccc1,O=C(c1ccc(COP(=O)(O)O)cc1)c1nn[nH]c1N(Cc1ccccc1)Cc1ccccc1,低毒,5.037307,26.775206,250.0,49.62969300858574,9.33699632413659,both<5,True,True,False,,15.445921,10.279335
O=C(c1nn[nH]c1N(Cc1ccccc1)Cc1ccccc1)C1COc2ccccc2-c2c1ccc1sccc21,O=C(c1nn[nH]c1N(Cc1ccccc1)Cc1ccccc1)C1COc2ccccc2-c2c1ccc1sccc21,中毒,12.38038,19.050045,42.5,3.4328510110352024,2.2309658586108325,both<5,True,False,False,,14.388645,-32.437065
O=C(c1c[nH]nn1)c1nn[nH]c1N(Cc1ccccc1)Cc1ccccc1,O=C(c1c[nH]nn1)c1nn[nH]c1N(Cc1ccccc1)Cc1ccccc1,低毒,5.037307,34.50007,250.0,49.62969300858574,7.246362108830503,both<5,True,False,False,,18.462719,-2.7031503
O=C(c1cc([N+](=O)[O-])cs1)c1nn[nH]c1N(Cc1ccccc1)Cc1ccccc1,O=C(c1cc([N+](=O)[O-])cs1)c1nn[nH]c1N(Cc1ccccc1)Cc1ccccc1,低毒,14.578729,17.07878,250.0,17.14827129305991,14.638047916771574,both>10,True,True,False,,-22.684147,1.0578426
O=C(CP(c1ccccc1)c1ccccc1)c1nn[nH]c1N(Cc1ccccc1)Cc1ccccc1,O=C(CP(c1ccccc1)c1ccccc1)c1nn[nH]c1N(Cc1ccccc1)Cc1ccccc1,中毒,38.241352,56.60067,42.5,1.1113623807024395,0.7508745037823757,both<5,True,True,False,,-5.880652,-13.771284
O=C(c1nn[nH]c1N(Cc1ccccc1)Cc1ccccc1)C(c1cscc1CSCl)[N+](=O)[O-],O=C(c1nn[nH]c1N(Cc1ccccc1)Cc1ccccc1)C(c1cscc1CSCl)[N+](=O)[O-],中毒,10.838039,24.28819,42.5,3.921373599043148,1.7498216211253288,both<5,True,False,False,,-28.37861,-22.670265
O=C(c1cc2n(n1)CN2c1ccccc1F)c1nn[nH]c1N(Cc1ccccc1)Cc1ccccc1,O=C(c1cc2n(n1)CN2c1ccccc1F)c1nn[nH]c1N(Cc1ccccc1)Cc1ccccc1,低毒,7.5726056,15.35812,250.0,33.01373572129519,16.278034030206822,both>10,False,False,False,,2.090763,9.038891
O=C(OCc1ccc(C(F)(F)F)cc1)c1nn[nH]c1N(Cc1ccccc1)Cc1ccccc1,O=C(OCc1ccc(C(F)(F)F)cc1)c1nn[nH]c1N(Cc1ccccc1)Cc1ccccc1,低毒,6.3385205,25.683954,250.0,39.44138068181684,9.73370377473811,both<5,False,False,False,,-23.42301,-7.884972
O=C(c1nn[nH]c1N(Cc1ccccc1)Cc1ccccc1)N1CCCSCC1,O=C(c1nn[nH]c1N(Cc1ccccc1)Cc1ccccc1)N1CCCSCC1,中毒,9.32252,21.923925,42.5,4.558853185619339,1.9385215010542136,both<5,False,False,False,,1.484794,38.78342
O=C(c1nn[nH]c1N(Cc1ccccc1)Cc1ccccc1)[SH](NN=Cc1cc(I)c(O)c(I)c1)OO,O=C(c1nn[nH]c1N(Cc1ccccc1)Cc1ccccc1)[SH](NN=Cc1cc(I)c(O)c(I)c1)OO,低毒,18.55737,36.67163,250.0,13.471736566119015,6.817259009212298,both<5,True,False,False,,-4.6075416,-13.34338
O=C(c1nn[nH]c1N(Cc1ccccc1)Cc1ccccc1)C(O)(c1ccccc1)C([N+](=O)[O-])P(c1ccccc1)N1CCCN1,O=C(c1nn[nH]c1N(Cc1ccccc1)Cc1ccccc1)C(O)(c1ccccc1)C([N+](=O)[O-])P(c1ccccc1)N1CCCN1,中毒,8.979419,19.657486,42.5,4.733045645826306,2.1620262123040557,both<5,False,False,False,,-12.4048815,-12.669173
O=C(c1nn[nH]c1N(Cc1ccccc1)Cc1ccccc1)N1CCN(c2cccnn2)CC1,O=C(c1nn[nH]c1N(Cc1ccccc1)Cc1ccccc1)N1CCN(c2cccnn2)CC1,中毒,8.732165,12.740919,42.5,4.867063322784212,3.3357091431159716,both<5,False,False,False,,3.9085836,39.6407
O=C(c1nn[nH]c1N(Cc1ccccc1)Cc1ccccc1)c1[nH][nH]c(=O)c1-c1ccccc1Cl,O=C(c1nn[nH]c1N(Cc1ccccc1)Cc1ccccc1)c1[nH][nH]c(=O)c1-c1ccccc1Cl,中毒,9.47975,43.588303,42.5,4.483240591787759,0.9750322236678954,both<5,True,False,False,,-3.0790622,6.2647915
O=C(c1nn[nH]c1N(Cc1ccccc1)Cc1ccccc1)c1snc2c1CCN(O)C2,O=C(c1nn[nH]c1N(Cc1ccccc1)Cc1ccccc1)c1snc2c1CCN(O)C2,中毒,13.555837,33.46817,42.5,3.135180808090271,1.2698632760620017,both<5,False,False,False,,25.152275,-2.4152951
O=C(c1nn[nH]c1N(Cc1ccccc1)Cc1ccccc1)c1c(O)csc1C(F)F,O=C(c1nn[nH]c1N(Cc1ccccc1)Cc1ccccc1)c1c(O)csc1C(F)F,中毒,5.753842,31.129118,42.5,7.386368968769042,1.3652812135570305,one>5-other<=5,True,False,False,,3.063604,3.8304036
O=C(C1=CC=CN2C=CN=C1C2)c1nn[nH]c1N(Cc1ccccc1)Cc1ccccc1,O=C(C1=CC=CN2C=CN=C1C2)c1nn[nH]c1N(Cc1ccccc1)Cc1ccccc1,中毒,15.108593,10.849848,42.5,2.812968752285537,3.9171055668245307,both<5,True,False,False,,14.662,5.0699134
N#Cc1nc[nH]c1C(=O)c1nn[nH]c1N(Cc1ccccc1)Cc1ccccc1,N#Cc1nc[nH]c1C(=O)c1nn[nH]c1N(Cc1ccccc1)Cc1ccccc1,低毒,6.1503696,114.26189,250.0,40.64796366059041,2.187956106799914,one>10-other<5,False,False,False,,29.60088,12.114803
O=C(C1=CC(C(F)=Cc2cc3cc4c(=NOCCO)c(nc3[nH]2)=CN=4)=CCOCC1=NC1CC1)c1nn[nH]c1N(Cc1ccccc1)Cc1ccccc1,O=C(C1=CC(C(F)=Cc2cc3cc4c(=NOCCO)c(nc3[nH]2)=CN=4)=CCOCC1=NC1CC1)c1nn[nH]c1N(Cc1ccccc1)Cc1ccccc1,中毒,5.882209,8.409181,42.5,7.225176800076299,5.053999907957743,both5-10,True,False,False,,15.440559,24.932013
O=C(c1nn(-c2ccccc2F)cc1C1CC(CCN2CCNCC2)NC(C(=O)N2CCOCC2)C1)c1nn[nH]c1N(Cc1ccccc1)Cc1ccccc1,O=C(c1nn(-c2ccccc2F)cc1C1CC(CCN2CCNCC2)NC(C(=O)N2CCOCC2)C1)c1nn[nH]c1N(Cc1ccccc1)Cc1ccccc1,中毒,16.68973,33.43328,42.5,2.546476186253462,1.2711884684960613,both<5,False,False,False,,6.944384,34.060547
O=C(OCc1ccccc1Br)c1nn[nH]c1N(Cc1ccccc1)Cc1ccccc1,O=C(OCc1ccccc1Br)c1nn[nH]c1N(Cc1ccccc1)Cc1ccccc1,高毒,7.140232,34.70963,5.0,0.700257358584427,0.14405224140966066,both<5,False,False,False,,-24.40734,-7.265102
O=C(C(=S)OCO[N+](=O)[O-])c1nn[nH]c1N(Cc1ccccc1)Cc1ccccc1,O=C(C(=S)OCO[N+](=O)[O-])c1nn[nH]c1N(Cc1ccccc1)Cc1ccccc1,高毒,6.8554707,102.45639,5.0,0.729344521886732,0.048801250951746394,both<5,False,False,False,,-10.64617,-14.552897
O=C(c1nn[nH]c1N(Cc1ccccc1)Cc1ccccc1)C(Cl)Br,O=C(c1nn[nH]c1N(Cc1ccccc1)Cc1ccccc1)C(Cl)Br,低毒,6.273191,53.78547,250.0,39.85212629425758,4.648095480061809,one>10-other<5,True,False,False,,-19.419134,-21.65512
O=C(N=Cc1ccccc1O)c1nn[nH]c1N(Cc1ccccc1)Cc1ccccc1,O=C(N=Cc1ccccc1O)c1nn[nH]c1N(Cc1ccccc1)Cc1ccccc1,高毒,10.703602,37.042847,5.0,0.4671324662482779,0.13497882600654318,both<5,True,False,False,,-3.5527043,-8.754063
O=C(c1nn[nH]c1N(Cc1ccccc1)Cc1ccccc1)S(=O)(=O)F,O=C(c1nn[nH]c1N(Cc1ccccc1)Cc1ccccc1)S(=O)(=O)F,低毒,6.8626986,30.010038,250.0,36.42881824942742,8.330545932664263,both<5,True,False,False,,-12.335572,-26.954792
O=C(OCc1cccnc1)c1nn[nH]c1N(Cc1ccccc1)Cc1ccccc1,O=C(OCc1cccnc1)c1nn[nH]c1N(Cc1ccccc1)Cc1ccccc1,高毒,6.3385205,34.70963,5.0,0.7888276136363368,0.14405224140966066,both<5,True,False,False,,-23.112488,-6.622159
O=C1CC(SS(=NCC2CCc3[nH]ncc3C2)C(=O)c2nn[nH]c2N(Cc2ccccc2)Cc2ccccc2)C(=O)N1CNc1cnsn1,O=C1CC(SS(=NCC2CCc3[nH]ncc3C2)C(=O)c2nn[nH]c2N(Cc2ccccc2)Cc2ccccc2)C(=O)N1CNc1cnsn1,中毒,14.878389,18.512197,42.5,2.8564920570365513,2.295783693313117,both<5,False,False,False,,6.4702024,-19.77839
O=C(c1nn[nH]c1N(Cc1ccccc1)Cc1ccccc1)c1no[n+]([O-])c1Cl,O=C(c1nn[nH]c1N(Cc1ccccc1)Cc1ccccc1)c1no[n+]([O-])c1Cl,中毒,4.168987,16.515947,42.5,10.19432298541588,2.573270548761146,one>10-other<5,False,False,False,,21.7231,25.691174
O=C(c1nn[nH]c1N(Cc1ccccc1)Cc1ccccc1)C1CCc2nc(OC(F)(F)F)sc2NC1c1cn(Cc2ccccc2OC2CC2)nn1,O=C(c1nn[nH]c1N(Cc1ccccc1)Cc1ccccc1)C1CCc2nc(OC(F)(F)F)sc2NC1c1cn(Cc2ccccc2OC2CC2)nn1,中毒,7.275344,8.987774,42.5,5.8416481749866405,4.728645824872766,one>5-other<=5,False,False,False,,1.1154468,-31.457518
O=C(C1=NC(Cc2ccc3scnc3c2Cl)=NC12CCNCC2)c1nn[nH]c1N(Cc1ccccc1)Cc1ccccc1,O=C(C1=NC(Cc2ccc3scnc3c2Cl)=NC12CCNCC2)c1nn[nH]c1N(Cc1ccccc1)Cc1ccccc1,中毒,22.91657,14.3937645,42.5,1.8545532773883702,2.952667455410987,both<5,True,False,False,,9.260112,-6.491929
O=C(c1nn[nH]c1N(Cc1ccccc1)Cc1ccccc1)C(CO)Cc1c[nH]cn1,O=C(c1nn[nH]c1N(Cc1ccccc1)Cc1ccccc1)C(CO)Cc1c[nH]cn1,中毒,3.9491136,29.681398,42.5,10.761908697688515,1.4318732561047158,one>10-other<5,True,False,False,,-19.619186,-24.392982
O=C(c1nn[nH]c1N(Cc1ccccc1)Cc1ccccc1)N1N=C(CBr)C1c1cccs1,O=C(c1nn[nH]c1N(Cc1ccccc1)Cc1ccccc1)N1N=C(CBr)C1c1cccs1,中毒,14.735116,13.07625,42.5,2.8842664014317907,3.2501672880221775,both<5,True,False,False,,0.5099694,-8.716271
O=C(c1nn[nH]c1N(Cc1ccccc1)Cc1ccccc1)N1CCN(c2ccc(Cl)cc2F)CC1,O=C(c1nn[nH]c1N(Cc1ccccc1)Cc1ccccc1)N1CCN(c2ccc(Cl)cc2F)CC1,中毒,5.5858984,11.100464,42.5,7.608444865377431,3.8286687835751727,one>5-other<=5,False,False,False,,5.6289167,39.11699
O=C(c1cn(C2OC(Cc3nc4ccc(O)cc4s3)C(F)C2O)nc1N1CCCC1)c1nn[nH]c1N(Cc1ccccc1)Cc1ccccc1,O=C(c1cn(C2OC(Cc3nc4ccc(O)cc4s3)C(F)C2O)nc1N1CCCC1)c1nn[nH]c1N(Cc1ccccc1)Cc1ccccc1,中毒,20.930578,19.209352,42.5,2.0305220429173048,2.2124640123206656,both<5,False,False,False,,-16.41317,17.509039
O=C(c1nn[nH]c1N(Cc1ccccc1)Cc1ccccc1)P(=O)(OS(=O)O)c1cccs1,O=C(c1nn[nH]c1N(Cc1ccccc1)Cc1ccccc1)P(=O)(OS(=O)O)c1cccs1,中毒,6.0983615,49.120102,42.5,6.969085056699246,0.8652262163462119,one>5-other<=5,False,False,False,,-10.808983,-18.175602
O=C(c1nn[nH]c1N(Cc1ccccc1)Cc1ccccc1)c1csc(=O)n1-c1ccccc1,O=C(c1nn[nH]c1N(Cc1ccccc1)Cc1ccccc1)c1csc(=O)n1-c1ccccc1,低毒,5.508372,38.876335,250.0,45.38546053171427,6.43064733339704,both<5,False,False,False,,11.270526,-3.876522
O=C(c1nn[nH]c1N(Cc1ccccc1)Cc1ccccc1)C1CCCCC1c1c[nH]cn1,O=C(c1nn[nH]c1N(Cc1ccccc1)Cc1ccccc1)C1CCCCC1c1c[nH]cn1,中毒,7.5758924,20.505808,42.5,5.609900161728802,2.0725835334067306,one>5-other<=5,True,False,False,,6.092596,-29.72992
O=C(c1nc2c(s1)CCC2)c1nn[nH]c1N(Cc1ccccc1)Cc1ccccc1,O=C(c1nc2c(s1)CCC2)c1nn[nH]c1N(Cc1ccccc1)Cc1ccccc1,中毒,4.8489656,40.356224,42.5,8.7647559306257,1.0531213227481342,one>5-other<=5,False,False,False,,21.428045,7.2909527
O=C(c1nn[nH]c1N(Cc1ccccc1)Cc1ccccc1)S(=O)Nc1nccs1,O=C(c1nn[nH]c1N(Cc1ccccc1)Cc1ccccc1)S(=O)Nc1nccs1,低毒,20.029135,28.821009,250.0,12.481817112920753,8.67422788702505,both<5,False,False,False,,5.0110726,-13.669337
O=C(c1ccc(OCCn2cc(O)cn2)cc1)c1nn[nH]c1N(Cc1ccccc1)Cc1ccccc1,O=C(c1ccc(OCCn2cc(O)cn2)cc1)c1nn[nH]c1N(Cc1ccccc1)Cc1ccccc1,低毒,5.276667,25.414986,250.0,47.37839245872442,9.836716022586044,both<5,True,False,False,,15.189036,11.662832
O=C(c1nn[nH]c1N(Cc1ccccc1)Cc1ccccc1)N1CCN([SH](F)(F)(F)F)CC1,O=C(c1nn[nH]c1N(Cc1ccccc1)Cc1ccccc1)N1CCN([SH](F)(F)(F)F)CC1,中毒,8.732165,37.3526,42.5,4.867063322784212,1.13780566814626,both<5,False,False,False,,2.3015087,37.754257
O=C(c1nn[nH]c1N(Cc1ccccc1)Cc1ccccc1)S(Br)(c1cccnc1)c1nsnc1-c1ccccc1,O=C(c1nn[nH]c1N(Cc1ccccc1)Cc1ccccc1)S(Br)(c1cccnc1)c1nsnc1-c1ccccc1,中毒,7.932579,29.690712,42.5,5.35765228433275,1.4314240763239359,one>5-other<=5,False,False,False,,-15.96926,-32.85759
O=C(NCCN1N=CC2=CC=CN=CN21)c1nn[nH]c1N(Cc1ccccc1)Cc1ccccc1,O=C(NCCN1N=CC2=CC=CN=CN21)c1nn[nH]c1N(Cc1ccccc1)Cc1ccccc1,中毒,12.097101,21.2813,42.5,3.5132384196841873,1.9970584503766216,both<5,False,False,False,,-6.6841917,-17.519165
O=C(c1nn[nH]c1N(Cc1ccccc1)Cc1ccccc1)c1cccn1-c1ccc(Br)cc1,O=C(c1nn[nH]c1N(Cc1ccccc1)Cc1ccccc1)c1cccn1-c1ccc(Br)cc1,低毒,10.612266,29.762762,250.0,23.557645464220364,8.399758060088644,both<5,True,True,False,,29.095356,-14.105406
O=C(c1nn[nH]c1N(Cc1ccccc1)Cc1ccccc1)C(c1ccn(C2CCOCC2)n1)c1cnn[nH]1,O=C(c1nn[nH]c1N(Cc1ccccc1)Cc1ccccc1)C(c1ccn(C2CCOCC2)n1)c1cnn[nH]1,中毒,13.2933,37.38814,42.5,3.197099290620087,1.1367241055586077,both<5,False,False,False,,-6.520658,-36.059948
O=C(OCc1nn2cnc3ccoc3c2c1C(=O)NS(=O)(=O)c1ccc(I)cc1)c1nn[nH]c1N(Cc1ccccc1)Cc1ccccc1,O=C(OCc1nn2cnc3ccoc3c2c1C(=O)NS(=O)(=O)c1ccc(I)cc1)c1nn[nH]c1N(Cc1ccccc1)Cc1ccccc1,中毒,12.476084,22.093384,42.5,3.4065176220358886,1.9236528003134332,both<5,True,False,False,,-20.015533,-7.4224396
O=C(c1nn[nH]c1N(Cc1ccccc1)Cc1ccccc1)[SH]1(=O)c2ccccc2C1c1cccnc1,O=C(c1nn[nH]c1N(Cc1ccccc1)Cc1ccccc1)[SH]1(=O)c2ccccc2C1c1cccnc1,中毒,8.184742,12.414308,42.5,5.1925888439733345,3.423469113220004,one>5-other<=5,True,False,False,,0.6342988,-11.115965
O=C(c1cccnc1Br)c1nn[nH]c1N(Cc1ccccc1)Cc1ccccc1,O=C(c1cccnc1Br)c1nn[nH]c1N(Cc1ccccc1)Cc1ccccc1,中毒,5.415689,20.880424,42.5,7.847570272222057,2.0353992811640222,one>5-other<=5,True,False,False,,-7.8879895,4.727132
Nn1cc(-c2cnn(F)c2)nc1Nc1ccc2c(C(=O)c3nn[nH]c3N(Cc3ccccc3)Cc3ccccc3)noc2c1,Nn1cc(-c2cnn(F)c2)nc1Nc1ccc2c(C(=O)c3nn[nH]c3N(Cc3ccccc3)Cc3ccccc3)noc2c1,中毒,17.475069,26.786322,42.5,2.4320361767956395,1.5866306691900443,both<5,False,False,False,,24.3073,-19.140696
O=C(c1nn[nH]c1N(Cc1ccccc1)Cc1ccccc1)C1CCCCCO1,O=C(c1nn[nH]c1N(Cc1ccccc1)Cc1ccccc1)C1CCCCCO1,低毒,14.13984,41.11201,250.0,17.68053952519972,6.080948121972145,both<5,True,False,False,,11.685018,-35.619713
O=C(c1cc(F)c(Oc2ccc(F)c(F)c2)cc1F)c1nn[nH]c1N(Cc1ccccc1)Cc1ccccc1,O=C(c1cc(F)c(Oc2ccc(F)c(F)c2)cc1F)c1nn[nH]c1N(Cc1ccccc1)Cc1ccccc1,中毒,16.313023,15.8179455,42.5,2.6052804559890586,2.6868217493858477,both<5,False,False,False,,-10.136155,17.190672
O=C(c1nn[nH]c1N(Cc1ccccc1)Cc1ccccc1)c1n[nH]c2sncc12,O=C(c1nn[nH]c1N(Cc1ccccc1)Cc1ccccc1)c1n[nH]c2sncc12,低毒,7.8179197,40.847244,250.0,31.977816298113165,6.120363958949103,both<5,False,False,False,,30.909517,1.2061156
O=C(c1c[nH]c(-c2ccccc2)n1)c1nn[nH]c1N(Cc1ccccc1)Cc1ccccc1,O=C(c1c[nH]c(-c2ccccc2)n1)c1nn[nH]c1N(Cc1ccccc1)Cc1ccccc1,低毒,10.264914,101.04092,250.0,24.354807064141017,2.4742450880296816,one>10-other<5,False,False,False,,20.292501,-9.05838
O=C(c1nn[nH]c1N(Cc1ccccc1)Cc1ccccc1)c1c(F)cccc1F,O=C(c1nn[nH]c1N(Cc1ccccc1)Cc1ccccc1)c1c(F)cccc1F,中毒,16.313023,20.880424,42.5,2.6052804559890586,2.0353992811640222,both<5,True,False,False,,2.010552,6.4651318
O=C(c1ccnc([N+](=O)[O-])c1)c1nn[nH]c1N(Cc1ccccc1)Cc1ccccc1,O=C(c1ccnc([N+](=O)[O-])c1)c1nn[nH]c1N(Cc1ccccc1)Cc1ccccc1,低毒,5.052193,18.144299,250.0,49.48346193425311,13.778432553387706,both>10,True,False,False,,9.22576,19.102333
O=C(c1nn[nH]c1N(Cc1ccccc1)Cc1ccccc1)N(O)C1CSCCS1,O=C(c1nn[nH]c1N(Cc1ccccc1)Cc1ccccc1)N(O)C1CSCCS1,中毒,10.562039,13.176038,42.5,4.023844259616917,3.2255523246062285,both<5,True,False,False,,4.27825,-37.792725
O=C(Cc1cc([N+](=O)[O-])cs1)c1nn[nH]c1N(Cc1ccccc1)Cc1ccccc1,O=C(Cc1cc([N+](=O)[O-])cs1)c1nn[nH]c1N(Cc1ccccc1)Cc1ccccc1,高毒,9.290166,68.77203,5.0,0.5382035154161939,0.07270397572966801,both<5,True,False,False,,-22.612955,0.8036718
O=C(c1cnc2c(Cl)scc2c1O)c1nn[nH]c1N(Cc1ccccc1)Cc1ccccc1,O=C(c1cnc2c(Cl)scc2c1O)c1nn[nH]c1N(Cc1ccccc1)Cc1ccccc1,中毒,3.9662325,16.155859,42.5,10.715458561745939,2.630624592601359,one>10-other<5,True,False,False,,-9.056341,8.062785
O=C(OC1=Nc2ccccc21)c1nn[nH]c1N(Cc1ccccc1)Cc1ccccc1,O=C(OC1=Nc2ccccc21)c1nn[nH]c1N(Cc1ccccc1)Cc1ccccc1,中毒,6.3145046,37.60463,42.5,6.730535915675792,1.1301799804970825,one>5-other<=5,True,False,False,,-26.389605,-10.791712
O=C(c1nn[nH]c1N(Cc1ccccc1)Cc1ccccc1)C(F)Cl,O=C(c1nn[nH]c1N(Cc1ccccc1)Cc1ccccc1)C(F)Cl,高毒,2.9952712,56.60067,5.0,1.6692979253431208,0.08833817691557361,both<5,True,False,False,,-18.340382,-20.926596
O=C(c1nn[nH]c1N(Cc1ccccc1)Cc1ccccc1)c1sccc1Sc1ncc[nH]1,O=C(c1nn[nH]c1N(Cc1ccccc1)Cc1ccccc1)c1sccc1Sc1ncc[nH]1,中毒,5.02923,33.951176,42.5,8.450597805230622,1.2517975813267854,one>5-other<=5,False,False,False,,5.115059,-9.892863
O=C(c1ncc([N+](=O)[O-])o1)c1nn[nH]c1N(Cc1ccccc1)Cc1ccccc1,O=C(c1ncc([N+](=O)[O-])o1)c1nn[nH]c1N(Cc1ccccc1)Cc1ccccc1,低毒,18.131708,35.267406,250.0,13.788000556814614,7.088698272847172,both<5,False,False,False,,12.976878,-11.589851
O=C(c1nn[nH]c1N(Cc1ccccc1)Cc1ccccc1)C1CCCN1S(=O)(=O)c1nc2cc(F)c(Cl)cc2s1,O=C(c1nn[nH]c1N(Cc1ccccc1)Cc1ccccc1)C1CCCN1S(=O)(=O)c1nc2cc(F)c(Cl)cc2s1,中毒,11.846486,42.18784,42.5,3.587561746158312,1.0073992885153635,both<5,False,False,False,,-2.0914328,-37.783222
O=C(c1cc2c(s1)sc1cccnc12)c1nn[nH]c1N(Cc1ccccc1)Cc1ccccc1,O=C(c1cc2c(s1)sc1cccnc12)c1nn[nH]c1N(Cc1ccccc1)Cc1ccccc1,中毒,4.172947,24.052462,42.5,10.184648882432487,1.766970882232347,one>10-other<5,False,False,False,,2.2200801,-3.6324894
O=C(c1nn[nH]c1N(Cc1ccccc1)Cc1ccccc1)c1c(O)cccc1Br,O=C(c1nn[nH]c1N(Cc1ccccc1)Cc1ccccc1)c1c(O)cccc1Br,中毒,5.415689,17.199223,42.5,7.847570272222057,2.4710418604375324,one>5-other<=5,True,False,False,,1.5010884,3.224778
O=C(C(=S)N1CCN(CC2(N3CCc4cc(Br)ccc4C3=O)CC2)CC1)c1nn[nH]c1N(Cc1ccccc1)Cc1ccccc1,O=C(C(=S)N1CCN(CC2(N3CCc4cc(Br)ccc4C3=O)CC2)CC1)c1nn[nH]c1N(Cc1ccccc1)Cc1ccccc1,中毒,38.203445,83.00955,42.5,1.1124651193105752,0.511989283160793,both<5,False,False,False,,-1.9057068,42.90839
O=C(C(O)c1ccccc1)N1CSCC1[SH](C(=O)c1nn[nH]c1N(Cc1ccccc1)Cc1ccccc1)c1ccccc1,O=C(C(O)c1ccccc1)N1CSCC1[SH](C(=O)c1nn[nH]c1N(Cc1ccccc1)Cc1ccccc1)c1ccccc1,中毒,9.850151,47.981945,42.5,4.314654668745687,0.8857498377775223,both<5,False,False,False,,-5.5078583,-23.7916
O=C(c1nn[nH]c1N(Cc1ccccc1)Cc1ccccc1)c1sccc1-c1cccc(Br)c1,O=C(c1nn[nH]c1N(Cc1ccccc1)Cc1ccccc1)c1sccc1-c1cccc(Br)c1,中毒,3.762623,18.074766,42.5,11.295311807746883,2.3513444102125582,one>10-other<5,True,False,False,,3.8127556,-8.876978
O=C(c1nn[nH]c1N(Cc1ccccc1)Cc1ccccc1)C(O)(CO[N+](=O)[O-])OCc1ccccc1,O=C(c1nn[nH]c1N(Cc1ccccc1)Cc1ccccc1)C(O)(CO[N+](=O)[O-])OCc1ccccc1,中毒,16.895607,55.22629,42.5,2.5154467667246285,0.7695610188553315,both<5,False,False,False,,-11.937585,-13.93243
O=C(c1nn[nH]c1N(Cc1ccccc1)Cc1ccccc1)c1cccn1-c1ccc(Cl)cc1,O=C(c1nn[nH]c1N(Cc1ccccc1)Cc1ccccc1)c1cccn1-c1ccc(Cl)cc1,低毒,10.612266,29.762762,250.0,23.557645464220364,8.399758060088644,both<5,True,True,False,,29.215498,-14.093156
O=C(c1ccncc1I)c1nn[nH]c1N(Cc1ccccc1)Cc1ccccc1,O=C(c1ccncc1I)c1nn[nH]c1N(Cc1ccccc1)Cc1ccccc1,低毒,13.292497,20.880424,250.0,18.807602514410952,11.97293694802366,both>10,False,False,False,,-11.763681,5.3582597
O=C(c1nn[nH]c1N(Cc1ccccc1)Cc1ccccc1)S(=O)(=O)P(=O)(O)OCc1ccccc1,O=C(c1nn[nH]c1N(Cc1ccccc1)Cc1ccccc1)S(=O)(=O)P(=O)(O)OCc1ccccc1,中毒,5.750717,41.051647,42.5,7.390382799223123,1.0352812397514768,one>5-other<=5,True,False,False,,-12.041448,-25.10376
O=C(NS(=O)(=O)Cl)c1nn[nH]c1N(Cc1ccccc1)Cc1ccccc1,O=C(NS(=O)(=O)Cl)c1nn[nH]c1N(Cc1ccccc1)Cc1ccccc1,低毒,27.07574,25.051384,250.0,9.233357980243568,9.979488558396614,both5-10,True,False,False,,-9.082686,-23.067673
O=C(c1nn[nH]c1N(Cc1ccccc1)Cc1ccccc1)N(c1ccc(OCl)cc1)c1ccc(-c2csnn2)cc1O,O=C(c1nn[nH]c1N(Cc1ccccc1)Cc1ccccc1)N(c1ccc(OCl)cc1)c1ccc(-c2csnn2)cc1O,低毒,5.9382057,25.926903,250.0,42.10025934264958,9.642493744817884,both<5,True,False,False,,15.629464,-17.94445
O=C(SCNc1cccc[n+]1[O-])c1nn[nH]c1N(Cc1ccccc1)Cc1ccccc1,O=C(SCNc1cccc[n+]1[O-])c1nn[nH]c1N(Cc1ccccc1)Cc1ccccc1,低毒,6.9906516,26.098589,250.0,35.762045415051155,9.579061917868433,both<5,True,False,False,,-9.730412,-9.33062
O=C(c1cc(I)c(O)c(Br)c1Cl)c1nn[nH]c1N(Cc1ccccc1)Cc1ccccc1,O=C(c1cc(I)c(O)c(Br)c1Cl)c1nn[nH]c1N(Cc1ccccc1)Cc1ccccc1,低毒,17.117727,29.908281,250.0,14.604742790909098,8.358888964564697,both<5,True,False,False,,-4.115457,11.118075
O=C(c1ncno1)c1nn[nH]c1N(Cc1ccccc1)Cc1ccccc1,O=C(c1ncno1)c1nn[nH]c1N(Cc1ccccc1)Cc1ccccc1,低毒,9.290166,57.42674,250.0,26.910175770809694,4.353372662282414,one>10-other<5,True,False,False,,12.515956,0.078183055
O=C(Oc1ccncc1)c1nn[nH]c1N(Cc1ccccc1)Cc1ccccc1,O=C(Oc1ccncc1)c1nn[nH]c1N(Cc1ccccc1)Cc1ccccc1,低毒,10.256438,34.70963,250.0,24.374934065803355,7.202612070483034,both<5,True,False,False,,-27.290813,-10.647866
O=C(c1nsc(SC2=NN=C[SH](=O)(Cl)C2(Cl)Cl)n1)c1nn[nH]c1N(Cc1ccccc1)Cc1ccccc1,O=C(c1nsc(SC2=NN=C[SH](=O)(Cl)C2(Cl)Cl)n1)c1nn[nH]c1N(Cc1ccccc1)Cc1ccccc1,中毒,13.45321,63.29094,42.5,3.159097345540581,0.6715021138886546,both<5,False,False,False,,23.312786,-0.24900329
O=C(OOCc1ccccc1O)c1nn[nH]c1N(Cc1ccccc1)Cc1ccccc1,O=C(OOCc1ccccc1O)c1nn[nH]c1N(Cc1ccccc1)Cc1ccccc1,低毒,7.1555886,34.70963,250.0,34.93772685590113,7.202612070483034,both<5,False,False,False,,-25.129665,-8.502803
O=C1C(C(=O)c2nn[nH]c2N(Cc2ccccc2)Cc2ccccc2)=COc2cccnc2C(OCc2cccc(Cl)c2)c2ccncc21,O=C1C(C(=O)c2nn[nH]c2N(Cc2ccccc2)Cc2ccccc2)=COc2cccnc2C(OCc2cccc(Cl)c2)c2ccncc21,中毒,7.356018,28.474539,42.5,5.7775823822073304,1.4925614774658862,one>5-other<=5,True,False,False,,-13.215964,6.928014
O=C(c1nn[nH]c1N(Cc1ccccc1)Cc1ccccc1)C1CCc2nc(Br)c([nH]2)-c2ncccc21,O=C(c1nn[nH]c1N(Cc1ccccc1)Cc1ccccc1)C1CCc2nc(Br)c([nH]2)-c2ncccc21,中毒,5.857722,31.747477,42.5,7.2553801631419175,1.3386890555114033,one>5-other<=5,False,False,False,,8.193697,-39.954636
O=C(C1=NC2=CC=CCC=NN2c2ccc(Sc3cccc[n+]3Br)cc2N1)c1nn[nH]c1N(Cc1ccccc1)Cc1ccccc1,O=C(C1=NC2=CC=CCC=NN2c2ccc(Sc3cccc[n+]3Br)cc2N1)c1nn[nH]c1N(Cc1ccccc1)Cc1ccccc1,中毒,4.0543094,25.8758,42.5,10.482673078675248,1.6424612958826392,one>10-other<5,False,False,False,,20.693584,10.642314
O=C(OCc1ccccc1)N1CCN1C(C(=O)c1nn[nH]c1N(Cc1ccccc1)Cc1ccccc1)(c1cc(Cl)ccc1F)N1CCOCC1,O=C(OCc1ccccc1)N1CCN1C(C(=O)c1nn[nH]c1N(Cc1ccccc1)Cc1ccccc1)(c1cc(Cl)ccc1F)N1CCOCC1,中毒,9.64399,50.0026,42.5,4.406889679479137,0.8499558022982805,both<5,False,False,False,,-30.372475,2.100385
O=C(C1=C(Br)C2C(=O)C3=C([N+]2CN1c1nnnn1CBr)S(=O)(=O)CCCC3)c1nn[nH]c1N(Cc1ccccc1)Cc1ccccc1,O=C(C1=C(Br)C2C(=O)C3=C([N+]2CN1c1nnnn1CBr)S(=O)(=O)CCCC3)c1nn[nH]c1N(Cc1ccccc1)Cc1ccccc1,中毒,11.365467,15.046138,42.5,3.7393975980045515,2.824645101620097,both<5,False,False,False,,22.324045,9.313195
O=C(C1=NCCN1)c1nn[nH]c1N(Cc1ccccc1)Cc1ccccc1,O=C(C1=NCCN1)c1nn[nH]c1N(Cc1ccccc1)Cc1ccccc1,低毒,11.138867,23.258205,250.0,22.443934378604215,10.748894852375752,both>10,True,False,False,,15.710908,6.0654263
O=C(NSCc1ccncc1Br)c1nn[nH]c1N(Cc1ccccc1)Cc1ccccc1,O=C(NSCc1ccncc1Br)c1nn[nH]c1N(Cc1ccccc1)Cc1ccccc1,高毒,7.485112,12.976943,5.0,0.6679926766626872,0.38529875641743977,both<5,True,False,False,,-12.301243,2.471256
O=C(Sc1conc1Br)c1nn[nH]c1N(Cc1ccccc1)Cc1ccccc1,O=C(Sc1conc1Br)c1nn[nH]c1N(Cc1ccccc1)Cc1ccccc1,中毒,6.6162024,30.779434,42.5,6.423624525150561,1.3807921224282422,one>5-other<=5,True,False,False,,-12.029351,-5.096902
O=C(c1nn[nH]c1N(Cc1ccccc1)Cc1ccccc1)C1COCN(Cc2ccccc2F)C1,O=C(c1nn[nH]c1N(Cc1ccccc1)Cc1ccccc1)C1COCN(Cc2ccccc2F)C1,中毒,10.815225,26.930273,42.5,3.929645476631323,1.5781496162330029,both<5,False,False,False,,8.76323,-34.604595
O=C(c1nn[nH]c1N(Cc1ccccc1)Cc1ccccc1)C1c2ccccc2CCC1(Cl)Cl,O=C(c1nn[nH]c1N(Cc1ccccc1)Cc1ccccc1)C1c2ccccc2CCC1(Cl)Cl,中毒,12.940701,30.050982,42.5,3.284211574009785,1.414263267669589,both<5,True,False,False,,7.6455564,-42.099075
O=C(Oc1csc2c1oc1ccccc12)c1nn[nH]c1N(Cc1ccccc1)Cc1ccccc1,O=C(Oc1csc2c1oc1ccccc12)c1nn[nH]c1N(Cc1ccccc1)Cc1ccccc1,中毒,9.302648,12.434012,42.5,4.56859165261332,3.4180439909499847,both<5,True,False,False,,-31.32479,-10.383711
O=C(c1nn[nH]c1N(Cc1ccccc1)Cc1ccccc1)c1[nH]ncc1CN1CC1,O=C(c1nn[nH]c1N(Cc1ccccc1)Cc1ccccc1)c1[nH]ncc1CN1CC1,中毒,6.4241095,111.37824,42.5,6.6157029234946885,0.38158261434190377,one>5-other<=5,True,False,False,,2.7889717,14.297507
O=C(c1cc(-c2cn3c(F)c(Br)sc3n2)n[nH]1)c1nn[nH]c1N(Cc1ccccc1)Cc1ccccc1,O=C(c1cc(-c2cn3c(F)c(Br)sc3n2)n[nH]1)c1nn[nH]c1N(Cc1ccccc1)Cc1ccccc1,中毒,7.861221,23.626753,42.5,5.4062848506612395,1.798808325460549,one>5-other<=5,True,False,False,,4.9359746,-0.48965302
O=C(C(=CCO)c1cccnc1N1CC=CCS1)c1nn[nH]c1N(Cc1ccccc1)Cc1ccccc1,O=C(C(=CCO)c1cccnc1N1CC=CCS1)c1nn[nH]c1N(Cc1ccccc1)Cc1ccccc1,中毒,5.9247785,32.85536,42.5,7.173263945647926,1.2935484499332834,one>5-other<=5,True,False,False,,-8.492001,2.4419577
O=C(c1ccc(OC2CC2)cc1)c1nn[nH]c1N(Cc1ccccc1)Cc1ccccc1,O=C(c1ccc(OC2CC2)cc1)c1nn[nH]c1N(Cc1ccccc1)Cc1ccccc1,低毒,5.037307,28.805965,250.0,49.62969300858574,8.678758028068145,both<5,True,True,False,,14.32894,11.966447
O=C(c1nn[nH]c1N(Cc1ccccc1)Cc1ccccc1)C(CBr)c1ccoc1,O=C(c1nn[nH]c1N(Cc1ccccc1)Cc1ccccc1)C(CBr)c1ccoc1,高毒,5.253922,57.181202,5.0,0.9516700095661869,0.0874413238112763,both<5,True,False,False,,-24.532547,-23.934532
O=C(c1ccc(OS(=O)(=O)O)cc1)c1nn[nH]c1N(Cc1ccccc1)Cc1ccccc1,O=C(c1ccc(OS(=O)(=O)O)cc1)c1nn[nH]c1N(Cc1ccccc1)Cc1ccccc1,高毒,10.612266,22.792627,5.0,0.4711529092844073,0.21936918460517957,both<5,False,False,False,,16.254074,11.836788
O=C(c1cccnc1O)c1nn[nH]c1N(Cc1ccccc1)Cc1ccccc1,O=C(c1cccnc1O)c1nn[nH]c1N(Cc1ccccc1)Cc1ccccc1,中毒,13.587517,30.144022,42.5,3.1278709715689774,1.409898121756944,both<5,False,False,False,,-8.095478,5.2034802
O=C(OC(c1ncsn1)c1ccco1)c1nn[nH]c1N(Cc1ccccc1)Cc1ccccc1,O=C(OC(c1ncsn1)c1ccco1)c1nn[nH]c1N(Cc1ccccc1)Cc1ccccc1,低毒,40.720543,26.833515,250.0,6.139407325683256,9.316707110492233,both5-10,True,False,False,,-27.99749,-19.832981
O=C(SCNc1cc([N+](=O)[O-])sc1C(=O)SS)c1nn[nH]c1N(Cc1ccccc1)Cc1ccccc1,O=C(SCNc1cc([N+](=O)[O-])sc1C(=O)SS)c1nn[nH]c1N(Cc1ccccc1)Cc1ccccc1,中毒,13.910496,18.536156,42.5,3.0552469157102666,2.2928162667599477,both<5,True,False,False,,-10.360042,-10.277258
O=C(c1nn[nH]c1N(Cc1ccccc1)Cc1ccccc1)C1CCC=C(Br)C1,O=C(c1nn[nH]c1N(Cc1ccccc1)Cc1ccccc1)C1CCC=C(Br)C1,中毒,6.1954775,21.076826,42.5,6.859842522226899,2.0164326450291896,one>5-other<=5,True,False,False,,6.163081,-32.92371
O=C(c1nn[nH]c1N(Cc1ccccc1)Cc1ccccc1)[P+](=O)Cc1ccc2ncccc2c1,O=C(c1nn[nH]c1N(Cc1ccccc1)Cc1ccccc1)[P+](=O)Cc1ccc2ncccc2c1,中毒,12.025418,65.38614,42.5,3.5341806829500646,0.6499848438828167,both<5,True,False,False,,-10.138266,27.817495
O=C(c1nn[nH]c1N(Cc1ccccc1)Cc1ccccc1)S(=O)(=O)NCCF,O=C(c1nn[nH]c1N(Cc1ccccc1)Cc1ccccc1)S(=O)(=O)NCCF,低毒,12.68541,45.95731,250.0,19.707679925205415,5.439831008385826,both<5,True,False,False,,-13.281473,-26.042772
O=C(c1nn[nH]c1N(Cc1ccccc1)Cc1ccccc1)c1c(O)ncc2ccccc12,O=C(c1nn[nH]c1N(Cc1ccccc1)Cc1ccccc1)c1c(O)ncc2ccccc12,中毒,14.795237,24.367958,42.5,2.872546076821885,1.7440936167076453,both<5,False,False,False,,0.5348937,2.278056
O=C(c1nn[nH]c1N(Cc1ccccc1)Cc1ccccc1)C12CCC3CC(CC(C3)C1)C2,O=C(c1nn[nH]c1N(Cc1ccccc1)Cc1ccccc1)C12CCC3CC(CC(C3)C1)C2,高毒,10.166119,10.310754,5.0,0.49182977299400094,0.4849305880054941,both<5,True,False,False,,-1.3618734,-26.145649
O=C(c1cc(Cl)ncn1)c1nn[nH]c1N(Cc1ccccc1)Cc1ccccc1,O=C(c1cc(Cl)ncn1)c1nn[nH]c1N(Cc1ccccc1)Cc1ccccc1,低毒,5.037307,31.929913,250.0,49.62969300858574,7.82964864326439,both<5,True,False,False,,14.879525,-4.5607133
O=C(c1nonc1O)c1nn[nH]c1N(Cc1ccccc1)Cc1ccccc1,O=C(c1nonc1O)c1nn[nH]c1N(Cc1ccccc1)Cc1ccccc1,中毒,16.226608,25.911955,42.5,2.6191549090235005,1.6401695665186204,both<5,False,False,False,,24.7728,7.774909
O=C(OP1(=O)ON=Cc2ccccc21)c1nn[nH]c1N(Cc1ccccc1)Cc1ccccc1,O=C(OP1(=O)ON=Cc2ccccc21)c1nn[nH]c1N(Cc1ccccc1)Cc1ccccc1,中毒,18.721464,9.2630415,42.5,2.2701216101475823,4.58812583318341,both<5,False,False,False,,-22.714224,-11.861877
O=C(CCl)SC1SC[SH]1(=O)C(=O)c1nn[nH]c1N(Cc1ccccc1)Cc1ccccc1,O=C(CCl)SC1SC[SH]1(=O)C(=O)c1nn[nH]c1N(Cc1ccccc1)Cc1ccccc1,低毒,12.981315,36.75273,250.0,19.258449548447132,6.802215780977359,both<5,False,False,False,,1.0254871,-38.74596
O=C(c1cc[nH]c1)c1nn[nH]c1N(Cc1ccccc1)Cc1ccccc1,O=C(c1cc[nH]c1)c1nn[nH]c1N(Cc1ccccc1)Cc1ccccc1,高毒,5.037307,34.50007,5.0,0.9925938601717147,0.14492724217661007,both<5,True,False,False,,12.983929,8.653733
O=C(C(F)=CC(F)(F)I)c1nn[nH]c1N(Cc1ccccc1)Cc1ccccc1,O=C(C(F)=CC(F)(F)I)c1nn[nH]c1N(Cc1ccccc1)Cc1ccccc1,高毒,7.022287,50.39157,5.0,0.7120187483080654,0.0992229454251971,both<5,True,False,False,,-16.322882,-11.9015875
O=C(c1ccncc1F)c1nn[nH]c1N(Cc1ccccc1)Cc1ccccc1,O=C(c1ccncc1F)c1nn[nH]c1N(Cc1ccccc1)Cc1ccccc1,中毒,19.373323,34.50007,42.5,2.1937382657585385,1.2318815585011855,both<5,True,False,False,,-12.907795,5.0430512
O=C(c1nn[nH]c1N(Cc1ccccc1)Cc1ccccc1)c1scc(Br)c1Br,O=C(c1nn[nH]c1N(Cc1ccccc1)Cc1ccccc1)c1scc(Br)c1Br,低毒,5.3548603,16.24854,250.0,46.68655875112185,15.385997757336968,both>10,True,True,False,,5.3503385,-6.9425364
O=C(c1nn[nH]c1N(Cc1ccccc1)Cc1ccccc1)c1cn(Br)c(=S)n1S(=O)(=O)c1cc([N+](=O)[O-])ccc1Cl,O=C(c1nn[nH]c1N(Cc1ccccc1)Cc1ccccc1)c1cn(Br)c(=S)n1S(=O)(=O)c1cc([N+](=O)[O-])ccc1Cl,中毒,12.728716,37.594105,42.5,3.3389070822225904,1.1304963903250258,both<5,False,False,False,,-24.913996,5.63229
O=C(c1nn[nH]c1N(Cc1ccccc1)Cc1ccccc1)N1CC(F)Sc2c1ncn2-c1cccc(CC=[N+]([O-])NC2CCNCC2)c1F,O=C(c1nn[nH]c1N(Cc1ccccc1)Cc1ccccc1)N1CC(F)Sc2c1ncn2-c1cccc(CC=[N+]([O-])NC2CCNCC2)c1F,中毒,14.166747,16.291994,42.5,2.99998298833176,2.6086432391271446,both<5,False,False,False,,-6.833292,37.91898
O=C(c1cn2c(n1)CCC2)c1nn[nH]c1N(Cc1ccccc1)Cc1ccccc1,O=C(c1cn2c(n1)CCC2)c1nn[nH]c1N(Cc1ccccc1)Cc1ccccc1,低毒,12.681532,17.308306,250.0,19.71370651432335,14.4439322947029,both>10,False,False,False,,22.830364,-4.2739644
O=C(c1nn[nH]c1N(Cc1ccccc1)Cc1ccccc1)C(Oc1no[n+]([O-])n1)S(=O)(=O)c1c(F)cccc1[N+](=O)[O-],O=C(c1nn[nH]c1N(Cc1ccccc1)Cc1ccccc1)C(Oc1no[n+]([O-])n1)S(=O)(=O)c1c(F)cccc1[N+](=O)[O-],中毒,35.33347,18.969772,42.5,1.2028255362408504,2.240406474047237,both<5,False,False,False,,-28.583263,-14.976497
O=C(c1nn[nH]c1N(Cc1ccccc1)Cc1ccccc1)C(F)(F)I,O=C(c1nn[nH]c1N(Cc1ccccc1)Cc1ccccc1)C(F)(F)I,高毒,4.097792,42.472836,5.0,1.2201693009308427,0.11772230137869767,both<5,True,False,False,,-15.090937,-12.611745
O=C(OCc1c(Cl)cncc1Cl)c1nn[nH]c1N(Cc1ccccc1)Cc1ccccc1,O=C(OCc1c(Cl)cncc1Cl)c1nn[nH]c1N(Cc1ccccc1)Cc1ccccc1,高毒,7.140232,35.322853,5.0,0.700257358584427,0.14155141998297815,both<5,False,False,False,,-23.447966,-6.748992
O=C(c1nn[nH]c1N(Cc1ccccc1)Cc1ccccc1)[SH](Sc1cc(F)c2ccccc2c1)c1cccnc1,O=C(c1nn[nH]c1N(Cc1ccccc1)Cc1ccccc1)[SH](Sc1cc(F)c2ccccc2c1)c1cccnc1,低毒,7.6138706,28.077908,250.0,32.83481072031878,8.903797248712404,both<5,False,False,False,,-14.98227,-1.9378049
O=C(CP(=O)(Nc1c(Cl)cccc1[N+](=O)[O-])c1ccc(Cl)c(Cl)c1)c1nn[nH]c1N(Cc1ccccc1)Cc1ccccc1,O=C(CP(=O)(Nc1c(Cl)cccc1[N+](=O)[O-])c1ccc(Cl)c(Cl)c1)c1nn[nH]c1N(Cc1ccccc1)Cc1ccccc1,中毒,41.04375,17.914152,42.5,1.035480432465357,2.372426001521032,both<5,False,False,False,,-24.349255,7.392095
O=C(c1nn[nH]c1N(Cc1ccccc1)Cc1ccccc1)N1CCN(c2ccccc2Cl)CC1,O=C(c1nn[nH]c1N(Cc1ccccc1)Cc1ccccc1)N1CCN(c2ccccc2Cl)CC1,中毒,23.886637,13.960291,42.5,1.779237487470505,3.044349147163193,both<5,False,False,False,,5.0122504,38.853226
O=C(c1nn[nH]c1N(Cc1ccccc1)Cc1ccccc1)c1cccc2no[n+]([O-])c12,O=C(c1nn[nH]c1N(Cc1ccccc1)Cc1ccccc1)c1cccc2no[n+]([O-])c12,中毒,14.913086,30.64392,42.5,2.849846101604993,1.386898281943041,both<5,False,False,False,,21.123219,26.138847
O=C(c1c[nH]s1)c1nn[nH]c1N(Cc1ccccc1)Cc1ccccc1,O=C(c1c[nH]s1)c1nn[nH]c1N(Cc1ccccc1)Cc1ccccc1,低毒,7.7063427,28.421774,250.0,32.440810087514016,8.796073038931349,both<5,False,False,False,,7.13012,-3.5744314
C=NNC(=O)c1nn[nH]c1N(Cc1ccccc1)Cc1ccccc1,C=NNC(=O)c1nn[nH]c1N(Cc1ccccc1)Cc1ccccc1,高毒,9.143364,22.836445,5.0,0.5468446842978142,0.21894826449563404,both<5,True,False,False,,-7.5619535,-18.8214
O=C(c1nn[nH]c1N(Cc1ccccc1)Cc1ccccc1)c1c[nH]c2c([N+](=O)[O-])cc([N+](=O)[O-])cc2c1=O,O=C(c1nn[nH]c1N(Cc1ccccc1)Cc1ccccc1)c1c[nH]c2c([N+](=O)[O-])cc([N+](=O)[O-])cc2c1=O,中毒,8.883543,41.392582,42.5,4.78412723392007,1.026754020804984,both<5,False,False,False,,-22.805164,4.5341153
O=C(c1nc(-c2ccccn2)no1)c1nn[nH]c1N(Cc1ccccc1)Cc1ccccc1,O=C(c1nc(-c2ccccn2)no1)c1nn[nH]c1N(Cc1ccccc1)Cc1ccccc1,中毒,14.432282,57.987293,42.5,2.9447872484753277,0.7329191931756497,both<5,False,False,False,,13.512383,-1.6688036
O=C(c1nn[nH]c1N(Cc1ccccc1)Cc1ccccc1)c1cccn1C(c1cccc2ccccc12)P(=O)(O)O,O=C(c1nn[nH]c1N(Cc1ccccc1)Cc1ccccc1)c1cccn1C(c1cccc2ccccc12)P(=O)(O)O,低毒,20.898918,26.606503,250.0,11.962341782478884,9.39619911718575,both<5,True,False,False,,-3.738656,1.3458948
O=C(c1nn[nH]c1N(Cc1ccccc1)Cc1ccccc1)N(CF)CF,O=C(c1nn[nH]c1N(Cc1ccccc1)Cc1ccccc1)N(CF)CF,高毒,8.323097,25.051384,5.0,0.6007379224344015,0.19958977116793228,both<5,False,False,False,,-14.608975,-17.072685
O=C(c1ccnnc1)c1nn[nH]c1N(Cc1ccccc1)Cc1ccccc1,O=C(c1ccnnc1)c1nn[nH]c1N(Cc1ccccc1)Cc1ccccc1,低毒,5.037307,34.50007,250.0,49.62969300858574,7.246362108830503,both<5,True,False,False,,11.494534,8.657564
O=C(c1nn[nH]c1N(Cc1ccccc1)Cc1ccccc1)S(=O)(=O)c1nc(-c2csc(NC3CC3)n2)ns1,O=C(c1nn[nH]c1N(Cc1ccccc1)Cc1ccccc1)S(=O)(=O)c1nc(-c2csc(NC3CC3)n2)ns1,中毒,10.70255,22.417645,42.5,3.9710162531359345,1.895828040813386,both<5,True,False,False,,-7.8774896,-31.98418
O=C(c1nn[nH]c1N(Cc1ccccc1)Cc1ccccc1)c1nsc2cnccc12,O=C(c1nn[nH]c1N(Cc1ccccc1)Cc1ccccc1)c1nsc2cnccc12,低毒,12.507832,34.579483,250.0,19.987476646632285,7.229720583156202,both<5,False,False,False,,27.008305,-0.7287665
O=C(SCc1ccncc1)c1nn[nH]c1N(Cc1ccccc1)Cc1ccccc1,O=C(SCc1ccncc1)c1nn[nH]c1N(Cc1ccccc1)Cc1ccccc1,低毒,3.849275,24.508234,250.0,64.94729526988849,10.200653380410843,both>10,True,False,False,,-10.385739,-8.05544
O=C(c1nn[nH]c1N(Cc1ccccc1)Cc1ccccc1)c1cnnn1Cc1ccccc1,O=C(c1nn[nH]c1N(Cc1ccccc1)Cc1ccccc1)c1cnnn1Cc1ccccc1,低毒,7.2297215,21.234655,250.0,34.579478614770984,11.77320752326798,both>10,False,False,False,,4.5321727,16.298473
O=C(c1nn[nH]c1N(Cc1ccccc1)Cc1ccccc1)n1nnc(-c2ccc(C(F)(F)F)cc2)n1,O=C(c1nn[nH]c1N(Cc1ccccc1)Cc1ccccc1)n1nnc(-c2ccc(C(F)(F)F)cc2)n1,中毒,11.268709,23.470823,42.5,3.7715056800206663,1.8107588302293447,both<5,False,False,False,,-0.75422734,25.693214
O=C(c1nn[nH]c1N(Cc1ccccc1)Cc1ccccc1)c1cc2cnccc2oc1=S,O=C(c1nn[nH]c1N(Cc1ccccc1)Cc1ccccc1)c1cc2cnccc2oc1=S,低毒,11.528915,238.56888,250.0,21.68460778833047,1.0479153861140649,one>10-other<5,True,False,False,,-6.252166,0.5999612
O=C(c1nn[nH]c1N(Cc1ccccc1)Cc1ccccc1)n1nnnc1-c1c(F)c(Cl)cc2ccccc12,O=C(c1nn[nH]c1N(Cc1ccccc1)Cc1ccccc1)n1nnnc1-c1c(F)c(Cl)cc2ccccc12,中毒,5.565566,27.12576,42.5,7.636240411127997,1.5667763778784447,one>5-other<=5,True,False,False,,-1.823048,27.619038
O=C(c1ccc(F)cc1NS(=O)(=O)c1ccc(Cl)cc1)c1nn[nH]c1N(Cc1ccccc1)Cc1ccccc1,O=C(c1ccc(F)cc1NS(=O)(=O)c1ccc(Cl)cc1)c1nn[nH]c1N(Cc1ccccc1)Cc1ccccc1,中毒,8.9152155,21.910707,42.5,4.7671309796156915,1.939690946531301,both<5,True,False,False,,-13.882492,17.369896
O=C(c1nn[nH]c1N(Cc1ccccc1)Cc1ccccc1)c1c2ccoc2nc2ccsc12,O=C(c1nn[nH]c1N(Cc1ccccc1)Cc1ccccc1)c1c2ccoc2nc2ccsc12,中毒,15.714908,31.030378,42.5,2.704438358786447,1.3696255972131568,both<5,False,False,False,,7.9902453,-9.193536
O=C(c1nn[nH]c1N(Cc1ccccc1)Cc1ccccc1)C(O)(P(=O)(O)O)P(=O)(CCC(F)=NO)P(=O)(O)c1ccsc1,O=C(c1nn[nH]c1N(Cc1ccccc1)Cc1ccccc1)C(O)(P(=O)(O)O)P(=O)(CCC(F)=NO)P(=O)(O)c1ccsc1,中毒,8.466875,25.235033,42.5,5.019561526537241,1.6841666107589397,one>5-other<=5,False,False,False,,-15.40431,-14.624701
O=C(c1nn[nH]c1N(Cc1ccccc1)Cc1ccccc1)c1c(OC(F)Cl)c(Cl)nn(-c2ccc(F)c(F)c2)c1=O,O=C(c1nn[nH]c1N(Cc1ccccc1)Cc1ccccc1)c1c(OC(F)Cl)c(Cl)nn(-c2ccc(F)c(F)c2)c1=O,中毒,4.8097134,26.97778,42.5,8.836285338748043,1.5753705456861165,one>5-other<=5,True,False,False,,4.153676,7.9023066
O=C(c1nn[nH]c1N(Cc1ccccc1)Cc1ccccc1)c1ncsc1F,O=C(c1nn[nH]c1N(Cc1ccccc1)Cc1ccccc1)c1ncsc1F,低毒,10.612266,59.342094,250.0,23.557645464220364,4.212861110024193,one>10-other<5,True,False,False,,8.117432,-6.8524065
O=C(c1nnc(C(F)(F)F)s1)c1nn[nH]c1N(Cc1ccccc1)Cc1ccccc1,O=C(c1nnc(C(F)(F)F)s1)c1nn[nH]c1N(Cc1ccccc1)Cc1ccccc1,中毒,5.923411,41.139397,42.5,7.174919991201016,1.0330729932672567,one>5-other<=5,False,False,False,,11.275226,-6.6679225
O=C(c1nn[nH]c1N(Cc1ccccc1)Cc1ccccc1)c1[nH]nc2c1Cc1cc(Cl)cc(Cl)c1C2,O=C(c1nn[nH]c1N(Cc1ccccc1)Cc1ccccc1)c1[nH]nc2c1Cc1cc(Cl)cc(Cl)c1C2,中毒,14.858967,52.754646,42.5,2.8602257478598614,0.8056162484722198,both<5,False,False,False,,4.990233,13.191964
O=C(c1nn[nH]c1N(Cc1ccccc1)Cc1ccccc1)c1c(-c2ccoc2)no[n+]1[O-],O=C(c1nn[nH]c1N(Cc1ccccc1)Cc1ccccc1)c1c(-c2ccoc2)no[n+]1[O-],中毒,16.631937,26.758043,42.5,2.5553247345754135,1.5883074857156032,both<5,False,False,False,,22.356302,25.284672
O=C(c1nn[nH]c1N(Cc1ccccc1)Cc1ccccc1)c1c[nH]c2ccnn12,O=C(c1nn[nH]c1N(Cc1ccccc1)Cc1ccccc1)c1c[nH]c2ccnn12,低毒,9.933662,38.41375,250.0,25.166952529691468,6.508086297224301,both<5,True,False,False,,11.977193,3.2152147
O=C(c1nn[nH]c1N(Cc1ccccc1)Cc1ccccc1)C1CCN1C(=S)Nc1ccccc1N1CCOCC1,O=C(c1nn[nH]c1N(Cc1ccccc1)Cc1ccccc1)C1CCN1C(=S)Nc1ccccc1N1CCOCC1,中毒,9.859148,33.252056,42.5,4.310717315532742,1.2781164569192351,both<5,True,False,False,,11.421375,-33.26283
O=C(C1=CC=C(c2cocc2Br)N(C2CCCc3c[nH]cc32)C=C1)c1nn[nH]c1N(Cc1ccccc1)Cc1ccccc1,O=C(C1=CC=C(c2cocc2Br)N(C2CCCc3c[nH]cc32)C=C1)c1nn[nH]c1N(Cc1ccccc1)Cc1ccccc1,中毒,8.049966,20.779789,42.5,5.279525404206677,2.0452565711807758,one>5-other<=5,True,False,False,,-1.4792072,13.575459
O=C(C1=CSC2=Cc3ocnc3SC2=C1Cc1cccc(F)c1O)c1nn[nH]c1N(Cc1ccccc1)Cc1ccccc1,O=C(C1=CSC2=Cc3ocnc3SC2=C1Cc1cccc(F)c1O)c1nn[nH]c1N(Cc1ccccc1)Cc1ccccc1,中毒,7.63069,17.499098,42.5,5.569614281277316,2.4286966105338688,one>5-other<=5,False,False,False,,3.6823068,6.219847
O=C(NC1CC[S+]([O-])CC1)c1nn[nH]c1N(Cc1ccccc1)Cc1ccccc1,O=C(NC1CC[S+]([O-])CC1)c1nn[nH]c1N(Cc1ccccc1)Cc1ccccc1,中毒,23.673376,40.914406,42.5,1.7952657027033236,1.038753929361702,both<5,False,False,False,,3.1341217,-22.97026
O=C(c1nnc(I)o1)c1nn[nH]c1N(Cc1ccccc1)Cc1ccccc1,O=C(c1nnc(I)o1)c1nn[nH]c1N(Cc1ccccc1)Cc1ccccc1,低毒,10.330714,63.712284,250.0,24.199682616322548,3.923890093156918,one>10-other<5,True,False,False,,10.508878,-0.56287587
O=C(c1nn[nH]c1N(Cc1ccccc1)Cc1ccccc1)[n+]1cc2sccc2c(=S)n1-c1ccccn1,O=C(c1nn[nH]c1N(Cc1ccccc1)Cc1ccccc1)[n+]1cc2sccc2c(=S)n1-c1ccccn1,中毒,12.811201,67.732475,42.5,3.3174095075083123,0.6274685813562845,both<5,True,False,False,,6.9395843,-14.429118
O=C(c1nn[nH]c1N(Cc1ccccc1)Cc1ccccc1)C(O)CO,O=C(c1nn[nH]c1N(Cc1ccccc1)Cc1ccccc1)C(O)CO,低毒,12.595518,83.59449,250.0,19.84833017586097,2.9906277315646044,one>10-other<5,True,False,False,,-21.353476,-23.431992
O=C(c1nn[nH]c1N(Cc1ccccc1)Cc1ccccc1)C(Br)C(O[N+](=O)[O-])c1ccncc1,O=C(c1nn[nH]c1N(Cc1ccccc1)Cc1ccccc1)C(Br)C(O[N+](=O)[O-])c1ccncc1,中毒,8.077464,49.662857,42.5,5.2615523882248185,0.8557703395920214,one>5-other<=5,True,False,False,,-20.251295,-20.443623
O=C(c1nn[nH]c1N(Cc1ccccc1)Cc1ccccc1)c1c(O)sc2ccccc12,O=C(c1nn[nH]c1N(Cc1ccccc1)Cc1ccccc1)c1c(O)sc2ccccc12,中毒,7.503785,25.768503,42.5,5.663808331395423,1.649300310538024,one>5-other<=5,False,False,False,,0.21558397,-0.70483404
O=C(c1nn[nH]c1N(Cc1ccccc1)Cc1ccccc1)c1[nH]cnc1C=NO,O=C(c1nn[nH]c1N(Cc1ccccc1)Cc1ccccc1)c1[nH]cnc1C=NO,低毒,5.052193,85.61901,250.0,49.48346193425311,2.919912295178372,one>10-other<5,False,False,False,,29.014193,12.553882
O=C(c1c[nH]nc1-c1cccc(Br)c1)c1nn[nH]c1N(Cc1ccccc1)Cc1ccccc1,O=C(c1c[nH]nc1-c1cccc(Br)c1)c1nn[nH]c1N(Cc1ccccc1)Cc1ccccc1,中毒,5.037307,31.01351,42.5,8.437047811459575,1.3703705256193188,one>5-other<=5,True,False,False,,-23.165607,15.018423
O=C1CCCN1N1c2nc(Cl)ccc2S2=CC=CC2=[N+]1C(=O)c1nn[nH]c1N(Cc1ccccc1)Cc1ccccc1,O=C1CCCN1N1c2nc(Cl)ccc2S2=CC=CC2=[N+]1C(=O)c1nn[nH]c1N(Cc1ccccc1)Cc1ccccc1,中毒,7.6952677,16.81102,42.5,5.522874792257065,2.5281035891932793,one>5-other<=5,False,False,False,,-16.499279,4.7427278
O=C(C1=CC=C(CO)S(=O)(=O)O1)c1nn[nH]c1N(Cc1ccccc1)Cc1ccccc1,O=C(C1=CC=C(CO)S(=O)(=O)O1)c1nn[nH]c1N(Cc1ccccc1)Cc1ccccc1,低毒,27.20869,74.00633,250.0,9.188240962721837,3.3780894147838434,one>5-other<=5,False,False,False,,9.626296,3.9220102
O=C(c1nn[nH]c1N(Cc1ccccc1)Cc1ccccc1)C(c1ccnc(S)c1)N1CCSC1=O,O=C(c1nn[nH]c1N(Cc1ccccc1)Cc1ccccc1)C(c1ccnc(S)c1)N1CCSC1=O,中毒,4.537078,47.33735,42.5,9.367262365778151,0.8978111364493365,one>5-other<=5,False,False,False,,-22.43158,-21.98233
O=C(c1nn[nH]c1N(Cc1ccccc1)Cc1ccccc1)N1CCN(c2cc(Cl)ccc2C(F)(F)F)OC1,O=C(c1nn[nH]c1N(Cc1ccccc1)Cc1ccccc1)N1CCN(c2cc(Cl)ccc2C(F)(F)F)OC1,中毒,19.42834,30.073946,42.5,2.1875260572956825,1.413183358113365,both<5,False,False,False,,6.807674,39.247147
O=C(c1nn[nH]c1N(Cc1ccccc1)Cc1ccccc1)c1c[nH]c2ccc(F)cc12,O=C(c1nn[nH]c1N(Cc1ccccc1)Cc1ccccc1)c1c[nH]c2ccc(F)cc12,中毒,17.915283,21.234655,42.5,2.3722762291837647,2.0014452789555564,both<5,False,False,False,,-19.05426,22.72796
O=C(Oc1ccccn1)c1nn[nH]c1N(Cc1ccccc1)Cc1ccccc1,O=C(Oc1ccccn1)c1nn[nH]c1N(Cc1ccccc1)Cc1ccccc1,低毒,7.140232,34.70963,250.0,35.01286792922134,7.202612070483034,both<5,False,False,False,,-27.831589,-9.891973
O=C(c1ccc(Br)c([N+](=O)[O-])c1)c1nn[nH]c1N(Cc1ccccc1)Cc1ccccc1,O=C(c1ccc(Br)c([N+](=O)[O-])c1)c1nn[nH]c1N(Cc1ccccc1)Cc1ccccc1,低毒,14.106122,18.144299,250.0,17.722801490019723,13.778432553387706,both>10,True,True,False,,8.103977,21.336979
O=C(c1ccc(Br)cc1F)c1nn[nH]c1N(Cc1ccccc1)Cc1ccccc1,O=C(c1ccc(Br)cc1F)c1nn[nH]c1N(Cc1ccccc1)Cc1ccccc1,中毒,17.494688,20.880424,42.5,2.429308827913936,2.0353992811640222,both<5,True,False,False,,-10.117208,18.156178
O=C(C1=Nc2ccccc2C1)c1nn[nH]c1N(Cc1ccccc1)Cc1ccccc1,O=C(C1=Nc2ccccc2C1)c1nn[nH]c1N(Cc1ccccc1)Cc1ccccc1,低毒,6.3585324,23.714571,250.0,39.31724874123469,10.542041852665182,both>10,True,False,False,,17.010725,8.498222
[O][N+](=O)c1cccc(C(=O)c2nn[nH]c2N(Cc2ccccc2)Cc2ccccc2)c1,[O][N+](=O)c1cccc(C(=O)c2nn[nH]c2N(Cc2ccccc2)Cc2ccccc2)c1,低毒,14.106122,21.606764,250.0,17.722801490019723,11.570450808830051,both>10,True,True,False,,7.233765,16.471788
O=C(O)C[n+]1cn(N=Cc2c[nH]c3c2OCOC3)c(C(=O)c2nn[nH]c2N(Cc2ccccc2)Cc2ccccc2)n1,O=C(O)C[n+]1cn(N=Cc2c[nH]c3c2OCOC3)c(C(=O)c2nn[nH]c2N(Cc2ccccc2)Cc2ccccc2)n1,中毒,7.4361696,52.94253,42.5,5.715308053221379,0.8027572539506518,one>5-other<=5,True,False,False,,19.678415,5.8241506
O=C(c1nn[nH]c1N(Cc1ccccc1)Cc1ccccc1)c1n[nH]c(=O)n1COC(CNC1=Nc2sccc2-n2cccc2O1)S(=O)(=O)O,O=C(c1nn[nH]c1N(Cc1ccccc1)Cc1ccccc1)c1n[nH]c(=O)n1COC(CNC1=Nc2sccc2-n2cccc2O1)S(=O)(=O)O,中毒,11.346095,51.883953,42.5,3.745782139141264,0.8191357354748973,both<5,False,False,False,,6.1875863,-10.825741
O=C(O)Cc1sc(Sc2c(O)[nH]c3ccccc23)c(C(=O)c2nn[nH]c2N(Cc2ccccc2)Cc2ccccc2)c1C(F)(F)F,O=C(O)Cc1sc(Sc2c(O)[nH]c3ccccc23)c(C(=O)c2nn[nH]c2N(Cc2ccccc2)Cc2ccccc2)c1C(F)(F)F,中毒,7.9125714,15.055007,42.5,5.371199557200836,2.8229810852960746,one>5-other<=5,False,False,False,,-0.36580652,1.0295476
O=C(c1nn[nH]c1N(Cc1ccccc1)Cc1ccccc1)S(=O)(=O)c1cnccc1[N+](=O)[O-],O=C(c1nn[nH]c1N(Cc1ccccc1)Cc1ccccc1)S(=O)(=O)c1cnccc1[N+](=O)[O-],中毒,7.221833,38.009293,42.5,5.884932537210428,1.1181476066918687,one>5-other<=5,False,False,False,,-14.350965,-34.368958
O=C(c1cc(Cl)ccc1Cl)c1nn[nH]c1N(Cc1ccccc1)Cc1ccccc1,O=C(c1cc(Cl)ccc1Cl)c1nn[nH]c1N(Cc1ccccc1)Cc1ccccc1,低毒,3.4502869,34.049644,250.0,72.45774257207422,7.342220670500989,both<5,True,True,False,,-13.625557,13.371611
O=C(Oc1no[n+]([O-])n1)c1nn[nH]c1N(Cc1ccccc1)Cc1ccccc1,O=C(Oc1no[n+]([O-])n1)c1nn[nH]c1N(Cc1ccccc1)Cc1ccccc1,低毒,4.402808,35.818108,250.0,56.78194461352845,6.9797098160517015,both<5,False,False,False,,-28.442759,-14.568059
O=C(C1=Cc2ccccc2C=c2ccccc2=C1)c1nn[nH]c1N(Cc1ccccc1)Cc1ccccc1,O=C(C1=Cc2ccccc2C=c2ccccc2=C1)c1nn[nH]c1N(Cc1ccccc1)Cc1ccccc1,中毒,6.6193705,40.924244,42.5,6.420550111222813,1.038504217695506,one>5-other<=5,True,False,False,,12.377957,23.665434
O=C(c1nn[nH]c1N(Cc1ccccc1)Cc1ccccc1)C1CCCC1,O=C(c1nn[nH]c1N(Cc1ccccc1)Cc1ccccc1)C1CCCC1,高毒,10.627377,22.30062,5.0,0.4704829799488623,0.22420901302295632,both<5,True,False,False,,6.7153683,-31.89217
O=C(c1nn[nH]c1N(Cc1ccccc1)Cc1ccccc1)c1cc2cc[n+]1C(S)=NC2,O=C(c1nn[nH]c1N(Cc1ccccc1)Cc1ccccc1)c1cc2cc[n+]1C(S)=NC2,中毒,15.580168,53.76879,42.5,2.727826811623597,0.7904213578174253,both<5,True,True,False,,24.938623,16.21866
O=C(c1nn[nH]c1N(Cc1ccccc1)Cc1ccccc1)c1ccnc2scnc12,O=C(c1nn[nH]c1N(Cc1ccccc1)Cc1ccccc1)c1ccnc2scnc12,中毒,14.821018,20.584297,42.5,2.867549314088951,2.0646806641004063,both<5,True,False,False,,-5.496824,5.3220763
O=C(c1c[n+](C(=O)[O-])sc1Sc1cccnc1Br)c1nn[nH]c1N(Cc1ccccc1)Cc1ccccc1,O=C(c1c[n+](C(=O)[O-])sc1Sc1cccnc1Br)c1nn[nH]c1N(Cc1ccccc1)Cc1ccccc1,中毒,12.4981365,18.48428,42.5,3.4005069475757446,2.29925103926147,both<5,False,False,False,,-7.952678,3.8245752
O=C(Oc1nc(C(F)(F)F)n(CCc2cccnc2)n1)c1nn[nH]c1N(Cc1ccccc1)Cc1ccccc1,O=C(Oc1nc(C(F)(F)F)n(CCc2cccnc2)n1)c1nn[nH]c1N(Cc1ccccc1)Cc1ccccc1,中毒,12.10605,31.005024,42.5,3.510641373528112,1.3707455927142647,both<5,False,False,False,,-26.642056,-6.350819
O=C(c1nn[nH]c1N(Cc1ccccc1)Cc1ccccc1)c1c(Cl)cc(Cl)n1-c1sc(C(F)(F)F)c(CO)c1Cl,O=C(c1nn[nH]c1N(Cc1ccccc1)Cc1ccccc1)c1c(Cl)cc(Cl)n1-c1sc(C(F)(F)F)c(CO)c1Cl,中毒,8.041734,10.597783,42.5,5.284929842245466,4.010272714585683,one>5-other<=5,True,False,False,,-3.298825,3.0622187
O=C(c1nn[nH]c1N(Cc1ccccc1)Cc1ccccc1)N1NC(CO)C(O)C1F,O=C(c1nn[nH]c1N(Cc1ccccc1)Cc1ccccc1)N1NC(CO)C(O)C1F,中毒,21.540003,12.048698,42.5,1.9730730771021714,3.527352084017709,both<5,False,False,False,,-9.755808,35.21483
O=C(c1cc2c([nH]c3ccc(Cl)cc32)s1)c1nn[nH]c1N(Cc1ccccc1)Cc1ccccc1,O=C(c1cc2c([nH]c3ccc(Cl)cc32)s1)c1nn[nH]c1N(Cc1ccccc1)Cc1ccccc1,中毒,18.539642,33.85499,42.5,2.2923851496161576,1.2553540851732639,both<5,False,False,False,,-18.443684,17.941082
O=C(c1cccc(OCC=C(Cl)Cl)c1)c1nn[nH]c1N(Cc1ccccc1)Cc1ccccc1,O=C(c1cccc(OCC=C(Cl)Cl)c1)c1nn[nH]c1N(Cc1ccccc1)Cc1ccccc1,低毒,10.612266,32.818672,250.0,23.557645464220364,7.617614752967457,both<5,False,False,False,,7.0539026,13.990489
O=C(c1nn[nH]c1N(Cc1ccccc1)Cc1ccccc1)C(Br)c1ccccc1,O=C(c1nn[nH]c1N(Cc1ccccc1)Cc1ccccc1)C(Br)c1ccccc1,高毒,6.4294715,65.40903,5.0,0.7776688954916434,0.07644204477577485,both<5,True,False,False,,-20.962048,-20.96967
O=C(c1nn[nH]c1N(Cc1ccccc1)Cc1ccccc1)c1snc2ccccc12,O=C(c1nn[nH]c1N(Cc1ccccc1)Cc1ccccc1)c1snc2ccccc12,中毒,15.251277,29.36747,42.5,2.78665189806729,1.4471794812423406,both<5,False,False,False,,25.792288,-2.5394282
O=C(c1nn[nH]c1N(Cc1ccccc1)Cc1ccccc1)C1(NS(=O)(=O)c2ccc(F)c(Cl)c2)Cc2ccccc21,O=C(c1nn[nH]c1N(Cc1ccccc1)Cc1ccccc1)C1(NS(=O)(=O)c2ccc(F)c(Cl)c2)Cc2ccccc21,中毒,11.573171,50.261467,42.5,3.6722865323600593,0.8455781841783487,both<5,True,False,False,,-3.78521,-21.791397
O=C(c1ccnc(Cl)c1S)c1nn[nH]c1N(Cc1ccccc1)Cc1ccccc1,O=C(c1ccnc(Cl)c1S)c1nn[nH]c1N(Cc1ccccc1)Cc1ccccc1,低毒,11.329162,34.50007,250.0,22.06694546339791,7.246362108830503,both<5,False,False,False,,-8.886331,6.4029703
O=C(c1csc(Cn2ccnc2)n1)c1nn[nH]c1N(Cc1ccccc1)Cc1ccccc1,O=C(c1csc(Cn2ccnc2)n1)c1nn[nH]c1N(Cc1ccccc1)Cc1ccccc1,中毒,10.550117,46.573334,42.5,4.028391343906423,0.9125393513807708,both<5,False,False,False,,16.911959,-13.71244
O=C(c1cccc(C2=NCCN2)c1)c1nn[nH]c1N(Cc1ccccc1)Cc1ccccc1,O=C(c1cccc(C2=NCCN2)c1)c1nn[nH]c1N(Cc1ccccc1)Cc1ccccc1,低毒,6.383442,27.5972,250.0,39.1638241563094,9.05889003232212,both<5,True,False,False,,8.731493,13.944418
O=C(c1ccnc(I)c1)c1nn[nH]c1N(Cc1ccccc1)Cc1ccccc1,O=C(c1ccnc(I)c1)c1nn[nH]c1N(Cc1ccccc1)Cc1ccccc1,低毒,5.8860874,20.880424,250.0,42.47303565353107,11.97293694802366,both>10,True,False,False,,9.943048,17.319433
O=C(c1cccnc1Cl)c1nn[nH]c1N(Cc1ccccc1)Cc1ccccc1,O=C(c1cccnc1Cl)c1nn[nH]c1N(Cc1ccccc1)Cc1ccccc1,中毒,4.4499626,22.11593,42.5,9.550642066070397,1.9216917398454418,one>5-other<=5,True,False,False,,-8.584879,5.7578897
O=C(c1nn[nH]c1N(Cc1ccccc1)Cc1ccccc1)c1c2ccccc2nc2cscc12,O=C(c1nn[nH]c1N(Cc1ccccc1)Cc1ccccc1)c1c2ccccc2nc2cscc12,中毒,7.541906,40.47036,42.5,5.6351802846654415,1.0501512712019365,one>5-other<=5,False,False,False,,1.5564901,1.1300039
O=C(OC(=S)NCc1ccc(Cl)cc1[N+](=O)[O-])c1nn[nH]c1N(Cc1ccccc1)Cc1ccccc1,O=C(OC(=S)NCc1ccc(Cl)cc1[N+](=O)[O-])c1nn[nH]c1N(Cc1ccccc1)Cc1ccccc1,低毒,11.530368,46.334694,250.0,21.681875201207802,5.395525003359254,both<5,True,False,False,,-22.636244,6.930169
O=C(c1nn[nH]c1N(Cc1ccccc1)Cc1ccccc1)N1SNCC1Br,O=C(c1nn[nH]c1N(Cc1ccccc1)Cc1ccccc1)N1SNCC1Br,中毒,5.1632185,24.254847,42.5,8.23129991496583,1.7522270909398026,one>5-other<=5,True,False,False,,-3.726407,34.227505
O=C(c1nn[nH]c1N(Cc1ccccc1)Cc1ccccc1)C1CC1F,O=C(c1nn[nH]c1N(Cc1ccccc1)Cc1ccccc1)C1CC1F,高毒,6.35907,32.817757,5.0,0.7862784966984165,0.15235654283137023,both<5,True,False,False,,3.138343,-31.930517
O=C(c1nn[nH]c1N(Cc1ccccc1)Cc1ccccc1)C(F)F,O=C(c1nn[nH]c1N(Cc1ccccc1)Cc1ccccc1)C(F)F,高毒,5.056891,56.60067,5.0,0.9887498069466002,0.08833817691557361,both<5,True,True,False,,-18.576674,-20.211075
NC(C(=O)c1nn[nH]c1N(Cc1ccccc1)Cc1ccccc1)c1cccc2ccsc12,NC(C(=O)c1nn[nH]c1N(Cc1ccccc1)Cc1ccccc1)c1cccc2ccsc12,高毒,11.649731,37.194077,5.0,0.42919445951155444,0.13443000615393683,both<5,True,False,False,,-19.387796,-20.178728
O=C(c1nn[nH]c1N(Cc1ccccc1)Cc1ccccc1)c1cccn[n+]1O,O=C(c1nn[nH]c1N(Cc1ccccc1)Cc1ccccc1)c1cccn[n+]1O,低毒,5.753842,35.710007,250.0,43.44922922805319,7.000838728483028,both<5,True,False,False,,23.78386,15.204043
O=C(Cc1cn(-c2nsc3ccccc23)nc1-c1cncn1C(=O)c1ccccc1Br)c1nn[nH]c1N(Cc1ccccc1)Cc1ccccc1,O=C(Cc1cn(-c2nsc3ccccc23)nc1-c1cncn1C(=O)c1ccccc1Br)c1nn[nH]c1N(Cc1ccccc1)Cc1ccccc1,中毒,7.021543,38.275715,42.5,6.052800645100372,1.1103646267613814,one>5-other<=5,False,False,False,,-2.3409019,10.627455
O=C(c1nn[nH]c1N(Cc1ccccc1)Cc1ccccc1)S(=O)(=O)c1cc2cc3c(cc2s1)OCO3,O=C(c1nn[nH]c1N(Cc1ccccc1)Cc1ccccc1)S(=O)(=O)c1cc2cc3c(cc2s1)OCO3,中毒,9.729116,34.74984,42.5,4.368331100173952,1.2230272139382512,both<5,False,False,False,,-10.134313,-32.875538
O=C(c1cc(O)c(O)cc1N1CCOCC1)c1nn[nH]c1N(Cc1ccccc1)Cc1ccccc1,O=C(c1cc(O)c(O)cc1N1CCOCC1)c1nn[nH]c1N(Cc1ccccc1)Cc1ccccc1,中毒,11.530368,29.769764,42.5,3.6859187842053265,1.4276230070214868,both<5,False,False,False,,8.344997,30.337955
O=C(c1cnc(Cl)o1)c1nn[nH]c1N(Cc1ccccc1)Cc1ccccc1,O=C(c1cnc(Cl)o1)c1nn[nH]c1N(Cc1ccccc1)Cc1ccccc1,高毒,3.4502869,86.57939,5.0,1.4491548514414845,0.05775046463136319,both<5,True,False,False,,7.6794186,0.14968392
O=C(c1cc(Sc2nnc[nH]2)c(O)cc1S)c1nn[nH]c1N(Cc1ccccc1)Cc1ccccc1,O=C(c1cc(Sc2nnc[nH]2)c(O)cc1S)c1nn[nH]c1N(Cc1ccccc1)Cc1ccccc1,低毒,13.653152,26.775206,250.0,18.31079006518055,9.33699632413659,both<5,True,False,False,,-7.361508,12.183792
O=C(c1ccsc1Br)c1nn[nH]c1N(Cc1ccccc1)Cc1ccccc1,O=C(c1ccsc1Br)c1nn[nH]c1N(Cc1ccccc1)Cc1ccccc1,低毒,5.753842,18.33227,250.0,43.44922922805319,13.637154591329933,both>10,True,False,False,,-4.8439846,7.717528
O=C(c1nn[nH]c1N(Cc1ccccc1)Cc1ccccc1)c1snnc1N(O)OC1CCCC1,O=C(c1nn[nH]c1N(Cc1ccccc1)Cc1ccccc1)c1snnc1N(O)OC1CCCC1,高毒,9.27137,21.163576,5.0,0.5392946242033271,0.2362549693870261,both<5,False,False,False,,28.94039,-7.522719
O=C(c1nn[nH]c1N(Cc1ccccc1)Cc1ccccc1)S(=O)C1=CN=CCN1C1CC1,O=C(c1nn[nH]c1N(Cc1ccccc1)Cc1ccccc1)S(=O)C1=CN=CCN1C1CC1,低毒,17.547915,21.163647,250.0,14.24670680248907,11.812708839832757,both>10,False,False,False,,-4.7269483,-16.616716
O=C(c1nn[nH]c1N(Cc1ccccc1)Cc1ccccc1)S(=O)(=O)c1c(Cl)c(Cl)c[nH]c1=O,O=C(c1nn[nH]c1N(Cc1ccccc1)Cc1ccccc1)S(=O)(=O)c1c(Cl)c(Cl)c[nH]c1=O,中毒,6.04809,40.39995,42.5,7.0270118334879275,1.051981499977104,one>5-other<=5,False,False,False,,-12.970349,-29.246355
O=C(c1ccc(Br)cn1)c1nn[nH]c1N(Cc1ccccc1)Cc1ccccc1,O=C(c1ccc(Br)cn1)c1nn[nH]c1N(Cc1ccccc1)Cc1ccccc1,低毒,5.037307,34.285435,250.0,49.62969300858574,7.291726063851895,both<5,True,False,False,,18.23969,-5.761683
O=C(c1nn[nH]c1N(Cc1ccccc1)Cc1ccccc1)C12Cc3cnn(-c4cccs4)c3C1CCN(CCO)C2,O=C(c1nn[nH]c1N(Cc1ccccc1)Cc1ccccc1)C12Cc3cnn(-c4cccs4)c3C1CCN(CCO)C2,中毒,10.272515,17.563566,42.5,4.137253632630373,2.4197819508862835,both<5,True,False,False,,3.6449225,-19.306797
O=C(c1nc(-n2nnnc2-c2ccccc2)cs1)c1nn[nH]c1N(Cc1ccccc1)Cc1ccccc1,O=C(c1nc(-n2nnnc2-c2ccccc2)cs1)c1nn[nH]c1N(Cc1ccccc1)Cc1ccccc1,中毒,15.170895,114.45946,42.5,2.8014167918240815,0.37131050592061154,both<5,True,False,False,,16.415846,-11.345587
O=C(c1nn[nH]c1N(Cc1ccccc1)Cc1ccccc1)C1CCCc2cc(Cl)nc(N3CCOCC3)c2C1,O=C(c1nn[nH]c1N(Cc1ccccc1)Cc1ccccc1)C1CCCc2cc(Cl)nc(N3CCOCC3)c2C1,中毒,8.733482,9.064924,42.5,4.866329374698431,4.688401138277608,both<5,True,False,False,,10.908364,-32.171066
O=C1c2ccccc2CCN1C(=O)c1nn[nH]c1N(Cc1ccccc1)Cc1ccccc1,O=C1c2ccccc2CCN1C(=O)c1nn[nH]c1N(Cc1ccccc1)Cc1ccccc1,中毒,29.438211,25.292307,42.5,1.4437018608229963,1.6803528440485875,both<5,False,False,False,,-4.930256,41.881176
O=C(c1nn[nH]c1N(Cc1ccccc1)Cc1ccccc1)P(=O)(Oc1ccccc1)SC(F)Cl,O=C(c1nn[nH]c1N(Cc1ccccc1)Cc1ccccc1)P(=O)(Oc1ccccc1)SC(F)Cl,中毒,29.127232,37.94758,42.5,1.4591156482016554,1.1199660162782448,both<5,True,False,False,,-13.994502,-19.009037
O=C(c1nn[nH]c1N(Cc1ccccc1)Cc1ccccc1)C(O)c1ccc([N+](=O)[O-])cc1,O=C(c1nn[nH]c1N(Cc1ccccc1)Cc1ccccc1)C(O)c1ccc([N+](=O)[O-])cc1,高毒,4.9338737,35.110603,5.0,1.0134025117019108,0.14240712413854015,both<5,True,False,False,,-25.344122,-25.69356
O=C(c1ccn(-c2nccc(O)n2)n1)c1nn[nH]c1N(Cc1ccccc1)Cc1ccccc1,O=C(c1ccn(-c2nccc(O)n2)n1)c1nn[nH]c1N(Cc1ccccc1)Cc1ccccc1,低毒,6.6162024,27.938585,250.0,37.78602661853271,8.948198342901046,both<5,True,False,False,,23.92651,-8.622082
O=C(c1nn[nH]c1N(Cc1ccccc1)Cc1ccccc1)c1csc2ccc(Cl)c(Cl)c12,O=C(c1nn[nH]c1N(Cc1ccccc1)Cc1ccccc1)c1csc2ccc(Cl)c(Cl)c12,中毒,10.721639,31.340326,42.5,3.9639461839742975,1.3560803419849556,both<5,False,False,False,,-6.272734,22.520592
O=C(c1cc(S(=O)(=O)Nc2nnns2)ccc1F)c1nn[nH]c1N(Cc1ccccc1)Cc1ccccc1,O=C(c1cc(S(=O)(=O)Nc2nnns2)ccc1F)c1nn[nH]c1N(Cc1ccccc1)Cc1ccccc1,中毒,12.152651,20.081724,42.5,3.497179339717729,2.1163521617964673,both<5,True,False,False,,-12.22285,16.674599
O=C(c1nn[nH]c1N(Cc1ccccc1)Cc1ccccc1)S(=O)(=O)c1cc(O)c(O)cc1[N+](=O)[O-],O=C(c1nn[nH]c1N(Cc1ccccc1)Cc1ccccc1)S(=O)(=O)c1cc(O)c(O)cc1[N+](=O)[O-],中毒,14.679148,36.43664,42.5,2.895263403570834,1.1664083186594594,both<5,True,False,False,,-14.21842,-34.500893
O=C(c1nn[nH]c1N(Cc1ccccc1)Cc1ccccc1)N1CCN=C1c1ccsc1,O=C(c1nn[nH]c1N(Cc1ccccc1)Cc1ccccc1)N1CCN=C1c1ccsc1,中毒,9.912297,36.751934,42.5,4.287603569586343,1.1564017284097212,both<5,False,False,False,,-3.7779198,37.488373
O=C(C1=[N+]c2cccc([N+](=O)[O-])c2S1)c1nn[nH]c1N(Cc1ccccc1)Cc1ccccc1,O=C(C1=[N+]c2cccc([N+](=O)[O-])c2S1)c1nn[nH]c1N(Cc1ccccc1)Cc1ccccc1,中毒,23.569536,17.723095,42.5,1.8031750815968546,2.3980010263444393,both<5,True,False,False,,-21.130936,4.0661044
O=C(c1nn[nH]c1N(Cc1ccccc1)Cc1ccccc1)N(c1ccccc1)S(=O)(=O)C(F)(F)Br,O=C(c1nn[nH]c1N(Cc1ccccc1)Cc1ccccc1)N(c1ccccc1)S(=O)(=O)C(F)(F)Br,中毒,14.210293,24.190392,42.5,2.990789845079197,1.7568958783305373,both<5,False,False,False,,-12.154773,-22.345478
O=C(c1nn[nH]c1N(Cc1ccccc1)Cc1ccccc1)c1[nH]nc2ncsc12,O=C(c1nn[nH]c1N(Cc1ccccc1)Cc1ccccc1)c1[nH]nc2ncsc12,低毒,9.746486,44.41914,250.0,25.650270261507583,5.628204418185494,both<5,True,False,False,,8.62238,-8.392157
O=C(c1cn[nH]c1C(F)(F)F)c1nn[nH]c1N(Cc1ccccc1)Cc1ccccc1,O=C(c1cn[nH]c1C(F)(F)F)c1nn[nH]c1N(Cc1ccccc1)Cc1ccccc1,中毒,6.273191,61.784237,42.5,6.774861470023789,0.6878777187132699,one>5-other<=5,True,False,False,,-16.030859,7.9827876
O=C(c1nn[nH]c1N(Cc1ccccc1)Cc1ccccc1)c1cccc2sc(Br)cc12,O=C(c1nn[nH]c1N(Cc1ccccc1)Cc1ccccc1)c1cccc2sc(Br)cc12,中毒,9.466647,42.0599,42.5,4.489445946384184,1.0104636482730582,both<5,False,False,False,,-3.8127556,13.579898
O=C(c1ccccc1NCc1csc(Cl)n1)c1nn[nH]c1N(Cc1ccccc1)Cc1ccccc1,O=C(c1ccccc1NCc1csc(Cl)n1)c1nn[nH]c1N(Cc1ccccc1)Cc1ccccc1,中毒,16.707766,34.50007,42.5,2.5437272703005296,1.2318815585011855,both<5,False,False,False,,-8.262915,9.719625
O=C(c1nn[nH]c1N(Cc1ccccc1)Cc1ccccc1)c1n[nH]c2cc(F)ccc12,O=C(c1nn[nH]c1N(Cc1ccccc1)Cc1ccccc1)c1n[nH]c2cc(F)ccc12,低毒,11.982991,35.710007,250.0,20.862904762258438,7.000838728483028,both<5,False,False,False,,31.891146,3.596622
O=C(c1cs[n+]([O-])c1SSSN1CCSS1)c1nn[nH]c1N(Cc1ccccc1)Cc1ccccc1,O=C(c1cs[n+]([O-])c1SSSN1CCSS1)c1nn[nH]c1N(Cc1ccccc1)Cc1ccccc1,中毒,7.583425,20.86515,42.5,5.604327859773123,2.036889262717977,one>5-other<=5,False,False,False,,-1.9516454,22.110394
O=C(Oc1cc(Br)ccc1Br)c1nn[nH]c1N(Cc1ccccc1)Cc1ccccc1,O=C(Oc1cc(Br)ccc1Br)c1nn[nH]c1N(Cc1ccccc1)Cc1ccccc1,低毒,11.655705,29.31195,250.0,21.448724036855772,8.52894467955902,both<5,True,False,False,,-29.599718,-9.565883
O=C(c1cncc(Cl)c1Cl)c1nn[nH]c1N(Cc1ccccc1)Cc1ccccc1,O=C(c1cncc(Cl)c1Cl)c1nn[nH]c1N(Cc1ccccc1)Cc1ccccc1,中毒,3.8219798,22.491127,42.5,11.119891319153492,1.8896340765849573,one>10-other<5,True,False,False,,-11.360247,7.214655
O=C(c1csc(NCCCn2cnc3ccnc[n+]32)n1)c1nn[nH]c1N(Cc1ccccc1)Cc1ccccc1,O=C(c1csc(NCCCn2cnc3ccnc[n+]32)n1)c1nn[nH]c1N(Cc1ccccc1)Cc1ccccc1,低毒,5.4056573,18.984915,250.0,46.24784482730713,13.168349713443542,both>10,True,False,False,,20.907787,-13.569654
O=C(c1nn[nH]c1N(Cc1ccccc1)Cc1ccccc1)c1c[nH][nH]c1=S,O=C(c1nn[nH]c1N(Cc1ccccc1)Cc1ccccc1)c1c[nH][nH]c1=S,低毒,5.037307,76.355995,250.0,49.62969300858574,3.274137151902742,one>10-other<5,True,False,False,,2.1193752,17.551939
O=C(c1ccc(C(F)(F)F)c(Cl)c1)c1nn[nH]c1N(Cc1ccccc1)Cc1ccccc1,O=C(c1ccc(C(F)(F)F)c(Cl)c1)c1nn[nH]c1N(Cc1ccccc1)Cc1ccccc1,低毒,4.7763376,30.202047,250.0,52.34135878502391,8.277584628618053,both<5,True,False,False,,10.239157,14.377887
O=C(c1nn[nH]c1N(Cc1ccccc1)Cc1ccccc1)C1CN(CCF)CC([N+](=O)[O-])S1,O=C(c1nn[nH]c1N(Cc1ccccc1)Cc1ccccc1)C1CN(CCF)CC([N+](=O)[O-])S1,中毒,19.240677,23.279589,42.5,2.208861985469638,1.8256336054730176,both<5,True,False,False,,2.7622793,-37.921085
O=C(c1cccc(F)c1F)c1nn[nH]c1N(Cc1ccccc1)Cc1ccccc1,O=C(c1cccc(F)c1F)c1nn[nH]c1N(Cc1ccccc1)Cc1ccccc1,中毒,16.313023,20.880424,42.5,2.6052804559890586,2.0353992811640222,both<5,True,False,False,,-7.760777,16.133938
O=C(c1nn[nH]c1N(Cc1ccccc1)Cc1ccccc1)c1n[nH]c2ccc3[nH]ncc3c12,O=C(c1nn[nH]c1N(Cc1ccccc1)Cc1ccccc1)c1n[nH]c2ccc3[nH]ncc3c12,低毒,22.028288,62.66939,250.0,11.349043557084418,3.98918834218747,one>10-other<5,True,False,False,,32.94884,2.5893714
O=C(c1nn[nH]c1N(Cc1ccccc1)Cc1ccccc1)N1CC2OC2C1(F)I,O=C(c1nn[nH]c1N(Cc1ccccc1)Cc1ccccc1)N1CC2OC2C1(F)I,中毒,22.991505,15.949457,42.5,1.8485088296742644,2.66466751814811,both<5,False,False,False,,-17.291195,-0.8171769
O=C(c1nn[nH]c1N(Cc1ccccc1)Cc1ccccc1)P(=O)(O)Cc1ccccc1,O=C(c1nn[nH]c1N(Cc1ccccc1)Cc1ccccc1)P(=O)(O)Cc1ccccc1,中毒,19.373323,51.01637,42.5,2.1937382657585385,0.8330659355026632,both<5,True,False,False,,-11.881066,-18.31301
O=C(c1ccc2nn[nH]c2n1)c1nn[nH]c1N(Cc1ccccc1)Cc1ccccc1,O=C(c1ccc2nn[nH]c2n1)c1nn[nH]c1N(Cc1ccccc1)Cc1ccccc1,低毒,5.02923,31.892649,250.0,49.709398854297774,7.838796959136258,both<5,True,False,False,,22.127115,-6.0510416
O=C(c1nn[nH]c1N(Cc1ccccc1)Cc1ccccc1)c1scc(CCN2CCOCC2)c1Cl,O=C(c1nn[nH]c1N(Cc1ccccc1)Cc1ccccc1)c1scc(CCN2CCOCC2)c1Cl,中毒,8.126646,36.01734,42.5,5.229709772026492,1.1799871950566034,one>5-other<=5,False,False,False,,4.8918157,-6.2154775
O=C(C(Cl)=C(Cl)Cl)c1nn[nH]c1N(Cc1ccccc1)Cc1ccccc1,O=C(C(Cl)=C(Cl)Cl)c1nn[nH]c1N(Cc1ccccc1)Cc1ccccc1,高毒,14.490789,56.60067,5.0,0.3450467741956632,0.08833817691557361,both<5,True,False,False,,-6.6897206,-10.717004
O=C(c1nn[nH]c1N(Cc1ccccc1)Cc1ccccc1)C1C=CCC(c2c[nH]c3ccccc23)C1,O=C(c1nn[nH]c1N(Cc1ccccc1)Cc1ccccc1)C1C=CCC(c2c[nH]c3ccccc23)C1,中毒,8.642646,25.028572,42.5,4.917475504608196,1.6980593219621158,both<5,True,False,False,,2.0230222,-33.649883
O=C(c1nn[nH]c1N(Cc1ccccc1)Cc1ccccc1)c1c(F)cc(F)cc1F,O=C(c1nn[nH]c1N(Cc1ccccc1)Cc1ccccc1)c1c(F)cc(F)cc1F,中毒,16.313023,20.880424,42.5,2.6052804559890586,2.0353992811640222,both<5,True,False,False,,2.6466463,7.2934556
O=C(c1csc(N=CNN=Cc2ccn3cccc3c2)n1)c1nn[nH]c1N(Cc1ccccc1)Cc1ccccc1,O=C(c1csc(N=CNN=Cc2ccn3cccc3c2)n1)c1nn[nH]c1N(Cc1ccccc1)Cc1ccccc1,低毒,5.982696,41.392582,250.0,41.7871808963718,6.039729534146964,both<5,True,True,False,,19.236158,-11.187205
O=C(c1nn[nH]c1N(Cc1ccccc1)Cc1ccccc1)c1onnc1-c1c[nH]c2ccccc12,O=C(c1nn[nH]c1N(Cc1ccccc1)Cc1ccccc1)c1onnc1-c1c[nH]c2ccccc12,中毒,17.780085,44.304943,42.5,2.3903147819597037,0.9592609113615156,both<5,True,False,False,,-21.73938,22.938795
O=C(CCO[N+](=O)[O-])c1nn[nH]c1N(Cc1ccccc1)Cc1ccccc1,O=C(CCO[N+](=O)[O-])c1nn[nH]c1N(Cc1ccccc1)Cc1ccccc1,高毒,6.1503696,52.825184,5.0,0.8129592732118083,0.09465182364532795,both<5,True,False,False,,-10.58865,-14.386876
O=C(c1nn[nH]c1N(Cc1ccccc1)Cc1ccccc1)c1c(OC(F)(F)F)cc2n(c1=S)C=CC2,O=C(c1nn[nH]c1N(Cc1ccccc1)Cc1ccccc1)c1c(OC(F)(F)F)cc2n(c1=S)C=CC2,中毒,25.859943,78.76486,42.5,1.6434684330124005,0.5395807216568403,both<5,False,False,False,,5.362111,6.5657597
O=C(NN=Cc1ccccc1-c1cc2c(cn1)N2c1ccccc1[N+](=O)[O-])c1nn[nH]c1N(Cc1ccccc1)Cc1ccccc1,O=C(NN=Cc1ccccc1-c1cc2c(cn1)N2c1ccccc1[N+](=O)[O-])c1nn[nH]c1N(Cc1ccccc1)Cc1ccccc1,中毒,26.071474,25.937601,42.5,1.6301341458484473,1.638547836401678,both<5,True,False,False,,-20.016096,-0.10478019
O=C(c1nn[nH]c1N(Cc1ccccc1)Cc1ccccc1)C(NC(=S)Nc1ccccc1F)C(F)(F)F,O=C(c1nn[nH]c1N(Cc1ccccc1)Cc1ccccc1)C(NC(=S)Nc1ccccc1F)C(F)(F)F,中毒,3.611806,48.05892,42.5,11.766966442826662,0.8843311501798209,one>10-other<5,True,False,False,,-18.419086,-17.681206
O=C(c1ccc(Cl)nc1N1CCC(Br)=N1)c1nn[nH]c1N(Cc1ccccc1)Cc1ccccc1,O=C(c1ccc(Cl)nc1N1CCC(Br)=N1)c1nn[nH]c1N(Cc1ccccc1)Cc1ccccc1,中毒,4.255245,11.627519,42.5,9.987674035220063,3.655121956799211,one>5-other<=5,False,False,False,,-12.289674,8.63305
O=C(c1nn[nH]c1N(Cc1ccccc1)Cc1ccccc1)c1[nH]cnc1CNc1ccccc1,O=C(c1nn[nH]c1N(Cc1ccccc1)Cc1ccccc1)c1[nH]cnc1CNc1ccccc1,低毒,10.256438,114.26189,250.0,24.374934065803355,2.187956106799914,one>10-other<5,False,False,False,,30.287064,11.557663
O=C(c1nn[nH]c1N(Cc1ccccc1)Cc1ccccc1)c1nc2ccccc2n1-c1nnc(Br)s1,O=C(c1nn[nH]c1N(Cc1ccccc1)Cc1ccccc1)c1nc2ccccc2n1-c1nnc(Br)s1,低毒,14.425102,29.869762,250.0,17.330899982544317,8.36966829531484,both<5,False,False,False,,11.209214,-14.684593
O=C(NC12CC3CC(CC(C3)C1)C2)c1nn[nH]c1N(Cc1ccccc1)Cc1ccccc1,O=C(NC12CC3CC(CC(C3)C1)C2)c1nn[nH]c1N(Cc1ccccc1)Cc1ccccc1,中毒,45.14515,44.05577,42.5,0.9414078810237644,0.96468635095925,both<5,False,False,False,,-0.2239691,-25.000233
O=C(C1=C(c2cc3c(cc2Cl)OCO3)CCC1)c1nn[nH]c1N(Cc1ccccc1)Cc1ccccc1,O=C(C1=C(c2cc3c(cc2Cl)OCO3)CCC1)c1nn[nH]c1N(Cc1ccccc1)Cc1ccccc1,中毒,10.862092,13.107708,42.5,3.91269011531112,3.242367010311795,both<5,True,False,False,,22.621344,11.285604
O=C(c1ccc[n+]([O-])c1)c1nn[nH]c1N(Cc1ccccc1)Cc1ccccc1,O=C(c1ccc[n+]([O-])c1)c1nn[nH]c1N(Cc1ccccc1)Cc1ccccc1,中毒,17.667408,21.343252,42.5,2.4055594346380635,1.991261687769043,both<5,True,False,False,,19.298393,14.918392
O=C(C1=CC=C=C(Br)C=C1OCc1cnc2[nH]ccc2c1F)c1nn[nH]c1N(Cc1ccccc1)Cc1ccccc1,O=C(C1=CC=C=C(Br)C=C1OCc1cnc2[nH]ccc2c1F)c1nn[nH]c1N(Cc1ccccc1)Cc1ccccc1,中毒,8.2523985,35.050114,42.5,5.150017900856339,1.2125495511940418,one>5-other<=5,True,False,False,,4.620156,4.6079926
O=C(c1nn[nH]c1N(Cc1ccccc1)Cc1ccccc1)P(=O)(NO)OCc1cnccn1,O=C(c1nn[nH]c1N(Cc1ccccc1)Cc1ccccc1)P(=O)(NO)OCc1cnccn1,中毒,35.38023,20.710722,42.5,1.2012358314233684,2.0520771801195536,both<5,True,False,False,,-10.926736,-19.667055
O=C(c1nn[nH]c1N(Cc1ccccc1)Cc1ccccc1)N1CCc2cccc(O)c2C1,O=C(c1nn[nH]c1N(Cc1ccccc1)Cc1ccccc1)N1CCc2cccc(O)c2C1,中毒,21.134846,31.787851,42.5,2.010897074906531,1.3369887759949548,both<5,False,False,False,,-2.1606376,40.641937
O=C(c1nn[nH]c1N(Cc1ccccc1)Cc1ccccc1)S(=O)(=O)c1cc(C(F)(F)F)cc(C(F)(F)F)c1O,O=C(c1nn[nH]c1N(Cc1ccccc1)Cc1ccccc1)S(=O)(=O)c1cc(C(F)(F)F)cc(C(F)(F)F)c1O,中毒,6.5719814,42.169224,42.5,6.466847273791736,1.007844014393056,one>5-other<=5,False,False,False,,-14.388422,-27.752268
O=C(Sc1ccco1)c1nn[nH]c1N(Cc1ccccc1)Cc1ccccc1,O=C(Sc1ccco1)c1nn[nH]c1N(Cc1ccccc1)Cc1ccccc1,低毒,16.020447,29.516987,250.0,15.60505771156073,8.469699160012503,both<5,True,False,False,,-12.049837,-7.469789
O=C(c1cc([N+](=O)[O-])sc1CO)c1nn[nH]c1N(Cc1ccccc1)Cc1ccccc1,O=C(c1cc([N+](=O)[O-])sc1CO)c1nn[nH]c1N(Cc1ccccc1)Cc1ccccc1,中毒,8.430732,18.234488,42.5,5.0410806558671295,2.3307481953976446,one>5-other<=5,True,False,False,,-19.85969,3.1492724
O=C(c1nn[nH]c1N(Cc1ccccc1)Cc1ccccc1)[SH](=O)=O,O=C(c1nn[nH]c1N(Cc1ccccc1)Cc1ccccc1)[SH](=O)=O,低毒,6.402311,69.663536,250.0,39.04839986686058,3.5886780137028937,one>10-other<5,True,False,False,,-4.492938,-12.789737
O=C(c1nn[nH]c1N(Cc1ccccc1)Cc1ccccc1)N1CONC(=C=S)C1,O=C(c1nn[nH]c1N(Cc1ccccc1)Cc1ccccc1)N1CONC(=C=S)C1,中毒,8.732165,35.186176,42.5,4.867063322784212,1.2078607234841319,both<5,False,False,False,,6.4011984,36.273735
O=C(c1nn[nH]c1N(Cc1ccccc1)Cc1ccccc1)[SH](c1cc(Cl)ccc1Cl)S(=O)(=NCBr)c1cccnc1,O=C(c1nn[nH]c1N(Cc1ccccc1)Cc1ccccc1)[SH](c1cc(Cl)ccc1Cl)S(=O)(=NCBr)c1cccnc1,中毒,10.013915,25.260447,42.5,4.244094342722102,1.68247220644987,both<5,False,False,False,,-17.832014,-33.87149
O=C(c1nn[nH]c1N(Cc1ccccc1)Cc1ccccc1)c1n[nH]c2c[n+]([O-])sc12,O=C(c1nn[nH]c1N(Cc1ccccc1)Cc1ccccc1)c1n[nH]c2c[n+]([O-])sc12,低毒,29.566225,33.836864,250.0,8.455594178830744,7.388391548342069,both5-10,False,False,False,,31.581423,5.3055997
O=C(c1nn[nH]c1N(Cc1ccccc1)Cc1ccccc1)c1ccnc2cc(Cl)ncc12,O=C(c1nn[nH]c1N(Cc1ccccc1)Cc1ccccc1)c1ccnc2cc(Cl)ncc12,中毒,14.861231,54.02965,42.5,2.8597900133575744,0.7866051325522191,both<5,False,False,False,,-9.519769,12.273118
O=C(c1nn[nH]c1N(Cc1ccccc1)Cc1ccccc1)S(F)(F)CF,O=C(c1nn[nH]c1N(Cc1ccccc1)Cc1ccccc1)S(F)(F)CF,高毒,6.1681237,42.069656,5.0,0.8106192811924313,0.11885050830936197,both<5,False,False,False,,-12.644687,-26.454334
O=C(c1nn[nH]c1N(Cc1ccccc1)Cc1ccccc1)c1c(-n2ccnc2)c2ccccc2n1-c1onc2cc(O)ccc12,O=C(c1nn[nH]c1N(Cc1ccccc1)Cc1ccccc1)c1c(-n2ccnc2)c2ccccc2n1-c1onc2cc(O)ccc12,中毒,14.6651325,18.004591,42.5,2.898030413294936,2.3605090501639276,both<5,True,False,False,,14.456351,22.551744
O=C(c1nn[nH]c1N(Cc1ccccc1)Cc1ccccc1)[SH](CCl)S(=O)(=O)[O-],O=C(c1nn[nH]c1N(Cc1ccccc1)Cc1ccccc1)[SH](CCl)S(=O)(=O)[O-],低毒,5.0171947,10.82289,250.0,49.82864228888705,23.09919069675475,both>10,True,False,False,,-15.631,-23.538887
O=C(c1nn[nH]c1N(Cc1ccccc1)Cc1ccccc1)N(F)C(F)F,O=C(c1nn[nH]c1N(Cc1ccccc1)Cc1ccccc1)N(F)C(F)F,低毒,7.485112,13.016971,250.0,33.39963383313436,19.20569693210502,both>10,True,False,False,,-15.481028,-17.483294
O=C(SCc1ccc(Br)cc1)c1nn[nH]c1N(Cc1ccccc1)Cc1ccccc1,O=C(SCc1ccc(Br)cc1)c1nn[nH]c1N(Cc1ccccc1)Cc1ccccc1,低毒,3.1304162,41.86337,250.0,79.86158517835425,5.971807811936784,both<5,True,False,False,,-10.356322,-8.164178
O=C(c1nonc1NS(=O)(=O)CBr)c1nn[nH]c1N(Cc1ccccc1)Cc1ccccc1,O=C(c1nonc1NS(=O)(=O)CBr)c1nn[nH]c1N(Cc1ccccc1)Cc1ccccc1,中毒,6.4241095,24.992413,42.5,6.6157029234946885,1.700516072617718,one>5-other<=5,False,False,False,,25.409971,8.303138
O=C(c1ccc2nc3n(c2n1)CCCC3)c1nn[nH]c1N(Cc1ccccc1)Cc1ccccc1,O=C(c1ccc2nc3n(c2n1)CCCC3)c1nn[nH]c1N(Cc1ccccc1)Cc1ccccc1,低毒,12.002179,9.361116,250.0,20.82955103402474,26.70621750654516,both>10,True,False,False,,22.826921,-5.1557956
O=C(c1nn[nH]c1N(Cc1ccccc1)Cc1ccccc1)C12Cc3c(ccc4[nH]ccc34)[SH]1C=N2,O=C(c1nn[nH]c1N(Cc1ccccc1)Cc1ccccc1)C12Cc3c(ccc4[nH]ccc34)[SH]1C=N2,中毒,6.940145,51.41935,42.5,6.123791361707861,0.8265370915812821,one>5-other<=5,True,False,False,,-2.520265,-18.557362
O=C(c1nn[nH]c1N(Cc1ccccc1)Cc1ccccc1)[S+]([O-])NCc1ccccc1I,O=C(c1nn[nH]c1N(Cc1ccccc1)Cc1ccccc1)[S+]([O-])NCc1ccccc1I,低毒,22.055986,67.97694,250.0,11.334791380444292,3.677717767231064,one>10-other<5,False,False,False,,-7.6166577,-15.552494
O=C(Nc1c(Cl)cc(C(F)(F)F)cc1Br)C1C2C=CC(C2)C1C(=O)c1nn[nH]c1N(Cc1ccccc1)Cc1ccccc1,O=C(Nc1c(Cl)cc(C(F)(F)F)cc1Br)C1C2C=CC(C2)C1C(=O)c1nn[nH]c1N(Cc1ccccc1)Cc1ccccc1,中毒,9.732713,16.946665,42.5,4.366716659578886,2.507868067256891,both<5,False,False,False,,-18.863958,9.657138
O=C(c1nn[nH]c1N(Cc1ccccc1)Cc1ccccc1)c1snnc1NC12CC3CC(C1)C(F)C(C3)C2,O=C(c1nn[nH]c1N(Cc1ccccc1)Cc1ccccc1)c1snnc1NC12CC3CC(C1)C(F)C(C3)C2,中毒,23.198616,57.131374,42.5,1.832005840348407,0.7438994903220777,both<5,False,False,False,,0.6372404,-25.41246
O=C(c1nn[nH]c1N(Cc1ccccc1)Cc1ccccc1)C1NCONO1,O=C(c1nn[nH]c1N(Cc1ccccc1)Cc1ccccc1)C1NCONO1,中毒,4.9206624,58.265022,42.5,8.637048540456666,0.729425623489853,one>5-other<=5,True,False,False,,5.5479045,-35.38136
O=C(c1cc(Cl)ccc1SOc1ccc(F)cc1F)c1nn[nH]c1N(Cc1ccccc1)Cc1ccccc1,O=C(c1cc(Cl)ccc1SOc1ccc(F)cc1F)c1nn[nH]c1N(Cc1ccccc1)Cc1ccccc1,低毒,23.629282,17.04264,250.0,10.580092954157474,14.669088826613718,both>10,True,False,False,,-13.3468485,15.874201
O=C(c1ccc2ncccc2c1)c1nn[nH]c1N(Cc1ccccc1)Cc1ccccc1,O=C(c1ccc2ncccc2c1)c1nn[nH]c1N(Cc1ccccc1)Cc1ccccc1,低毒,6.6625533,34.50007,250.0,37.52315197238272,7.246362108830503,both<5,True,False,False,,12.616355,16.417063
O=C(c1nn[nH]c1N(Cc1ccccc1)Cc1ccccc1)c1scc(Br)c1Cl,O=C(c1nn[nH]c1N(Cc1ccccc1)Cc1ccccc1)c1scc(Br)c1Cl,中毒,9.27137,22.320736,42.5,4.58400430572828,1.9040590776218131,both<5,True,True,False,,5.213729,-6.741899
O=C(c1noc(=S)s1)c1nn[nH]c1N(Cc1ccccc1)Cc1ccccc1,O=C(c1noc(=S)s1)c1nn[nH]c1N(Cc1ccccc1)Cc1ccccc1,微毒,19.792334,247.87025,137.5,6.947134178313684,0.5547257083090851,one>5-other<=5,True,False,False,,11.628637,-5.9637027
NC(=O)c1ccc2oc(C(O)=CC(=O)c3nn[nH]c3N(Cc3ccccc3)Cc3ccccc3)nc2c1,NC(=O)c1ccc2oc(C(O)=CC(=O)c3nn[nH]c3N(Cc3ccccc3)Cc3ccccc3)nc2c1,中毒,16.297388,45.65333,42.5,2.6077798479118246,0.9309288062886103,both<5,True,False,False,,7.603468,3.440962
O=C(c1nn[nH]c1N(Cc1ccccc1)Cc1ccccc1)N1Cc2ccccc2C1,O=C(c1nn[nH]c1N(Cc1ccccc1)Cc1ccccc1)N1Cc2ccccc2C1,中毒,9.030694,24.06637,42.5,4.706172083784479,1.765949746471944,both<5,False,False,False,,-1.1844091,39.22845
O=C(c1nn[nH]c1N(Cc1ccccc1)Cc1ccccc1)N1CCc2ccc(Br)cc2C1,O=C(c1nn[nH]c1N(Cc1ccccc1)Cc1ccccc1)N1CCc2ccc(Br)cc2C1,中毒,29.438211,38.278908,42.5,1.4437018608229963,1.110272006714507,both<5,False,False,False,,-1.5847073,41.96795
O=C(NN1CCCCC1)c1nn[nH]c1N(Cc1ccccc1)Cc1ccccc1,O=C(NN1CCCCC1)c1nn[nH]c1N(Cc1ccccc1)Cc1ccccc1,中毒,42.68808,22.836445,42.5,0.9955940862179794,1.8610602482128895,both<5,False,False,False,,-5.983603,-21.419407
O=C(c1nn[nH]c1N(Cc1ccccc1)Cc1ccccc1)c1cc2ccccc2sc1=O,O=C(c1nn[nH]c1N(Cc1ccccc1)Cc1ccccc1)c1cc2ccccc2sc1=O,中毒,8.064046,31.503962,42.5,5.270307237830737,1.349036670371809,one>5-other<=5,True,False,False,,2.3722548,-2.3505974
O=C(c1cc2sccc2s1)c1nn[nH]c1N(Cc1ccccc1)Cc1ccccc1,O=C(c1cc2sccc2s1)c1nn[nH]c1N(Cc1ccccc1)Cc1ccccc1,中毒,7.2908306,43.79421,42.5,5.8292398125393285,0.9704479199419284,one>5-other<=5,False,False,False,,3.4021688,-2.7901404
O=C1Nc2ccc(I)cc2CC1C(=O)c1nn[nH]c1N(Cc1ccccc1)Cc1ccccc1,O=C1Nc2ccc(I)cc2CC1C(=O)c1nn[nH]c1N(Cc1ccccc1)Cc1ccccc1,中毒,6.209929,21.042154,42.5,6.843878569304094,2.0197552018676417,one>5-other<=5,False,False,False,,1.36785,-35.132694
O=C(c1nc(=O)[nH]o1)c1nn[nH]c1N(Cc1ccccc1)Cc1ccccc1,O=C(c1nc(=O)[nH]o1)c1nn[nH]c1N(Cc1ccccc1)Cc1ccccc1,低毒,9.290166,54.370132,250.0,26.910175770809694,4.598112802080378,one>10-other<5,True,False,False,,11.982532,-0.71993846
O=C(c1nn[nH]c1N(Cc1ccccc1)Cc1ccccc1)C1(c2ccc(O)cc2)N=NC=Nc2cnccc21,O=C(c1nn[nH]c1N(Cc1ccccc1)Cc1ccccc1)C1(c2ccc(O)cc2)N=NC=Nc2cnccc21,中毒,9.179586,51.085957,42.5,4.62983842626454,0.8319311704388742,both<5,False,False,False,,5.306266,-16.794765
O=C(c1cc(Cl)ccc1OCCCO)c1nn[nH]c1N(Cc1ccccc1)Cc1ccccc1,O=C(c1cc(Cl)ccc1OCCCO)c1nn[nH]c1N(Cc1ccccc1)Cc1ccccc1,中毒,5.415689,19.154457,42.5,7.847570272222057,2.21880474084961,one>5-other<=5,True,False,False,,-14.238198,14.407311
O=C(c1nc2ccsc2c(=O)[nH]1)c1nn[nH]c1N(Cc1ccccc1)Cc1ccccc1,O=C(c1nc2ccsc2c(=O)[nH]1)c1nn[nH]c1N(Cc1ccccc1)Cc1ccccc1,中毒,16.298838,63.745907,42.5,2.6075478509572276,0.6667094720293179,both<5,True,False,False,,7.6015725,-9.229195
O=C(c1cc(F)c[nH]1)c1nn[nH]c1N(Cc1ccccc1)Cc1ccccc1,O=C(c1cc(F)c[nH]1)c1nn[nH]c1N(Cc1ccccc1)Cc1ccccc1,低毒,5.037307,34.50007,250.0,49.62969300858574,7.246362108830503,both<5,True,False,False,,6.8522973,8.244667
O=C(c1nn[nH]c1N(Cc1ccccc1)Cc1ccccc1)S(=O)(=O)Cl,O=C(c1nn[nH]c1N(Cc1ccccc1)Cc1ccccc1)S(=O)(=O)Cl,高毒,7.1028175,69.663536,5.0,0.7039460045256689,0.07177356027405787,both<5,True,False,False,,-11.8894415,-27.214792
O=C(c1cc(F)cc(Br)c1N=CC1CS1)c1nn[nH]c1N(Cc1ccccc1)Cc1ccccc1,O=C(c1cc(F)cc(Br)c1N=CC1CS1)c1nn[nH]c1N(Cc1ccccc1)Cc1ccccc1,中毒,8.600694,46.114365,42.5,4.941461700648808,0.9216217115859667,both<5,True,False,False,,-10.331257,20.58101
O=C(c1nn[nH]c1N(Cc1ccccc1)Cc1ccccc1)[SH](Oc1ccccc1)c1ccccc1,O=C(c1nn[nH]c1N(Cc1ccccc1)Cc1ccccc1)[SH](Oc1ccccc1)c1ccccc1,中毒,11.311842,21.95457,42.5,3.7571246133034744,1.9358156411170886,both<5,True,False,False,,-3.663118,-12.907741
O=C(c1nn[nH]c1N(Cc1ccccc1)Cc1ccccc1)N1CCOP(=O)(Nc2ccccn2)O1,O=C(c1nn[nH]c1N(Cc1ccccc1)Cc1ccccc1)N1CCOP(=O)(Nc2ccccn2)O1,中毒,16.523602,15.995259,42.5,2.5720784124430014,2.6570373133689174,both<5,True,False,False,,2.4448705,31.491394
O=C(c1nn[nH]c1N(Cc1ccccc1)Cc1ccccc1)N1C2CCC1CN(c1nnc(-c3nccs3)s1)C2,O=C(c1nn[nH]c1N(Cc1ccccc1)Cc1ccccc1)N1C2CCC1CN(c1nnc(-c3nccs3)s1)C2,中毒,19.192286,18.172535,42.5,2.2144313605997743,2.3386940787292474,both<5,False,False,False,,5.4836526,27.980095
CC12CCC3CC1CC(C(=O)c1nn[nH]c1N(Cc1ccccc1)Cc1ccccc1)(C3)C2=O,CC12CCC3CC1CC(C(=O)c1nn[nH]c1N(Cc1ccccc1)Cc1ccccc1)(C3)C2=O,中毒,10.166119,10.310754,42.5,4.180553070449008,4.1219099980467,both<5,True,False,False,,-0.94663924,-27.256931
O=C(c1cnn2c1NC=NC2c1ccns1)c1nn[nH]c1N(Cc1ccccc1)Cc1ccccc1,O=C(c1cnn2c1NC=NC2c1ccns1)c1nn[nH]c1N(Cc1ccccc1)Cc1ccccc1,低毒,9.458007,29.470842,250.0,26.432630045632234,8.482960887238987,both<5,False,False,False,,-5.6896086,9.402919
O=C(c1nn[nH]c1N(Cc1ccccc1)Cc1ccccc1)C1CCOC(C=Cc2c(F)cccc2N2CCOCC2)=NC1,O=C(c1nn[nH]c1N(Cc1ccccc1)Cc1ccccc1)C1CCOC(C=Cc2c(F)cccc2N2CCOCC2)=NC1,中毒,20.981249,26.388184,42.5,2.0256182079532064,1.6105693366394596,both<5,False,False,False,,9.841816,-33.366177
O=C(c1nn[nH]c1N(Cc1ccccc1)Cc1ccccc1)C1COCC2OCCOC2OO1,O=C(c1nn[nH]c1N(Cc1ccccc1)Cc1ccccc1)C1COCC2OCCOC2OO1,中毒,36.35198,35.001637,42.5,1.1691247629427615,1.2142289230643697,both<5,False,False,False,,12.094004,-37.21116
O=C(c1ccc([S+]([O-])Cc2ccccc2)cc1)c1nn[nH]c1N(Cc1ccccc1)Cc1ccccc1,O=C(c1ccc([S+]([O-])Cc2ccccc2)cc1)c1nn[nH]c1N(Cc1ccccc1)Cc1ccccc1,低毒,7.1603336,35.486233,250.0,34.914574371227616,7.0449855863821895,both<5,True,False,False,,13.955842,9.700007
O=C(c1nn[nH]c1N(Cc1ccccc1)Cc1ccccc1)N1N=NS(=O)(=O)C1c1cc[nH]n1,O=C(c1nn[nH]c1N(Cc1ccccc1)Cc1ccccc1)N1N=NS(=O)(=O)C1c1cc[nH]n1,中毒,7.3088617,27.297066,42.5,5.814858967710389,1.556943885471061,one>5-other<=5,False,False,False,,20.848005,-2.3919046
O=C(c1cc(I)ccc1F)c1nn[nH]c1N(Cc1ccccc1)Cc1ccccc1,O=C(c1cc(I)ccc1F)c1nn[nH]c1N(Cc1ccccc1)Cc1ccccc1,中毒,16.313023,20.880424,42.5,2.6052804559890586,2.0353992811640222,both<5,True,False,False,,-11.27923,16.306273
O=C(c1nn[nH]c1N(Cc1ccccc1)Cc1ccccc1)N1CC(Oc2ncccc2F)CC1c1cn(-c2ccc(N3CCCCC3)cc2)nn1,O=C(c1nn[nH]c1N(Cc1ccccc1)Cc1ccccc1)N1CC(Oc2ncccc2F)CC1c1cn(-c2ccc(N3CCCCC3)cc2)nn1,中毒,18.14016,16.342396,42.5,2.3428679791137452,2.600597856030413,both<5,False,False,False,,-0.2505759,35.415905
O=C(C1=C(O)CC(COc2c(F)cccc2F)C1=O)c1nn[nH]c1N(Cc1ccccc1)Cc1ccccc1,O=C(C1=C(O)CC(COc2c(F)cccc2F)C1=O)c1nn[nH]c1N(Cc1ccccc1)Cc1ccccc1,低毒,4.1482515,31.68471,250.0,60.266355595845624,7.890241065801139,both<5,False,False,False,,2.1597073,5.7845407
O=C(OCOc1c(Cl)cc(Cl)cc1Cl)c1nn[nH]c1N(Cc1ccccc1)Cc1ccccc1,O=C(OCOc1c(Cl)cc(Cl)cc1Cl)c1nn[nH]c1N(Cc1ccccc1)Cc1ccccc1,高毒,10.201695,25.876787,5.0,0.49011463291149165,0.1932233704284848,both<5,False,False,False,,-21.413418,-8.199736
O=C(c1nn[nH]c1N(Cc1ccccc1)Cc1ccccc1)S(=O)(=O)c1cccc(F)c1Cl,O=C(c1nn[nH]c1N(Cc1ccccc1)Cc1ccccc1)S(=O)(=O)c1cccc(F)c1Cl,中毒,7.277667,27.685015,42.5,5.83978354601825,1.5351264935200504,one>5-other<=5,False,False,False,,-13.963212,-29.69797
O=C(c1conc1NS(=O)(=O)c1cccc(Br)c1Br)c1nn[nH]c1N(Cc1ccccc1)Cc1ccccc1,O=C(c1conc1NS(=O)(=O)c1cccc(Br)c1Br)c1nn[nH]c1N(Cc1ccccc1)Cc1ccccc1,中毒,11.355757,27.236069,42.5,3.7425950555299834,1.5604307655410918,both<5,False,False,False,,-0.3806342,13.6221895
O=C(c1ccc2nc[nH]c2c1)c1nn[nH]c1N(Cc1ccccc1)Cc1ccccc1,O=C(c1ccc2nc[nH]c2c1)c1nn[nH]c1N(Cc1ccccc1)Cc1ccccc1,中毒,33.950665,34.50007,42.5,1.251816422447101,1.2318815585011855,both<5,True,False,False,,12.210008,17.503223
O=C([O-])c1nn[nH]c1N(Cc1ccccc1)Cc1ccccc1,O=C([O-])c1nn[nH]c1N(Cc1ccccc1)Cc1ccccc1,高毒,6.4241095,34.70963,5.0,0.778317990999375,0.14405224140966066,both<5,True,False,False,,-7.2850285,-14.162165
Nc1ccc(C(=O)c2nn[nH]c2N(Cc2ccccc2)Cc2ccccc2)cc1,Nc1ccc(C(=O)c2nn[nH]c2N(Cc2ccccc2)Cc2ccccc2)cc1,低毒,5.7687135,34.50007,250.0,43.33721894838425,7.246362108830503,both<5,True,True,False,,13.365993,10.351446
O=C(c1nn[nH]c1N(Cc1ccccc1)Cc1ccccc1)C1CCCc2cc(Oc3scnc3Cl)ccc21,O=C(c1nn[nH]c1N(Cc1ccccc1)Cc1ccccc1)C1CCCc2cc(Oc3scnc3Cl)ccc21,中毒,18.039684,20.54192,42.5,2.355917099213046,2.068940001713569,both<5,True,False,False,,9.622291,-41.714928
O=C(c1cccnn1)c1nn[nH]c1N(Cc1ccccc1)Cc1ccccc1,O=C(c1cccnn1)c1nn[nH]c1N(Cc1ccccc1)Cc1ccccc1,低毒,6.4241095,56.669506,250.0,38.915899549968756,4.41154366159465,one>10-other<5,True,False,False,,17.17853,-4.452863
O=C(C1=CC2=CC=C(N1)N(c1nc3c(s1)CCCN3)CC(O)CNS2(=O)=O)c1nn[nH]c1N(Cc1ccccc1)Cc1ccccc1,O=C(C1=CC2=CC=C(N1)N(c1nc3c(s1)CCCN3)CC(O)CNS2(=O)=O)c1nn[nH]c1N(Cc1ccccc1)Cc1ccccc1,中毒,13.603974,10.785887,42.5,3.1240871233655696,3.940334253455464,both<5,False,False,False,,21.530603,7.265063
O=C(C1=CC=CNC=C1)c1nn[nH]c1N(Cc1ccccc1)Cc1ccccc1,O=C(C1=CC=CNC=C1)c1nn[nH]c1N(Cc1ccccc1)Cc1ccccc1,高毒,4.010624,36.587296,5.0,1.2466887945616443,0.13665945687814698,both<5,True,False,False,,5.4017105,18.732931
O=C(c1nn[nH]c1N(Cc1ccccc1)Cc1ccccc1)c1c[nH]c2ccc(Cl)cc12,O=C(c1nn[nH]c1N(Cc1ccccc1)Cc1ccccc1)c1c[nH]c2ccc(Cl)cc12,中毒,16.77315,21.234655,42.5,2.533811478464093,2.0014452789555564,both<5,False,False,False,,-18.584183,21.637476
O=C(c1nn[nH]c1N(Cc1ccccc1)Cc1ccccc1)c1noc2ccncc12,O=C(c1nn[nH]c1N(Cc1ccccc1)Cc1ccccc1)c1noc2ccncc12,中毒,15.460869,31.833063,42.5,2.748875241100613,1.335089871810325,both<5,False,False,False,,23.76855,-18.926882
O=C(c1nn[nH]c1N(Cc1ccccc1)Cc1ccccc1)c1c(O)c[n+]([O-])cc1Br,O=C(c1nn[nH]c1N(Cc1ccccc1)Cc1ccccc1)c1c(O)c[n+]([O-])cc1Br,中毒,34.477367,19.154457,42.5,1.23269274013877,2.21880474084961,both<5,True,False,False,,1.6101421,3.7177937
O=C(c1nn[nH]c1N(Cc1ccccc1)Cc1ccccc1)c1ccnc2ccccc12,O=C(c1nn[nH]c1N(Cc1ccccc1)Cc1ccccc1)c1ccnc2ccccc12,中毒,16.020447,36.282906,42.5,2.6528598109653245,1.171350497669619,both<5,False,False,False,,-8.686174,13.406264
O=C(c1nn[nH]c1N(Cc1ccccc1)Cc1ccccc1)c1occ(NC2COC2)c1F,O=C(c1nn[nH]c1N(Cc1ccccc1)Cc1ccccc1)c1occ(NC2COC2)c1F,中毒,19.482138,58.669834,42.5,2.1814854201320206,0.7243927092072563,both<5,True,False,False,,2.587976,11.411008
O=C1COc2cnnn2C(c2cccc(OC(F)(F)F)c2)N1C(=O)c1nn[nH]c1N(Cc1ccccc1)Cc1ccccc1,O=C1COc2cnnn2C(c2cccc(OC(F)(F)F)c2)N1C(=O)c1nn[nH]c1N(Cc1ccccc1)Cc1ccccc1,中毒,5.5455713,13.017568,42.5,7.663773072397428,3.264818743408907,one>5-other<=5,False,False,False,,-18.789354,-9.84195
O=C(c1nn[nH]c1N(Cc1ccccc1)Cc1ccccc1)C1CCCN(Cc2ccccn2)C1,O=C(c1nn[nH]c1N(Cc1ccccc1)Cc1ccccc1)C1CCCN(Cc2ccccn2)C1,中毒,11.829021,19.543621,42.5,3.5928586144195704,2.1746226044805104,both<5,False,False,False,,7.560353,-31.125418
O=C(c1nn[nH]c1N(Cc1ccccc1)Cc1ccccc1)C1C=C(Br)C1,O=C(c1nn[nH]c1N(Cc1ccccc1)Cc1ccccc1)C1C=C(Br)C1,中毒,4.5129013,34.378227,42.5,9.417445048044813,1.2362475819360899,one>5-other<=5,True,False,False,,3.9327419,-33.794205
O=C(c1nn[nH]c1N(Cc1ccccc1)Cc1ccccc1)c1n[nH]n2cc3sc4c(c3c12)CCSC4,O=C(c1nn[nH]c1N(Cc1ccccc1)Cc1ccccc1)c1n[nH]n2cc3sc4c(c3c12)CCSC4,中毒,11.196218,30.258673,42.5,3.7959246595591476,1.4045559763972464,both<5,False,False,False,,26.85248,1.7541056
O=C(c1nn[nH]c1N(Cc1ccccc1)Cc1ccccc1)S(=O)I,O=C(c1nn[nH]c1N(Cc1ccccc1)Cc1ccccc1)S(=O)I,低毒,5.2192693,34.50007,250.0,47.899425308443085,7.246362108830503,both<5,False,False,False,,-5.1997848,-16.106964
O=C(c1nnco1)c1nn[nH]c1N(Cc1ccccc1)Cc1ccccc1,O=C(c1nnco1)c1nn[nH]c1N(Cc1ccccc1)Cc1ccccc1,低毒,10.360185,63.712284,250.0,24.13084322335943,3.923890093156918,one>10-other<5,True,False,False,,11.969503,0.64867
O=C(c1csc(Nc2ccc(Cl)c(Cl)c2)n1)c1nn[nH]c1N(Cc1ccccc1)Cc1ccccc1,O=C(c1csc(Nc2ccc(Cl)c(Cl)c2)n1)c1nn[nH]c1N(Cc1ccccc1)Cc1ccccc1,低毒,7.890244,10.611208,250.0,31.68469821719075,23.55999430036618,both>10,True,False,False,,19.44755,-14.833253
O=C(Oc1nsc2ccccc12)c1nn[nH]c1N(Cc1ccccc1)Cc1ccccc1,O=C(Oc1nsc2ccccc12)c1nn[nH]c1N(Cc1ccccc1)Cc1ccccc1,低毒,6.248591,12.62172,250.0,40.009019633386146,19.807126128610047,both>10,False,False,False,,12.527667,-19.999504
O=C(c1nn[nH]c1N(Cc1ccccc1)Cc1ccccc1)C1(O)CC2CCC1C2,O=C(c1nn[nH]c1N(Cc1ccccc1)Cc1ccccc1)C1(O)CC2CCC1C2,中毒,8.820209,27.173529,42.5,4.818479924908809,1.5640221040115916,both<5,True,False,False,,-1.4930639,-27.060102
O=C(c1nn[nH]c1N(Cc1ccccc1)Cc1ccccc1)c1cccn1CC(F)(F)Br,O=C(c1nn[nH]c1N(Cc1ccccc1)Cc1ccccc1)c1cccn1CC(F)(F)Br,低毒,20.908321,64.433624,250.0,11.956962015266553,3.879961803793622,one>10-other<5,True,True,False,,-9.179805,-4.2412667
O=Cc1cccc2c1cc1n2C2CC(NC(=O)c3nn[nH]c3N(Cc3ccccc3)Cc3ccccc3)C2C1,O=Cc1cccc2c1cc1n2C2CC(NC(=O)c3nn[nH]c3N(Cc3ccccc3)Cc3ccccc3)C2C1,中毒,6.5963764,16.255348,42.5,6.442931303920134,2.6145241553733576,one>5-other<=5,True,False,False,,3.0436573,-23.650476
O=C(c1nn[nH]c1N(Cc1ccccc1)Cc1ccccc1)c1cn(CCCNS(=O)(=O)c2ccnc3cc[nH]c23)c2ccc(O)cc12,O=C(c1nn[nH]c1N(Cc1ccccc1)Cc1ccccc1)c1cn(CCCNS(=O)(=O)c2ccnc3cc[nH]c23)c2ccc(O)cc12,中毒,7.7623844,10.829136,42.5,5.475121793762236,3.924597493281089,one>5-other<=5,False,False,False,,-9.855672,14.056
O=C(c1nn[nH]c1N(Cc1ccccc1)Cc1ccccc1)C(O)c1ccco1,O=C(c1nn[nH]c1N(Cc1ccccc1)Cc1ccccc1)C(O)c1ccco1,中毒,8.99911,26.69869,42.5,4.7226892437141,1.591838401060127,both<5,True,False,False,,-26.358671,-22.253853
O=C(c1nncs1)c1nn[nH]c1N(Cc1ccccc1)Cc1ccccc1,O=C(c1nncs1)c1nn[nH]c1N(Cc1ccccc1)Cc1ccccc1,低毒,7.140232,42.954765,250.0,35.01286792922134,5.820076073050336,both<5,True,False,False,,8.954702,-10.269017
O=C(c1nn[nH]c1N(Cc1ccccc1)Cc1ccccc1)[n+]1coc2cccnc2c1=S,O=C(c1nn[nH]c1N(Cc1ccccc1)Cc1ccccc1)[n+]1coc2cccnc2c1=S,中毒,37.037754,61.61067,42.5,1.1474777871249968,0.68981557902227,both<5,True,False,False,,-6.5893736,-2.0454855
O=C(c1nn[nH]c1N(Cc1ccccc1)Cc1ccccc1)S(=O)(=O)SCc1ccccc1,O=C(c1nn[nH]c1N(Cc1ccccc1)Cc1ccccc1)S(=O)(=O)SCc1ccccc1,低毒,9.011207,68.13849,250.0,27.74323128965964,3.6689982416692826,one>10-other<5,True,False,False,,-11.571727,-27.853159
O=C(c1cn(-c2ccccn2)nn1)c1nn[nH]c1N(Cc1ccccc1)Cc1ccccc1,O=C(c1cn(-c2ccccn2)nn1)c1nn[nH]c1N(Cc1ccccc1)Cc1ccccc1,中毒,11.944199,54.217167,42.5,3.5582126520162634,0.7838845581879997,both<5,True,False,False,,16.937302,-6.946355
O=C1C(CN2C(=O)c3ccccc32)=COc2ccc(Br)cc2C=C1C(=O)c1nn[nH]c1N(Cc1ccccc1)Cc1ccccc1,O=C1C(CN2C(=O)c3ccccc32)=COc2ccc(Br)cc2C=C1C(=O)c1nn[nH]c1N(Cc1ccccc1)Cc1ccccc1,中毒,8.7734165,27.759993,42.5,4.844179003698274,1.5309802131434254,both<5,False,False,False,,8.874335,24.340446
O=C(Sc1ccc(=O)[nH]n1)c1nn[nH]c1N(Cc1ccccc1)Cc1ccccc1,O=C(Sc1ccc(=O)[nH]n1)c1nn[nH]c1N(Cc1ccccc1)Cc1ccccc1,低毒,16.845959,41.619003,250.0,14.840354295056756,6.006871428419369,both<5,True,False,False,,-13.867836,-5.896318
O=C(C1=C(N2CCOCC2)CCCN(Cc2c[nH]cn2)C1)c1nn[nH]c1N(Cc1ccccc1)Cc1ccccc1,O=C(C1=C(N2CCOCC2)CCCN(Cc2c[nH]cn2)C1)c1nn[nH]c1N(Cc1ccccc1)Cc1ccccc1,中毒,16.213678,37.13638,42.5,2.621243619122077,1.1444303402754925,both<5,True,False,False,,25.217932,11.784181
O=C(c1nn[nH]c1N(Cc1ccccc1)Cc1ccccc1)C(C[N+](=O)[O-])c1nccs1,O=C(c1nn[nH]c1N(Cc1ccccc1)Cc1ccccc1)C(C[N+](=O)[O-])c1nccs1,中毒,6.720814,36.939735,42.5,6.3236387735176125,1.150522601204367,one>5-other<=5,False,False,False,,7.56005,-12.545432
O=C(c1cnc(C2CCCCC2)s1)c1nn[nH]c1N(Cc1ccccc1)Cc1ccccc1,O=C(c1cnc(C2CCCCC2)s1)c1nn[nH]c1N(Cc1ccccc1)Cc1ccccc1,低毒,20.917065,31.271025,250.0,11.95196362395967,7.994621218843961,both<5,False,False,False,,11.459309,-26.59161
O=C(c1nn[nH]c1N(Cc1ccccc1)Cc1ccccc1)C12CCC(CC1)C2,O=C(c1nn[nH]c1N(Cc1ccccc1)Cc1ccccc1)C12CCC(CC1)C2,高毒,10.166119,10.310754,5.0,0.49182977299400094,0.4849305880054941,both<5,True,False,False,,-1.363364,-26.26046
O=C(c1nn[nH]c1N(Cc1ccccc1)Cc1ccccc1)[SH](c1cccnc1)c1cc([N+](=O)[O-])cc([N+](=O)[O-])c1,O=C(c1nn[nH]c1N(Cc1ccccc1)Cc1ccccc1)[SH](c1cccnc1)c1cc([N+](=O)[O-])cc([N+](=O)[O-])c1,低毒,19.35844,29.50695,250.0,12.914263752657755,8.472580188735197,both<5,True,False,False,,-24.848013,1.1177771
O=C(c1nn[nH]c1N(Cc1ccccc1)Cc1ccccc1)c1n[nH]c2ccc(C(F)(F)F)cc12,O=C(c1nn[nH]c1N(Cc1ccccc1)Cc1ccccc1)c1n[nH]c2ccc(C(F)(F)F)cc12,中毒,14.006127,54.285847,42.5,3.034386308220681,0.7828928228751778,both<5,False,False,False,,32.875057,3.7728143
O=C(c1nn[nH]c1N(Cc1ccccc1)Cc1ccccc1)S(=O)(=O)Nc1cscn1,O=C(c1nn[nH]c1N(Cc1ccccc1)Cc1ccccc1)S(=O)(=O)Nc1cscn1,低毒,27.660412,69.05167,250.0,9.038187862133073,3.6204772455177405,one>5-other<=5,False,False,False,,-16.69176,-29.210354
O=C(c1nn[nH]c1N(Cc1ccccc1)Cc1ccccc1)C(Cl)CCl,O=C(c1nn[nH]c1N(Cc1ccccc1)Cc1ccccc1)C(Cl)CCl,高毒,6.550082,56.60067,5.0,0.7633492221929435,0.08833817691557361,both<5,True,False,False,,-18.847313,-22.315939
O=C(c1nn[nH]c1N(Cc1ccccc1)Cc1ccccc1)N1CCCCCC2(CCNc3ncnn32)C1,O=C(c1nn[nH]c1N(Cc1ccccc1)Cc1ccccc1)N1CCCCCC2(CCNc3ncnn32)C1,中毒,12.69686,17.073547,42.5,3.3472842891864607,2.4892308551937097,both<5,False,False,False,,-0.16551118,37.102802
O=C(c1ccc2ocnc2c1)c1nn[nH]c1N(Cc1ccccc1)Cc1ccccc1,O=C(c1ccc2ocnc2c1)c1nn[nH]c1N(Cc1ccccc1)Cc1ccccc1,中毒,20.08303,108.79434,42.5,2.1162145353564674,0.3906453221739293,both<5,False,False,False,,12.711213,19.99167
O=C(c1nn[nH]c1N(Cc1ccccc1)Cc1ccccc1)C1c2ccccc2N(C(=O)c2ccoc2)c2occc21,O=C(c1nn[nH]c1N(Cc1ccccc1)Cc1ccccc1)C1c2ccccc2N(C(=O)c2ccoc2)c2occc21,中毒,6.568564,25.108006,42.5,6.47021175404548,1.692687185115377,one>5-other<=5,False,False,False,,13.437895,-30.17266
O=C(c1nn[nH]c1N(Cc1ccccc1)Cc1ccccc1)[S+]([O-])c1ccccc1,O=C(c1nn[nH]c1N(Cc1ccccc1)Cc1ccccc1)[S+]([O-])c1ccccc1,中毒,11.311842,28.241728,42.5,3.7571246133034744,1.504865424665233,both<5,True,False,False,,-7.855362,-15.074318
N#CC1(N(CCN(C(=O)c2nn[nH]c2N(Cc2ccccc2)Cc2ccccc2)c2ncnc3ccccc23)c2ccc(F)cc2)CCC1,N#CC1(N(CCN(C(=O)c2nn[nH]c2N(Cc2ccccc2)Cc2ccccc2)c2ncnc3ccccc23)c2ccc(F)cc2)CCC1,中毒,14.8011055,17.765036,42.5,2.871407139149167,2.3923396496353853,both<5,False,False,False,,-16.12694,1.4286085
O=C(C1=NNc2ccc(OCS(=O)(=O)O)cc2SC1=S)c1nn[nH]c1N(Cc1ccccc1)Cc1ccccc1,O=C(C1=NNc2ccc(OCS(=O)(=O)O)cc2SC1=S)c1nn[nH]c1N(Cc1ccccc1)Cc1ccccc1,中毒,8.537963,78.40149,42.5,4.977768116352812,0.5420815344198178,both<5,True,False,False,,17.005133,11.768452
O=C(c1nn[nH]c1N(Cc1ccccc1)Cc1ccccc1)c1snnc1C(F)(F)F,O=C(c1nn[nH]c1N(Cc1ccccc1)Cc1ccccc1)c1snnc1C(F)(F)F,低毒,7.6277857,39.76487,250.0,32.77491133501562,6.286956300875622,both<5,False,False,False,,28.319014,-6.0222225
O=C(c1nn[nH]c1N(Cc1ccccc1)Cc1ccccc1)c1c(Cl)c[nH]c(=O)[n+]1[O-],O=C(c1nn[nH]c1N(Cc1ccccc1)Cc1ccccc1)c1c(Cl)c[nH]c(=O)[n+]1[O-],低毒,14.594956,14.101109,250.0,17.129205459749244,17.72910201601874,both>10,True,False,False,,-2.4289546,7.36577
O=C(c1cccc(Cc2n[nH]c(=O)c3ccccc23)n1)c1nn[nH]c1N(Cc1ccccc1)Cc1ccccc1,O=C(c1cccc(Cc2n[nH]c(=O)c3ccccc23)n1)c1nn[nH]c1N(Cc1ccccc1)Cc1ccccc1,低毒,22.028288,31.989012,250.0,11.349043557084418,7.815183538647584,both<5,True,False,False,,29.735195,2.2980108
O=C(c1cnn(-n2ncc3ccccc32)c1Cl)c1nn[nH]c1N(Cc1ccccc1)Cc1ccccc1,O=C(c1cnn(-n2ncc3ccccc32)c1Cl)c1nn[nH]c1N(Cc1ccccc1)Cc1ccccc1,低毒,6.7274923,8.78761,250.0,37.16094925890885,28.449146013534964,both>10,False,False,False,,-10.234235,7.1474676
O=C(c1ccnc(-n2ccnc2)c1)c1nn[nH]c1N(Cc1ccccc1)Cc1ccccc1,O=C(c1ccnc(-n2ccnc2)c1)c1nn[nH]c1N(Cc1ccccc1)Cc1ccccc1,低毒,14.066493,66.59727,250.0,17.772731269976106,3.7539076301476024,one>10-other<5,False,False,False,,10.257071,17.946058
O=C(Oc1cccc(O)c1)c1nn[nH]c1N(Cc1ccccc1)Cc1ccccc1,O=C(Oc1cccc(O)c1)c1nn[nH]c1N(Cc1ccccc1)Cc1ccccc1,低毒,5.923411,34.70963,250.0,42.20541171294715,7.202612070483034,both<5,True,False,False,,-28.149677,-11.688353
O=C(c1ncon1)c1nn[nH]c1N(Cc1ccccc1)Cc1ccccc1,O=C(c1ncon1)c1nn[nH]c1N(Cc1ccccc1)Cc1ccccc1,低毒,5.38902,20.845585,250.0,46.39062389822268,11.992947187617906,both>10,True,True,False,,18.05015,2.0803852
O=C(ONF)c1nn[nH]c1N(Cc1ccccc1)Cc1ccccc1,O=C(ONF)c1nn[nH]c1N(Cc1ccccc1)Cc1ccccc1,高毒,6.4241095,34.70963,5.0,0.778317990999375,0.14405224140966066,both<5,True,False,False,,-24.30636,-10.193604
O=C(c1cc[n+](Cc2ccc(Cl)c(Cl)c2)s1)c1nn[nH]c1N(Cc1ccccc1)Cc1ccccc1,O=C(c1cc[n+](Cc2ccc(Cl)c(Cl)c2)s1)c1nn[nH]c1N(Cc1ccccc1)Cc1ccccc1,低毒,6.633832,41.419765,250.0,37.685609162245896,6.035765775107609,both<5,True,False,False,,21.870756,13.706201
O=C(c1nn[nH]c1N(Cc1ccccc1)Cc1ccccc1)C1(c2ccccc2)Cc2ccccc21,O=C(c1nn[nH]c1N(Cc1ccccc1)Cc1ccccc1)C1(c2ccccc2)Cc2ccccc21,中毒,11.844474,36.23164,42.5,3.5881711589725303,1.1730079013812238,both<5,False,False,False,,-3.5038116,-21.517765
O=C(c1ccc(F)cn1)c1nn[nH]c1N(Cc1ccccc1)Cc1ccccc1,O=C(c1ccc(F)cn1)c1nn[nH]c1N(Cc1ccccc1)Cc1ccccc1,低毒,5.037307,34.285435,250.0,49.62969300858574,7.291726063851895,both<5,True,True,False,,18.350458,-5.8559666
O=C(c1nn[nH]c1N(Cc1ccccc1)Cc1ccccc1)N1CN(OCC=Cc2ccco2)CNC(S)=N1,O=C(c1nn[nH]c1N(Cc1ccccc1)Cc1ccccc1)N1CN(OCC=Cc2ccco2)CNC(S)=N1,中毒,9.730049,22.023348,42.5,4.36791222736905,1.9297701693675278,both<5,True,False,False,,-10.477547,-2.1706991
N#S([O-])(F)N1CCN(C(=O)c2nn[nH]c2N(Cc2ccccc2)Cc2ccccc2)C(CO)C1,N#S([O-])(F)N1CCN(C(=O)c2nn[nH]c2N(Cc2ccccc2)Cc2ccccc2)C(CO)C1,中毒,6.160666,10.952536,42.5,6.898604793702499,3.880379849926994,one>5-other<=5,False,False,False,,-2.1194131,33.26569
O=C(NOCN1Cc2ccccc2Oc2cc3ccccc3nc2-c2[nH]c3ccccc3c21)c1nn[nH]c1N(Cc1ccccc1)Cc1ccccc1,O=C(NOCN1Cc2ccccc2Oc2cc3ccccc3nc2-c2[nH]c3ccccc3c21)c1nn[nH]c1N(Cc1ccccc1)Cc1ccccc1,中毒,14.364195,14.629804,42.5,2.958745686757942,2.905028666139341,both<5,False,False,False,,-8.982329,-18.011774
O=C(c1nn[nH]c1N(Cc1ccccc1)Cc1ccccc1)[SH](Cc1ccc(F)cc1)c1sc2ccncc2c1Cl,O=C(c1nn[nH]c1N(Cc1ccccc1)Cc1ccccc1)[SH](Cc1ccc(F)cc1)c1sc2ccncc2c1Cl,中毒,9.264474,21.773174,42.5,4.587416403780722,1.9519432490641924,both<5,False,False,False,,-14.669218,3.5114617
O=C(c1ccc2nc(O)ccc2n1)c1nn[nH]c1N(Cc1ccccc1)Cc1ccccc1,O=C(c1ccc2nc(O)ccc2n1)c1nn[nH]c1N(Cc1ccccc1)Cc1ccccc1,低毒,5.1171713,26.780586,250.0,48.85511649766347,9.335120598182579,both<5,True,True,False,,22.188631,-6.077229
O=C(C1=C(N2CCNOC2)C(=O)N1CCBr)c1nn[nH]c1N(Cc1ccccc1)Cc1ccccc1,O=C(C1=C(N2CCNOC2)C(=O)N1CCBr)c1nn[nH]c1N(Cc1ccccc1)Cc1ccccc1,中毒,13.182973,14.950564,42.5,3.2238554990592787,2.8427021214718056,both<5,False,False,False,,28.722755,17.681149
O=C(c1nn[nH]c1N(Cc1ccccc1)Cc1ccccc1)N1CCNC(c2cc3c(cc2F)OCO3)CC1,O=C(c1nn[nH]c1N(Cc1ccccc1)Cc1ccccc1)N1CCNC(c2cc3c(cc2F)OCO3)CC1,中毒,19.553064,14.299376,42.5,2.173572387427362,2.972157666180678,both<5,False,False,False,,2.7134655,35.97362
O=C(c1nn[nH]c1N(Cc1ccccc1)Cc1ccccc1)S(=O)(=O)c1c[nH]nc1C1CCC1,O=C(c1nn[nH]c1N(Cc1ccccc1)Cc1ccccc1)S(=O)(=O)c1c[nH]nc1C1CCC1,中毒,8.552513,51.595737,42.5,4.969299666659379,0.8237114628287993,both<5,False,False,False,,-8.955532,-29.45081
O=C(c1nn[nH]c1N(Cc1ccccc1)Cc1ccccc1)c1coc2c(F)ccc[n+]12,O=C(c1nn[nH]c1N(Cc1ccccc1)Cc1ccccc1)c1coc2c(F)ccc[n+]12,低毒,10.201695,64.234535,250.0,24.50573164557458,3.891987386535919,one>10-other<5,False,False,False,,18.583168,22.33332
O=C(c1nn[nH]c1N(Cc1ccccc1)Cc1ccccc1)C(C1=Cc2ccncc2S1(=O)=O)c1cccnc1Cl,O=C(c1nn[nH]c1N(Cc1ccccc1)Cc1ccccc1)C(C1=Cc2ccncc2S1(=O)=O)c1cccnc1Cl,中毒,10.192682,18.950714,42.5,4.169658192024435,2.2426595641726217,both<5,False,False,False,,-24.184362,-18.188784
O=C(c1nn[nH]c1N(Cc1ccccc1)Cc1ccccc1)[N+]([O-])=C1N(CCO)N1c1cccc(CO)n1,O=C(c1nn[nH]c1N(Cc1ccccc1)Cc1ccccc1)[N+]([O-])=C1N(CCO)N1c1cccc(CO)n1,中毒,6.7667723,25.271751,42.5,6.280690130507272,1.6817196402417862,one>5-other<=5,False,False,False,,-9.917607,-13.37077
O=C(c1nn2cnnc2[nH]1)c1nn[nH]c1N(Cc1ccccc1)Cc1ccccc1,O=C(c1nn2cnnc2[nH]1)c1nn[nH]c1N(Cc1ccccc1)Cc1ccccc1,低毒,4.3281345,41.86337,250.0,57.761606068388126,5.971807811936784,both<5,True,False,False,,14.479116,3.0339158
O=C(c1nn[nH]c1N(Cc1ccccc1)Cc1ccccc1)[SH](=O)(CCl)c1nc2ccccc2[nH]1,O=C(c1nn[nH]c1N(Cc1ccccc1)Cc1ccccc1)[SH](=O)(CCl)c1nc2ccccc2[nH]1,中毒,23.965498,41.538986,42.5,1.7733827187734634,1.0231352301185204,both<5,False,False,False,,-1.2294989,-6.873257
O=C(c1nn[nH]c1N(Cc1ccccc1)Cc1ccccc1)C1CC=CCN1CO,O=C(c1nn[nH]c1N(Cc1ccccc1)Cc1ccccc1)C1CC=CCN1CO,中毒,6.9642644,45.45388,42.5,6.102582779596937,0.9350136886004011,one>5-other<=5,False,False,False,,5.9998145,-34.167656
O=C(c1ccnc(F)n1)c1nn[nH]c1N(Cc1ccccc1)Cc1ccccc1,O=C(c1ccnc(F)n1)c1nn[nH]c1N(Cc1ccccc1)Cc1ccccc1,低毒,5.037307,37.08333,250.0,49.62969300858574,6.741573639692013,both<5,False,False,False,,20.105566,-6.29821
O=C(ON1C=CS(=O)(=O)C1O)c1nn[nH]c1N(Cc1ccccc1)Cc1ccccc1,O=C(ON1C=CS(=O)(=O)C1O)c1nn[nH]c1N(Cc1ccccc1)Cc1ccccc1,中毒,10.589226,31.537678,42.5,4.013513357822375,1.3475944551149264,both<5,True,False,False,,-24.327168,-12.323258
O=C(c1c[nH][nH]1)c1nn[nH]c1N(Cc1ccccc1)Cc1ccccc1,O=C(c1c[nH][nH]1)c1nn[nH]c1N(Cc1ccccc1)Cc1ccccc1,低毒,6.4241095,34.50007,250.0,38.915899549968756,7.246362108830503,both<5,False,False,False,,11.240043,4.879518
O=C(c1ccc(F)c(F)c1)c1nn[nH]c1N(Cc1ccccc1)Cc1ccccc1,O=C(c1ccc(F)c(F)c1)c1nn[nH]c1N(Cc1ccccc1)Cc1ccccc1,中毒,5.8860874,20.880424,42.5,7.220416061100282,2.0353992811640222,one>5-other<=5,True,False,False,,10.099148,11.912831
O=C(c1nocc1Br)c1nn[nH]c1N(Cc1ccccc1)Cc1ccccc1,O=C(c1nocc1Br)c1nn[nH]c1N(Cc1ccccc1)Cc1ccccc1,中毒,5.037307,29.762762,42.5,8.437047811459575,1.4279588702150694,one>5-other<=5,True,True,False,,0.013069312,13.163423
O=C(c1nn[nH]c1N(Cc1ccccc1)Cc1ccccc1)[n+]1cccs1,O=C(c1nn[nH]c1N(Cc1ccccc1)Cc1ccccc1)[n+]1cccs1,中毒,6.393717,22.595478,42.5,6.647150632409912,1.8809073213675762,one>5-other<=5,False,False,False,,-2.439963,-14.445422
O=C(c1nn[nH]c1N(Cc1ccccc1)Cc1ccccc1)C(F)(F)OC1CCS(=O)(=O)CC1,O=C(c1nn[nH]c1N(Cc1ccccc1)Cc1ccccc1)C(F)(F)OC1CCS(=O)(=O)CC1,高毒,5.3745017,98.95927,5.0,0.9303188051833717,0.050525837549125006,both<5,True,False,False,,-15.946478,-13.28522
O=C(c1cocc1Br)c1nn[nH]c1N(Cc1ccccc1)Cc1ccccc1,O=C(c1cocc1Br)c1nn[nH]c1N(Cc1ccccc1)Cc1ccccc1,低毒,10.612266,64.433624,250.0,23.557645464220364,3.879961803793622,one>10-other<5,True,True,False,,-1.5567043,13.069537
O=C(c1nn[nH]c1N(Cc1ccccc1)Cc1ccccc1)c1snnc1Nc1ccnc(C(Cl)(Cl)c2cscn2)c1Cl,O=C(c1nn[nH]c1N(Cc1ccccc1)Cc1ccccc1)c1snnc1Nc1ccnc(C(Cl)(Cl)c2cscn2)c1Cl,中毒,15.756628,28.474678,42.5,2.6972776154898117,1.4925541914819898,both<5,False,False,False,,27.031435,-6.0648103
O=C(c1nn[nH]c1N(Cc1ccccc1)Cc1ccccc1)c1cccn1-c1cc(Cl)cc(Cl)n1,O=C(c1nn[nH]c1N(Cc1ccccc1)Cc1ccccc1)c1cccn1-c1cc(Cl)cc(Cl)n1,中毒,11.227855,28.441448,42.5,3.7852287903611153,1.4942980399591468,both<5,False,False,False,,29.844347,-14.041395
O=C(c1nsc(Cl)n1)c1nn[nH]c1N(Cc1ccccc1)Cc1ccccc1,O=C(c1nsc(Cl)n1)c1nn[nH]c1N(Cc1ccccc1)Cc1ccccc1,低毒,4.09232,41.60291,250.0,61.09004183446065,6.009195029866901,both<5,True,True,False,,22.7144,-0.12396438
O=C(c1ccc2nc[nH]c2c1Cl)c1nn[nH]c1N(Cc1ccccc1)Cc1ccccc1,O=C(c1ccc2nc[nH]c2c1Cl)c1nn[nH]c1N(Cc1ccccc1)Cc1ccccc1,中毒,16.860193,32.35644,42.5,2.520730338021635,1.3134943151966039,both<5,True,False,False,,-10.867162,10.705135
O=C(c1nn[nH]c1N(Cc1ccccc1)Cc1ccccc1)c1c[nH]c2cnccc12,O=C(c1nn[nH]c1N(Cc1ccccc1)Cc1ccccc1)c1c[nH]c2cnccc12,中毒,18.888031,21.234655,42.5,2.250102194347309,2.0014452789555564,both<5,False,False,False,,-20.464777,21.6524
O=C(c1cccnc1P(=O)(O)O)c1nn[nH]c1N(Cc1ccccc1)Cc1ccccc1,O=C(c1cccnc1P(=O)(O)O)c1nn[nH]c1N(Cc1ccccc1)Cc1ccccc1,中毒,4.701417,30.418646,42.5,9.039827779582199,1.3971693546122994,one>5-other<=5,False,False,False,,-7.7482386,4.8143225
O=C(c1nn[nH]c1N(Cc1ccccc1)Cc1ccccc1)c1oc(Br)cc1Br,O=C(c1nn[nH]c1N(Cc1ccccc1)Cc1ccccc1)c1oc(Br)cc1Br,中毒,17.605564,39.501667,42.5,2.4140095710651472,1.0759039612176369,both<5,True,False,False,,-0.23873813,11.509497
O=C(Sc1cccc(Cl)c1)c1nn[nH]c1N(Cc1ccccc1)Cc1ccccc1,O=C(Sc1cccc(Cl)c1)c1nn[nH]c1N(Cc1ccccc1)Cc1ccccc1,中毒,6.6162024,29.393785,42.5,6.423624525150561,1.4458838832766858,one>5-other<=5,True,False,False,,-13.336254,-7.112935
O=C(c1nn[nH]c1N(Cc1ccccc1)Cc1ccccc1)c1occc1[N+](=O)[O-],O=C(c1nn[nH]c1N(Cc1ccccc1)Cc1ccccc1)c1occc1[N+](=O)[O-],低毒,15.931103,58.308685,250.0,15.692573200989285,4.287525949178926,one>10-other<5,True,False,False,,-19.907152,5.025466
O=C(c1cccnc1Oc1ccc2c(c1)OCO2)c1nn[nH]c1N(Cc1ccccc1)Cc1ccccc1,O=C(c1cccnc1Oc1ccc2c(c1)OCO2)c1nn[nH]c1N(Cc1ccccc1)Cc1ccccc1,中毒,37.114212,14.2869425,42.5,1.1451138986865732,2.974744246363419,both<5,False,False,False,,-7.462821,5.8342156
O=C(c1nn[nH]c1N(Cc1ccccc1)Cc1ccccc1)N1CCN(CC=CN2c3nocc3Sc3cnnn32)CC1,O=C(c1nn[nH]c1N(Cc1ccccc1)Cc1ccccc1)N1CCN(CC=CN2c3nocc3Sc3cnnn32)CC1,中毒,11.557615,26.141651,42.5,3.677229255343771,1.625758067078472,both<5,False,False,False,,2.9645846,37.004295
O=C(c1nn[nH]c1N(Cc1ccccc1)Cc1ccccc1)n1cc2ccccc2nc1=O,O=C(c1nn[nH]c1N(Cc1ccccc1)Cc1ccccc1)n1cc2ccccc2nc1=O,中毒,9.364468,32.341473,42.5,4.5384318682065015,1.3141021746288426,both<5,False,False,False,,-6.6302166,31.733616
O=C(c1nn[nH]c1N(Cc1ccccc1)Cc1ccccc1)C(O)c1sccc1Cl,O=C(c1nn[nH]c1N(Cc1ccccc1)Cc1ccccc1)C(O)c1sccc1Cl,高毒,5.2122355,38.660896,5.0,0.959281291108201,0.1293296461623652,both<5,True,False,False,,-19.127607,-25.970453
O=C(c1nn[nH]c1N(Cc1ccccc1)Cc1ccccc1)S(=O)(=O)c1n[nH]s1,O=C(c1nn[nH]c1N(Cc1ccccc1)Cc1ccccc1)S(=O)(=O)c1n[nH]s1,中毒,13.423169,45.024048,42.5,3.1661673931096304,0.943940002906891,both<5,True,False,False,,-10.958484,-30.521841
O=C(c1nn[nH]c1N(Cc1ccccc1)Cc1ccccc1)N1CCc2c[nH]nc2C1,O=C(c1nn[nH]c1N(Cc1ccccc1)Cc1ccccc1)N1CCc2c[nH]nc2C1,中毒,10.55571,23.58872,42.5,4.026256878978297,1.8017086132693934,both<5,False,False,False,,-1.4451541,40.275227
O=C(c1cn(Cl)cn1)c1nn[nH]c1N(Cc1ccccc1)Cc1ccccc1,O=C(c1cn(Cl)cn1)c1nn[nH]c1N(Cc1ccccc1)Cc1ccccc1,中毒,5.037307,54.278397,42.5,8.437047811459575,0.7830002790981466,one>5-other<=5,False,False,False,,15.736921,-3.6441765
O=C(c1cc(Cl)ccc1-c1ccc(Cl)cc1I)c1nn[nH]c1N(Cc1ccccc1)Cc1ccccc1,O=C(c1cc(Cl)ccc1-c1ccc(Cl)cc1I)c1nn[nH]c1N(Cc1ccccc1)Cc1ccccc1,低毒,4.217886,32.63324,250.0,59.27139804157817,7.660900358039839,both<5,True,True,False,,-13.61173,13.86514
O=C(c1nn[nH]c1N(Cc1ccccc1)Cc1ccccc1)C(S)(c1cccc(NCc2ccc(F)cc2)c1)n1sc2cc(F)cc(F)c21,O=C(c1nn[nH]c1N(Cc1ccccc1)Cc1ccccc1)C(S)(c1cccc(NCc2ccc(F)cc2)c1)n1sc2cc(F)cc(F)c21,中毒,5.47398,19.976124,42.5,7.764003522117362,2.1275398570813837,one>5-other<=5,False,False,False,,-15.388099,-10.291902
O=C(c1nn[nH]c1N(Cc1ccccc1)Cc1ccccc1)n1cccn1,O=C(c1nn[nH]c1N(Cc1ccccc1)Cc1ccccc1)n1cccn1,高毒,16.884289,14.951705,5.0,0.2961332869864997,0.33441002213459936,both<5,True,False,False,,-2.8493621,30.526014
O=C(c1nn[nH]c1N(Cc1ccccc1)Cc1ccccc1)S(=O)(=O)c1c(F)c(F)c(F)c2[nH]c(=O)c(Cl)nc12,O=C(c1nn[nH]c1N(Cc1ccccc1)Cc1ccccc1)S(=O)(=O)c1c(F)c(F)c(F)c2[nH]c(=O)c(Cl)nc12,中毒,6.121919,53.031006,42.5,6.942267612492096,0.801417947832255,one>5-other<=5,True,False,False,,-13.589588,-28.747267
O=C(c1n[nH]cc1Br)c1nn[nH]c1N(Cc1ccccc1)Cc1ccccc1,O=C(c1n[nH]cc1Br)c1nn[nH]c1N(Cc1ccccc1)Cc1ccccc1,中毒,16.226608,56.669506,42.5,2.6191549090235005,0.7499624224710906,both<5,False,False,False,,1.2826202,13.34721
O=C(c1nn[nH]c1N(Cc1ccccc1)Cc1ccccc1)c1nnnn1C1CS(=O)(=O)CO1,O=C(c1nn[nH]c1N(Cc1ccccc1)Cc1ccccc1)c1nnnn1C1CS(=O)(=O)CO1,低毒,8.897112,29.450325,250.0,28.09900560991027,8.488870666113192,both<5,False,False,False,,9.520685,5.9257855
O=C(c1cccc(CCc2coc3c(Br)nc(NN=Cc4ccncc4)cc23)c1)c1nn[nH]c1N(Cc1ccccc1)Cc1ccccc1,O=C(c1cccc(CCc2coc3c(Br)nc(NN=Cc4ccncc4)cc23)c1)c1nn[nH]c1N(Cc1ccccc1)Cc1ccccc1,中毒,7.1512976,54.259506,42.5,5.9429773975564935,0.7832728886252669,one>5-other<=5,True,False,False,,8.284965,15.781944
O=C(c1nn[nH]c1N(Cc1ccccc1)Cc1ccccc1)C(Sn1cnc[n+]1[O-])c1ccccc1,O=C(c1nn[nH]c1N(Cc1ccccc1)Cc1ccccc1)C(Sn1cnc[n+]1[O-])c1ccccc1,中毒,9.739866,37.194077,42.5,4.36350972385041,1.142655052308463,both<5,True,False,False,,-21.955523,-21.120508
O=C(NOCc1cncnn1)c1nn[nH]c1N(Cc1ccccc1)Cc1ccccc1,O=C(NOCc1cncnn1)c1nn[nH]c1N(Cc1ccccc1)Cc1ccccc1,低毒,9.216318,25.348381,250.0,27.12580012972643,9.86256282008701,both<5,True,False,False,,-8.214747,-17.431658
O=C(c1nn[nH]c1N(Cc1ccccc1)Cc1ccccc1)C(Cl)I,O=C(c1nn[nH]c1N(Cc1ccccc1)Cc1ccccc1)C(Cl)I,高毒,6.1503696,42.472836,5.0,0.8129592732118083,0.11772230137869767,both<5,True,False,False,,-18.739435,-21.81467
O=C(c1nn[nH]c1N(Cc1ccccc1)Cc1ccccc1)N(O)C1CC1C(Cl)Cl,O=C(c1nn[nH]c1N(Cc1ccccc1)Cc1ccccc1)N(O)C1CC1C(Cl)Cl,低毒,23.378658,19.50927,250.0,10.693513716655591,12.814421041894443,both>10,False,False,False,,-15.929401,-21.489899
O=C(c1nn[nH]c1N(Cc1ccccc1)Cc1ccccc1)c1c(Cl)sc[n+]1CS(=O)(=O)c1ccc(Cl)cc1,O=C(c1nn[nH]c1N(Cc1ccccc1)Cc1ccccc1)c1c(Cl)sc[n+]1CS(=O)(=O)c1ccc(Cl)cc1,中毒,4.010624,30.251978,42.5,10.596854753773977,1.4048668156508641,one>10-other<5,True,False,False,,3.762714,0.48024994
O=C(Oc1ccccc1)N(C(=O)c1nn[nH]c1N(Cc1ccccc1)Cc1ccccc1)c1cccc([N+](=O)[O-])c1,O=C(Oc1ccccc1)N(C(=O)c1nn[nH]c1N(Cc1ccccc1)Cc1ccccc1)c1cccc([N+](=O)[O-])c1,中毒,18.205042,31.574812,42.5,2.334518096689917,1.346009597776861,both<5,False,False,False,,-24.790836,-0.7304188
O=C(c1nn[nH]c1N(Cc1ccccc1)Cc1ccccc1)c1[nH]cnc1Sc1ccccc1I,O=C(c1nn[nH]c1N(Cc1ccccc1)Cc1ccccc1)c1[nH]cnc1Sc1ccccc1I,低毒,30.617907,30.293102,250.0,8.165156423004355,8.252703866378557,both5-10,False,False,False,,30.07709,13.240151
O=C(c1n[nH][nH]1)c1nn[nH]c1N(Cc1ccccc1)Cc1ccccc1,O=C(c1n[nH][nH]1)c1nn[nH]c1N(Cc1ccccc1)Cc1ccccc1,低毒,5.38902,41.86337,250.0,46.39062389822268,5.971807811936784,both<5,True,True,False,,14.283295,4.1277766
O=C(O)C(C(=O)c1nn[nH]c1N(Cc1ccccc1)Cc1ccccc1)c1noc2cccc(Br)c12,O=C(O)C(C(=O)c1nn[nH]c1N(Cc1ccccc1)Cc1ccccc1)c1noc2cccc(Br)c12,中毒,9.30282,36.678726,42.5,4.568507183843178,1.1587098199648485,both<5,True,False,False,,-20.518723,-21.593145
O=C(c1nn[nH]c1N(Cc1ccccc1)Cc1ccccc1)S(=O)(=O)c1c(F)cc(C2CC2)c(F)c1F,O=C(c1nn[nH]c1N(Cc1ccccc1)Cc1ccccc1)S(=O)(=O)c1c(F)cc(C2CC2)c(F)c1F,中毒,13.511104,27.936745,42.5,3.1455608660846663,1.521293908792882,both<5,True,False,False,,-12.6951885,-28.374748
O=C(c1nn[nH]c1N(Cc1ccccc1)Cc1ccccc1)S(=O)(=O)C(F)(F)F,O=C(c1nn[nH]c1N(Cc1ccccc1)Cc1ccccc1)S(=O)(=O)C(F)(F)F,高毒,15.316387,38.125317,5.0,0.32644774515034125,0.1311464505331195,both<5,False,False,False,,-13.261553,-27.113285
O=C(c1nn[nH]c1N(Cc1ccccc1)Cc1ccccc1)[SH](c1ccncn1)C1(O)CSOC1C[N+](=O)[O-],O=C(c1nn[nH]c1N(Cc1ccccc1)Cc1ccccc1)[SH](c1ccncn1)C1(O)CSOC1C[N+](=O)[O-],中毒,16.562117,14.418226,42.5,2.5660970756335075,2.94765805446523,both<5,False,False,False,,-1.3777187,-12.596945
O=C(c1ccc(N2CCOCC2)c([N+](=O)[O-])c1)c1nn[nH]c1N(Cc1ccccc1)Cc1ccccc1,O=C(c1ccc(N2CCOCC2)c([N+](=O)[O-])c1)c1nn[nH]c1N(Cc1ccccc1)Cc1ccccc1,低毒,29.79199,18.23625,250.0,8.391517317238627,13.708958804578794,both<5,True,False,False,,8.278429,21.823456
O=C(C1=NN2C3=CC=CC(=C1)C2C=CC=C3)c1nn[nH]c1N(Cc1ccccc1)Cc1ccccc1,O=C(C1=NN2C3=CC=CC(=C1)C2C=CC=C3)c1nn[nH]c1N(Cc1ccccc1)Cc1ccccc1,中毒,12.27202,26.336575,42.5,3.463162543737706,1.613725398993605,both<5,True,False,False,,16.981337,3.9619875
O=C(c1nn[nH]c1N(Cc1ccccc1)Cc1ccccc1)[P+](c1c[nH]cn1)(c1c(F)cccc1F)C(Br)(Br)I,O=C(c1nn[nH]c1N(Cc1ccccc1)Cc1ccccc1)[P+](c1c[nH]cn1)(c1c(F)cccc1F)C(Br)(Br)I,中毒,8.82737,19.369602,42.5,4.814571044376751,2.1941596941434316,both<5,False,False,False,,-17.30179,-13.131382
O=C(c1nn[nH]c1N(Cc1ccccc1)Cc1ccccc1)C1CSCN1S(=O)(=O)c1ccoc1,O=C(c1nn[nH]c1N(Cc1ccccc1)Cc1ccccc1)C1CSCN1S(=O)(=O)c1ccoc1,中毒,4.8280764,59.919422,42.5,8.80267760468745,0.7092858806281543,one>5-other<=5,True,False,False,,3.6216986,-39.919895
O=C(c1nn[nH]c1N(Cc1ccccc1)Cc1ccccc1)S(=O)O,O=C(c1nn[nH]c1N(Cc1ccccc1)Cc1ccccc1)S(=O)O,高毒,11.291231,40.16329,5.0,0.4428215134381716,0.12449179337648882,both<5,False,False,False,,-5.1647058,-16.118658
O=C(C1=CCc2ccccc2C1)c1nn[nH]c1N(Cc1ccccc1)Cc1ccccc1,O=C(C1=CCc2ccccc2C1)c1nn[nH]c1N(Cc1ccccc1)Cc1ccccc1,中毒,9.719785,60.52652,42.5,4.3725247009064505,0.7021715439777473,both<5,True,False,False,,18.03808,9.027926
O=C(c1nn[nH]c1N(Cc1ccccc1)Cc1ccccc1)C(S)c1c[nH]c2ccccc12,O=C(c1nn[nH]c1N(Cc1ccccc1)Cc1ccccc1)C(S)c1c[nH]c2ccccc12,高毒,7.1281767,34.020462,5.0,0.7014416463609832,0.146970373300633,both<5,True,False,False,,-23.594145,-21.800558
O=C(c1nn[nH]c1N(Cc1ccccc1)Cc1ccccc1)C(O)c1ccc(I)cc1,O=C(c1nn[nH]c1N(Cc1ccccc1)Cc1ccccc1)C(O)c1ccc(I)cc1,高毒,4.861774,34.65295,5.0,1.028431185818181,0.14428786005231878,both<5,True,False,False,,-24.419565,-25.19185
O=C(c1nn[nH]c1N(Cc1ccccc1)Cc1ccccc1)n1cnc2cc(F)ccc2c1=O,O=C(c1nn[nH]c1N(Cc1ccccc1)Cc1ccccc1)n1cnc2cc(F)ccc2c1=O,中毒,10.008549,28.048843,42.5,4.246369778476381,1.5152140143534618,both<5,False,False,False,,-7.176501,28.026543
O=C(c1nn[nH]c1N(Cc1ccccc1)Cc1ccccc1)c1cn(Br)c2ccccc12,O=C(c1nn[nH]c1N(Cc1ccccc1)Cc1ccccc1)c1cn(Br)c2ccccc12,中毒,16.444077,15.029689,42.5,2.584517209448727,2.8277364887590157,both<5,False,False,False,,-4.7588882,16.933853
O=C(c1nn[nH]c1N(Cc1ccccc1)Cc1ccccc1)C1(c2ccccc2)OC2CC(F)(Cl)CCC2C1C(F)(F)F,O=C(c1nn[nH]c1N(Cc1ccccc1)Cc1ccccc1)C1(c2ccccc2)OC2CC(F)(Cl)CCC2C1C(F)(F)F,中毒,6.804398,26.98486,42.5,6.2459603333020794,1.5749572167504295,one>5-other<=5,False,False,False,,-0.6752775,-21.314539
O=C(c1nn[nH]c1N(Cc1ccccc1)Cc1ccccc1)N1CCCOCC1,O=C(c1nn[nH]c1N(Cc1ccccc1)Cc1ccccc1)N1CCCOCC1,中毒,8.323097,22.088709,42.5,5.106272340692413,1.9240599348744192,one>5-other<=5,False,False,False,,4.6416736,34.655178
O=C(c1ccc(Br)cc1Cl)c1nn[nH]c1N(Cc1ccccc1)Cc1ccccc1,O=C(c1ccc(Br)cc1Cl)c1nn[nH]c1N(Cc1ccccc1)Cc1ccccc1,中毒,3.4502869,34.049644,42.5,12.317816237252618,1.2481775139851683,one>10-other<5,True,True,False,,-12.401665,11.412235
O=C(c1ccc([N+](=O)[O-])cc1Cl)c1nn[nH]c1N(Cc1ccccc1)Cc1ccccc1,O=C(c1ccc([N+](=O)[O-])cc1Cl)c1nn[nH]c1N(Cc1ccccc1)Cc1ccccc1,低毒,3.9724393,34.312782,250.0,62.933623680543086,7.285914619222656,both<5,True,False,False,,-24.021204,5.1019416
O=C(c1nn[nH]c1N(Cc1ccccc1)Cc1ccccc1)[SH]1SC([N+](=O)[O-])N=C1NNO,O=C(c1nn[nH]c1N(Cc1ccccc1)Cc1ccccc1)[SH]1SC([N+](=O)[O-])N=C1NNO,中毒,9.402348,32.37445,42.5,4.520147520598046,1.3127636145170032,both<5,True,False,False,,-9.267561,-13.721726
O=C(c1nn[nH]c1N(Cc1ccccc1)Cc1ccccc1)c1[nH]cnc1Br,O=C(c1nn[nH]c1N(Cc1ccccc1)Cc1ccccc1)c1[nH]cnc1Br,低毒,6.4241095,54.16356,250.0,38.915899549968756,4.615649340626798,one>10-other<5,False,False,False,,29.81596,12.3165655
O=C(c1ccc(Br)nc1)c1nn[nH]c1N(Cc1ccccc1)Cc1ccccc1,O=C(c1ccc(Br)nc1)c1nn[nH]c1N(Cc1ccccc1)Cc1ccccc1,中毒,5.8860874,20.880424,42.5,7.220416061100282,2.0353992811640222,one>5-other<=5,True,False,False,,11.811766,11.813232
O=C(OCN1CC(O[N+](=O)[O-])CN(c2cnccn2)C1)c1nn[nH]c1N(Cc1ccccc1)Cc1ccccc1,O=C(OCN1CC(O[N+](=O)[O-])CN(c2cnccn2)C1)c1nn[nH]c1N(Cc1ccccc1)Cc1ccccc1,中毒,7.3199587,11.805491,42.5,5.80604368710441,3.600019685754705,one>5-other<=5,True,False,False,,-22.733686,-5.4136634
O=C(c1nn[nH]c1N(Cc1ccccc1)Cc1ccccc1)c1cccc2c(F)cc(Cl)cc12,O=C(c1nn[nH]c1N(Cc1ccccc1)Cc1ccccc1)c1cccc2c(F)cc(Cl)cc12,中毒,9.059922,22.491127,42.5,4.690989613376362,1.8896340765849573,both<5,False,False,False,,-6.783965,17.368927
O=C(C1=C(O)OCO1)c1nn[nH]c1N(Cc1ccccc1)Cc1ccccc1,O=C(C1=C(O)OCO1)c1nn[nH]c1N(Cc1ccccc1)Cc1ccccc1,中毒,5.1077585,71.86216,42.5,8.320675302091905,0.5914099993654518,one>5-other<=5,True,False,False,,19.672377,5.9534526
NS(=O)(=O)c1ccc(C(=O)c2nn[nH]c2N(Cc2ccccc2)Cc2ccccc2)cc1,NS(=O)(=O)c1ccc(C(=O)c2nn[nH]c2N(Cc2ccccc2)Cc2ccccc2)cc1,中毒,6.1503696,29.762762,42.5,6.91015382230037,1.4279588702150694,one>5-other<=5,True,False,False,,13.876756,10.768037
N#Cc1ccc2[nH]c(C(=O)c3nn[nH]c3N(Cc3ccccc3)Cc3ccccc3)cc2c1,N#Cc1ccc2[nH]c(C(=O)c3nn[nH]c3N(Cc3ccccc3)Cc3ccccc3)cc2c1,低毒,26.828897,31.82146,250.0,9.318310775131755,7.856333430332864,both5-10,True,False,False,,5.343845,10.400086
O=C(c1nn[nH]c1N(Cc1ccccc1)Cc1ccccc1)N1CCCO1,O=C(c1nn[nH]c1N(Cc1ccccc1)Cc1ccccc1)N1CCCO1,低毒,8.732165,18.477818,250.0,28.629784251671836,13.529736032685244,both>10,True,False,False,,2.2527285,32.2258
O=C(SCc1ccco1)c1nn[nH]c1N(Cc1ccccc1)Cc1ccccc1,O=C(SCc1ccco1)c1nn[nH]c1N(Cc1ccccc1)Cc1ccccc1,低毒,5.508372,70.04605,250.0,45.38546053171427,3.5690806262451633,one>10-other<5,True,True,False,,-11.300361,-8.099118
O=C(C1=Cc2cccc3cccc1c23)c1nn[nH]c1N(Cc1ccccc1)Cc1ccccc1,O=C(C1=Cc2cccc3cccc1c23)c1nn[nH]c1N(Cc1ccccc1)Cc1ccccc1,高毒,4.869371,52.65105,5.0,1.0268266681672027,0.09496486774717694,both<5,False,False,False,,10.025873,23.85803
O=C(c1nn[nH]c1N(Cc1ccccc1)Cc1ccccc1)N1CCc2ncn(Cc3ccncc3)c2CC1,O=C(c1nn[nH]c1N(Cc1ccccc1)Cc1ccccc1)N1CCc2ncn(Cc3ccncc3)c2CC1,中毒,17.041504,26.759102,42.5,2.4939113355253153,1.5882446279400557,both<5,True,False,False,,1.6193789,42.22525
O=C(c1nn[nH]c1N(Cc1ccccc1)Cc1ccccc1)N1CCc2onc(C(F)(F)F)c2C1=O,O=C(c1nn[nH]c1N(Cc1ccccc1)Cc1ccccc1)N1CCc2onc(C(F)(F)F)c2C1=O,中毒,14.269847,42.33573,42.5,2.978308036519242,1.0038801740279428,both<5,False,False,False,,-4.9530897,42.717953
O=C(c1cc(OO)[nH]n1)c1nn[nH]c1N(Cc1ccccc1)Cc1ccccc1,O=C(c1cc(OO)[nH]n1)c1nn[nH]c1N(Cc1ccccc1)Cc1ccccc1,低毒,11.9262295,24.87028,250.0,20.962199327121787,10.05215864075515,both>10,True,False,False,,18.749481,-1.0754025
O=C(Sc1cccnc1Cl)c1nn[nH]c1N(Cc1ccccc1)Cc1ccccc1,O=C(Sc1cccnc1Cl)c1nn[nH]c1N(Cc1ccccc1)Cc1ccccc1,中毒,8.565454,18.0928,42.5,4.961791867658153,2.3490007074637425,both<5,True,False,False,,-13.00315,-4.4017467
O=C(c1nn[nH]c1N(Cc1ccccc1)Cc1ccccc1)S(=O)(=O)c1cccnc1,O=C(c1nn[nH]c1N(Cc1ccccc1)Cc1ccccc1)S(=O)(=O)c1cccnc1,中毒,7.1028624,64.723854,42.5,5.983503214140823,0.6566358054018229,one>5-other<=5,True,False,False,,-15.527188,-32.804825
O=C(c1nn[nH]c1N(Cc1ccccc1)Cc1ccccc1)c1cc(-c2cccs2)nn1C1CC1,O=C(c1nn[nH]c1N(Cc1ccccc1)Cc1ccccc1)c1cc(-c2cccs2)nn1C1CC1,中毒,17.34636,17.506626,42.5,2.4500817462568514,2.4276522500680597,both<5,False,False,False,,7.399924,-4.919647
O=C(c1cc2c(cn1)=c1[nH]cc(Cc3ccccc3Cl)c1=2)c1nn[nH]c1N(Cc1ccccc1)Cc1ccccc1,O=C(c1cc2c(cn1)=c1[nH]cc(Cc3ccccc3Cl)c1=2)c1nn[nH]c1N(Cc1ccccc1)Cc1ccccc1,中毒,33.869125,16.724968,42.5,1.254830173498725,2.541110990466469,both<5,False,False,False,,4.2115474,2.0412917
O=C(NC1N=C(O)CS1(=O)=O)c1nn[nH]c1N(Cc1ccccc1)Cc1ccccc1,O=C(NC1N=C(O)CS1(=O)=O)c1nn[nH]c1N(Cc1ccccc1)Cc1ccccc1,低毒,34.38847,34.874435,250.0,7.269878537777343,7.168574917414433,both5-10,False,False,False,,3.7537782,-22.586699
O=C(c1nn[nH]c1N(Cc1ccccc1)Cc1ccccc1)N(CP(=O)(O)O)c1ccccc1,O=C(c1nn[nH]c1N(Cc1ccccc1)Cc1ccccc1)N(CP(=O)(O)O)c1ccccc1,低毒,10.829085,24.619438,250.0,23.08597633133363,10.154577858357287,both>10,False,False,False,,-12.253897,-19.718475
O=C(c1nn[nH]c1N(Cc1ccccc1)Cc1ccccc1)S(=S)c1ccccc1,O=C(c1nn[nH]c1N(Cc1ccccc1)Cc1ccccc1)S(=S)c1ccccc1,中毒,6.6162024,48.29879,42.5,6.423624525150561,0.8799392282912264,one>5-other<=5,True,False,False,,-5.297066,-15.904564
O=C(c1nc[nH]c1F)c1nn[nH]c1N(Cc1ccccc1)Cc1ccccc1,O=C(c1nc[nH]c1F)c1nn[nH]c1N(Cc1ccccc1)Cc1ccccc1,低毒,5.052193,54.16356,250.0,49.48346193425311,4.615649340626798,one>10-other<5,False,False,False,,28.098555,11.229636
O=C(c1nn[nH]c1N(Cc1ccccc1)Cc1ccccc1)C1(c2ccccc2)ON=C1c1ccccc1COC(F)F,O=C(c1nn[nH]c1N(Cc1ccccc1)Cc1ccccc1)C1(c2ccccc2)ON=C1c1ccccc1COC(F)F,中毒,9.401775,37.990963,42.5,4.520423005230395,1.118687094086033,both<5,True,False,False,,-15.914811,-19.467186
O=C(c1nn[nH]c1N(Cc1ccccc1)Cc1ccccc1)N1C(=O)N(O)CC1c1cccc(Cl)c1,O=C(c1nn[nH]c1N(Cc1ccccc1)Cc1ccccc1)N1C(=O)N(O)CC1c1cccc(Cl)c1,中毒,22.611437,36.87901,42.5,1.8795797896436217,1.1524170524100295,both<5,False,False,False,,4.8738403,24.956305
O=C(c1nn[nH]c1N(Cc1ccccc1)Cc1ccccc1)N1CCN(c2cccs2)CC1,O=C(c1nn[nH]c1N(Cc1ccccc1)Cc1ccccc1)N1CCN(c2cccs2)CC1,中毒,8.542568,12.310563,42.5,4.975084775444574,3.4523197679911144,both<5,False,False,False,,3.4635162,38.420082
O=C(c1ccc(F)cc1-c1nncs1)c1nn[nH]c1N(Cc1ccccc1)Cc1ccccc1,O=C(c1ccc(F)cc1-c1nncs1)c1nn[nH]c1N(Cc1ccccc1)Cc1ccccc1,低毒,5.276799,21.544544,250.0,47.37720728039859,11.603865925405524,both>10,False,False,False,,-11.137395,19.104734
O=C(c1nn[nH]c1N(Cc1ccccc1)Cc1ccccc1)c1sccc1O,O=C(c1nn[nH]c1N(Cc1ccccc1)Cc1ccccc1)c1sccc1O,低毒,6.3385205,21.033192,250.0,39.44138068181684,11.885975271846517,both>10,True,False,False,,5.054909,-8.442456
N#CC(C(=O)c1nn[nH]c1N(Cc1ccccc1)Cc1ccccc1)c1cc[nH]n1,N#CC(C(=O)c1nn[nH]c1N(Cc1ccccc1)Cc1ccccc1)c1cc[nH]n1,中毒,4.0294,43.504787,42.5,10.547476051024967,0.9769039898988587,one>10-other<5,True,False,False,,-23.303808,-20.171593
O=C(c1nn[nH]c1N(Cc1ccccc1)Cc1ccccc1)N1CCC(F)(F)C1,O=C(c1nn[nH]c1N(Cc1ccccc1)Cc1ccccc1)N1CCC(F)(F)C1,中毒,25.021065,11.862548,42.5,1.6985687859409662,3.58270415428456,both<5,False,False,False,,-0.48595345,37.87494
O=C(c1ccc2c(c1F)S(=O)(=O)CC2CBr)c1nn[nH]c1N(Cc1ccccc1)Cc1ccccc1,O=C(c1ccc2c(c1F)S(=O)(=O)CC2CBr)c1nn[nH]c1N(Cc1ccccc1)Cc1ccccc1,中毒,11.969211,85.34343,42.5,3.5507770729415666,0.4979879529097905,both<5,False,False,False,,-8.06085,16.32823
O=C(c1nn[nH]c1N(Cc1ccccc1)Cc1ccccc1)N1CCN2CC3CC[O+](O)OC(C2)C31,O=C(c1nn[nH]c1N(Cc1ccccc1)Cc1ccccc1)N1CCN2CC3CC[O+](O)OC(C2)C31,中毒,25.623804,24.36038,42.5,1.6586139981401669,1.7446361674161077,both<5,False,False,False,,0.5934341,32.562695
O=C(c1nn[nH]c1N(Cc1ccccc1)Cc1ccccc1)N(F)c1cccs1,O=C(c1nn[nH]c1N(Cc1ccccc1)Cc1ccccc1)N(F)c1cccs1,低毒,8.045771,12.105145,250.0,31.072224153533575,20.652375498186927,both>10,False,False,False,,-1.5963886,-9.428295
O=C(c1nn[nH]c1N(Cc1ccccc1)Cc1ccccc1)c1c(Oc2ccccc2Cl)oc2cccnc12,O=C(c1nn[nH]c1N(Cc1ccccc1)Cc1ccccc1)c1c(Oc2ccccc2Cl)oc2cccnc12,低毒,28.201918,13.634651,250.0,8.864645305329942,18.335636166998334,both<5,True,False,False,,-0.8904638,6.4872127
O=C(c1nn[nH]c1N(Cc1ccccc1)Cc1ccccc1)S(=O)(=O)c1cccc2cscc12,O=C(c1nn[nH]c1N(Cc1ccccc1)Cc1ccccc1)S(=O)(=O)c1cccc2cscc12,中毒,4.5958953,64.723854,42.5,9.247382115079951,0.6566358054018229,one>5-other<=5,True,False,False,,-14.850236,-29.949324
O=C(c1coc(=O)[nH]1)c1nn[nH]c1N(Cc1ccccc1)Cc1ccccc1,O=C(c1coc(=O)[nH]1)c1nn[nH]c1N(Cc1ccccc1)Cc1ccccc1,低毒,10.612266,101.04092,250.0,23.557645464220364,2.4742450880296816,one>10-other<5,True,False,False,,10.987129,3.5768557
O=C(c1nn[nH]c1N(Cc1ccccc1)Cc1ccccc1)C1(Sc2ccns2)CS1,O=C(c1nn[nH]c1N(Cc1ccccc1)Cc1ccccc1)C1(Sc2ccns2)CS1,中毒,11.157512,46.432095,42.5,3.809092923225178,0.9153151500056158,both<5,True,False,False,,-2.5150073,-19.9771
O=C(c1nn[nH]c1N(Cc1ccccc1)Cc1ccccc1)N(c1ccccc1)C12CC3CC(CC(C3)C1)C2,O=C(c1nn[nH]c1N(Cc1ccccc1)Cc1ccccc1)N(c1ccccc1)C12CC3CC(CC(C3)C1)C2,中毒,32.706207,42.925076,42.5,1.2994475330019162,0.9900972569040997,both<5,False,False,False,,-0.9363861,-24.57537
O=C(c1nn[nH]c1N(Cc1ccccc1)Cc1ccccc1)N1CCc2cccc3c2N1CC3,O=C(c1nn[nH]c1N(Cc1ccccc1)Cc1ccccc1)N1CCc2cccc3c2N1CC3,中毒,15.93157,27.665827,42.5,2.6676592451340326,1.5361912007907805,both<5,False,False,False,,-3.1836174,40.02658
O=C(c1nn[nH]c1N(Cc1ccccc1)Cc1ccccc1)c1cc2cc(S(=O)F)ccc2oc1=O,O=C(c1nn[nH]c1N(Cc1ccccc1)Cc1ccccc1)c1cc2cc(S(=O)F)ccc2oc1=O,低毒,10.05996,58.308685,250.0,24.85099344331389,4.287525949178926,one>10-other<5,False,False,False,,-5.47562,0.47534758
O=C(Oc1ccccc1Cl)c1nn[nH]c1N(Cc1ccccc1)Cc1ccccc1,O=C(Oc1ccccc1Cl)c1nn[nH]c1N(Cc1ccccc1)Cc1ccccc1,低毒,10.256438,34.70963,250.0,24.374934065803355,7.202612070483034,both<5,True,False,False,,-29.707523,-8.241468
O=C(c1ccnc(O)n1)c1nn[nH]c1N(Cc1ccccc1)Cc1ccccc1,O=C(c1ccnc(O)n1)c1nn[nH]c1N(Cc1ccccc1)Cc1ccccc1,低毒,5.037307,48.35956,250.0,49.62969300858574,5.169608656489016,both<5,True,False,False,,20.10195,-6.2890053
O=C(c1nn[nH]c1N(Cc1ccccc1)Cc1ccccc1)C([O-])(O)Cl,O=C(c1nn[nH]c1N(Cc1ccccc1)Cc1ccccc1)C([O-])(O)Cl,低毒,6.273191,80.50812,250.0,39.85212629425758,3.105276834187657,one>10-other<5,True,False,False,,-13.194366,-13.291907
O=C(c1nn[nH]c1N(Cc1ccccc1)Cc1ccccc1)n1nc(CI)ccc1=O,O=C(c1nn[nH]c1N(Cc1ccccc1)Cc1ccccc1)n1nc(CI)ccc1=O,中毒,16.709982,8.900377,42.5,2.543389933035236,4.775078628691795,both<5,False,False,False,,-5.43648,-8.355566
O=C(c1nn[nH]c1N(Cc1ccccc1)Cc1ccccc1)N1CCc2ncc(I)cc2C1,O=C(c1nn[nH]c1N(Cc1ccccc1)Cc1ccccc1)N1CCc2ncc(I)cc2C1,中毒,22.178028,17.7204,42.5,1.9163110444264926,2.3983657253786594,both<5,False,False,False,,-0.524159,41.357887
O=C(c1nn[nH]c1N(Cc1ccccc1)Cc1ccccc1)c1csc2ccccc2c1=O,O=C(c1nn[nH]c1N(Cc1ccccc1)Cc1ccccc1)c1csc2ccccc2c1=O,中毒,7.6737475,32.407604,42.5,5.538363100949047,1.3114206159764235,one>5-other<=5,True,False,False,,-5.6609077,20.838442
O=C(c1nn[nH]c1N(Cc1ccccc1)Cc1ccccc1)S1=NNN1CCN1CCc2cccc(c2O)C1,O=C(c1nn[nH]c1N(Cc1ccccc1)Cc1ccccc1)S1=NNN1CCN1CCc2cccc(c2O)C1,中毒,11.094813,22.157724,42.5,3.8306188666722005,1.9180670361269956,both<5,False,False,False,,-3.1024563,41.227474
O=C(c1nn[nH]c1N(Cc1ccccc1)Cc1ccccc1)c1c[nH]c2ccc(-c3ccccc3)cc12,O=C(c1nn[nH]c1N(Cc1ccccc1)Cc1ccccc1)c1c[nH]c2ccc(-c3ccccc3)cc12,中毒,17.915283,37.490322,42.5,2.3722762291837647,1.1336258995054778,both<5,False,False,False,,-19.310478,22.300814
O=C(c1nn[nH]c1N(Cc1ccccc1)Cc1ccccc1)c1c(F)cccc1Br,O=C(c1nn[nH]c1N(Cc1ccccc1)Cc1ccccc1)c1c(F)cccc1Br,中毒,50.41282,20.880424,42.5,0.8430395284374094,2.0353992811640222,both<5,True,False,False,,1.6867615,6.7083054
O=C(C(=NNc1ccnc2cc(Cl)ccc12)C(F)(F)F)c1nn[nH]c1N(Cc1ccccc1)Cc1ccccc1,O=C(C(=NNc1ccnc2cc(Cl)ccc12)C(F)(F)F)c1nn[nH]c1N(Cc1ccccc1)Cc1ccccc1,中毒,13.353166,48.905144,42.5,3.1827657950182,0.8690292374969799,both<5,True,False,False,,-10.39391,12.529324
O=C(c1nn[nH]c1N(Cc1ccccc1)Cc1ccccc1)c1cc(Oc2ccc(CCOCc3ccoc3)cc2F)nc2ccccc12,O=C(c1nn[nH]c1N(Cc1ccccc1)Cc1ccccc1)c1cc(Oc2ccc(CCOCc3ccoc3)cc2F)nc2ccccc12,中毒,24.624779,30.951275,42.5,1.725903814202759,1.373125985924651,both<5,False,False,False,,-8.349517,14.806199
O=C(c1cnsn1)c1nn[nH]c1N(Cc1ccccc1)Cc1ccccc1,O=C(c1cnsn1)c1nn[nH]c1N(Cc1ccccc1)Cc1ccccc1,低毒,7.3410196,34.50007,250.0,34.05521489140283,7.246362108830503,both<5,True,False,False,,19.260088,-3.8456967
O=C(c1nn[nH]c1N(Cc1ccccc1)Cc1ccccc1)c1cc2ccccc2c2c(Br)cccc12,O=C(c1nn[nH]c1N(Cc1ccccc1)Cc1ccccc1)c1cc2ccccc2c2c(Br)cccc12,中毒,6.383442,34.50007,42.5,6.657850106572599,1.2318815585011855,one>5-other<=5,False,False,False,,-3.2486508,14.523699
O=C(c1cc(Cl)cs1)c1nn[nH]c1N(Cc1ccccc1)Cc1ccccc1,O=C(c1cc(Cl)cs1)c1nn[nH]c1N(Cc1ccccc1)Cc1ccccc1,中毒,5.02923,21.606764,42.5,8.450597805230622,1.9669766375011086,one>5-other<=5,True,True,False,,6.574847,-2.2112179
O=C(c1nn[nH]c1N(Cc1ccccc1)Cc1ccccc1)C1(Cl)CCCC1,O=C(c1nn[nH]c1N(Cc1ccccc1)Cc1ccccc1)C1(Cl)CCCC1,高毒,7.205759,22.30062,5.0,0.6938894292745567,0.22420901302295632,both<5,False,False,False,,-1.3413968,-20.15777
O=C(OC1CN2OC3CN(S(=O)(=O)O)CCC3NC12)c1nn[nH]c1N(Cc1ccccc1)Cc1ccccc1,O=C(OC1CN2OC3CN(S(=O)(=O)O)CCC3NC12)c1nn[nH]c1N(Cc1ccccc1)Cc1ccccc1,中毒,31.992006,25.240997,42.5,1.3284568651306203,1.6837686720536436,both<5,True,False,False,,-3.3002014,-30.799438
O=C(Oc1ccc(S(=O)(=O)NF)cc1O)c1nn[nH]c1N(Cc1ccccc1)Cc1ccccc1,O=C(Oc1ccc(S(=O)(=O)NF)cc1O)c1nn[nH]c1N(Cc1ccccc1)Cc1ccccc1,低毒,9.807257,41.341484,250.0,25.491327493508123,6.047194629007512,both<5,True,False,False,,-26.570883,-9.062021
O=C(c1nn[nH]c1N(Cc1ccccc1)Cc1ccccc1)[P+](c1ccccc1)(c1cccnc1)P(=O)(c1ccccc1)c1cccs1,O=C(c1nn[nH]c1N(Cc1ccccc1)Cc1ccccc1)[P+](c1ccccc1)(c1cccnc1)P(=O)(c1ccccc1)c1cccs1,中毒,6.7638607,9.872282,42.5,6.283393742866407,4.304982373882756,one>5-other<=5,False,False,False,,-0.9521777,-10.126899
O=C(c1nn[nH]c1N(Cc1ccccc1)Cc1ccccc1)c1cn2nnc1c1[nH]cc2Sc2ccccc2C1=O,O=C(c1nn[nH]c1N(Cc1ccccc1)Cc1ccccc1)c1cn2nnc1c1[nH]cc2Sc2ccccc2C1=O,中毒,10.7940645,28.289194,42.5,3.9373490866207073,1.5023404343015216,both<5,False,False,False,,-8.578729,0.39837354
O=C(c1nn[nH]c1N(Cc1ccccc1)Cc1ccccc1)C1CCN(c2nonc2N2CCOCC2)CC1,O=C(c1nn[nH]c1N(Cc1ccccc1)Cc1ccccc1)C1CCN(c2nonc2N2CCOCC2)CC1,中毒,18.126776,35.563454,42.5,2.3445978479570773,1.1950470277718244,both<5,False,False,False,,10.60435,-32.81756
O=C(c1ccc(Cl)c(Cl)c1Cl)c1nn[nH]c1N(Cc1ccccc1)Cc1ccccc1,O=C(c1ccc(Cl)c(Cl)c1Cl)c1nn[nH]c1N(Cc1ccccc1)Cc1ccccc1,低毒,8.848235,38.531574,250.0,28.254222452274377,6.488185507293317,both<5,True,False,False,,-10.344126,10.292717
O=C(c1nn[nH]c1N(Cc1ccccc1)Cc1ccccc1)C1CNCCNCCSC1,O=C(c1nn[nH]c1N(Cc1ccccc1)Cc1ccccc1)C1CNCCNCCSC1,中毒,3.9721262,30.78599,42.5,10.699559344312878,1.3804980772097957,one>10-other<5,True,False,False,,7.483267,-35.844673
O=C(c1conc1N1CCOCC1)c1nn[nH]c1N(Cc1ccccc1)Cc1ccccc1,O=C(c1conc1N1CCOCC1)c1nn[nH]c1N(Cc1ccccc1)Cc1ccccc1,中毒,10.612266,60.421627,42.5,4.004799728917462,0.70339052604459,both<5,False,False,False,,8.343829,30.232687
O=C(c1ccc(N(S(=O)(=O)c2ccc(F)cc2)S(=O)(=O)C2CC2)cc1)c1nn[nH]c1N(Cc1ccccc1)Cc1ccccc1,O=C(c1ccc(N(S(=O)(=O)c2ccc(F)cc2)S(=O)(=O)C2CC2)cc1)c1nn[nH]c1N(Cc1ccccc1)Cc1ccccc1,中毒,9.031979,18.176865,42.5,4.705502526079833,2.338136966963225,both<5,False,False,False,,11.154551,10.43649
O=C(c1cc(F)c(F)cc1F)c1nn[nH]c1N(Cc1ccccc1)Cc1ccccc1,O=C(c1cc(F)c(F)cc1F)c1nn[nH]c1N(Cc1ccccc1)Cc1ccccc1,中毒,16.313023,20.880424,42.5,2.6052804559890586,2.0353992811640222,both<5,True,False,False,,-9.779438,17.168085
O=C(O)c1ncoc1C(=O)c1nn[nH]c1N(Cc1ccccc1)Cc1ccccc1,O=C(O)c1ncoc1C(=O)c1nn[nH]c1N(Cc1ccccc1)Cc1ccccc1,低毒,3.065565,50.57576,250.0,81.55103545349715,4.943079451500086,one>10-other<5,True,False,False,,12.925488,1.7180157
CC1=NC(c2ccc[nH]2)N(C2CCSCC2)CCN1C(C(=O)c1nn[nH]c1N(Cc1ccccc1)Cc1ccccc1)c1cccc2sccc12,CC1=NC(c2ccc[nH]2)N(C2CCSCC2)CCN1C(C(=O)c1nn[nH]c1N(Cc1ccccc1)Cc1ccccc1)c1cccc2sccc12,中毒,8.265094,57.181202,42.5,5.14210727669885,0.7432512523958485,one>5-other<=5,True,False,False,,14.95848,-22.451937
O=C(c1ccc(Cl)nc1Cl)c1nn[nH]c1N(Cc1ccccc1)Cc1ccccc1,O=C(c1ccc(Cl)nc1Cl)c1nn[nH]c1N(Cc1ccccc1)Cc1ccccc1,中毒,4.604606,15.368224,42.5,9.229888507290308,2.7654464172307742,one>5-other<=5,True,False,False,,-11.389391,8.793406
O=C(c1ccoc1C(F)(F)F)c1nn[nH]c1N(Cc1ccccc1)Cc1ccccc1,O=C(c1ccoc1C(F)(F)F)c1nn[nH]c1N(Cc1ccccc1)Cc1ccccc1,低毒,8.681855,69.62934,250.0,28.795689400479503,3.5904404666193876,one>10-other<5,True,False,False,,-16.477848,8.466891
O=C(c1ccc(Oc2ccccc2)cc1)c1nn[nH]c1N(Cc1ccccc1)Cc1ccccc1,O=C(c1ccc(Oc2ccccc2)cc1)c1nn[nH]c1N(Cc1ccccc1)Cc1ccccc1,高毒,5.037307,29.80453,5.0,0.9925938601717147,0.16775973316807882,both<5,True,False,False,,14.89244,12.42993
O=C(c1ccc(Cl)nc1)c1nn[nH]c1N(Cc1ccccc1)Cc1ccccc1,O=C(c1ccc(Cl)nc1)c1nn[nH]c1N(Cc1ccccc1)Cc1ccccc1,中毒,6.393717,15.529057,42.5,6.647150632409912,2.7368049457220747,one>5-other<=5,True,False,False,,12.01605,12.079904
O=C(c1cccc(C(Cl)(Cl)Br)c1)c1nn[nH]c1N(Cc1ccccc1)Cc1ccccc1,O=C(c1cccc(C(Cl)(Cl)Br)c1)c1nn[nH]c1N(Cc1ccccc1)Cc1ccccc1,低毒,15.387692,59.86826,250.0,16.24675097474007,4.17583540928031,one>10-other<5,True,False,False,,7.8508387,14.42021
O=C(c1nn[nH]c1N(Cc1ccccc1)Cc1ccccc1)N1CC2OP1(=O)OCc1ccccc12,O=C(c1nn[nH]c1N(Cc1ccccc1)Cc1ccccc1)N1CC2OP1(=O)OCc1ccccc12,中毒,17.240406,29.212729,42.5,2.465139162035975,1.4548452491377988,both<5,False,False,False,,0.05506721,43.973213
O=C(c1nn[nH]c1N(Cc1ccccc1)Cc1ccccc1)C(c1ccccc1)P(=O)(O)O,O=C(c1nn[nH]c1N(Cc1ccccc1)Cc1ccccc1)C(c1ccccc1)P(=O)(O)O,中毒,8.99911,37.440536,42.5,4.7226892437141,1.1351333218092818,both<5,True,False,False,,-21.817116,-19.430721
O=C(c1nn[nH]c1N(Cc1ccccc1)Cc1ccccc1)C1C=Nc2ccccc2C=CC1,O=C(c1nn[nH]c1N(Cc1ccccc1)Cc1ccccc1)C1C=Nc2ccccc2C=CC1,高毒,8.4934435,21.504103,5.0,0.588689381403432,0.23251376725641612,both<5,True,False,False,,3.1411555,-34.4662
O=C(c1cc(F)c(N2CCc3c(Br)cc(F)cc3P2(=O)N2CCOCC2)cc1F)c1nn[nH]c1N(Cc1ccccc1)Cc1ccccc1,O=C(c1cc(F)c(N2CCc3c(Br)cc(F)cc3P2(=O)N2CCOCC2)cc1F)c1nn[nH]c1N(Cc1ccccc1)Cc1ccccc1,中毒,13.756285,42.153366,42.5,3.0894969099578846,1.008223163009094,both<5,False,False,False,,-9.61553,18.823412
O=C(c1nn[nH]c1N(Cc1ccccc1)Cc1ccccc1)C1C2C=CC(C=NO2)S1(=O)=O,O=C(c1nn[nH]c1N(Cc1ccccc1)Cc1ccccc1)C1C2C=CC(C=NO2)S1(=O)=O,中毒,8.8798485,43.094795,42.5,4.786117691084482,0.9861979851627094,both<5,False,False,False,,3.015915,-28.081453
O=C(c1ccc2c(c1NS(=O)(=O)c1ccc(Cl)c(F)c1)CSCC2)c1nn[nH]c1N(Cc1ccccc1)Cc1ccccc1,O=C(c1ccc2c(c1NS(=O)(=O)c1ccc(Cl)c(F)c1)CSCC2)c1nn[nH]c1N(Cc1ccccc1)Cc1ccccc1,中毒,33.499935,34.84849,42.5,1.26865917799542,1.219565037107777,both<5,False,False,False,,-14.366716,17.367935
O=C(c1nn[nH]c1N(Cc1ccccc1)Cc1ccccc1)c1c(Cl)cc(Cl)cc1OC(F)(F)F,O=C(c1nn[nH]c1N(Cc1ccccc1)Cc1ccccc1)c1c(Cl)cc(Cl)cc1OC(F)(F)F,中毒,4.198986,16.61195,42.5,10.121491236217507,2.558399224654541,one>10-other<5,True,False,False,,5.4725146,6.326121
O=C(NC1SC(Cl)OC1(OCCO)C1=NN2c3ccccc3-c3cccc1c3C2(F)F)c1nn[nH]c1N(Cc1ccccc1)Cc1ccccc1,O=C(NC1SC(Cl)OC1(OCCO)C1=NN2c3ccccc3-c3cccc1c3C2(F)F)c1nn[nH]c1N(Cc1ccccc1)Cc1ccccc1,中毒,6.1406474,13.503714,42.5,6.921094345850244,3.147282295818765,one>5-other<=5,True,False,False,,2.1838737,-21.999601
O=C(c1nn[nH]c1N(Cc1ccccc1)Cc1ccccc1)c1c(F)cc(-c2ccc(F)cc2)cc1I,O=C(c1nn[nH]c1N(Cc1ccccc1)Cc1ccccc1)c1c(F)cc(-c2ccc(F)cc2)cc1I,中毒,13.7733135,37.892868,42.5,3.0856772409921547,1.1215830905171917,both<5,False,False,False,,2.8133872,8.000449
O=C(c1cc(Cl)on1)c1nn[nH]c1N(Cc1ccccc1)Cc1ccccc1,O=C(c1cc(Cl)on1)c1nn[nH]c1N(Cc1ccccc1)Cc1ccccc1,低毒,13.758853,27.989208,250.0,18.17011926793607,8.932014081999032,both<5,True,True,False,,15.470818,-1.8423846
Nc1nonc1-n1nnc2cc(C(=O)c3nn[nH]c3N(Cc3ccccc3)Cc3ccccc3)ccc21,Nc1nonc1-n1nnc2cc(C(=O)c3nn[nH]c3N(Cc3ccccc3)Cc3ccccc3)ccc21,中毒,37.088203,44.456512,42.5,1.1459169375232334,0.955990429478588,both<5,False,False,False,,14.65486,18.609253
O=C(c1nn[nH]c1N(Cc1ccccc1)Cc1ccccc1)N(C1=CC=COC1)c1ccccn1,O=C(c1nn[nH]c1N(Cc1ccccc1)Cc1ccccc1)N(C1=CC=COC1)c1ccccn1,中毒,13.547917,18.347473,42.5,3.1370136088079077,2.3163952877870426,both<5,False,False,False,,2.3597255,-15.064226
O=C(c1coc([N+](=O)[O-])n1)c1nn[nH]c1N(Cc1ccccc1)Cc1ccccc1,O=C(c1coc([N+](=O)[O-])n1)c1nn[nH]c1N(Cc1ccccc1)Cc1ccccc1,低毒,9.808639,44.610962,250.0,25.487735862233283,5.6040037872305914,both<5,True,False,False,,14.011867,-9.166628
O=C(O)c1cc(Cc2ccc3c(c2)CCON3C(=O)c2ccccc2C(=O)O)cc(C(=O)c2nn[nH]c2N(Cc2ccccc2)Cc2ccccc2)n1,O=C(O)c1cc(Cc2ccc3c(c2)CCON3C(=O)c2ccccc2C(=O)O)cc(C(=O)c2nn[nH]c2N(Cc2ccccc2)Cc2ccccc2)n1,中毒,7.1630516,31.60988,42.5,5.933225442631183,1.3445163347662186,one>5-other<=5,True,False,False,,15.113068,-3.1614447
O=C(c1cc(Br)[nH]n1)c1nn[nH]c1N(Cc1ccccc1)Cc1ccccc1,O=C(c1cc(Br)[nH]n1)c1nn[nH]c1N(Cc1ccccc1)Cc1ccccc1,低毒,4.220263,56.669506,250.0,59.23801431332597,4.41154366159465,one>10-other<5,False,False,False,,18.64382,-0.98958516
O=C(c1nn[nH]c1N(Cc1ccccc1)Cc1ccccc1)c1cccc2c1[nH]c1cco[n+]12,O=C(c1nn[nH]c1N(Cc1ccccc1)Cc1ccccc1)c1cccc2c1[nH]c1cco[n+]12,中毒,28.691126,20.689705,42.5,1.4812942510517015,2.0541617195605255,both<5,False,False,False,,1.2414399,15.7157135
O=C(c1cc2nsnc2s1)c1nn[nH]c1N(Cc1ccccc1)Cc1ccccc1,O=C(c1cc2nsnc2s1)c1nn[nH]c1N(Cc1ccccc1)Cc1ccccc1,中毒,46.618584,29.353004,42.5,0.9116536014907703,1.4478926926865816,both<5,False,False,False,,3.189687,-4.596295
O=C(c1nn[nH]c1N(Cc1ccccc1)Cc1ccccc1)c1cccc2c(F)cccc12,O=C(c1nn[nH]c1N(Cc1ccccc1)Cc1ccccc1)c1cccc2c(F)cccc12,低毒,7.5008483,21.234655,250.0,33.32956353750015,11.77320752326798,both>10,False,False,False,,-6.7262793,16.758482
O=C(c1nn[nH]c1N(Cc1ccccc1)Cc1ccccc1)c1sc2ccccc2c1Br,O=C(c1nn[nH]c1N(Cc1ccccc1)Cc1ccccc1)c1sc2ccccc2c1Br,中毒,8.482227,24.775297,42.5,5.010476611861484,1.7154183863063277,one>5-other<=5,False,False,False,,-0.29988807,-1.8917203
O=C(c1c[nH]nc1-c1cocn1)c1nn[nH]c1N(Cc1ccccc1)Cc1ccccc1,O=C(c1c[nH]nc1-c1cocn1)c1nn[nH]c1N(Cc1ccccc1)Cc1ccccc1,中毒,7.140232,30.879324,42.5,5.952187547967629,1.3763254661922002,one>5-other<=5,True,False,False,,-23.677395,13.988309
O=C(c1nn[nH]c1N(Cc1ccccc1)Cc1ccccc1)C(O)CS,O=C(c1nn[nH]c1N(Cc1ccccc1)Cc1ccccc1)C(O)CS,低毒,4.0294,83.59449,250.0,62.0439767707351,2.9906277315646044,one>10-other<5,True,False,False,,-21.609703,-23.120047
O=C(c1cc([N+](=O)[O-])on1)c1nn[nH]c1N(Cc1ccccc1)Cc1ccccc1,O=C(c1cc([N+](=O)[O-])on1)c1nn[nH]c1N(Cc1ccccc1)Cc1ccccc1,低毒,5.037307,29.36747,250.0,49.62969300858574,8.51282047789612,both<5,True,True,False,,13.273647,-11.034335
O=C(c1nsnc1NO)c1nn[nH]c1N(Cc1ccccc1)Cc1ccccc1,O=C(c1nsnc1NO)c1nn[nH]c1N(Cc1ccccc1)Cc1ccccc1,低毒,5.8936567,20.880424,250.0,42.41848698109613,11.97293694802366,both>10,True,False,False,,24.231592,3.2137783
O=C(c1c[nH]nc1-c1ccco1)c1nn[nH]c1N(Cc1ccccc1)Cc1ccccc1,O=C(c1c[nH]nc1-c1ccco1)c1nn[nH]c1N(Cc1ccccc1)Cc1ccccc1,中毒,5.923411,31.01351,42.5,7.174919991201016,1.3703705256193188,one>5-other<=5,False,False,False,,-22.902979,14.257333
O=C(c1nn[nH]c1N(Cc1ccccc1)Cc1ccccc1)N1c2ccccc2Sc2ccccc21,O=C(c1nn[nH]c1N(Cc1ccccc1)Cc1ccccc1)N1c2ccccc2Sc2ccccc21,低毒,8.458021,31.889166,250.0,29.557741698678683,7.839653128589189,both<5,True,False,False,,-5.856579,36.535587
O=C(c1nc(Cl)co1)c1nn[nH]c1N(Cc1ccccc1)Cc1ccccc1,O=C(c1nc(Cl)co1)c1nn[nH]c1N(Cc1ccccc1)Cc1ccccc1,低毒,13.8679495,49.112568,250.0,18.027178423169193,5.090346731614604,both<5,True,False,False,,11.899995,-1.9273398
O=C(c1nn[nH]c1N(Cc1ccccc1)Cc1ccccc1)c1c(O)oc2ccccc2c1=O,O=C(c1nn[nH]c1N(Cc1ccccc1)Cc1ccccc1)c1c(O)oc2ccccc2c1=O,低毒,9.235495,26.047947,250.0,27.069474890084397,9.597685376125803,both<5,True,True,False,,-1.8072894,0.64508325
O=C(c1nn[nH]c1N(Cc1ccccc1)Cc1ccccc1)S(=O)(=O)Cc1cscn1,O=C(c1nn[nH]c1N(Cc1ccccc1)Cc1ccccc1)S(=O)(=O)Cc1cscn1,低毒,8.253096,113.12947,250.0,30.2916626681672,2.209857431489779,one>10-other<5,False,False,False,,-16.998178,-29.251879
O=C(c1cccc(S(=O)(=O)N2CCOCC2)c1)c1nn[nH]c1N(Cc1ccccc1)Cc1ccccc1,O=C(c1cccc(S(=O)(=O)N2CCOCC2)c1)c1nn[nH]c1N(Cc1ccccc1)Cc1ccccc1,中毒,7.000208,28.608725,42.5,6.071248168625846,1.4855607860888593,one>5-other<=5,True,False,False,,7.430348,17.878033
O=C(c1ccc(O)cc1O)c1nn[nH]c1N(Cc1ccccc1)Cc1ccccc1,O=C(c1ccc(O)cc1O)c1nn[nH]c1N(Cc1ccccc1)Cc1ccccc1,低毒,5.415689,19.154457,250.0,46.16217807189445,13.051792593233,both>10,True,False,False,,-10.835291,14.204214
O=C(c1nn[nH]c1N(Cc1ccccc1)Cc1ccccc1)C(c1ccccc1)c1sc(Cl)cc1Cl,O=C(c1nn[nH]c1N(Cc1ccccc1)Cc1ccccc1)C(c1ccccc1)c1sc(Cl)cc1Cl,中毒,8.681034,44.824024,42.5,4.895730163019751,0.9481522676321965,both<5,False,False,False,,-20.821144,-19.427288
O=C(c1nn[nH]c1N(Cc1ccccc1)Cc1ccccc1)C(c1ccc(F)cc1S(=O)(=O)Cc1ccncn1)n1cncn1,O=C(c1nn[nH]c1N(Cc1ccccc1)Cc1ccccc1)C(c1ccc(F)cc1S(=O)(=O)Cc1ccncn1)n1cncn1,中毒,7.252352,19.617376,42.5,5.860167846238021,2.166446725596736,one>5-other<=5,False,False,False,,-27.504398,-28.50698
O=C(c1nn[nH]c1N(Cc1ccccc1)Cc1ccccc1)C(Cl)c1ccc(O)cc1Cl,O=C(c1nn[nH]c1N(Cc1ccccc1)Cc1ccccc1)C(Cl)c1ccc(O)cc1Cl,高毒,8.357754,51.76034,5.0,0.5982468495722655,0.0965990563431384,both<5,True,False,False,,-17.436934,-21.167093
O=C(c1nn[nH]c1N(Cc1ccccc1)Cc1ccccc1)C(O)NO,O=C(c1nn[nH]c1N(Cc1ccccc1)Cc1ccccc1)C(O)NO,高毒,6.273191,83.59449,5.0,0.7970425258851517,0.05981255463129209,both<5,True,False,False,,-20.731504,-23.36393
O=C(C1=C(O)CC2CCCCC=CCC(O2)N1c1cccc(-c2nc3cc[nH]n3n2)c1F)c1nn[nH]c1N(Cc1ccccc1)Cc1ccccc1,O=C(C1=C(O)CC2CCCCC=CCC(O2)N1c1cccc(-c2nc3cc[nH]n3n2)c1F)c1nn[nH]c1N(Cc1ccccc1)Cc1ccccc1,低毒,16.528496,23.871758,250.0,15.125393139218474,10.472626272434566,both>10,False,False,False,,33.62863,-4.7445273
O=C(c1nn[nH]c1N(Cc1ccccc1)Cc1ccccc1)c1cc(F)c(F)c2c(O)c(Cl)n(C34CC5CC(CC(C5)C3)C4)c12,O=C(c1nn[nH]c1N(Cc1ccccc1)Cc1ccccc1)c1cc(F)c(F)c2c(O)c(Cl)n(C34CC5CC(CC(C5)C3)C4)c12,中毒,7.2102165,13.116937,42.5,5.894413850125027,3.2400856998855754,one>5-other<=5,False,False,False,,-9.842932,16.099968
O=C(NCCSSSc1nc[nH]c1C(=O)c1nn[nH]c1N(Cc1ccccc1)Cc1ccccc1)c1[nH]cnc1COCc1ccccc1,O=C(NCCSSSc1nc[nH]c1C(=O)c1nn[nH]c1N(Cc1ccccc1)Cc1ccccc1)c1[nH]cnc1COCc1ccccc1,中毒,7.84181,20.463524,42.5,5.419667143172304,2.0768661350801554,one>5-other<=5,False,False,False,,30.87867,12.606389
O=C(c1nn[nH]c1N(Cc1ccccc1)Cc1ccccc1)[SH](c1cccnc1Cl)[N+](=O)[O-],O=C(c1nn[nH]c1N(Cc1ccccc1)Cc1ccccc1)[SH](c1cccnc1Cl)[N+](=O)[O-],中毒,6.422111,17.36974,42.5,6.617761667464172,2.4467838896840135,one>5-other<=5,True,False,False,,-12.6708,-2.858436
O=C(c1csc(C2=CC=[N+]N2)n1)c1nn[nH]c1N(Cc1ccccc1)Cc1ccccc1,O=C(c1csc(C2=CC=[N+]N2)n1)c1nn[nH]c1N(Cc1ccccc1)Cc1ccccc1,低毒,6.273191,33.61609,250.0,39.85212629425758,7.436914882129361,both<5,True,False,False,,18.119541,-11.537239
O=C(c1nn[nH]c1N(Cc1ccccc1)Cc1ccccc1)n1nnc(Cl)n1,O=C(c1nn[nH]c1N(Cc1ccccc1)Cc1ccccc1)n1nnc(Cl)n1,高毒,14.033978,27.045012,5.0,0.3562781700242084,0.18487697472643014,both<5,True,False,False,,-1.0748057,26.62688
O=C(c1ccc2c(c1)C(F)C=C2Cl)c1nn[nH]c1N(Cc1ccccc1)Cc1ccccc1,O=C(c1ccc2c(c1)C(F)C=C2Cl)c1nn[nH]c1N(Cc1ccccc1)Cc1ccccc1,中毒,27.548717,31.313189,42.5,1.5427215721153185,1.3572555641011204,both<5,True,False,False,,10.170317,13.34267
O=C(c1nn[nH]c1N(Cc1ccccc1)Cc1ccccc1)c1nsc2sccc12,O=C(c1nn[nH]c1N(Cc1ccccc1)Cc1ccccc1)c1nsc2sccc12,中毒,4.4499626,18.81267,42.5,9.550642066070397,2.259115798023353,one>5-other<=5,False,False,False,,27.364756,-0.84905285
O=C(c1nn[nH]c1N(Cc1ccccc1)Cc1ccccc1)c1coc2c(Br)cccc2c1=O,O=C(c1nn[nH]c1N(Cc1ccccc1)Cc1ccccc1)c1coc2c(Br)cccc2c1=O,低毒,24.83002,59.342094,250.0,10.06845745593439,4.212861110024193,one>10-other<5,True,False,False,,-1.5898366,19.070934
