smiles,toxicity,aureus_MIC,ecoli_MIC
O=C(c1nnn(OCNI)c1-c1ccc(Br)cc1)N1CCC1,中毒,50.67282,26.656855
O=C(c1nnn([SH]2SC2CCBr)c1-c1ccc(Br)cc1)N1CCC1,低毒,11.90429,72.397064
O=C(c1nnn(N2C=NNN2)c1-c1ccc(Br)cc1)N1CCC1,中毒,16.423025,62.28099
O=C(c1nnn(-c2ccccc2)c1-c1ccc(Br)cc1)N1CCC1,中毒,11.923352,49.925213
O=C(c1nnn(Cc2nccs2)c1-c1ccc(Br)cc1)N1CCC1,中毒,16.814655,21.319351
N=Cn1nnc(C(=O)N2CCC2)c1-c1ccc(Br)cc1,低毒,9.972353,16.617321
O=Cn1nnc(C(=O)N2CCC2)c1-c1ccc(Br)cc1,低毒,14.7157955,18.145395
O=C(c1nnn(-c2cccnc2)c1-c1ccc(Br)cc1)N1CCC1,中毒,8.885191,49.925213
COc1cccc(-n2nnc(C(=O)N3CCC3)c2-c2ccc(Br)cc2)c1,中毒,11.196653,30.515831
O=C(c1nnn(-c2nc3nc4sc(Br)ccc-4nc[n+]2CC(CO)N3)c1-c1ccc(Br)cc1)N1CCC1,中毒,23.498104,16.19268
O=C(c1nnn(-c2ccc(F)cc2F)c1-c1ccc(Br)cc1)N1CCC1,中毒,10.721868,26.122887
O=C(c1nnn(S[N+](=O)[O-])c1-c1ccc(Br)cc1)N1CCC1,中毒,9.739305,41.466076
O=C(c1nnn(CC2Cc3nncn3C2)c1-c1ccc(Br)cc1)N1CCC1,中毒,19.270475,41.466076
O=C(c1nnn(-c2ccccc2Br)c1-c1ccc(Br)cc1)N1CCC1,中毒,13.798724,42.57803
O=C(c1nnn([N+](=O)[O-])c1-c1ccc(Br)cc1)N1CCC1,中毒,17.297848,84.19775
O=C(c1nnn(-c2ncno2)c1-c1ccc(Br)cc1)N1CCC1,中毒,14.040039,18.69015
O=C(c1nnn([O-])c1-c1ccc(Br)cc1)N1CCC1,中毒,33.291145,20.882534
O=C(c1nnn(CCO)c1-c1ccc(Br)cc1)N1CCC1,低毒,9.921383,19.617985
O=C(c1nnn(Cc2ccco2)c1-c1ccc(Br)cc1)N1CCC1,中毒,10.601123,15.02365
O=C(c1nnn(C2=NCN2CC=CF)c1-c1ccc(Br)cc1)N1CCC1,中毒,11.124961,17.2391
O=C(c1nnn(CCn2cncn2)c1-c1ccc(Br)cc1)N1CCC1,低毒,13.415327,22.765898
O=C(c1nnn(C2=Nc3ccc(Br)cc32)c1-c1ccc(Br)cc1)N1CCC1,中毒,3.1865633,40.167973
O=C(c1nnn(CCBr)c1-c1ccc(Br)cc1)N1CCC1,低毒,14.7157955,25.001862
N#Cc1cc(Cl)ccc1Cn1nnc(C(=O)N2CCC2)c1-c1ccc(Br)cc1,中毒,9.096299,14.137096
O=C(c1nnn(CC(Cl)Br)c1-c1ccc(Br)cc1)N1CCC1,中毒,11.965558,25.001862
O=C(c1nnn([SH]2c3ccc4c(cn(CCNC([O-])c5ccccc5)[s+]32)SCO4)c1-c1ccc(Br)cc1)N1CCC1,中毒,6.3836064,23.506872
O=C(c1nnn(N=Cc2cccn2-c2cccnc2)c1-c1ccc(Br)cc1)N1CCC1,中毒,8.105229,38.9894
Nc1ccccc1-n1nnc(C(=O)N2CCC2)c1-c1ccc(Br)cc1,中毒,26.304476,20.19103
O=C(c1nnn(CCS)c1-c1ccc(Br)cc1)N1CCC1,低毒,14.7157955,25.001862
O=C(c1nnn(CNc2cccc(Br)c2)c1-c1ccc(Br)cc1)N1CCC1,中毒,13.415327,16.09387
O=C(c1nnn(C2NC3=CC=CC=[N+]2C=C3)c1-c1ccc(Br)cc1)N1CCC1,中毒,6.7166123,22.119713
O=C(c1nnn(S(=O)(=O)Br)c1-c1ccc(Br)cc1)N1CCC1,低毒,11.776279,53.760555
O=C(c1nnn(C2CCP(=O)([O-])OCC2Br)c1-c1ccc(Br)cc1)N1CCC1,中毒,5.4667625,17.394081
O=C(c1nnn(-c2ccc(Br)cc2)c1-c1ccc(Br)cc1)N1CCC1,中毒,11.923352,49.925213
O=C(c1nnn(Cc2cnns2)c1-c1ccc(Br)cc1)N1CCC1,中毒,10.390404,14.137096
O=C(c1nnn(C=S)c1-c1ccc(Br)cc1)N1CCC1,低毒,16.814655,29.177204
O=C(c1nnn([SH](=O)=O)c1-c1ccc(Br)cc1)N1CCC1,低毒,11.90429,90.672066
O=C(c1nnn(C(=S)Nc2ccccc2)c1-c1ccc(Br)cc1)N1CCC1,中毒,14.259107,28.131508
O=C(c1nnn([SH]2c3cocc32)c1-c1ccc(Br)cc1)N1CCC1,低毒,10.314535,114.557335
O=C(c1nnn(S(=O)([O-])=S)c1-c1ccc(Br)cc1)N1CCC1,低毒,9.849177,141.9168
O=C(c1nnn(CC=S)c1-c1ccc(Br)cc1)N1CCC1,低毒,14.7157955,41.15582
O=Nn1nnc(C(=O)N2CCC2)c1-c1ccc(Br)cc1,中毒,33.291145,37.069782
O=C(c1nnn(CC=Cc2cc3ccccn3[n+]2CBr)c1-c1ccc(Br)cc1)N1CCC1,中毒,11.124961,15.210299
N#Cn1nnc(C(=O)N2CCC2)c1-c1ccc(Br)cc1,低毒,14.7157955,17.332457
O=C(c1nnn(CCC=CBr)c1-c1ccc(Br)cc1)N1CCC1,低毒,14.7157955,25.001862
O=C(c1nnn(CSc2ccc(Cl)cc2Cl)c1-c1ccc(Br)cc1)N1CCC1,低毒,13.415327,21.15253
O=C(c1nnn(SC=NPc2ccncc2)c1-c1ccc(Br)cc1)N1CCC1,低毒,15.455616,46.316193
O=C(c1nnn(-c2cc3ccccc3c3c2N3CBr)c1-c1ccc(Br)cc1)N1CCC1,中毒,7.2545424,20.19103
O=C=Cn1nnc(C(=O)N2CCC2)c1-c1ccc(Br)cc1,中毒,14.7157955,16.651882
O=C(c1nnn(N=C=NO)c1-c1ccc(Br)cc1)N1CCC1,低毒,48.00284,49.925213
O=C(c1nnn(CCc2c[nH]c3ccsc23)c1-c1ccc(Br)cc1)N1CCC1,中毒,14.594805,25.622446
O=C(c1nnn(CCCl)c1-c1ccc(Br)cc1)N1CCC1,低毒,14.7157955,25.001862
O=C(c1nnn(C=CCc2ccccn2)c1-c1ccc(Br)cc1)N1CCC1,中毒,13.082877,14.312071
O=C(c1nnn(SCBr)c1-c1ccc(Br)cc1)N1CCC1,低毒,8.13859,79.720116
O=C(c1nnn(C2=NC3=NSN=C2SC(CCl)C3)c1-c1ccc(Br)cc1)N1CCC1,中毒,3.9845347,25.623388
O=C(c1nnn(C=[IH])c1-c1ccc(Br)cc1)N1CCC1,低毒,17.840372,14.1541815
O=C(c1nnn(O[SH]=Cc2cn(-c3c(-c4ccccn4)ssc3=Nc3ccccc3Cl)n2CCN2CCOCC2)c1-c1ccc(Br)cc1)N1CCC1,中毒,7.9612103,9.173887
O=C(c1nnn(N=Nc2ccccn2)c1-c1ccc(Br)cc1)N1CCC1,中毒,48.00284,43.89676
O=C(c1nnn(N=CCO[N+](=O)[O-])c1-c1ccc(Br)cc1)N1CCC1,低毒,43.68126,111.372314
O=C(c1nnn(C23C(=CC=Cc4cc2cc2ccccc42)C3=NCl)c1-c1ccc(Br)cc1)N1CCC1,中毒,3.9571416,17.54973
O=C(c1nnn(N2NN=[N+]=CC(CCBr)=NC2CCO)c1-c1ccc(Br)cc1)N1CCC1,中毒,18.27921,38.07262
O=C(c1nnn(C=Cn2ccnc2)c1-c1ccc(Br)cc1)N1CCC1,中毒,14.7157955,16.651882
O=C(c1nnn(CCCBr)c1-c1ccc(Br)cc1)N1CCC1,低毒,14.7157955,25.001862
O=C(c1nnn(C(NC[123I])c2cccs2)c1-c1ccc(Br)cc1)N1CCC1,中毒,11.796797,16.023626
O=C(c1nnn(S(=O)(=O)c2ccccc2)c1-c1ccc(Br)cc1)N1CCC1,中毒,8.854232,62.294617
O=C(c1nnn(P(=O)(I)I)c1-c1ccc(Br)cc1)N1CCC1,中毒,10.4683075,18.701824
O=C(c1nnn(S#Cn2ccnc2)c1-c1ccc(Br)cc1)N1CCC1,低毒,6.4973874,88.895584
O=C(c1nnn(-c2cccc3ccccc23)c1-c1ccc(Br)cc1)N1CCC1,中毒,13.798724,49.925213
O=C(c1nnn(-c2ccc(C3=NCCCN3c3nc4cc(Cl)ccc4s3)cc2CCl)c1-c1ccc(Br)cc1)N1CCC1,中毒,6.8103485,55.03453
O=C(c1nnn(C2=C3SSC=C32)c1-c1ccc(Br)cc1)N1CCC1,中毒,6.9562984,17.355185
O=C(c1nnn(CCN=CO)c1-c1ccc(Br)cc1)N1CCC1,低毒,14.7157955,20.843096
O=C(c1nnn(C2OC[SH]23=NO3)c1-c1ccc(Br)cc1)N1CCC1,中毒,18.52549,21.833513
O=C(c1nnn(-c2cccs2)c1-c1ccc(Br)cc1)N1CCC1,中毒,6.052996,64.49796
O=C(c1nnn(Cc2nonc2C=CCl)c1-c1ccc(Br)cc1)N1CCC1,中毒,11.423429,12.515744
O=C(c1nnn(Oc2ccc(N3CCSc4cc[n+](Br)cc43)cc2Br)c1-c1ccc(Br)cc1)N1CCC1,中毒,5.1500187,15.552373
O=C(c1nnn(CCF)c1-c1ccc(Br)cc1)N1CCC1,低毒,14.7157955,25.001862
O=C(c1nnn(-c2c[nH]c3cccnc23)c1-c1ccc(Br)cc1)N1CCC1,中毒,16.0329,23.098198
O=C(c1nnn(C(O)c2ccncc2Br)c1-c1ccc(Br)cc1)N1CCC1,中毒,9.907745,12.910086
O=C(c1nnn(C(F)c2ccco2)c1-c1ccc(Br)cc1)N1CCC1,中毒,6.9825587,22.14021
O=C(c1nnn(CSCBr)c1-c1ccc(Br)cc1)N1CCC1,低毒,13.415327,16.651882
O=C(c1nnn(Cc2cnc3[nH]nnc3c2)c1-c1ccc(Br)cc1)N1CCC1,中毒,4.836695,22.190926
O=C(c1nnn(Oc2ccc(F)cc2)c1-c1ccc(Br)cc1)N1CCC1,中毒,28.185287,12.975376
O=C(c1nnn(-c2ccc(Nc3nc4cc(F)cn[n+]4cc3Cl)cc2)c1-c1ccc(Br)cc1)N1CCC1,中毒,12.425459,32.045963
O=C(c1nnn(C2Sc3ccccc32)c1-c1ccc(Br)cc1)N1CCC1,中毒,8.696008,14.045648
O=C(c1nnn(CC2c3c[nH]c2c3Br)c1-c1ccc(Br)cc1)N1CCC1,中毒,10.091483,21.319351
N=S(N)(=S)n1nnc(C(=O)N2CCC2)c1-c1ccc(Br)cc1,低毒,14.064521,41.390125
O=C(c1nnn(-c2nonc2Nc2ccc(F)cc2)c1-c1ccc(Br)cc1)N1CCC1,中毒,6.0008683,12.318773
N=Nn1nnc(C(=O)N2CCC2)c1-c1ccc(Br)cc1,中毒,33.291145,55.15302
O=CNn1nnc(C(=O)N2CCC2)c1-c1ccc(Br)cc1,中毒,23.238869,55.15302
O=C(c1nnn(C=Cc2ccc(Br)s2)c1-c1ccc(Br)cc1)N1CCC1,中毒,15.667969,25.130816
O=C(c1nnn(N=CNOCBr)c1-c1ccc(Br)cc1)N1CCC1,低毒,28.891598,47.59105
O=C(c1nnn(C(=S)S)c1-c1ccc(Br)cc1)N1CCC1,中毒,14.259107,27.139992
O=C(c1nnn([SH]2SN2[N+](OI)c2ccccc2)c1-c1ccc(Br)cc1)N1CCC1,低毒,9.947689,20.904476
O=C(c1nnn(-c2ccco2)c1-c1ccc(Br)cc1)N1CCC1,中毒,8.3712635,60.267403
O=C(c1nnn(C=Cc2ccoc2C=CSC(=S)N2SCCS2)c1-c1ccc(Br)cc1)N1CCC1,中毒,18.079569,22.437904
O=C(c1nnn(-c2nc3nonc3[nH]c2=S)c1-c1ccc(Br)cc1)N1CCC1,中毒,26.908335,56.755527
O=C(c1nnn(-c2ccsc2)c1-c1ccc(Br)cc1)N1CCC1,中毒,11.689742,33.677425
O=C(c1nnn(O[SH](=O)=O)c1-c1ccc(Br)cc1)N1CCC1,中毒,45.729736,20.882534
O=C(c1nnn(C2CCCS2)c1-c1ccc(Br)cc1)N1CCC1,低毒,8.309643,38.058735
O=C(c1nnn(CC=NO)c1-c1ccc(Br)cc1)N1CCC1,低毒,11.712073,27.710857
O=C(c1nnn(C2C=[PH]=N2)c1-c1ccc(Br)cc1)N1CCC1,中毒,19.637897,37.92194
O=C(c1nnn(N=N[N+](=O)Br)c1-c1ccc(Br)cc1)N1CCC1,中毒,27.365192,55.15302
O=C(c1nnn(C=C=S)c1-c1ccc(Br)cc1)N1CCC1,中毒,14.7157955,37.37827
O=C(c1nnn(-c2cccc(Br)c2)c1-c1ccc(Br)cc1)N1CCC1,中毒,11.923352,49.925213
O=C(c1nnn(CC(Cl)(Cl)Cl)c1-c1ccc(Br)cc1)N1CCC1,低毒,14.7157955,20.66404
O=C(c1nnn(N(Cl)OCl)c1-c1ccc(Br)cc1)N1CCC1,低毒,12.277533,27.837418
O=C(c1nnn(S(=O)(=O)[N+]([O-])OSSc2ccc(Br)cc2)c1-c1ccc(Br)cc1)N1CCC1,中毒,3.4724772,46.76066
O=C(c1nnn(CCn2soc2=S)c1-c1ccc(Br)cc1)N1CCC1,低毒,15.639815,69.4623
O=C(c1nnn(S(=O)(=O)[O-])c1-c1ccc(Br)cc1)N1CCC1,低毒,9.849177,90.672066
O=C(c1nnn(-[n+]2ccccc2)c1-c1ccc(Br)cc1)N1CCC1,中毒,25.406092,24.02771
O=C(c1nnn(C(CCl)Cn2cncn2)c1-c1ccc(Br)cc1)N1CCC1,中毒,12.189661,22.765898
O=C(c1nnn(CCN=NO)c1-c1ccc(Br)cc1)N1CCC1,中毒,14.7157955,25.44526
O=C(c1nnn(Cc2cccc3sc(N4CCOCC4)nc23)c1-c1ccc(Br)cc1)N1CCC1,中毒,5.8130693,15.9567
O=C(c1nnn(C=N[P+](c2ccccc2)N2COc3sccc32)c1-c1ccc(Br)cc1)N1CCC1,中毒,6.572387,12.358752
N=S1(=O)CCNC1n1nnc(C(=O)N2CCC2)c1-c1ccc(Br)cc1,中毒,13.415327,28.533375
O=C(c1nnn(Cc2ccns2)c1-c1ccc(Br)cc1)N1CCC1,中毒,6.5450435,17.095165
O=C(c1nnn(Cc2conn2)c1-c1ccc(Br)cc1)N1CCC1,低毒,8.850995,13.219941
O=C(c1nnn(C2CC2Cl)c1-c1ccc(Br)cc1)N1CCC1,中毒,10.04174,25.001862
O=C(c1nnn(-c2csc(-c3ccccc3Br)n2)c1-c1ccc(Br)cc1)N1CCC1,中毒,9.195906,35.170273
O=C(c1nnn(C=Nc2ccccn2)c1-c1ccc(Br)cc1)N1CCC1,低毒,7.0292077,18.107738
O=C(c1nnn(-c2nnnn2O)c1-c1ccc(Br)cc1)N1CCC1,中毒,24.199738,24.27908
O=C(c1nnn(-c2ccnc3ccsc23)c1-c1ccc(Br)cc1)N1CCC1,中毒,9.899725,43.970272
O=C(c1nnn(C2c3ccccc32)c1-c1ccc(Br)cc1)N1CCC1,中毒,6.4863405,16.023626
O=C(c1nnn(CCCCCl)c1-c1ccc(Br)cc1)N1CCC1,低毒,10.035304,25.001862
[O]n1nnc(C(=O)N2CCC2)c1-c1ccc(Br)cc1,中毒,33.291145,20.882534
O=C(c1nnn(Cc2ccc(F)cc2F)c1-c1ccc(Br)cc1)N1CCC1,中毒,9.096299,15.842161
O=C(c1nnn(SC[18F])c1-c1ccc(Br)cc1)N1CCC1,中毒,6.4702015,60.89405
O=C(c1nnn(C23C=CC2[S+]3[O-])c1-c1ccc(Br)cc1)N1CCC1,中毒,8.05488,25.376644
O=C(c1nnn(CCNI)c1-c1ccc(Br)cc1)N1CCC1,低毒,14.7157955,25.001862
O=C(c1nnn(C2=NCCO2)c1-c1ccc(Br)cc1)N1CCC1,中毒,7.155142,16.108147
O=C(c1nnn([SH]2ON2CS2=NCS2)c1-c1ccc(Br)cc1)N1CCC1,低毒,15.938324,16.743084
O=C(c1nnn(C2=c3c(Cl)cccc3=N2)c1-c1ccc(Br)cc1)N1CCC1,中毒,10.497294,14.827586
O=C(c1nnn(CC=NBr)c1-c1ccc(Br)cc1)N1CCC1,低毒,11.712073,27.710857
O=C(c1nnn(C2CN2CCOCCBr)c1-c1ccc(Br)cc1)N1CCC1,中毒,13.26564,27.226135
O=C(c1nnn(N=Cc2ccc(Br)cn2)c1-c1ccc(Br)cc1)N1CCC1,中毒,17.538828,49.925213
O=C(c1nnn(CC=CBr)c1-c1ccc(Br)cc1)N1CCC1,低毒,13.47821,24.69289
O=C(c1nnn(C2CCCC2)c1-c1ccc(Br)cc1)N1CCC1,低毒,11.713761,25.001862
O=C(c1nnn(-c2cc(Br)ccc2Cl)c1-c1ccc(Br)cc1)N1CCC1,中毒,8.643074,28.562063
O=C(c1nnn(-c2sc(Br)c(F)c2O)c1-c1ccc(Br)cc1)N1CCC1,中毒,7.807344,53.326653
O=C(c1nnn(C=Cc2n[nH]cc2Br)c1-c1ccc(Br)cc1)N1CCC1,中毒,7.8309283,19.031351
O=C(c1nnn(C2=[PH](C(Cl)(Cl)Cl)C2Cl)c1-c1ccc(Br)cc1)N1CCC1,中毒,27.106215,19.47019
O=C(c1nnn(-c2ccc3nc[nH]c3c2S)c1-c1ccc(Br)cc1)N1CCC1,中毒,7.673298,27.837418
O=C(c1nnn(CCCNF)c1-c1ccc(Br)cc1)N1CCC1,低毒,14.7157955,25.001862
O=C(c1nnn([C](SCl)c2ccccc2)c1-c1ccc(Br)cc1)N1CCC1,中毒,5.7409945,13.934675
O=C(c1nnn(-c2ncc(CCl)s2)c1-c1ccc(Br)cc1)N1CCC1,中毒,28.68211,13.76286
O=C(c1nnn(Cc2c(Cl)cccc2Cl)c1-c1ccc(Br)cc1)N1CCC1,中毒,5.816992,15.02365
O=C(c1nnn(-c2nsnc2CO)c1-c1ccc(Br)cc1)N1CCC1,中毒,18.421913,21.865059
O=C(c1nnn([N+]F)c1-c1ccc(Br)cc1)N1CCC1,低毒,33.291145,120.62216
O=C(c1nnn(S(=O)(=O)I)c1-c1ccc(Br)cc1)N1CCC1,中毒,13.579444,90.672066
O=C(c1nnn(CCI)c1-c1ccc(Br)cc1)N1CCC1,中毒,14.7157955,38.861324
O=C(c1nnn(S(F)(F)(F)(F)NCl)c1-c1ccc(Br)cc1)N1CCC1,低毒,8.590971,38.5536
O=C(c1nnn(CCCCl)c1-c1ccc(Br)cc1)N1CCC1,低毒,14.7157955,25.001862
O=C(c1nnn(C(COI)NCc2nc3ccc(Cl)cc3s2)c1-c1ccc(Br)cc1)N1CCC1,中毒,14.443459,31.378881
O=C(c1nnn(CC2=CC=CC=CO2)c1-c1ccc(Br)cc1)N1CCC1,低毒,10.460317,21.111927
O=C(c1nnn([11SH3])c1-c1ccc(Br)cc1)N1CCC1,低毒,11.90429,92.90239
O=CCn1nnc(C(=O)N2CCC2)c1-c1ccc(Br)cc1,低毒,14.7157955,25.001862
O=C(c1nnn(CP(=O)(O)CI)c1-c1ccc(Br)cc1)N1CCC1,中毒,14.7157955,15.019077
O=C(c1nnn(C2CCCNC2I)c1-c1ccc(Br)cc1)N1CCC1,中毒,15.185098,34.129837
NCCn1nnc(C(=O)N2CCC2)c1-c1ccc(Br)cc1,低毒,14.7157955,25.001862
O=C(c1nnn(-c2nc3ccccc3s2)c1-c1ccc(Br)cc1)N1CCC1,中毒,8.046399,20.282017
O=C(c1nnn(-c2ccccc2C2=NS2(=O)=O)c1-c1ccc(Br)cc1)N1CCC1,中毒,9.28774,131.57332
O=C(c1nnn(CCc2cc(Cl)c3nsnc3c2)c1-c1ccc(Br)cc1)N1CCC1,中毒,7.4024506,25.001862
O=C(c1nnn(OCc2cnns2)c1-c1ccc(Br)cc1)N1CCC1,中毒,42.37184,21.728981
O=C(c1nnn(C2(Cl)CS2)c1-c1ccc(Br)cc1)N1CCC1,低毒,11.610726,25.001862
O=C(c1nnn(Cc2cccs2)c1-c1ccc(Br)cc1)N1CCC1,中毒,6.4863405,15.842161
O=C(c1nnn(C2=NC=CSC2)c1-c1ccc(Br)cc1)N1CCC1,低毒,9.384396,24.869268
O=C(c1nnn(C2CN2CI)c1-c1ccc(Br)cc1)N1CCC1,中毒,16.814655,29.819618
O=C(c1nnn(C(O)Nc2cccnc2)c1-c1ccc(Br)cc1)N1CCC1,中毒,13.415327,12.494154
O=C(c1nnn(-c2cccc(F)c2)c1-c1ccc(Br)cc1)N1CCC1,中毒,10.721868,24.50958
O=C(c1nnn(-c2cc([N+](=O)[O-])ccc2[143I])c1-c1ccc(Br)cc1)N1CCC1,中毒,18.083014,76.19437
O=C(c1nnn(CC(O)CCl)c1-c1ccc(Br)cc1)N1CCC1,低毒,9.921383,20.843096
O=C(c1nnn(-c2nonc2Br)c1-c1ccc(Br)cc1)N1CCC1,中毒,13.992033,20.343115
O=C(c1nnn(S(=O)O)c1-c1ccc(Br)cc1)N1CCC1,低毒,9.849177,90.672066
O=C(c1nnn(C=NS(=O)(=O)Cl)c1-c1ccc(Br)cc1)N1CCC1,低毒,9.444465,12.298765
O=C(c1nnn(Cc2ccccc2F)c1-c1ccc(Br)cc1)N1CCC1,中毒,9.096299,15.842161
O=C(c1nnn(-c2nscc2Br)c1-c1ccc(Br)cc1)N1CCC1,中毒,5.4509573,26.42684
O=C(c1nnn(C=Cc2ccsc2)c1-c1ccc(Br)cc1)N1CCC1,中毒,10.541491,15.051627
O=C(c1nnn(-c2ccc[nH]2)c1-c1ccc(Br)cc1)N1CCC1,中毒,17.533562,42.57803
O=C(c1nnn(CCNCl)c1-c1ccc(Br)cc1)N1CCC1,低毒,14.7157955,25.001862
O=C(c1nnn([121I])c1-c1ccc(Br)cc1)N1CCC1,低毒,52.13683,45.58551
O=C(c1nnn(S(Cl)(CCCl)OO)c1-c1ccc(Br)cc1)N1CCC1,低毒,13.397895,72.397064
O=C(c1nnn(-c2ccccc2F)c1-c1ccc(Br)cc1)N1CCC1,中毒,10.262888,26.122887
O=C(c1nnn(C23CC4CC(CC(O)(C4)C2OCc2ccccc2)C3)c1-c1ccc(Br)cc1)N1CCC1,中毒,4.526181,31.354267
O=C(c1nnn(NC=[IH])c1-c1ccc(Br)cc1)N1CCC1,中毒,35.31656,55.15302
O=C(c1nnn(C(NBr)c2ccncc2)c1-c1ccc(Br)cc1)N1CCC1,中毒,6.4863405,15.842161
O=C(c1nnn(-c2ccccc2Cl)c1-c1ccc(Br)cc1)N1CCC1,中毒,12.292116,28.562063
O=C(c1nnn(CCN[O+])c1-c1ccc(Br)cc1)N1CCC1,低毒,14.7157955,25.001862
O=C(c1nnn([14I])c1-c1ccc(Br)cc1)N1CCC1,低毒,52.13683,45.58551
O=C(c1nnn(CBr)c1-c1ccc(Br)cc1)N1CCC1,低毒,12.366438,16.651882
O=C(c1nnn(-n2c(O)cc3cc(Cl)sc32)c1-c1ccc(Br)cc1)N1CCC1,中毒,24.583231,18.18361
O=C(c1nnn(N=Cc2ccsc2)c1-c1ccc(Br)cc1)N1CCC1,中毒,4.8593864,118.13047
O=C(c1nnn(C2=COC2CCSc2ccsc2)c1-c1ccc(Br)cc1)N1CCC1,中毒,4.6735363,21.167295
N#CCn1nnc(C(=O)N2CCC2)c1-c1ccc(Br)cc1,低毒,20.46231,34.771385
O=C(c1nnn(C23CCNCC2=NCCO3)c1-c1ccc(Br)cc1)N1CCC1,中毒,5.4048533,18.129099
O=C(c1nnn(-c2cccnc2Cl)c1-c1ccc(Br)cc1)N1CCC1,中毒,8.357257,15.472514
O=C(c1nnn(-c2ccccn2)c1-c1ccc(Br)cc1)N1CCC1,中毒,12.292116,44.608845
O=C(c1nnn(OCc2ccccc2)c1-c1ccc(Br)cc1)N1CCC1,中毒,13.395416,21.728981
O=C(c1nnn(CCONCNCP=S)c1-c1ccc(Br)cc1)N1CCC1,低毒,9.921383,34.178833
O=C(c1nnn(C2C3CNN2CCNN=C2CCCCC23)c1-c1ccc(Br)cc1)N1CCC1,中毒,8.3426695,13.898333
O=C(c1nnn(-c2ccc(F)cc2)c1-c1ccc(Br)cc1)N1CCC1,中毒,10.721868,24.50958
O=C(c1nnn(CC2=CC3=CNN(CCc4ccc(F)c(F)c4)N3[IH]O2)c1-c1ccc(Br)cc1)N1CCC1,中毒,10.656324,36.480034
O=C(c1nnn(C23Cn4c(cn(-c5cocn5)c4=O)C(Br)=C4N=CC=CC=C2C(S4)S3)c1-c1ccc(Br)cc1)N1CCC1,中毒,4.2709303,15.967391
O=C(c1nnn(Cc2cc(C(F)(F)F)cc(C(F)(F)F)c2)c1-c1ccc(Br)cc1)N1CCC1,中毒,8.411774,15.02365
O=C(c1nn[nH]c1-c1ccc(Br)cc1)N1CCC1,低毒,33.291145,31.991331
N#CNCCn1nnc(C(=O)N2CCC2)c1-c1ccc(Br)cc1,低毒,14.7157955,29.281906
O=C(c1nnn(CCc2c[nH]cn2)c1-c1ccc(Br)cc1)N1CCC1,低毒,13.415327,34.771385
O=C(c1nnn(-c2cccnc2O)c1-c1ccc(Br)cc1)N1CCC1,中毒,8.885191,47.06901
O=C(c1nnn(C2=NC=CSS2(=O)=O)c1-c1ccc(Br)cc1)N1CCC1,中毒,12.606856,16.896032
O=C(c1nnn(N=S)c1-c1ccc(Br)cc1)N1CCC1,低毒,52.13683,49.91255
O=C(c1nnn(-c2cco[n+]2Cl)c1-c1ccc(Br)cc1)N1CCC1,中毒,5.730816,27.420805
O=C(c1nnn(N[N+](=O)[O-])c1-c1ccc(Br)cc1)N1CCC1,中毒,33.291145,120.62216
O=C(c1nnn(CC[114I])c1-c1ccc(Br)cc1)N1CCC1,中毒,14.7157955,38.861324
O=C(c1nnn(N=CBr)c1-c1ccc(Br)cc1)N1CCC1,低毒,33.987186,49.925213
O=C(c1nnn(CC2CO2)c1-c1ccc(Br)cc1)N1CCC1,低毒,9.921383,22.369738
O=C(c1nnn([S+][O-])c1-c1ccc(Br)cc1)N1CCC1,低毒,11.90429,92.90239
O=C(c1nnn(CCc2ccc(CCc3ccccc3)cc2)c1-c1ccc(Br)cc1)N1CCC1,中毒,14.7157955,25.001862
O=C(c1nnn(C(=CC2CS2)n2cnc3c(NCc4ccccc4)ncnc32)c1-c1ccc(Br)cc1)N1CCC1,中毒,8.9148445,17.54973
O=C(c1nnn(CCOCCBr)c1-c1ccc(Br)cc1)N1CCC1,低毒,9.921383,22.369738
O=C(c1nnn(-c2ncsn2)c1-c1ccc(Br)cc1)N1CCC1,中毒,29.863195,24.27908
O=[SH]n1nnc(C(=O)N2CCC2)c1-c1ccc(Br)cc1,低毒,11.90429,90.672066
O=C(c1nnn(C(C[P+]2c3ccc(O)cc32)c2c[nH]cn2)c1-c1ccc(Br)cc1)N1CCC1,中毒,11.739831,20.330248
O=C(c1nnn(N2CNCO2)c1-c1ccc(Br)cc1)N1CCC1,中毒,12.565768,20.178968
O=C(c1nnn(-c2c(Cl)cccc2I)c1-c1ccc(Br)cc1)N1CCC1,中毒,17.500116,28.562063
O=C(c1nnn(C2NO2)c1-c1ccc(Br)cc1)N1CCC1,中毒,9.062519,12.421817
Cc1ncsc1CN=C(S)C(Cn1nnc(C(=O)N2CCC2)c1-c1ccc(Br)cc1)c1cccnn1,中毒,8.069287,35.208435
O=C(c1nnn(CCn2c3ccncc3c3ccsc32)c1-c1ccc(Br)cc1)N1CCC1,中毒,18.206121,16.120358
O=C(c1nnn(C(SC2CO2)c2ccccc2)c1-c1ccc(Br)cc1)N1CCC1,中毒,10.53015,10.562643
O=C(c1nnn(CCCO)c1-c1ccc(Br)cc1)N1CCC1,低毒,14.7157955,20.843096
O=C(c1nnn(C(=O)Br)c1-c1ccc(Br)cc1)N1CCC1,中毒,12.366438,18.145395
O=C(c1nnn(C23CC4CC(CC(C4)C2)C3)c1-c1ccc(Br)cc1)N1CCC1,中毒,9.875283,22.477419
N=C(S)n1nnc(C(=O)N2CCC2)c1-c1ccc(Br)cc1,低毒,9.926978,22.312931
O=C(c1nnn(N=Cc2ccc(C(F)(F)F)s2)c1-c1ccc(Br)cc1)N1CCC1,中毒,26.244968,52.61498
O=C(c1nnn(C2ONCC(O)O2)c1-c1ccc(Br)cc1)N1CCC1,低毒,8.190548,13.188564
O=C(c1nnn(Cc2c[nH]c3ccnn23)c1-c1ccc(Br)cc1)N1CCC1,中毒,7.506826,12.131171
O=C(c1nnn(CC(O)Cc2ccc(Cl)nn2)c1-c1ccc(Br)cc1)N1CCC1,低毒,9.921383,27.226135
O=C(c1nnn(-c2ccoc2)c1-c1ccc(Br)cc1)N1CCC1,中毒,8.153864,33.677425
O=C(c1nnn(C=NCc2ccco2)c1-c1ccc(Br)cc1)N1CCC1,低毒,12.850153,16.617321
O=C(c1nnn(Cc2n[nH]cc2Cl)c1-c1ccc(Br)cc1)N1CCC1,中毒,6.3480463,13.219941
O=C(c1nnn(-c2ccoc2-c2nc3cccc(Br)c3[nH]2)c1-c1ccc(Br)cc1)N1CCC1,中毒,7.8347597,55.981754
O=C(c1nnn(-c2ccc(I)cc2)c1-c1ccc(Br)cc1)N1CCC1,中毒,12.292116,52.997784
O=[SH][SH](Cl)(Cl)(Cl)n1nnc(C(=O)N2CCC2)c1-c1ccc(Br)cc1,中毒,8.431232,71.60542
O=C(c1nnn([1114I])c1-c1ccc(Br)cc1)N1CCC1,低毒,52.13683,45.58551
O=C(c1nnn(-c2nc3ccccc3nc2I)c1-c1ccc(Br)cc1)N1CCC1,中毒,24.144394,38.278908
O=C(c1nnn(C23CCC2C3)c1-c1ccc(Br)cc1)N1CCC1,中毒,8.558038,25.001862
O=C[N+]1CC=C1n1nnc(C(=O)N2CCC2)c1-c1ccc(Br)cc1,中毒,5.0952086,13.699202
O=C(c1nnn(C2CC2Br)c1-c1ccc(Br)cc1)N1CCC1,中毒,10.512981,25.001862
O=C(c1nnn(Cc2c[nH]c3ccccc23)c1-c1ccc(Br)cc1)N1CCC1,中毒,4.480236,13.634027
O=C(c1nnn(-c2ccc(Cl)cc2)c1-c1ccc(Br)cc1)N1CCC1,中毒,11.923352,49.98003
O=C(c1nnn(-c2cc[n+]([O-])cc2)c1-c1ccc(Br)cc1)N1CCC1,中毒,17.533562,33.677425
O=C(c1nnn(C2=C3CON=NN(c4ccccn4)C=C2N3)c1-c1ccc(Br)cc1)N1CCC1,中毒,6.3618364,16.798103
O=C(c1nnn(C=Cc2c(N3N=N3)ccc3c2OCO3)c1-c1ccc(Br)cc1)N1CCC1,中毒,6.056246,12.082705
N=C1N=C(n2nnc(C(=O)N3CCC3)c2-c2ccc(Br)cc2)CNO1,中毒,10.776376,33.815098
O=C(c1nnn(C2=NC3CCCCN3CC3ON23)c1-c1ccc(Br)cc1)N1CCC1,中毒,5.7897696,9.955508
O=C(c1nnn(Cc2ccoc2)c1-c1ccc(Br)cc1)N1CCC1,中毒,5.255938,15.842161
O=C(c1nnn(-c2cc(-c3cccc(Cl)c3)oc2Cl)c1-c1ccc(Br)cc1)N1CCC1,中毒,2.688642,11.4223
O=C(c1nnn(N2CCS2(=O)=O)c1-c1ccc(Br)cc1)N1CCC1,中毒,7.137528,17.95157
O=C(c1nnn([15F])c1-c1ccc(Br)cc1)N1CCC1,中毒,52.13683,24.851582
O=C(c1nnn(C(=S)NS(=O)(=O)Br)c1-c1ccc(Br)cc1)N1CCC1,中毒,7.7953725,26.06258
O=C(c1nnn(-c2nccs2)c1-c1ccc(Br)cc1)N1CCC1,中毒,28.68211,20.282017
O=C(c1nnn(C2[S+]N2c2c[nH]c[n+](-c3ccccc3)c2=O)c1-c1ccc(Br)cc1)N1CCC1,中毒,8.04531,18.776958
O=C(c1nnn(N2CNCSSC(=S)S2)c1-c1ccc(Br)cc1)N1CCC1,中毒,12.436544,62.95104
N=CNn1nnc(C(=O)N2CCC2)c1-c1ccc(Br)cc1,中毒,23.238869,62.28099
O=C(c1nnn(P=S)c1-c1ccc(Br)cc1)N1CCC1,低毒,23.474909,34.526577
O=C(c1nnn(C23CC2C2(CN3)c3cc(F)c(Cl)cc32)c1-c1ccc(Br)cc1)N1CCC1,中毒,6.781794,19.540789
O=C(c1nnn(S(=O)(=O)c2nc3ncccc3s2)c1-c1ccc(Br)cc1)N1CCC1,中毒,5.665574,39.54464
[1112H]Cn1nnc(C(=O)N2CCC2)c1-c1ccc(Br)cc1,低毒,14.7157955,16.651882
O=C(c1nnn(C=Cc2cc[n+](-c3cnn(Br)c3)cc2)c1-c1ccc(Br)cc1)N1CCC1,中毒,15.667969,13.995217
O=NCn1nnc(C(=O)N2CCC2)c1-c1ccc(Br)cc1,低毒,12.388913,14.888554
O=C(c1nnn(-c2cc(Cl)ccc2Cl)c1-c1ccc(Br)cc1)N1CCC1,中毒,12.292116,28.562063
O=C(c1nnn(-c2cccc(F)c2Cl)c1-c1ccc(Br)cc1)N1CCC1,中毒,8.67054,15.472514
O=C(c1ccoc1)c1cc2c(s1)SCCCCNC(n1nnc(C(=O)N3CCC3)c1-c1ccc(Br)cc1)=N2,中毒,8.916754,11.025598
O=C(c1nnn(C2ON=CS2)c1-c1ccc(Br)cc1)N1CCC1,低毒,18.64347,15.390113
O=C(c1nnn(-c2nc3cc4nc[nH]c4[s+]c3[nH]2)c1-c1ccc(Br)cc1)N1CCC1,中毒,19.037767,13.243702
O=C(c1nnn(N2SP2(=O)Oc2cnn[nH]2)c1-c1ccc(Br)cc1)N1CCC1,中毒,9.659147,20.806118
O=C(c1nnn(N=Cc2nccnn2)c1-c1ccc(Br)cc1)N1CCC1,低毒,17.538828,48.995316
O=C(c1nnn(Cc2cc(I)cs2)c1-c1ccc(Br)cc1)N1CCC1,中毒,6.4863405,15.842161
O=C(c1nnn(S(=O)(=O)O)c1-c1ccc(Br)cc1)N1CCC1,低毒,9.849177,90.672066
O=C(c1nnn(CI)c1-c1ccc(Br)cc1)N1CCC1,低毒,14.7157955,16.617321
O=C(c1nnn(SC=Cc2ccncc2)c1-c1ccc(Br)cc1)N1CCC1,低毒,4.0171723,79.720116
O=C(c1nnn(C(Nc2ccccc2)N2CCOCC2)c1-c1ccc(Br)cc1)N1CCC1,中毒,6.976489,20.279678
O=C(c1nnn(CCCc2[nH]cc3ccsc23)c1-c1ccc(Br)cc1)N1CCC1,中毒,15.16987,25.001862
O=C(c1nnn(C(=S)n2ccnc2)c1-c1ccc(Br)cc1)N1CCC1,中毒,8.826407,26.355457
O=C(c1nnn(C2CS2)c1-c1ccc(Br)cc1)N1CCC1,低毒,13.415327,41.15582
O=C(c1nnn(C(=S)NCl)c1-c1ccc(Br)cc1)N1CCC1,中毒,16.814655,28.303524
O=C(c1nnn(Cc2ccoc2O)c1-c1ccc(Br)cc1)N1CCC1,中毒,4.5794477,9.6124
O=C(c1nnn(CC=CNF)c1-c1ccc(Br)cc1)N1CCC1,低毒,16.814655,25.001862
O=C(c1nnn(Sc2sn(-c3ccc(F)cn3)c3nsc2-3)c1-c1ccc(Br)cc1)N1CCC1,中毒,2.2941446,62.906075
O=C(c1nnn(Cc2nc(Br)cs2)c1-c1ccc(Br)cc1)N1CCC1,中毒,14.002979,21.319351
CNOn1nnc(C(=O)N2CCC2)c1-c1ccc(Br)cc1,中毒,39.976784,22.230555
O=Nc1ccccc1-n1nnc(C(=O)N2CCC2)c1-c1ccc(Br)cc1,中毒,17.72199,20.19103
O=C(c1nnn([SH](=S)(Br)c2ccccc2)c1-c1ccc(Br)cc1)N1CCC1,中毒,5.50325,70.87909
O=C(c1nnn(Cc2nc([S-])c(NC3CCCC3)n3ccnc23)c1-c1ccc(Br)cc1)N1CCC1,中毒,10.351271,17.388855
O=C(c1nnn(CC2N[S+]C2I)c1-c1ccc(Br)cc1)N1CCC1,中毒,14.7157955,16.81851
CCCCC1CC1n1nnc(C(=O)N2CCC2)c1-c1ccc(Br)cc1,中毒,5.6831856,25.001862
O=CNC1=C(S(=O)(=O)On2nnc(C(=O)N3CCC3)c2-c2ccc(Br)cc2)C=CC=NC1,中毒,8.913483,20.18892
O=C(c1nnn(CC=[IH])c1-c1ccc(Br)cc1)N1CCC1,低毒,17.840372,25.001862
O=C(c1nnn(CCc2cc(Cl)cs2)c1-c1ccc(Br)cc1)N1CCC1,中毒,16.302973,25.001862
O=C(c1nnn(C(Br)Br)c1-c1ccc(Br)cc1)N1CCC1,低毒,12.366438,16.651882
O=C(c1nnn(-c2ccc(O)cc2)c1-c1ccc(Br)cc1)N1CCC1,中毒,5.944492,47.12071
O=C(c1nnn(C=CCBr)c1-c1ccc(Br)cc1)N1CCC1,中毒,12.645256,16.84262
O=C(c1nnn(-c2nc3c(Br)cccc3s2)c1-c1ccc(Br)cc1)N1CCC1,中毒,8.046399,20.282017
O=C(c1nnn(Cc2ccc3n2CCNCCC=C3)c1-c1ccc(Br)cc1)N1CCC1,中毒,15.22562,14.68747
O=C(c1nnn(C2=CC=CCO2)c1-c1ccc(Br)cc1)N1CCC1,中毒,12.81355,17.204218
Cc1c(-c2cccs2)n[nH]c1-n1nnc(C(=O)N2CCC2)c1-c1ccc(Br)cc1,中毒,18.064554,27.386452
O=C(c1nnn(C=Cc2ccc3nsnc3c2)c1-c1ccc(Br)cc1)N1CCC1,中毒,11.879071,15.932148
O=C(c1nnn(C2C[S+]2[O-])c1-c1ccc(Br)cc1)N1CCC1,低毒,13.415327,25.001862
O=C(c1nnn(CCC[n+]2ccsc2)c1-c1ccc(Br)cc1)N1CCC1,中毒,13.082877,41.466076
Nc1[nH]c2ccccc2c1-n1nnc(C(=O)N2CCC2)c1-c1ccc(Br)cc1,中毒,6.6842666,27.058155
O=C(c1nnn(CNCCBr)c1-c1ccc(Br)cc1)N1CCC1,中毒,14.7157955,16.651882
O=C(c1nnn(Br)c1-c1ccc(Br)cc1)N1CCC1,中毒,52.13683,21.438635
O=C(c1nnn(N2C[N+]2(F)c2ccc(Cl)cc2-c2ccsc2)c1-c1ccc(Br)cc1)N1CCC1,中毒,4.663204,26.656958
O=C(c1nnn(C2=Nc3ccccc32)c1-c1ccc(Br)cc1)N1CCC1,中毒,3.1865633,40.167973
O=C(c1nnn(-c2nnc(SCc3ccccc3O)s2)c1-c1ccc(Br)cc1)N1CCC1,中毒,19.237223,30.869112
O=C(c1nnn(C[113I])c1-c1ccc(Br)cc1)N1CCC1,低毒,14.7157955,16.617321
[3H]P1(=O)SC[SH](n2nnc(C(=O)N3CCC3)c2-c2ccc(Br)cc2)S1,中毒,13.834237,33.920147
O=C(c1nnn(OCCc2ccccc2Br)c1-c1ccc(Br)cc1)N1CCC1,中毒,15.972213,26.656855
O=C(c1nnn([C+]2SS2)c1-c1ccc(Br)cc1)N1CCC1,低毒,13.415327,22.23167
O=C(c1nnn(CCc2c[nH]c3ccccc23)c1-c1ccc(Br)cc1)N1CCC1,中毒,8.842388,26.122011
O=C(c1nnn(S(=O)(=O)CNc2ccc3c(F)cccc3c2)c1-c1ccc(Br)cc1)N1CCC1,中毒,6.574317,79.19967
O=C(c1nnn(OC(COS(=O)(=O)c2ccc(N3CCOCC3)s2)C(=O)n2ccnc2)c1-c1ccc(Br)cc1)N1CCC1,中毒,7.830977,18.144453
C[N+]1=CC=C2N=C2N1[SH](Nn1nnc(C(=O)N2CCC2)c1-c1ccc(Br)cc1)c1c(F)cc(-c2cc[nH]n2)nc1-c1cnn(Cc2ccco2)c1,中毒,3.6449645,16.783665
O=C(c1nnn(C[118I])c1-c1ccc(Br)cc1)N1CCC1,低毒,14.7157955,16.617321
O=C(c1nnn(CCc2cc[nH]c2Cl)c1-c1ccc(Br)cc1)N1CCC1,低毒,16.814655,20.010084
O=C(c1nnn(-c2cc3occc3nc2O)c1-c1ccc(Br)cc1)N1CCC1,中毒,6.0825634,37.607975
N#CCCn1nnc(C(=O)N2CCC2)c1-c1ccc(Br)cc1,低毒,14.7157955,25.001862
O=C(c1nnn(CCCCF)c1-c1ccc(Br)cc1)N1CCC1,低毒,11.713761,25.001862
[C-]n1nnc(C(=O)N2CCC2)c1-c1ccc(Br)cc1,低毒,14.7157955,16.651882
O=C(c1nnn(-c2nonc2S)c1-c1ccc(Br)cc1)N1CCC1,中毒,14.604603,21.610874
O=C(c1nnn(C=NCCOCc2ccc(Cl)cc2Br)c1-c1ccc(Br)cc1)N1CCC1,低毒,11.124961,15.390113
O=C(c1nnn(C2=C3C4=CC=CC=[N+]([O-])C(=[N+]C2)N2C=CC=CC2=C43)c1-c1ccc(Br)cc1)N1CCC1,中毒,6.587627,18.851841
O=C(c1nnn(-c2ccc(Cl)nc2I)c1-c1ccc(Br)cc1)N1CCC1,中毒,16.556059,52.428326
O=C(c1nnn(C(F)c2nccs2)c1-c1ccc(Br)cc1)N1CCC1,中毒,13.974024,28.108738
O=C(c1nnn(CCCCO)c1-c1ccc(Br)cc1)N1CCC1,低毒,11.713761,20.843096
O=C(c1nnn(N=Nc2ccc([N+](=O)[O-])o2)c1-c1ccc(Br)cc1)N1CCC1,中毒,39.433083,87.227646
O=C(c1nnn(-c2cc(OCCF)ccc2Br)c1-c1ccc(Br)cc1)N1CCC1,中毒,15.8936615,17.440054
O=C(c1nnn(N=C2C[N+]C=NON2)c1-c1ccc(Br)cc1)N1CCC1,低毒,20.879452,82.271126
O=C(c1nnn(-c2ccno2)c1-c1ccc(Br)cc1)N1CCC1,中毒,3.8994184,27.209019
[2H][P+]CCCCn1nnc(C(=O)N2CCC2)c1-c1ccc(Br)cc1,低毒,11.713761,25.001862
O=C(c1nnn(COCCI)c1-c1ccc(Br)cc1)N1CCC1,中毒,12.558582,16.108147
[N-][N+](=O)N=Cn1nnc(C(=O)N2CCC2)c1-c1ccc(Br)cc1,中毒,13.082877,24.869268
O=C(c1nnn(Cc2cc(O)no2)c1-c1ccc(Br)cc1)N1CCC1,中毒,5.816992,12.184402
O=C(c1nnn(-c2nc(N3CCCCC3)no2)c1-c1ccc(Br)cc1)N1CCC1,中毒,11.794463,20.992119
O=C(c1nnn(C=Nc2cc3csnc3cc2Br)c1-c1ccc(Br)cc1)N1CCC1,中毒,7.3056498,29.84652
O=C(c1nnn(S(=O)(=O)c2ccc(Br)cc2)c1-c1ccc(Br)cc1)N1CCC1,中毒,8.854232,62.294617
O=C(c1nnn(CC[18Br])c1-c1ccc(Br)cc1)N1CCC1,低毒,14.7157955,25.001862
O=C(c1nnn(C2C[N+]C2CCCC(F)F)c1-c1ccc(Br)cc1)N1CCC1,中毒,12.177278,36.440033
O=C(c1nnn(-c2ccc3ccccc3c2Cl)c1-c1ccc(Br)cc1)N1CCC1,中毒,14.190546,28.562063
O=C(c1nnn(C23CS(=O)(=O)C2(OCCI)CS3)c1-c1ccc(Br)cc1)N1CCC1,中毒,2.5396504,14.547106
O=C(c1nnn(C=Nc2ccnc3cccc(Br)c23)c1-c1ccc(Br)cc1)N1CCC1,中毒,6.114907,39.94372
O=C(c1nnn([N+]([O-])[O-])c1-c1ccc(Br)cc1)N1CCC1,中毒,32.546745,48.995316
O=C(c1nnn(C2=NC=N2)c1-c1ccc(Br)cc1)N1CCC1,中毒,8.021598,19.08396
O=C(c1nnn(C=NCCF)c1-c1ccc(Br)cc1)N1CCC1,低毒,11.124961,16.617321
O=C(c1nnn(CF)c1-c1ccc(Br)cc1)N1CCC1,低毒,14.7157955,16.651882
O=C(c1nnn(CCCc2ccccc2)c1-c1ccc(Br)cc1)N1CCC1,中毒,14.7157955,25.001862
O=C(c1nnn(Cc2cc(CCl)cs2)c1-c1ccc(Br)cc1)N1CCC1,中毒,6.4863405,23.908426
O=C(c1nnn(C(=O)NCCc2cnc[nH]2)c1-c1ccc(Br)cc1)N1CCC1,中毒,16.76295,18.05336
O=C(c1nnn(-c2nccc3ccoc23)c1-c1ccc(Br)cc1)N1CCC1,中毒,9.311169,44.608845
O=C(c1nnn(CCPC2=CC3CN(Cc4ccsc4)CNC23)c1-c1ccc(Br)cc1)N1CCC1,中毒,18.37711,39.94372
O=C(c1nnn(CN2CC[S+]([O-])N2Br)c1-c1ccc(Br)cc1)N1CCC1,中毒,11.065276,18.35565
O=C(c1nnn(CSC=CCCCCCC=CCCCCCOS(=O)(=O)c2ccc3c(c2)OCO3)c1-c1ccc(Br)cc1)N1CCC1,中毒,7.613104,10.848829
O=C(c1nnn(C(F)Cl)c1-c1ccc(Br)cc1)N1CCC1,中毒,16.306826,14.888554
O=C(c1nnn(C=Cc2cccs2)c1-c1ccc(Br)cc1)N1CCC1,中毒,15.667969,23.030981
O=C(c1nnn(CN=CBr)c1-c1ccc(Br)cc1)N1CCC1,低毒,8.049129,16.651882
O=C(c1nnn(NCCNc2ccnc3cc(-c4ccccc4Br)cnc23)c1-c1ccc(Br)cc1)N1CCC1,中毒,16.201221,40.806858
O=C(c1nnn(CCc2ccncc2F)c1-c1ccc(Br)cc1)N1CCC1,中毒,14.7157955,25.001862
O=C(c1nnn(CCNCC[N+]([O-])=Cc2ccccc2)c1-c1ccc(Br)cc1)N1CCC1,低毒,11.965558,34.019173
O=C(c1nnn(C=NNc2ncc3cn[nH]c3n2)c1-c1ccc(Br)cc1)N1CCC1,中毒,6.591569,24.869268
O=C(c1nnn(N=Cc2c(-c3cc(Cl)c(C(F)(F)F)nc3Cl)n[nH]c2S)c1-c1ccc(Br)cc1)N1CCC1,中毒,8.177302,77.323265
O=C(c1nnn(Cc2ccccc2)c1-c1ccc(Br)cc1)N1CCC1,中毒,9.096299,15.842161
O=C(c1nnn(CO[N+](=O)[O-])c1-c1ccc(Br)cc1)N1CCC1,低毒,9.921383,27.476158
O=C(c1nnn(C(Br)I)c1-c1ccc(Br)cc1)N1CCC1,低毒,12.366438,16.617321
O=C(c1nnn(NN=Cc2cnncn2)c1-c1ccc(Br)cc1)N1CCC1,中毒,33.291145,62.28099
O=C(c1nnn(N(Cl)CCl)c1-c1ccc(Br)cc1)N1CCC1,中毒,18.533882,55.825974
O=C(c1nnn(C=Cc2[nH]nnc2Br)c1-c1ccc(Br)cc1)N1CCC1,中毒,7.880187,19.031351
O=C(c1nnn(NCF)c1-c1ccc(Br)cc1)N1CCC1,中毒,23.238869,35.829792
O=C(c1nnn(C2=C=[SH]S2)c1-c1ccc(Br)cc1)N1CCC1,中毒,15.720675,17.280197
O=C(c1nnn(-c2ncns2)c1-c1ccc(Br)cc1)N1CCC1,中毒,11.679226,29.116137
O=C(c1nnn(-c2ccccc2[SH](=O)=O)c1-c1ccc(Br)cc1)N1CCC1,中毒,9.362809,27.31082
NC(=NBr)n1nnc(C(=O)N2CCC2)c1-c1ccc(Br)cc1,中毒,9.972353,20.390432
O=C(c1nnn(Sc2cccc(Cl)c2)c1-c1ccc(Br)cc1)N1CCC1,中毒,8.13859,114.557335
O=C(c1nnn(-c2cccc3c2[nH]c2cnccc23)c1-c1ccc(Br)cc1)N1CCC1,中毒,8.5070305,56.171947
O=C(c1nnn(-c2cnsn2)c1-c1ccc(Br)cc1)N1CCC1,中毒,18.421913,23.628412
O=C(c1nnn(C=[N+]F)c1-c1ccc(Br)cc1)N1CCC1,低毒,9.972353,16.617321
O=C(c1nnn(C(F)F)c1-c1ccc(Br)cc1)N1CCC1,中毒,14.7157955,16.617321
O=C(c1nnn(C(Cl)Br)c1-c1ccc(Br)cc1)N1CCC1,低毒,12.366438,16.651882
O=C(c1nnn(C=[N+]Cl)c1-c1ccc(Br)cc1)N1CCC1,低毒,9.972353,16.617321
O=C(c1nnn(C=CCI)c1-c1ccc(Br)cc1)N1CCC1,中毒,19.270475,16.651882
O=C(c1nnn(C(Nn2ccnc2Nc2ccc(Br)nc2)c2nncn2CC(F)(F)F)c1-c1ccc(Br)cc1)N1CCC1,中毒,9.381428,10.316133
O=C(c1nnn(-c2ccncc2O)c1-c1ccc(Br)cc1)N1CCC1,中毒,21.705864,26.507698
O=C(c1nnn(S(=O)(=O)OF)c1-c1ccc(Br)cc1)N1CCC1,中毒,9.849177,62.561543
O=C(c1nnn(C(Cl)(Br)Br)c1-c1ccc(Br)cc1)N1CCC1,低毒,15.667969,16.651882
O=C(c1nnn(C=NNCl)c1-c1ccc(Br)cc1)N1CCC1,低毒,13.082877,18.107738
O=C(c1nnn(C2NC[SH]2OC2OC(CO)CC(O)C2N(CNCc2cccnc2Cl)Cc2ccco2)c1-c1ccc(Br)cc1)N1CCC1,中毒,3.90523,41.98829
O=C(c1nnn(C2N=C=CCC(=Nc3ccco3)CN=N2)c1-c1ccc(Br)cc1)N1CCC1,中毒,7.3379807,24.41589
O=C(c1nnn(C(c2ccccc2)c2ccccc2)c1-c1ccc(Br)cc1)N1CCC1,中毒,9.096299,15.842161
O=C(c1nnn(CCl)c1-c1ccc(Br)cc1)N1CCC1,低毒,12.366438,16.651882
O=C(c1nnn([SH](F)C(F)(F)F)c1-c1ccc(Br)cc1)N1CCC1,中毒,8.382223,56.506382
O=C(c1nnn(NI)c1-c1ccc(Br)cc1)N1CCC1,低毒,33.291145,31.311668
O=C(c1nnn([SH](CBr)c2nc3ccccc3s2)c1-c1ccc(Br)cc1)N1CCC1,中毒,6.7512336,46.944023
O=C(c1nnn(-c2ccc3ccccc3n2)c1-c1ccc(Br)cc1)N1CCC1,中毒,12.292116,44.608845
O=C(c1nnn(C(S)=Nc2ccccc2)c1-c1ccc(Br)cc1)N1CCC1,中毒,6.284886,22.312931
O=C(c1nnn(CS(=O)(=O)NO)c1-c1ccc(Br)cc1)N1CCC1,低毒,13.415327,14.81088
Nc1ccccc1C(Cl)=CC(O)n1nnc(C(=O)N2CCC2)c1-c1ccc(Br)cc1,中毒,11.065276,17.30743
O=C(c1nnn(CC=CNc2ccccc2)c1-c1ccc(Br)cc1)N1CCC1,低毒,14.259107,17.820526
O=C(c1nnn(S(=O)F)c1-c1ccc(Br)cc1)N1CCC1,低毒,10.134259,131.35587
O=C(c1nnn(COC2=CC=C3N=CC2C2COC3(Cl)O2)c1-c1ccc(Br)cc1)N1CCC1,中毒,3.5037858,13.420789
O=C(c1nnn(C(O)OC2(c3ccsc3)Cc3cc(Br)ccc32)c1-c1ccc(Br)cc1)N1CCC1,中毒,7.4360685,23.83642
O=C(c1nnn(-c2ccc3ccccc3c2)c1-c1ccc(Br)cc1)N1CCC1,中毒,13.798724,49.925213
O=C(c1nnn(CCCF)c1-c1ccc(Br)cc1)N1CCC1,低毒,14.7157955,20.66404
O=C(c1nnn(CCCON[11I+])c1-c1ccc(Br)cc1)N1CCC1,低毒,14.7157955,20.843096
O=C(c1nnn(-c2ccc3[nH]nc(Cl)c3c2)c1-c1ccc(Br)cc1)N1CCC1,中毒,7.523029,39.613483
O=C(c1nnn(OCCCCCl)c1-c1ccc(Br)cc1)N1CCC1,中毒,20.38343,28.70428
O=C(c1nnn(-c2[nH]cc(-c3ccoc3C3CCCC3)c2Br)c1-c1ccc(Br)cc1)N1CCC1,中毒,4.46221,21.064455
O=C(c1nnn(C(Br)c2ccc3ccccc3c2)c1-c1ccc(Br)cc1)N1CCC1,中毒,8.817272,33.834995
O=C(c1nnn(CC(F)(Br)Br)c1-c1ccc(Br)cc1)N1CCC1,中毒,14.7157955,25.001862
O=C(c1nnn(CC2=CNN3C(=C2)NC(Br)=C3c2c(Cl)cccc2Cl)c1-c1ccc(Br)cc1)N1CCC1,中毒,4.919023,16.333664
O=C(c1nnn(CCCc2cccs2)c1-c1ccc(Br)cc1)N1CCC1,中毒,12.388913,25.001862
O=C(c1nnn(-c2ccc(SSc3c[nH]cn3)cc2)c1-c1ccc(Br)cc1)N1CCC1,中毒,11.196653,49.925213
C=[N+]C1=CC1n1nnc(C(=O)N2CCC2)c1-c1ccc(Br)cc1,低毒,16.814655,25.001862
O=C(c1nnn(C=CBr)c1-c1ccc(Br)cc1)N1CCC1,低毒,14.7157955,16.651882
O=C(c1nnn(Cc2ccnc[n+]2CCO)c1-c1ccc(Br)cc1)N1CCC1,中毒,10.601123,15.326671
O=C(c1nnn(C(c2ccccc2Br)N2CN=N2)c1-c1ccc(Br)cc1)N1CCC1,中毒,9.096299,16.178974
O=C(c1nnn(Cc2c[nH]c3ncnc-3c2)c1-c1ccc(Br)cc1)N1CCC1,中毒,5.272383,19.024868
O=C(c1nnn(C23CC2c2ccccc2O3)c1-c1ccc(Br)cc1)N1CCC1,中毒,10.531287,20.625008
O=C(c1nnn(C23C=CC4C=NC2=CC=CC=Cc2cnccnn3n24)c1-c1ccc(Br)cc1)N1CCC1,中毒,9.600201,19.183485
O=C(c1nnn(C2=C3CC32F)c1-c1ccc(Br)cc1)N1CCC1,中毒,14.899384,15.303449
O=C(c1nnn(N2NS2=NS(=O)(=O)c2ccc(Br)cc2)c1-c1ccc(Br)cc1)N1CCC1,中毒,12.16313,23.43199
N#Cc1cncc(Cl)c1-n1nnc(C(=O)N2CCC2)c1-c1ccc(Br)cc1,中毒,12.292116,38.349865
O=C(c1nnn(S(=O)[O-])c1-c1ccc(Br)cc1)N1CCC1,低毒,9.849177,90.672066
O=C(c1nnn([14F])c1-c1ccc(Br)cc1)N1CCC1,中毒,52.13683,24.851582
O=C(c1nnn(C2=N[N+](=O)CC(c3ccccc3I)CC=CC2)c1-c1ccc(Br)cc1)N1CCC1,中毒,14.729625,24.233145
O=C(c1nnn(Cc2cccnc2)c1-c1ccc(Br)cc1)N1CCC1,中毒,5.272383,14.137096
O=C(c1nnn(C2(c3c[nH]nc3-c3cccc(Br)c3)N=N2)c1-c1ccc(Br)cc1)N1CCC1,中毒,9.822891,14.572463
O=C(c1nnn(CN=NC=Cc2cc(Cl)ccc2Cl)c1-c1ccc(Br)cc1)N1CCC1,中毒,14.575108,15.757913
O=C(c1nnn(C=C2OC=CC2=S)c1-c1ccc(Br)cc1)N1CCC1,中毒,14.899384,59.954056
O=C(c1nnn(C(O)CO[114Br])c1-c1ccc(Br)cc1)N1CCC1,低毒,9.921383,20.843096
O=C(c1nnn(C=C2C=C2Br)c1-c1ccc(Br)cc1)N1CCC1,中毒,12.645256,14.266494
O=C(c1nnn(Cc2cn(Cc3cc4cc(Cl)cc(F)c4o3)nn2)c1-c1ccc(Br)cc1)N1CCC1,中毒,7.748404,14.296197
O=C(c1nnn(C2CC([113I])OP2(=O)CF)c1-c1ccc(Br)cc1)N1CCC1,中毒,6.8306613,20.641817
O=C(c1nnn([13F])c1-c1ccc(Br)cc1)N1CCC1,中毒,52.13683,24.851582
O=C(c1nnn(Cc2ccc(Cl)cc2CCCl)c1-c1ccc(Br)cc1)N1CCC1,中毒,13.187359,21.145523
N=[SH]n1nnc(C(=O)N2CCC2)c1-c1ccc(Br)cc1,低毒,14.064521,92.90239
CC12CC3CC(C)(C1)CC(n1nnc(C(=O)N4CCC4)c1-c1ccc(Br)cc1)(C3)C2,中毒,9.875283,16.547009
N#CCN(O)n1nnc(C(=O)N2CCC2)c1-c1ccc(Br)cc1,中毒,8.757632,48.995316
O=C(c1nnn(C(O)c2ccncc2)c1-c1ccc(Br)cc1)N1CCC1,中毒,9.096299,12.910086
O=C(c1nnn(Cc2nc3ccccc3o2)c1-c1ccc(Br)cc1)N1CCC1,中毒,7.155142,15.1006155
O=C1C=NC(Cn2nnc(C(=O)N3CCC3)c2-c2ccc(Br)cc2)=C1,低毒,20.679974,26.122011
O=C(c1nnn(C=CSBr)c1-c1ccc(Br)cc1)N1CCC1,中毒,14.331081,16.651882
O=C(c1nnn(-c2nc3c(F)c(F)cc(F)c3s2)c1-c1ccc(Br)cc1)N1CCC1,中毒,6.8965364,23.524757
O=C(c1nnn(-c2c(F)cccc2Br)c1-c1ccc(Br)cc1)N1CCC1,中毒,11.319439,29.349129
O=C(c1nnn(C(=O)CO)c1-c1ccc(Br)cc1)N1CCC1,低毒,9.921383,25.007778
O=C(c1nnn(-c2ccncc2)c1-c1ccc(Br)cc1)N1CCC1,中毒,12.292116,33.677425
O=C(c1nnn(C23N=NOC=CC=CC=C4C=CC=CC=C2P4(=O)N3)c1-c1ccc(Br)cc1)N1CCC1,中毒,5.215825,14.891448
O=C(c1nnn(CCCCBr)c1-c1ccc(Br)cc1)N1CCC1,低毒,11.713761,25.001862
O=C(c1nnn(-c2nc(O)c3nc[nH]c3n2)c1-c1ccc(Br)cc1)N1CCC1,中毒,5.9303007,15.717751
O=C(c1nnn(C=NC(Cl)c2cn(-c3cccc(Cl)c3)nc2O)c1-c1ccc(Br)cc1)N1CCC1,中毒,8.724328,21.111927
O=C(c1nnn(C2=NNNN=NC2(Cl)NCCSCCBr)c1-c1ccc(Br)cc1)N1CCC1,中毒,6.4847784,22.175217
O=C(c1nnn(C(F)(F)CF)c1-c1ccc(Br)cc1)N1CCC1,中毒,12.376887,24.869268
O=C(c1nnn(CC=Cc2csc(-c3ccno3)n2)c1-c1ccc(Br)cc1)N1CCC1,低毒,10.48356,19.974249
O=C(c1nnn(Cc2cccc([N+](=O)[O-])c2I)c1-c1ccc(Br)cc1)N1CCC1,中毒,10.601123,19.843538
O=C(c1nnn([18F])c1-c1ccc(Br)cc1)N1CCC1,中毒,52.13683,24.851582
O=C(c1nnn(C(=NO)OBr)c1-c1ccc(Br)cc1)N1CCC1,低毒,12.376887,14.874384
O=C(c1nnn(OCCCCCCCCO)c1-c1ccc(Br)cc1)N1CCC1,中毒,20.38343,26.656855
O=C(c1nnn([12C]Br)c1-c1ccc(Br)cc1)N1CCC1,低毒,12.366438,16.651882
O=C(c1nnn([N+]2(O)NS2)c1-c1ccc(Br)cc1)N1CCC1,中毒,23.474909,19.313978
O=C(c1nnn([1213I])c1-c1ccc(Br)cc1)N1CCC1,低毒,52.13683,45.58551
O=C(c1nnn(C2=[N+](NF)c3ccccc32)c1-c1ccc(Br)cc1)N1CCC1,中毒,2.3452804,40.167973
N#CSC1CCCN1n1nnc(C(=O)N2CCC2)c1-c1ccc(Br)cc1,中毒,29.870066,14.467111
O=C(c1nnn(CC(Br)Br)c1-c1ccc(Br)cc1)N1CCC1,中毒,14.7157955,25.001862
O=C(c1nnn(C=NCF)c1-c1ccc(Br)cc1)N1CCC1,低毒,11.124961,16.617321
O=C(c1nnn(Cc2ccc3ccoc3n2)c1-c1ccc(Br)cc1)N1CCC1,中毒,9.118239,21.319351
N=S1CCCCCN1CCn1nnc(C(=O)N2CCC2)c1-c1ccc(Br)cc1,低毒,13.314878,29.281906
O=C(c1nnn(-c2ccon2)c1-c1ccc(Br)cc1)N1CCC1,中毒,5.382577,26.42684
O=C(c1nnn(CCOBr)c1-c1ccc(Br)cc1)N1CCC1,低毒,9.921383,20.843096
O=C(c1nnn(N=C=Cc2cc([N+](=O)[O-])cc3ccccc23)c1-c1ccc(Br)cc1)N1CCC1,中毒,28.361774,40.12971
O=C(c1nnn(-c2c3cncc2N=C3)c1-c1ccc(Br)cc1)N1CCC1,中毒,17.038677,46.812904
O=C(c1nnn(C23CC4CC(CC(Br)(C4)C2)C3)c1-c1ccc(Br)cc1)N1CCC1,中毒,9.940739,22.477419
O=C(c1nnn(C=NNC(CCI)=C(Cl)Br)c1-c1ccc(Br)cc1)N1CCC1,中毒,13.082877,14.391473
O=C(c1nnn(Oc2ccc(Br)nc2[135Br])c1-c1ccc(Br)cc1)N1CCC1,中毒,24.302301,24.215252
O=C(c1nnn([12I])c1-c1ccc(Br)cc1)N1CCC1,低毒,52.13683,45.58551
O=C(c1nnn(-c2c[nH]c3c2CCSS3)c1-c1ccc(Br)cc1)N1CCC1,中毒,3.9599922,22.729832
O=C(c1nnn(CC=C=S)c1-c1ccc(Br)cc1)N1CCC1,低毒,16.814655,41.15582
O=Nc1c(-n2nnc(C(=O)N3CCC3)c2-c2ccc(Br)cc2)sc2ccccc12,中毒,18.785078,31.733406
O=C(c1nnn(CC=CCBr)c1-c1ccc(Br)cc1)N1CCC1,低毒,16.814655,25.001862
O=C(c1nnn(C=NCl)c1-c1ccc(Br)cc1)N1CCC1,低毒,9.972353,16.617321
O=C(c1nnn(CC(Cl)Cl)c1-c1ccc(Br)cc1)N1CCC1,低毒,14.7157955,20.66404
Cn1nccc1CNCCN(Cc1cnon1)n1nnc(C(=O)N2CCC2)c1-c1ccc(Br)cc1,中毒,17.954386,20.92407
O=C(c1nnn(S(=O)(=S)I)c1-c1ccc(Br)cc1)N1CCC1,中毒,13.579444,142.30946
O=C(c1nnn(-c2cc(Cl)no2)c1-c1ccc(Br)cc1)N1CCC1,中毒,3.4719014,14.482498
O=C(c1nnn(CC[O-])c1-c1ccc(Br)cc1)N1CCC1,低毒,9.921383,20.843096
O=C(c1nnn(C2=NC2C(Nc2ccco2)c2ccco2)c1-c1ccc(Br)cc1)N1CCC1,中毒,5.6471553,26.122011
O=C(c1nnn(-c2cc(Br)cs2)c1-c1ccc(Br)cc1)N1CCC1,中毒,6.626817,64.49796
O=C(c1nnn(Cc2nncn2Cl)c1-c1ccc(Br)cc1)N1CCC1,中毒,16.814655,12.219396
O=C(c1nnn(Nc2csc3ccccc23)c1-c1ccc(Br)cc1)N1CCC1,中毒,5.3282766,32.17784
O=C(c1nnn(P2(=S)OCC2c2ccco2)c1-c1ccc(Br)cc1)N1CCC1,中毒,20.263716,63.402847
O=C(c1nnn(-n2oc3ccc4ccccc4c32)c1-c1ccc(Br)cc1)N1CCC1,中毒,7.452054,31.978407
O=C(c1nnn(-c2ncnn2-c2ccccn2)c1-c1ccc(Br)cc1)N1CCC1,中毒,11.762359,13.2409725
O=C(c1nnn(-c2nsc3ccccc23)c1-c1ccc(Br)cc1)N1CCC1,中毒,6.3333983,50.34176
C=Nn1nnc(C(=O)N2CCC2)c1-c1ccc(Br)cc1,低毒,33.987186,49.925213
O=C(c1nnn(S(Cl)(Cl)Cl)c1-c1ccc(Br)cc1)N1CCC1,低毒,11.90429,75.55036
O=C(c1nnn(C=C(Br)Br)c1-c1ccc(Br)cc1)N1CCC1,低毒,14.7157955,16.651882
O=C(c1nnn(C=NNCO)c1-c1ccc(Br)cc1)N1CCC1,低毒,13.082877,13.846979
O=C(c1nnn(C(CNc2cnccn2)CNN2C3=CC=CC(F)=C[PH](c4ccc(Cl)cc4Cl)=C32)c1-c1ccc(Br)cc1)N1CCC1,中毒,4.3822165,15.60461
O=C(c1nnn(C2=CC=CC=S2I)c1-c1ccc(Br)cc1)N1CCC1,中毒,12.041365,25.556175
O=C(c1nnn(C[SH]2NN2CCCCCBr)c1-c1ccc(Br)cc1)N1CCC1,中毒,13.728627,16.223923
O=C(c1nnn([14Br])c1-c1ccc(Br)cc1)N1CCC1,中毒,52.13683,21.438635
O=C(c1nnn(C2C(=S)NC=CS2(=O)=O)c1-c1ccc(Br)cc1)N1CCC1,中毒,3.5351229,53.478058
O=C(c1nnn(-c2nsnc2Oc2ccc(-n3ccnc3)cc2)c1-c1ccc(Br)cc1)N1CCC1,中毒,9.066617,16.032654
O=C(c1nnn(C2CC2)c1-c1ccc(Br)cc1)N1CCC1,低毒,11.493674,25.001862
O=C(c1nnn(-c2cc(I)c(-c3nccs3)cc2F)c1-c1ccc(Br)cc1)N1CCC1,中毒,7.494243,22.46681
O=C(c1nnn(P2(=O)OCOCOC=C2Br)c1-c1ccc(Br)cc1)N1CCC1,中毒,4.5349946,16.003674
O=C(c1nnn(C[13F])c1-c1ccc(Br)cc1)N1CCC1,低毒,14.7157955,16.651882
O=C(c1nnn(C(Cl)Cl)c1-c1ccc(Br)cc1)N1CCC1,低毒,12.366438,16.651882
O=C(c1nnn(C2CCNO2)c1-c1ccc(Br)cc1)N1CCC1,中毒,8.861523,34.375114
O=C(Cl)Cn1nnc(C(=O)N2CCC2)c1-c1ccc(Br)cc1,低毒,14.7157955,25.001862
O=C(c1nnn(C2=Nc3ssc32)c1-c1ccc(Br)cc1)N1CCC1,中毒,10.735547,22.478844
O=C(c1nnn([18Br])c1-c1ccc(Br)cc1)N1CCC1,中毒,52.13683,21.438635
O=C(c1nnn(C(Cl)=C(Cl)O[SH](c2ccccc2)C(F)Cl)c1-c1ccc(Br)cc1)N1CCC1,中毒,8.267471,23.262547
O=C(c1nnn(CC[18F])c1-c1ccc(Br)cc1)N1CCC1,低毒,14.7157955,25.001862
O=C(c1nnn(C2C=C(F)S2)c1-c1ccc(Br)cc1)N1CCC1,低毒,7.493545,20.951405
O=C(c1nnn([15I]c2ccc(C3CCCC3)cc2)c1-c1ccc(Br)cc1)N1CCC1,中毒,19.27628,64.92599
O=C(c1nnn(C2=NCN2P(O)(O)=S)c1-c1ccc(Br)cc1)N1CCC1,中毒,5.7968946,36.64877
O=C(c1nnn(-c2cc3ccccc3s2)c1-c1ccc(Br)cc1)N1CCC1,中毒,6.052996,64.49796
O=C(c1nnn(-c2[nH]nc3ccccc23)c1-c1ccc(Br)cc1)N1CCC1,中毒,5.6530814,29.27914
O=C(c1nnn(S(=O)(=O)Cl)c1-c1ccc(Br)cc1)N1CCC1,低毒,11.90429,89.0446
O=C(c1nnn(-c2cncs2)c1-c1ccc(Br)cc1)N1CCC1,低毒,18.730022,50.315456
O=C(c1nnn(C2(c3ccc(Br)cc3)CCC2)c1-c1ccc(Br)cc1)N1CCC1,中毒,6.4982734,15.365069
O=C(c1nnn(C2CSO2)c1-c1ccc(Br)cc1)N1CCC1,低毒,13.415327,20.843096
O=C(c1nnn(OCI)c1-c1ccc(Br)cc1)N1CCC1,中毒,27.365192,26.656855
NCCCn1cc(CCn2nnc(C(=O)N3CCC3)c2-c2ccc(Br)cc2)nn1,低毒,14.7157955,22.765898
O=C(c1nnn(C2=NC2CCCCCl)c1-c1ccc(Br)cc1)N1CCC1,中毒,9.326939,26.122011
O=C(c1nnn(Cl)c1-c1ccc(Br)cc1)N1CCC1,低毒,23.238869,51.18827
O=C(c1nnn(-c2c(=S)[n+]2S)c1-c1ccc(Br)cc1)N1CCC1,中毒,9.279569,48.07853
N=Cc1ccccc1-n1nnc(C(=O)N2CCC2)c1-c1ccc(Br)cc1,中毒,8.122741,118.13047
O=C(c1nnn(C(O)(Br)Br)c1-c1ccc(Br)cc1)N1CCC1,低毒,12.366438,14.537989
NOCn1nnc(C(=O)N2CCC2)c1-c1ccc(Br)cc1,低毒,9.921383,14.537989
N#CN=C1OC2=C1S(=O)(n1nnc(C(=O)N3CCC3)c1-c1ccc(Br)cc1)=C2,中毒,8.158529,14.5344095
O=C(c1nnn(Cc2ccccc2Cl)c1-c1ccc(Br)cc1)N1CCC1,中毒,5.816992,15.02365
O=C(c1nnn(-c2c(Cl)cccc2Cl)c1-c1ccc(Br)cc1)N1CCC1,中毒,12.292116,28.562063
O=C(c1nnn([13Br])c1-c1ccc(Br)cc1)N1CCC1,中毒,52.13683,21.438635
[N-]=[N+]=Cn1nnc(C(=O)N2CCC2)c1-c1ccc(Br)cc1,低毒,9.972353,16.617321
NS(=O)(=O)n1nnc(C(=O)N2CCC2)c1-c1ccc(Br)cc1,低毒,11.90429,47.420177
O=C(c1nnn(-c2nc3cc[n+]([O-])cc3s2)c1-c1ccc(Br)cc1)N1CCC1,中毒,22.602278,11.400649
O=C(c1nnn(SNc2cn[n+]([O-])s2)c1-c1ccc(Br)cc1)N1CCC1,中毒,10.659209,41.466076
O=C(c1nnn(CCc2ccccc2)c1-c1ccc(Br)cc1)N1CCC1,中毒,14.7157955,25.001862
O=C(c1nnn(-c2cccc(Cl)c2)c1-c1ccc(Br)cc1)N1CCC1,中毒,11.923352,49.925213
O=C(c1nnn(C=CCc2cc(=O)[nH]cn2)c1-c1ccc(Br)cc1)N1CCC1,中毒,13.082877,18.855314
O=C(c1nnn(Cc2cc3cc4cnc(-c5ccccn5)n4nc3s2)c1-c1ccc(Br)cc1)N1CCC1,中毒,2.4906788,24.688784
O=C(c1nnn(C=Cc2ccc(Cl)cc2CN2CCNCC2)c1-c1ccc(Br)cc1)N1CCC1,中毒,15.667969,14.168703
O=C(c1nnn(SC(=S)NCS)c1-c1ccc(Br)cc1)N1CCC1,中毒,11.099145,71.228905
O=C(c1nnn(Sc2sc(Br)c(F)c2F)c1-c1ccc(Br)cc1)N1CCC1,中毒,15.377731,65.33781
O=C(c1nnn(C(c2cccs2)C(Cl)Br)c1-c1ccc(Br)cc1)N1CCC1,中毒,11.317488,26.764051
O=C(c1nnn(CC[PH](O)(O)O)c1-c1ccc(Br)cc1)N1CCC1,低毒,16.814655,24.869268
O=C(c1nnn(ONCl)c1-c1ccc(Br)cc1)N1CCC1,中毒,39.976784,22.230555
O=C(c1nnn(CC(F)Cl)c1-c1ccc(Br)cc1)N1CCC1,低毒,14.7157955,25.001862
O=C(c1nnn(C2C3=C(F)C=CC=C(F)S(=O)(=O)C32)c1-c1ccc(Br)cc1)N1CCC1,中毒,9.812397,24.927197
NN=C(S)n1nnc(C(=O)N2CCC2)c1-c1ccc(Br)cc1,中毒,12.530901,22.312931
O=C(c1nnn(S(O)(F)c2cccnc2)c1-c1ccc(Br)cc1)N1CCC1,中毒,21.573357,64.31574
O=C(c1nnn(C2CCCN3CSC=C4C3N42)c1-c1ccc(Br)cc1)N1CCC1,低毒,13.451082,27.270645
O=C(c1nnn(C2OCSC2[N+](=O)[O-])c1-c1ccc(Br)cc1)N1CCC1,低毒,8.009159,54.280376
O=C(c1nnn(C=CI)c1-c1ccc(Br)cc1)N1CCC1,低毒,14.7157955,16.651882
O=C(c1nnn(-c2ccsc2Br)c1-c1ccc(Br)cc1)N1CCC1,中毒,12.90451,33.677425
O=C(c1nnn(-n2ncs2)c1-c1ccc(Br)cc1)N1CCC1,中毒,24.169611,30.788576
O=C(c1nnn(Cc2ccncn2)c1-c1ccc(Br)cc1)N1CCC1,中毒,10.601123,17.08204
O=C(c1nnn(-c2c(Cl)cccc2Br)c1-c1ccc(Br)cc1)N1CCC1,中毒,9.692266,28.95383
O=C(c1nnn(C=Nc2nnnn2-c2nsc(=S)n2Cc2ccc(C(F)(F)F)nc2)c1-c1ccc(Br)cc1)N1CCC1,中毒,3.5801644,69.41637
O=C(c1nnn(C2=Cc3ccc(Br)cc32)c1-c1ccc(Br)cc1)N1CCC1,中毒,5.8130693,15.692992
O=C(c1nnn(C2=NN3CCC(=N2)CC3)c1-c1ccc(Br)cc1)N1CCC1,中毒,4.1021194,17.024872
O=C(c1nnn(C2=NC2CC2CN[N+]3=Cc4n[nH]cc4N2CCN3)c1-c1ccc(Br)cc1)N1CCC1,中毒,9.326939,23.947092
O=C(c1nnn(CC(Br)=CCNCCCCCl)c1-c1ccc(Br)cc1)N1CCC1,中毒,14.351571,25.001862
O=C(c1nnn(C2N=CSc3nonc32)c1-c1ccc(Br)cc1)N1CCC1,中毒,9.1473875,11.933725
O=C(c1nnn(C2CCNN=C2Br)c1-c1ccc(Br)cc1)N1CCC1,中毒,11.004025,22.852743
O=C(c1nnn(C=Nc2ccccc2)c1-c1ccc(Br)cc1)N1CCC1,低毒,7.0292077,16.617321
O=C(c1nnn(N2OC2=S)c1-c1ccc(Br)cc1)N1CCC1,中毒,17.01474,85.75025
O=C(c1nnn(-c2ncn[nH]2)c1-c1ccc(Br)cc1)N1CCC1,中毒,37.454712,24.27908
O=C(c1nnn(-c2c3cc-3ccccc3c2=CC=3)c1-c1ccc(Br)cc1)N1CCC1,中毒,15.27478,51.685917
O=CC=Nn1nnc(C(=O)N2CCC2)c1-c1ccc(Br)cc1,低毒,33.987186,49.925213
O=C(c1nnn(-c2nc3sc2=CC=CC=3)c1-c1ccc(Br)cc1)N1CCC1,中毒,15.739989,18.795744
O=C(c1nnn(-c2ccccc2S)c1-c1ccc(Br)cc1)N1CCC1,中毒,15.658295,24.50958
O=C(c1nnn(COc2ccc(F)cc2F)c1-c1ccc(Br)cc1)N1CCC1,低毒,9.921383,12.998508
O=C(c1nnn(CCSCl)c1-c1ccc(Br)cc1)N1CCC1,低毒,14.7157955,22.14021
O=C(c1nnn(-c2nc3ccc(Br)cc3s2)c1-c1ccc(Br)cc1)N1CCC1,中毒,8.046399,28.983236
O=C(c1nnn(N2NCN2C(=O)NC(CCl)CCCl)c1-c1ccc(Br)cc1)N1CCC1,中毒,18.645906,54.125748
O=C(c1nnn(S(=O)(=O)c2cc3ccccc3[nH]2)c1-c1ccc(Br)cc1)N1CCC1,中毒,5.8193536,60.93893
O=C(c1nnn(C2SC2(Cl)C2CCNC2)c1-c1ccc(Br)cc1)N1CCC1,中毒,5.2711606,21.369843
O=C(c1nnn(S([O-])=S)c1-c1ccc(Br)cc1)N1CCC1,低毒,11.90429,144.6966
O=C1OCCN1CCN1CC1Cn1nnc(C(=O)N2CCC2)c1-c1ccc(Br)cc1,中毒,11.057361,32.006332
O=C(c1nnn(-c2scnc2Cl)c1-c1ccc(Br)cc1)N1CCC1,低毒,17.625916,22.750412
O=C(c1nnn(CC(F)(I)OCCCBr)c1-c1ccc(Br)cc1)N1CCC1,中毒,9.921383,32.631325
O=C(c1nnn(CCCNO)c1-c1ccc(Br)cc1)N1CCC1,低毒,14.7157955,25.001862
O=C(c1nnn(CC=NCNc2cccnc2Br)c1-c1ccc(Br)cc1)N1CCC1,中毒,9.409719,24.657013
[2H][14C]n1nnc(C(=O)N2CCC2)c1-c1ccc(Br)cc1,低毒,14.7157955,16.651882
O=C(c1nnn(Oc2ccc(I)cc2)c1-c1ccc(Br)cc1)N1CCC1,中毒,33.987186,20.31827
O=C(c1nnn(C=NCCO)c1-c1ccc(Br)cc1)N1CCC1,低毒,11.124961,14.167529
O=C(c1nnn(C=NCBr)c1-c1ccc(Br)cc1)N1CCC1,低毒,9.384396,16.617321
O=C(c1nnn(C=Cc2csc3cccnc23)c1-c1ccc(Br)cc1)N1CCC1,中毒,7.2753463,31.489946
O=C(c1nnn(C[SH]=CN[O-])c1-c1ccc(Br)cc1)N1CCC1,低毒,16.697662,16.651882
O=C(c1nnn(S(=O)(=O)[N-][O-])c1-c1ccc(Br)cc1)N1CCC1,中毒,8.819567,46.76066
O=C(c1nnn(CCCI)c1-c1ccc(Br)cc1)N1CCC1,低毒,14.7157955,25.001862
O=C(c1nnn(C2C=NS(=O)(=O)CCC2)c1-c1ccc(Br)cc1)N1CCC1,中毒,11.579583,24.506243
CCCn1nnc(C(=O)N2CCC2)c1-c1ccc(Br)cc1,低毒,10.457589,25.001862
O=C(c1nnn(C2=NCCC=N2)c1-c1ccc(Br)cc1)N1CCC1,中毒,4.9301677,22.312931
CCOn1nnc(C(=O)N2CCC2)c1-c1ccc(Br)cc1,中毒,33.291145,26.656855
O=C(c1nnn(SN=Cc2n[nH]c3ccc(F)cc23)c1-c1ccc(Br)cc1)N1CCC1,低毒,12.327903,46.76066
O=C(c1nnn(C=Cc2c[nH]cn2)c1-c1ccc(Br)cc1)N1CCC1,低毒,8.859659,18.711687
O=C(c1nnn(C=CSCl)c1-c1ccc(Br)cc1)N1CCC1,中毒,20.46231,15.107966
O=C(c1nnn(CCNc2cccc(Cl)c2)c1-c1ccc(Br)cc1)N1CCC1,低毒,8.591546,25.001862
O=C(c1nnn(CCNC(Cl)=N[N+](=O)[O-])c1-c1ccc(Br)cc1)N1CCC1,低毒,12.366438,36.440033
O=C(c1nnn(C=CCNCl)c1-c1ccc(Br)cc1)N1CCC1,中毒,19.270475,16.651882
O=C(c1nnn(C#[SH])c1-c1ccc(Br)cc1)N1CCC1,低毒,14.7157955,16.651882
O=C(c1nnn(CSc2nnc(Cc3ccc(Cl)nc3Br)[nH]2)c1-c1ccc(Br)cc1)N1CCC1,中毒,6.5660553,17.335777
O=C(c1nnn(C(Cl)c2c(F)cccc2F)c1-c1ccc(Br)cc1)N1CCC1,中毒,8.817272,19.917284
O=C(c1nnn(C2=Nc3ccccc3SCOC2N=C=S)c1-c1ccc(Br)cc1)N1CCC1,中毒,6.064056,36.51699
O=C(c1nnn(C(Br)(Br)I)c1-c1ccc(Br)cc1)N1CCC1,低毒,12.366438,16.617321
O=C(c1nnn(C(O)=NBr)c1-c1ccc(Br)cc1)N1CCC1,低毒,9.972353,13.13029
O=C(c1nnn(C2=NN3OC23)c1-c1ccc(Br)cc1)N1CCC1,中毒,6.9862905,22.136751
O=C(c1nnn(C2=NCS2)c1-c1ccc(Br)cc1)N1CCC1,低毒,7.992567,22.312931
O=C(c1nnn(C(=S)Nc2cccc(F)c2)c1-c1ccc(Br)cc1)N1CCC1,中毒,14.259107,27.014734
O=C(c1nnn(Cc2ccccc2O)c1-c1ccc(Br)cc1)N1CCC1,中毒,11.68375,13.107025
O=C(c1nnn(-c2nc3cc(Cl)ccc3s2)c1-c1ccc(Br)cc1)N1CCC1,中毒,8.046399,20.282017
O=C(c1nnn([SH]=Cc2c(Cl)cccc2Cl)c1-c1ccc(Br)cc1)N1CCC1,低毒,10.134259,88.51725
O=C(c1nnn(CCCn2ccnc2C=NO)c1-c1ccc(Br)cc1)N1CCC1,中毒,22.586966,36.440033
O=C(c1nnn(C=N[18F])c1-c1ccc(Br)cc1)N1CCC1,低毒,9.972353,16.617321
O=C(c1nnn(Cc2ccsc2Cl)c1-c1ccc(Br)cc1)N1CCC1,中毒,3.767605,15.02365
O=C(c1nnn(C2[11C]N2)c1-c1ccc(Br)cc1)N1CCC1,中毒,16.814655,25.001862
O=C(c1nnn(N=C=S)c1-c1ccc(Br)cc1)N1CCC1,低毒,33.987186,188.12292
O=C(c1nnn(C2=C3OCC3C2C2CCCNC2)c1-c1ccc(Br)cc1)N1CCC1,中毒,8.841769,38.09031
O=C(c1nnn(-c2cnsc2)c1-c1ccc(Br)cc1)N1CCC1,中毒,17.536926,24.233778
O=C(c1nnn(C(CCl)c2cccc(C(F)(F)F)c2)c1-c1ccc(Br)cc1)N1CCC1,中毒,8.411774,17.28152
O=C(c1nnn(-c2ccc([N+](=O)[O-])cc2Br)c1-c1ccc(Br)cc1)N1CCC1,中毒,13.798724,44.548447
O=C(c1nnn(C[N+](=O)[O-])c1-c1ccc(Br)cc1)N1CCC1,中毒,12.388913,16.521198
O=C(c1nnn(CCOC=CBr)c1-c1ccc(Br)cc1)N1CCC1,低毒,9.921383,22.369738
O=C(c1nnn(CNC2CCCS2)c1-c1ccc(Br)cc1)N1CCC1,中毒,15.185098,14.266494
O=C(c1nnn([13I])c1-c1ccc(Br)cc1)N1CCC1,低毒,52.13683,45.58551
O=C(c1nnn(-c2cnsc2Br)c1-c1ccc(Br)cc1)N1CCC1,中毒,17.536926,32.451927
O=C(c1nnn(CCCCS)c1-c1ccc(Br)cc1)N1CCC1,低毒,11.713761,25.001862
O=C(c1nnn(C(O)c2sc3oc4ccccc4c3c2-c2cccc(-c3cc(Cl)ccc3Br)n2)c1-c1ccc(Br)cc1)N1CCC1,中毒,5.9175053,15.382274
O=C(c1nnn(S(=O)(=O)P(F)F)c1-c1ccc(Br)cc1)N1CCC1,低毒,5.1914153,90.672066
O=C(c1nnn(OCc2ccc(Cl)cc2)c1-c1ccc(Br)cc1)N1CCC1,中毒,13.395416,21.728981
O=C(c1nnn(CCCCI)c1-c1ccc(Br)cc1)N1CCC1,低毒,11.713761,25.001862
O=C(c1nnn(C23CN2CCN=N3)c1-c1ccc(Br)cc1)N1CCC1,中毒,5.280081,22.932125
O=C(c1nnn(C=Cc2nsnc2SCO)c1-c1ccc(Br)cc1)N1CCC1,中毒,10.038503,11.522686
O=C(c1nnn(-c2c(Cl)sc(Cl)c2NCl)c1-c1ccc(Br)cc1)N1CCC1,中毒,15.168651,20.134092
O=C(c1nnn(N=Cc2ccon2)c1-c1ccc(Br)cc1)N1CCC1,低毒,26.244968,38.9894
O=C(c1nnn(-c2ccsc2F)c1-c1ccc(Br)cc1)N1CCC1,中毒,10.072253,38.33328
O=C(c1nnn(-c2ccnc(S)c2)c1-c1ccc(Br)cc1)N1CCC1,中毒,7.915277,17.624203
O=C(c1nnn(-c2nc3cc(S(F)(F)F)ccc3n2SSc2ccc(-c3ccnc(F)n3)s2)c1-c1ccc(Br)cc1)N1CCC1,中毒,25.90454,18.24955
[N-]=[N+]n1nnc(C(=O)N2CCC2)c1-c1ccc(Br)cc1,中毒,33.291145,55.15302
O=C(c1nnn(CCc2cccs2)c1-c1ccc(Br)cc1)N1CCC1,中毒,16.302973,25.001862
O=C(c1nnn(C(Cl)(Cl)Cl)c1-c1ccc(Br)cc1)N1CCC1,低毒,12.366438,16.651882
O=C(c1nnn(N2CCCCC2)c1-c1ccc(Br)cc1)N1CCC1,中毒,27.450092,33.172127
O=C(c1nnn(C2NC2=S)c1-c1ccc(Br)cc1)N1CCC1,中毒,23.463049,61.031887
O=C(c1nnn(C2CNO2)c1-c1ccc(Br)cc1)N1CCC1,中毒,8.861523,32.836136
O=COn1nnc(C(=O)N2CCC2)c1-c1ccc(Br)cc1,中毒,33.291145,26.656855
O=C(c1nnn(-c2nccc([N+](=O)[O-])c2F)c1-c1ccc(Br)cc1)N1CCC1,中毒,7.9583755,19.499584
O=C(c1nnn(-c2c(Cl)cnc[n+]2[O-])c1-c1ccc(Br)cc1)N1CCC1,中毒,17.533562,42.57803
O=C(c1nnn(-c2nn[nH]c2Br)c1-c1ccc(Br)cc1)N1CCC1,中毒,18.588161,26.42684
O=C(c1nnn([N+]2(OC[N+](=O)[O-])CN2c2ccccc2)c1-c1ccc(Br)cc1)N1CCC1,中毒,8.491878,14.418226
O=C(c1nnn(-c2ncccc2Cl)c1-c1ccc(Br)cc1)N1CCC1,中毒,12.292116,44.608845
O=C(c1nnn(N2C(S)=NC3=CC=CC=CP32)c1-c1ccc(Br)cc1)N1CCC1,中毒,9.394462,80.26485
O=C(c1nnn(C23CC2=CNc2ccccc2S3)c1-c1ccc(Br)cc1)N1CCC1,中毒,13.815786,21.413763
O=C(c1nnn(-c2cccc(CCN3CCSCC3)c2)c1-c1ccc(Br)cc1)N1CCC1,中毒,3.164355,19.916813
O=C(c1nnn(C(NCl)(c2ccccc2)c2cccs2)c1-c1ccc(Br)cc1)N1CCC1,中毒,11.936821,15.312314
O=C(c1nnn(C(=S)Nc2cccc3nonc23)c1-c1ccc(Br)cc1)N1CCC1,中毒,14.259107,28.131508
O=C(c1nnn(C=C=C2N=[C-]S2)c1-c1ccc(Br)cc1)N1CCC1,低毒,14.7157955,23.744467
O=C(c1nnn(N=[SH](=O)[O-])c1-c1ccc(Br)cc1)N1CCC1,中毒,52.13683,33.172127
O=C(c1nnn(C(O)c2ccsc2)c1-c1ccc(Br)cc1)N1CCC1,中毒,7.177013,16.560421
O=C(c1nnn(CCc2ccncc2)c1-c1ccc(Br)cc1)N1CCC1,低毒,14.7157955,25.001862
O=C(c1nnn(C2=NC2CCCl)c1-c1ccc(Br)cc1)N1CCC1,中毒,5.635712,26.122011
O=C(c1nnn(S(=O)(=O)S)c1-c1ccc(Br)cc1)N1CCC1,低毒,11.90429,90.672066
O=C(c1nnn(-c2nsnc2CCl)c1-c1ccc(Br)cc1)N1CCC1,中毒,18.421913,23.628412
O=C(c1nnn(CCCN=[SH]F)c1-c1ccc(Br)cc1)N1CCC1,低毒,14.7157955,25.001862
O=C(c1nnn(-c2c3c(c4n2CC4)SC3=S)c1-c1ccc(Br)cc1)N1CCC1,中毒,11.98836,41.557953
O=C(c1nnn(-c2cccnc2F)c1-c1ccc(Br)cc1)N1CCC1,低毒,8.885191,52.997784
O=C(c1nnn(C2CN(NCl)C2Br)c1-c1ccc(Br)cc1)N1CCC1,中毒,23.463049,46.544373
O=C(c1nnn(-c2c(Br)csc2Cl)c1-c1ccc(Br)cc1)N1CCC1,中毒,13.148104,22.536598
O=C(c1nnn(SC2=CN2C2CCCCC2)c1-c1ccc(Br)cc1)N1CCC1,中毒,9.107066,70.1714
O=C(c1nnn(-c2nccc3cccnc23)c1-c1ccc(Br)cc1)N1CCC1,中毒,13.591284,44.608845
O=C(c1nnn(-c2ccc(Cl)c(Br)c2Cl)c1-c1ccc(Br)cc1)N1CCC1,中毒,14.409557,30.259153
O=C(c1nnn(C(=O)c2ccc(N3Cc4ccncc43)cc2)c1-c1ccc(Br)cc1)N1CCC1,中毒,4.5794477,13.880814
O=C(c1nnn(C=NC2Nc3c(ccc4ccccc34)S2)c1-c1ccc(Br)cc1)N1CCC1,中毒,4.6677194,20.863949
O=C(c1nnn(C2=Nc3ccccc3CS2)c1-c1ccc(Br)cc1)N1CCC1,中毒,5.8504324,22.312931
O=C(c1nnn(CC=Cc2csc(Cl)c2)c1-c1ccc(Br)cc1)N1CCC1,中毒,9.051158,25.001862
O=C(c1nnn(N=[IH])c1-c1ccc(Br)cc1)N1CCC1,中毒,31.018295,55.15302
O=C(c1nnn(C=NOCI)c1-c1ccc(Br)cc1)N1CCC1,低毒,13.082877,15.390113
O=C(c1nnn(CC2C=N2)c1-c1ccc(Br)cc1)N1CCC1,低毒,9.921383,25.001862
O=C(c1nnn(-c2ccc(Cl)cc2Cl)c1-c1ccc(Br)cc1)N1CCC1,中毒,12.292116,30.259153
O=C(c1nnn(S(=O)(=O)CCl)c1-c1ccc(Br)cc1)N1CCC1,中毒,8.978762,79.720116
O=C(c1nnn(Oc2ccccn2)c1-c1ccc(Br)cc1)N1CCC1,中毒,12.697471,19.17324
O=C(c1nnn(C=CCl)c1-c1ccc(Br)cc1)N1CCC1,低毒,14.7157955,15.842161
O=C(c1nnn(CN=NC2=CS2)c1-c1ccc(Br)cc1)N1CCC1,低毒,12.558582,16.09387
O=C(c1nnn(-c2cc(NI)c3nocc3n2)c1-c1ccc(Br)cc1)N1CCC1,中毒,9.380714,27.386452
O=C(c1nnn(C2CCN=N2)c1-c1ccc(Br)cc1)N1CCC1,低毒,13.47821,24.41589
N=C(C(Cl)Cl)n1nnc(C(=O)N2CCC2)c1-c1ccc(Br)cc1,低毒,8.706197,19.244274
O=C(c1nnn([C+]c2ccc3[nH]nnc3c2)c1-c1ccc(Br)cc1)N1CCC1,中毒,8.411774,27.710857
O=C(c1nnn(C2N=NNC2=NP)c1-c1ccc(Br)cc1)N1CCC1,低毒,8.425508,23.524118
O=C(c1nnn(N2CCOCC2)c1-c1ccc(Br)cc1)N1CCC1,低毒,41.424145,33.42394
O=C(c1nnn(C(O)(CCl)Cn2ccnc2-c2c[nH]c3ccccc23)c1-c1ccc(Br)cc1)N1CCC1,中毒,6.143881,13.560392
O=C(c1nnn([SH]2C3C=NC2(C(=O)[O-])N(Cc2cccs2)C3)c1-c1ccc(Br)cc1)N1CCC1,中毒,5.1157894,29.628633
O=C(c1nnn(C2N=NCS2)c1-c1ccc(Br)cc1)N1CCC1,低毒,9.8992195,23.596052
O=C(c1nnn(-c2cccc3c2OCCO3)c1-c1ccc(Br)cc1)N1CCC1,中毒,13.256438,25.254671
O=C(c1nnn(CSc2ncnn2Br)c1-c1ccc(Br)cc1)N1CCC1,低毒,11.057361,15.927955
O=C(c1nnn(C=Nc2ccc([N+](=O)[O-])cc2)c1-c1ccc(Br)cc1)N1CCC1,低毒,7.0292077,25.040358
O=C(c1nnn(NN=Cc2ccc3[nH]ccc3c2)c1-c1ccc(Br)cc1)N1CCC1,中毒,28.842226,106.03973
O=C(c1nnn(CCOCl)c1-c1ccc(Br)cc1)N1CCC1,低毒,9.921383,18.738579
O=C(c1nnn(OC=S)c1-c1ccc(Br)cc1)N1CCC1,低毒,31.303555,32.4479
O=C(c1nnn(-c2nccnn2)c1-c1ccc(Br)cc1)N1CCC1,中毒,24.199738,37.13117
O=C(c1nnn(C2(F)CN2CCCl)c1-c1ccc(Br)cc1)N1CCC1,中毒,7.841313,24.00193
O=C(c1nnn(C2COS2)c1-c1ccc(Br)cc1)N1CCC1,低毒,9.26331,34.543137
O=C(c1nnn(CN[SH](=O)=O)c1-c1ccc(Br)cc1)N1CCC1,低毒,14.7157955,16.617321
O=C(c1nnn(C=NBr)c1-c1ccc(Br)cc1)N1CCC1,低毒,9.972353,14.058437
O=C(c1nnn(C=N[N+](=O)[O-])c1-c1ccc(Br)cc1)N1CCC1,中毒,13.082877,25.040358
O=C(c1nnn(Cc2c[nH]c3cc(Br)ccc23)c1-c1ccc(Br)cc1)N1CCC1,中毒,4.480236,13.634027
O=C(c1nnn(C2c3cccnc32)c1-c1ccc(Br)cc1)N1CCC1,中毒,5.821621,11.840641
O=C(c1nnn(CCOCC=CO)c1-c1ccc(Br)cc1)N1CCC1,低毒,9.921383,22.369738
O=C(c1nnn(C2C3=NOC32)c1-c1ccc(Br)cc1)N1CCC1,中毒,3.0661662,22.542078
O=C(c1nnn(-c2ccc3nonc3c2)c1-c1ccc(Br)cc1)N1CCC1,中毒,12.292116,49.925213
O=C(c1nnn(-c2csc(=S)s2)c1-c1ccc(Br)cc1)N1CCC1,中毒,11.923352,99.32763
O=C(c1nnn(Sc2ccccc2Cl)c1-c1ccc(Br)cc1)N1CCC1,中毒,11.099145,114.557335
O=C(c1nnn(C2=[N+](CI)c3ccccc32)c1-c1ccc(Br)cc1)N1CCC1,中毒,2.5744696,29.882605
O=C(c1nnn(COF)c1-c1ccc(Br)cc1)N1CCC1,低毒,14.7157955,13.809015
O=C(c1nnn(CNc2ccc(F)cc2)c1-c1ccc(Br)cc1)N1CCC1,中毒,13.415327,16.09387
O=C(c1nnn(CN2CCCC2)c1-c1ccc(Br)cc1)N1CCC1,中毒,12.177278,16.651882
Nc1nc2ccccc2cc1Cn1nnc(C(=O)N2CCC2)c1-c1ccc(Br)cc1,中毒,3.0208683,14.6490555
O=C(c1nnn(NC2=NC2=CCBr)c1-c1ccc(Br)cc1)N1CCC1,中毒,11.629481,61.243317
O=C(c1nnn(C2CC2O)c1-c1ccc(Br)cc1)N1CCC1,低毒,8.5773,20.843096
O=C(c1nnn(C2CCc3c([nH]c4cnccc34)C(=S)O2)c1-c1ccc(Br)cc1)N1CCC1,中毒,3.3982806,64.70254
O=C(c1nnn(C=CNCc2ccccc2)c1-c1ccc(Br)cc1)N1CCC1,低毒,14.7157955,16.651882
C[11I]n1nnc(C(=O)N2CCC2)c1-c1ccc(Br)cc1,中毒,29.805176,127.46572
O=C(c1nnn(-c2cccc(C3CN4C(c5cccc(-c6cn[nH]c6)c5)N4S3(=O)=O)c2O)c1-c1ccc(Br)cc1)N1CCC1,中毒,7.6642957,16.348
O=C(c1nnn(C(=S)Cl)c1-c1ccc(Br)cc1)N1CCC1,中毒,14.002979,28.018917
O=C(c1nnn(CNCl)c1-c1ccc(Br)cc1)N1CCC1,低毒,14.7157955,17.816908
O=C(c1nnn(C2=Cc3sccc32)c1-c1ccc(Br)cc1)N1CCC1,中毒,4.5794477,31.925337
O=C(c1nnn(C=NOCc2ccccc2)c1-c1ccc(Br)cc1)N1CCC1,低毒,9.972353,13.250632
O=C(c1nnn(C2SC2=Nc2ccccc2Br)c1-c1ccc(Br)cc1)N1CCC1,低毒,6.2895627,28.328722
O=C(c1nnn(-c2nccnc2Cl)c1-c1ccc(Br)cc1)N1CCC1,中毒,27.418682,19.29736
O=C(c1nnn(C2=CC=[N+]C=N2)c1-c1ccc(Br)cc1)N1CCC1,中毒,9.180403,14.312071
O=C(c1nnn(Cc2cc(Br)oc2Br)c1-c1ccc(Br)cc1)N1CCC1,中毒,3.586003,23.0521
O=C(c1nnn(Cc2cc3occc3s2)c1-c1ccc(Br)cc1)N1CCC1,中毒,6.917994,15.842161
O=C(c1nnn(Oc2ccccc2)c1-c1ccc(Br)cc1)N1CCC1,中毒,33.987186,20.31827
O=C(c1nnn(C=CNI)c1-c1ccc(Br)cc1)N1CCC1,低毒,14.7157955,25.001862
O=C(c1nnn(S(=O)(=O)C(Cl)Cl)c1-c1ccc(Br)cc1)N1CCC1,中毒,8.978762,79.720116
O=C(c1nnn(-c2ccc([122I])cc2)c1-c1ccc(Br)cc1)N1CCC1,中毒,12.292116,52.997784
O=C(c1nnn(-c2cccnc2S)c1-c1ccc(Br)cc1)N1CCC1,中毒,8.899877,27.31082
O=C(c1nnn(CC2=C=CON=CC2C=C=[IH])c1-c1ccc(Br)cc1)N1CCC1,中毒,9.897185,26.663696
O=C(c1nnn(C(CBr)c2noc(CNc3cnsn3)n2)c1-c1ccc(Br)cc1)N1CCC1,中毒,9.667592,15.423365
O=C(c1nnn(C23N=C2NS3)c1-c1ccc(Br)cc1)N1CCC1,中毒,6.347237,19.76402
N#Cc1cocc1-n1nnc(C(=O)N2CCC2)c1-c1ccc(Br)cc1,中毒,9.413061,24.126593
O=C(c1nnn(-c2ccc(OCNCC3CCC3)cc2)c1-c1ccc(Br)cc1)N1CCC1,中毒,12.72509,48.100784
O=C(c1nnn(N=Cc2cccs2)c1-c1ccc(Br)cc1)N1CCC1,中毒,26.244968,52.61498
O=C(c1nnn(CCc2ccco2)c1-c1ccc(Br)cc1)N1CCC1,中毒,17.840372,25.44526
O=C(c1nnn(-c2cc(I)cs2)c1-c1ccc(Br)cc1)N1CCC1,中毒,6.052996,49.828938
O=C(c1nnn(Cc2cc(I)c3[nH]cnc3c2)c1-c1ccc(Br)cc1)N1CCC1,中毒,5.816992,16.023626
O=C(c1nnn(C(=S)NCCBr)c1-c1ccc(Br)cc1)N1CCC1,中毒,13.26564,21.380163
O=C(c1nnn(Cn2ccnc2)c1-c1ccc(Br)cc1)N1CCC1,低毒,11.713761,14.1541815
O=C(c1nnn(C(=S)Br)c1-c1ccc(Br)cc1)N1CCC1,低毒,14.002979,23.372
O=C(c1nnn(C2[121C]CO2)c1-c1ccc(Br)cc1)N1CCC1,中毒,8.009159,21.611603
O=C(c1nnn(-c2ccc3c(c2)SC(F)CN3Br)c1-c1ccc(Br)cc1)N1CCC1,中毒,6.608234,26.32129
O=C(c1nnn([123I])c1-c1ccc(Br)cc1)N1CCC1,低毒,52.13683,45.58551
O=C(c1nnn(CC=C2OS2(=O)=O)c1-c1ccc(Br)cc1)N1CCC1,中毒,10.273835,22.369738
[2H][N+]([2H])(Br)N1CC1Cn1nnc(C(=O)N2CCC2)c1-c1ccc(Br)cc1,中毒,14.7157955,26.660154
O=C(c1nnn(C23C(=CO)N4c5ccc(Br)cc5SC(Cc5ccccc52)C43)c1-c1ccc(Br)cc1)N1CCC1,中毒,3.4448814,15.95398
O=C(c1nnn(C=C=NNc2ccccc2)c1-c1ccc(Br)cc1)N1CCC1,中毒,14.7157955,22.538069
O=C(c1nnn(C23CCC4CC(CC(C4)C2)C3)c1-c1ccc(Br)cc1)N1CCC1,中毒,9.875283,22.477419
O=C(c1nnn(C=CNC(S)Cc2c[nH]c3ccccc23)c1-c1ccc(Br)cc1)N1CCC1,中毒,6.808969,15.326535
O=C(c1nnn(-c2no[n+]([O-])c2Br)c1-c1ccc(Br)cc1)N1CCC1,中毒,13.682494,18.848907
O=C(c1nnn(S(=O)(=O)C2CCCCC2)c1-c1ccc(Br)cc1)N1CCC1,中毒,5.650284,72.397064
O=C(c1nnn([114I])c1-c1ccc(Br)cc1)N1CCC1,低毒,52.13683,45.58551
O=C(c1nnn(C2CN2CCBr)c1-c1ccc(Br)cc1)N1CCC1,中毒,13.26564,24.00193
O=C(c1nnn(C2=NN3CC2CS3)c1-c1ccc(Br)cc1)N1CCC1,中毒,9.354598,17.82242
CCC12CC[SH]1(n1nnc(C(=O)N3CCC3)c1-c1ccc(Br)cc1)=NC2,中毒,10.179511,29.344908
O=C(c1nnn(C(c2cccc(F)c2F)c2nncc3ccccc23)c1-c1ccc(Br)cc1)N1CCC1,中毒,15.22562,14.578424
O=C(c1nnn(N2CCCC2)c1-c1ccc(Br)cc1)N1CCC1,中毒,27.450092,33.172127
O=C(c1nnn(CCCOS(=O)(=O)CI)c1-c1ccc(Br)cc1)N1CCC1,低毒,14.7157955,20.843096
O=C(c1nnn(C(Br)c2cnccn2)c1-c1ccc(Br)cc1)N1CCC1,中毒,5.745936,21.393742
O=C(c1nnn(C=NI)c1-c1ccc(Br)cc1)N1CCC1,低毒,8.773093,16.617321
O=C(c1nnn(C=NO)c1-c1ccc(Br)cc1)N1CCC1,低毒,9.972353,16.617321
O=C(c1nnn(S#[SH])c1-c1ccc(Br)cc1)N1CCC1,低毒,9.197273,92.90239
O=C(c1nnn(OS(=O)(=O)c2ccc(C(F)(F)F)cc2)c1-c1ccc(Br)cc1)N1CCC1,中毒,16.597414,14.344612
O=C(c1nnn(COc2ccc(OC(F)(F)Cl)cc2)c1-c1ccc(Br)cc1)N1CCC1,低毒,7.417796,12.146331
O=C(c1nnn(C2=CC3=CN=CC=CC32c2ccc(O)cc2)c1-c1ccc(Br)cc1)N1CCC1,中毒,16.631933,17.80316
O=C(c1nnn(C2=CS(c3cccs3)=CC2Br)c1-c1ccc(Br)cc1)N1CCC1,中毒,14.02864,18.434204
O=C(c1nnn(-c2c(Br)n(Nc3ccc(Br)cc3)c3csc(-c4ccncc4)c23)c1-c1ccc(Br)cc1)N1CCC1,中毒,4.996257,29.599339
O=C(c1nnn([14C]P(=O)(CI)Oc2ccccc2)c1-c1ccc(Br)cc1)N1CCC1,中毒,11.057361,11.336774
O=C(c1nnn(-c2c(O)c(Br)c[s+]2Br)c1-c1ccc(Br)cc1)N1CCC1,中毒,6.515525,53.326653
O=C(c1nnn(C=C(CCl)Nc2nsnc2-c2nc3ccccc3s2)c1-c1ccc(Br)cc1)N1CCC1,中毒,5.4657707,15.31561
O=C(c1nnn(S(=O)(=O)C2N=CC=N2)c1-c1ccc(Br)cc1)N1CCC1,中毒,7.7232447,58.33449
O=C(c1nnn(-c2cc(=O)oc3ccsc23)c1-c1ccc(Br)cc1)N1CCC1,中毒,7.02221,39.61578
O=C(c1nnn(SCCCl)c1-c1ccc(Br)cc1)N1CCC1,低毒,8.13859,75.83646
O=C(c1nnn(CCNc2ccn(-c3nc4ccc(Cl)cc4s3)c2)c1-c1ccc(Br)cc1)N1CCC1,中毒,9.130998,33.789352
O=C(c1nnn(Cc2cn(-c3ccccc3)nc2-c2ccccn2)c1-c1ccc(Br)cc1)N1CCC1,中毒,13.689534,26.764051
O=C(c1nnn(N=Cc2c[nH]cc2Br)c1-c1ccc(Br)cc1)N1CCC1,中毒,4.8593864,118.13047
O=C(c1nnn(-c2nc(-c3ccc(F)cc3)cs2)c1-c1ccc(Br)cc1)N1CCC1,中毒,10.091483,21.230272
O=C(c1nnn(-c2coc(Cl)c2Cl)c1-c1ccc(Br)cc1)N1CCC1,中毒,4.4872713,11.1632805
O=C(c1nnn(C(CCl)(On2cncn2)c2ccccn2)c1-c1ccc(Br)cc1)N1CCC1,中毒,2.763271,23.717396
O=C(c1nnn(C2=NC=NNC2S)c1-c1ccc(Br)cc1)N1CCC1,中毒,6.581856,22.478844
O=C(c1nnn(C2NCc3c4cnc(Cl)c3NS(=O)(=O)C42)c1-c1ccc(Br)cc1)N1CCC1,中毒,4.4134884,19.186583
NS(=O)(=O)Nn1nnc(C(=O)N2CCC2)c1-c1ccc(Br)cc1,中毒,11.333333,24.50958
O=C(c1nnn(NCCCOc2ccon2)c1-c1ccc(Br)cc1)N1CCC1,中毒,23.238869,52.190636
O=C(c1nnn(CC[S+]2CC2)c1-c1ccc(Br)cc1)N1CCC1,低毒,14.7157955,35.090282
O=C(c1nnn(C2=Cc3ssc3C2)c1-c1ccc(Br)cc1)N1CCC1,中毒,11.704065,15.949178
O=C(c1nnn([N+](=O)S(=O)(=O)N[N+](=O)[O-])c1-c1ccc(Br)cc1)N1CCC1,中毒,7.5118675,20.391367
O=C(c1nnn(C=Cc2c(F)cccc2Cl)c1-c1ccc(Br)cc1)N1CCC1,中毒,15.667969,15.577059
O=C(c1nnn(C[PH]2=NC3Nc4cccn4Nc4cc(Br)ccc4N=C32)c1-c1ccc(Br)cc1)N1CCC1,中毒,3.7822757,21.764784
O=C(c1nnn(Cc2ccnc(Oc3c[nH]nn3)c2-c2cncs2)c1-c1ccc(Br)cc1)N1CCC1,中毒,9.810173,8.742301
O=C(c1nnn(CC=Cc2c[nH]c3cccnc23)c1-c1ccc(Br)cc1)N1CCC1,中毒,11.223214,35.38804
O=C(c1nnn(C2=CC=C3C=CC(N=Nc4ccon4)=NC32F)c1-c1ccc(Br)cc1)N1CCC1,中毒,9.684411,14.009461
O=C(c1nnn(CNc2ccsc2Cl)c1-c1ccc(Br)cc1)N1CCC1,中毒,20.46231,19.666359
O=C(c1nnn(-c2c3c(-c4nccn4CO)c-3cc3conc3cc3c4[nH]c=4ccsc23)c1-c1ccc(Br)cc1)N1CCC1,中毒,2.83125,26.235914
O=C(c1nnn(-c2cc(F)c(Br)cc2Br)c1-c1ccc(Br)cc1)N1CCC1,中毒,4.79636,27.31082
O=C(c1nnn(-c2ccc3occ(Cc4ccnc5ccccc45)c3n2)c1-c1ccc(Br)cc1)N1CCC1,中毒,4.1096053,31.744123
O=C(c1nnn(S(=O)(=O)C(F)(F)CN[SH](=O)(C=S)c2ccccc2)c1-c1ccc(Br)cc1)N1CCC1,中毒,11.777148,76.28609
O=C(c1nnn(-c2ncc([123I])s2)c1-c1ccc(Br)cc1)N1CCC1,中毒,14.810587,20.282017
O=C(c1nnn([SH]23=NC2=NC=NO3)c1-c1ccc(Br)cc1)N1CCC1,中毒,6.6893587,34.40366
O=C(c1nnn(C23SSSC2ON=C3c2cc(I)cs2)c1-c1ccc(Br)cc1)N1CCC1,中毒,2.8322,14.2372675
O=C(c1nnn(C23CC4CC(CC2C4)C3)c1-c1ccc(Br)cc1)N1CCC1,中毒,9.875283,22.477419
O=C(c1nnn(CCNC[SH](=O)=O)c1-c1ccc(Br)cc1)N1CCC1,低毒,14.7157955,29.281906
[C-][N+]=Cn1nnc(C(=O)N2CCC2)c1-c1ccc(Br)cc1,低毒,11.124961,16.617321
[N-]=Cn1nnc(C(=O)N2CCC2)c1-c1ccc(Br)cc1,低毒,9.972353,16.617321
O=C(c1nnn(CCN=Nc2ccncc2)c1-c1ccc(Br)cc1)N1CCC1,中毒,12.388913,25.130816
O=C(c1nnn(NSCc2ccc3ccccc3c2Br)c1-c1ccc(Br)cc1)N1CCC1,中毒,24.070057,25.981153
O=C(c1nnn(-c2cc(Cl)on2)c1-c1ccc(Br)cc1)N1CCC1,中毒,3.5195906,12.132093
O=C(c1nnn(-c2ccccc2SC2CCNS2(=O)=O)c1-c1ccc(Br)cc1)N1CCC1,中毒,12.829126,22.741465
O=C(c1nnn(-c2cccc3[nH]cnc23)c1-c1ccc(Br)cc1)N1CCC1,中毒,16.688135,20.19103
O=C(c1nnn([N+]([O-])=S)c1-c1ccc(Br)cc1)N1CCC1,中毒,52.13683,47.18668
O=C(c1nnn([14C]c2ccc(Cl)cc2)c1-c1ccc(Br)cc1)N1CCC1,中毒,9.096299,15.842161
N=[N+]=NCn1nnc(C(=O)N2CCC2)c1-c1ccc(Br)cc1,低毒,9.154928,16.09387
O=C(c1nnn(-c2sccc2-c2ccc([N+](=O)[O-])cc2)c1-c1ccc(Br)cc1)N1CCC1,中毒,4.2969513,30.944326
O=C(c1nnn(COc2ccc(CSP(=O)(O)OS(=O)(=O)O)cc2)c1-c1ccc(Br)cc1)N1CCC1,低毒,8.449985,14.419208
O=C(c1nnn([IH]c2ccccc2)c1-c1ccc(Br)cc1)N1CCC1,中毒,52.13683,60.556
O=C(c1nnn(Cc2cnccn2)c1-c1ccc(Br)cc1)N1CCC1,中毒,8.425508,11.840641
N#Cc1ccccc1-n1nnc(C(=O)N2CCC2)c1-c1ccc(Br)cc1,中毒,11.923352,33.2783
O=C(c1nnn([SH](CI)c2ccc(I)nc2)c1-c1ccc(Br)cc1)N1CCC1,中毒,15.128932,65.863365
O=C(c1nnn(-c2cc(Br)c(O)cc2Br)c1-c1ccc(Br)cc1)N1CCC1,中毒,6.971778,28.409443
O=C(c1nnn(C2=NCCSC2)c1-c1ccc(Br)cc1)N1CCC1,低毒,9.384396,24.869268
O=C(c1nnn(CCC(F)Br)c1-c1ccc(Br)cc1)N1CCC1,低毒,14.7157955,20.66404
O=C(c1nnn(CCc2ccsc2)c1-c1ccc(Br)cc1)N1CCC1,中毒,14.7157955,23.908426
O=C(c1nnn(C=CNc2ccco2)c1-c1ccc(Br)cc1)N1CCC1,低毒,17.840372,22.538069
O=C(c1nnn(C(=O)Cl)c1-c1ccc(Br)cc1)N1CCC1,低毒,10.66633,18.145395
O=C(c1nnn(CN2C3CCCN2CC3)c1-c1ccc(Br)cc1)N1CCC1,中毒,15.185098,25.001862
O=C(c1nnn(C2=NCC=N2)c1-c1ccc(Br)cc1)N1CCC1,中毒,4.9301677,25.040358
O=C(c1nnn(Cc2ccncc2)c1-c1ccc(Br)cc1)N1CCC1,中毒,9.096299,15.842161
O=C(c1nnn(C2SC=CC3C2CC32CCCCCS2)c1-c1ccc(Br)cc1)N1CCC1,中毒,7.449511,29.72735
O=C(c1nnn(C23CCC2NN3)c1-c1ccc(Br)cc1)N1CCC1,中毒,10.179511,18.766386
O=C(c1nnn(ON=CNc2nn3c(Cc4ccccc4)nc4cc(Cl)ccc4n23)c1-c1ccc(Br)cc1)N1CCC1,中毒,8.267466,36.832535
O=C(c1nnn(-c2cscc2Br)c1-c1ccc(Br)cc1)N1CCC1,中毒,11.689742,33.677425
O=C(c1nnn(C=Nn2oc3c2=CC2=CC4=NC(=NC=CN=3)C=CC=CC=C24)c1-c1ccc(Br)cc1)N1CCC1,中毒,6.207752,28.230854
[N-][S+]n1nnc(C(=O)N2CCC2)c1-c1ccc(Br)cc1,低毒,11.90429,41.466076
Nc1c(-n2nnc(C(=O)N3CCC3)c2-c2ccc(Br)cc2)nc[s+]1[O-],中毒,7.977609,26.920568
O=C(c1nnn(COO)c1-c1ccc(Br)cc1)N1CCC1,低毒,14.7157955,14.537989
O=C(c1nnn(CCNCCBr)c1-c1ccc(Br)cc1)N1CCC1,低毒,11.965558,24.00193
O=C(c1nnn(Cc2cccc(Nc3n[nH]c4ccccc34)c2)c1-c1ccc(Br)cc1)N1CCC1,中毒,9.096299,15.231631
O=C(c1nnn(-c2cn(O)nn2)c1-c1ccc(Br)cc1)N1CCC1,中毒,18.730022,26.42684
O=C(c1nnn(C[SH](=O)=O)c1-c1ccc(Br)cc1)N1CCC1,低毒,13.415327,14.881171
O=C(c1nnn(SCI)c1-c1ccc(Br)cc1)N1CCC1,低毒,8.13859,79.19967
O=C(c1nnn(CC=Cc2cncs2)c1-c1ccc(Br)cc1)N1CCC1,低毒,16.814655,25.001862
O=C(c1nnn(S(=O)CCl)c1-c1ccc(Br)cc1)N1CCC1,中毒,8.971934,79.720116
O=C(c1nnn(CCc2ccccn2)c1-c1ccc(Br)cc1)N1CCC1,中毒,14.7157955,25.001862
O=C(c1nnn(-c2nncs2)c1-c1ccc(Br)cc1)N1CCC1,中毒,28.68211,44.965492
O=C(c1nnn(Cc2cncnc2)c1-c1ccc(Br)cc1)N1CCC1,中毒,11.464878,14.137096
O=C(c1nnn(S(=O)c2c3sc-3c2Br)c1-c1ccc(Br)cc1)N1CCC1,中毒,11.87854,17.393509
O=C(c1nnn(Cc2ccccc2Br)c1-c1ccc(Br)cc1)N1CCC1,中毒,9.096299,15.842161
O=C(c1nnn(CCC(Cl)Br)c1-c1ccc(Br)cc1)N1CCC1,低毒,12.558582,20.66404
C=Cn1nnc(C(=O)N2CCC2)c1-c1ccc(Br)cc1,低毒,14.7157955,16.651882
O=C(c1nnn(C2=C3CC(=[N+]2N2C=C4C=CC(Cl)=C42)NN3)c1-c1ccc(Br)cc1)N1CCC1,中毒,6.4844737,10.417259
O=C(c1nnn(CCOc2ccc3c(c2)Nc2nc(-c4ccoc4)cc-3n2)c1-c1ccc(Br)cc1)N1CCC1,中毒,4.661556,14.31446
O=C(c1nnn(-c2ccc(Br)cc2F)c1-c1ccc(Br)cc1)N1CCC1,中毒,5.1556325,26.122887
O=C(c1nnn(CC[S+]c2cccc(I)c2)c1-c1ccc(Br)cc1)N1CCC1,低毒,13.415327,20.66404
O=C(c1nnn(CO)c1-c1ccc(Br)cc1)N1CCC1,低毒,14.7157955,14.537989
CC1CC2CC12n1nnc(C(=O)N2CCC2)c1-c1ccc(Br)cc1,中毒,7.4449863,22.477419
O=C(c1nnn(CCNc2nc(-c3ccco3)cs2)c1-c1ccc(Br)cc1)N1CCC1,中毒,17.840372,24.69289
O=C(c1nnn(NC(Cl)(Cl)Cl)c1-c1ccc(Br)cc1)N1CCC1,中毒,23.238869,45.50951
O=C(c1nnn(C2CN2CCCCC2CNS2(=O)=O)c1-c1ccc(Br)cc1)N1CCC1,中毒,8.931201,29.819618
[3H]C1O[SH]1n1nnc(C(=O)N2CCC2)c1-c1ccc(Br)cc1,低毒,5.2901983,56.478096
O=C(c1nnn(-c2ccc(C3=Nn4cccc43)cc2)c1-c1ccc(Br)cc1)N1CCC1,中毒,7.0652995,70.59768
[131CH3]n1nnc(C(=O)N2CCC2)c1-c1ccc(Br)cc1,低毒,14.7157955,16.651882
O=C(c1nnn(C2=NCCN=C2F)c1-c1ccc(Br)cc1)N1CCC1,中毒,4.112333,34.40366
O=C(c1nnn(OC=CCOCl)c1-c1ccc(Br)cc1)N1CCC1,中毒,33.291145,26.656855
O=C(c1nnn(-c2cnn3cccc3c2)c1-c1ccc(Br)cc1)N1CCC1,中毒,12.431187,27.058155
O=C(c1nnn(C2CCOS2)c1-c1ccc(Br)cc1)N1CCC1,中毒,13.415327,34.543137
O=C(c1nnn(CCc2c[n+]([O-])no2)c1-c1ccc(Br)cc1)N1CCC1,中毒,14.7157955,23.908426
O=C(c1nnn(-c2nsnc2Sc2cccnc2)c1-c1ccc(Br)cc1)N1CCC1,中毒,11.95842,38.79912
O=C(c1nnn(N(Cc2nnn(-c3ccco3)c2-c2ccccc2)c2ccccc2)c1-c1ccc(Br)cc1)N1CCC1,中毒,4.9610205,55.25533
O=C(c1nnn(-c2nonc2NCCBr)c1-c1ccc(Br)cc1)N1CCC1,中毒,9.820495,21.040035
O=C(c1nnn(Cc2ccc(O)cc2)c1-c1ccc(Br)cc1)N1CCC1,中毒,9.096299,12.146331
O=C(c1nnn(-c2cc3c([nH]2)SCCC3)c1-c1ccc(Br)cc1)N1CCC1,中毒,10.500892,27.665827
NCCCCn1nnc(C(=O)N2CCC2)c1-c1ccc(Br)cc1,低毒,19.066305,25.001862
O=C(c1nnn(CNCc2ccccc2OCI)c1-c1ccc(Br)cc1)N1CCC1,中毒,20.46231,14.164352
O=C(c1nnn(-c2cc(Sc3ncn[nH]3)ccc2OCl)c1-c1ccc(Br)cc1)N1CCC1,中毒,11.928073,22.395418
O=C(c1nnn(-c2nonc2NNCl)c1-c1ccc(Br)cc1)N1CCC1,中毒,9.820495,13.329714
O=C(c1nnn(-c2ccsc2S)c1-c1ccc(Br)cc1)N1CCC1,中毒,20.863083,33.677425
O=C(c1nnn(S(O)=S)c1-c1ccc(Br)cc1)N1CCC1,低毒,11.90429,144.6966
O=C(c1nnn(C(F)(CBr)NO)c1-c1ccc(Br)cc1)N1CCC1,中毒,9.155033,29.349129
[N-]=[C+]Sn1nnc(C(=O)N2CCC2)c1-c1ccc(Br)cc1,低毒,8.13859,60.89405
O=C(c1nnn(C2CN2Br)c1-c1ccc(Br)cc1)N1CCC1,低毒,10.036403,17.820526
O=C(c1nnn(C=NCCl)c1-c1ccc(Br)cc1)N1CCC1,低毒,11.124961,16.617321
O=C(c1nnn(C=Cc2ccc(Br)cc2)c1-c1ccc(Br)cc1)N1CCC1,低毒,15.667969,15.932148
O=C(c1nnn([145I])c1-c1ccc(Br)cc1)N1CCC1,低毒,52.13683,45.58551
O=C(c1nnn(C2CC2=CC(c2ccccc2Br)N2CC=CC3C[N+]3(CBr)COS(=O)(=O)O2)c1-c1ccc(Br)cc1)N1CCC1,中毒,9.4019,14.441496
O=C(c1nnn(-c2nc(-c3cnn(-c4cccnc4)c3)cs2)c1-c1ccc(Br)cc1)N1CCC1,中毒,9.837907,20.598349
O=C(c1nnn(C2=C3SC=NN32)c1-c1ccc(Br)cc1)N1CCC1,中毒,4.5667686,22.129879
O=C(c1nnn(C23CCOCN2CC(Cn2cncn2)P(O)(F)(Cl)O3)c1-c1ccc(Br)cc1)N1CCC1,中毒,3.1488998,20.921158
O=C(c1nnn(C2OC2COC2=Cc3ccccc32)c1-c1ccc(Br)cc1)N1CCC1,中毒,8.200811,22.752361
O=C(c1nnn(-c2cc(Cn3ccnc3)c[nH]2)c1-c1ccc(Br)cc1)N1CCC1,中毒,9.117543,25.35999
[N-]=[N+]=Nn1nnc(C(=O)N2CCC2)c1-c1ccc(Br)cc1,中毒,28.842226,55.15302
O=C(c1nnn(C23CCC2=CC=CC=COC3)c1-c1ccc(Br)cc1)N1CCC1,中毒,17.092937,41.998814
O=C(c1nnn(-c2cc3nc4ccccc4nc3s2)c1-c1ccc(Br)cc1)N1CCC1,中毒,5.31428,29.800577
O=C(c1nnn(C=C(Cl)Cl)c1-c1ccc(Br)cc1)N1CCC1,低毒,14.7157955,15.842161
O=C(c1nnn(-c2ccccc2C(Cl)Br)c1-c1ccc(Br)cc1)N1CCC1,中毒,9.885618,49.925213
O=C(c1nnn(C(=O)C2=Nc3ccccc3OC2c2ccoc2)c1-c1ccc(Br)cc1)N1CCC1,中毒,8.692873,16.493427
O=C(c1nnn(C2CCC2F)c1-c1ccc(Br)cc1)N1CCC1,中毒,11.713761,20.010084
O=C(c1nnn(Cc2c(OBr)n[nH]cc3[nH]c2-3)c1-c1ccc(Br)cc1)N1CCC1,中毒,8.380546,12.529803
O=C(c1nnn(C2=CN3C=C(C=C2)NCC3)c1-c1ccc(Br)cc1)N1CCC1,中毒,9.105827,16.695631
CS(=O)(=O)n1nnc(C(=O)N2CCC2)c1-c1ccc(Br)cc1,低毒,8.978762,79.720116
O=C(c1nnn(OCc2cnc(Oc3ccccc3)s2)c1-c1ccc(Br)cc1)N1CCC1,中毒,62.416927,19.329258
O=C(c1nnn(CCN2c3ccccc32)c1-c1ccc(Br)cc1)N1CCC1,低毒,10.512981,41.466076
O=C(c1nnn(CC2NCC2CCCI)c1-c1ccc(Br)cc1)N1CCC1,低毒,9.152801,27.31082
O=C(c1nnn(-c2nc(F)c(S)s2)c1-c1ccc(Br)cc1)N1CCC1,中毒,28.68211,23.998161
O=C(c1nnn(C2Nc3ccccc3NC2c2ccccc2O)c1-c1ccc(Br)cc1)N1CCC1,中毒,7.336743,20.217567
O=C(c1nnn(Cc2ccccc2I)c1-c1ccc(Br)cc1)N1CCC1,中毒,9.096299,15.842161
O=C(c1nnn(C(Br)c2ccccc2)c1-c1ccc(Br)cc1)N1CCC1,中毒,8.817272,33.834995
[14CH3]n1nnc(C(=O)N2CCC2)c1-c1ccc(Br)cc1,低毒,14.7157955,16.651882
O=C(c1nnn(C2CO2)c1-c1ccc(Br)cc1)N1CCC1,低毒,8.600213,26.75871
O=C(c1nnn(C=C(Br)CCBr)c1-c1ccc(Br)cc1)N1CCC1,低毒,19.270475,16.651882
O=C(c1nnn(N=C2NN=C2c2c(Oc3cc(Cl)cc(Cl)c3)occc2=O)c1-c1ccc(Br)cc1)N1CCC1,低毒,5.0943165,40.04771
O=C(c1nnn(C2OCS2)c1-c1ccc(Br)cc1)N1CCC1,低毒,18.52549,18.78347
O=C(c1nnn(C=NCc2nc3cccnc3[nH]2)c1-c1ccc(Br)cc1)N1CCC1,低毒,11.124961,12.405386
O=C(c1nnn(-c2ccccc2CO[N+](=O)[O-])c1-c1ccc(Br)cc1)N1CCC1,中毒,13.798724,71.64854
O=C(c1nnn(NCCl)c1-c1ccc(Br)cc1)N1CCC1,中毒,23.238869,55.15302
O=C(c1nnn(SCF)c1-c1ccc(Br)cc1)N1CCC1,中毒,6.4702015,60.89405
[N-]=[S+]n1nnc(C(=O)N2CCC2)c1-c1ccc(Br)cc1,低毒,14.064521,92.90239
O=C(c1nnn(-c2nc(-c3ccco3)cs2)c1-c1ccc(Br)cc1)N1CCC1,中毒,19.61364,21.954512
O=C(c1nnn(CC=CCl)c1-c1ccc(Br)cc1)N1CCC1,低毒,16.814655,25.001862
O=C(c1nnn(NCl)c1-c1ccc(Br)cc1)N1CCC1,低毒,28.842226,55.15302
O=C(c1nnn(C2=Cc3occ2c3Br)c1-c1ccc(Br)cc1)N1CCC1,中毒,3.159711,14.20653
O=C(c1nnn(OC(=S)Cl)c1-c1ccc(Br)cc1)N1CCC1,低毒,31.303555,32.4479
O=C(c1nnn(C(=S)NBr)c1-c1ccc(Br)cc1)N1CCC1,低毒,16.814655,29.177204
O=C(c1nnn(C(O)CBr)c1-c1ccc(Br)cc1)N1CCC1,中毒,14.7157955,20.843096
O=C(c1nnn(Cc2c3[nH]n2[11C]3Br)c1-c1ccc(Br)cc1)N1CCC1,中毒,9.329421,12.116638
CC(c1c[nH]c2ccccc12)n1nnc(C(=O)N2CCC2)c1-c1ccc(Br)cc1,中毒,4.480236,20.617338
O=C(c1nnn(C[18Br])c1-c1ccc(Br)cc1)N1CCC1,低毒,12.366438,16.651882
O=C(c1nnn(C=NCCBr)c1-c1ccc(Br)cc1)N1CCC1,低毒,11.124961,16.617321
O=C(c1nnn(N=Cc2c(Cl)cccc2Cl)c1-c1ccc(Br)cc1)N1CCC1,低毒,8.019166,118.13047
O=C(c1nnn(CC2=Cc3ccccc32)c1-c1ccc(Br)cc1)N1CCC1,中毒,14.258441,41.466076
O=C(c1nnn(C(Br)CCCNc2nc3ccccc3o2)c1-c1ccc(Br)cc1)N1CCC1,中毒,8.853912,24.869268
O=C(c1nnn(N2OCCCS2)c1-c1ccc(Br)cc1)N1CCC1,中毒,24.69617,43.07814
O=C(c1nnn(CNCNc2ccc([N+](=O)[O-])c3ccccc23)c1-c1ccc(Br)cc1)N1CCC1,中毒,7.9788213,41.466076
O=C(c1nnn(C=[117I])c1-c1ccc(Br)cc1)N1CCC1,低毒,17.840372,26.355457
O=C(c1nnn(CCCCSc2no[n+]([O-])c2SCCl)c1-c1ccc(Br)cc1)N1CCC1,中毒,7.291567,17.175453
O=C(c1nnn(C2NNS2)c1-c1ccc(Br)cc1)N1CCC1,中毒,10.512981,17.820526
O=C(c1nnn(CCc2cc3cnccc3[nH]2)c1-c1ccc(Br)cc1)N1CCC1,中毒,12.388913,26.122011
O=C(c1nnn(-c2ccc(Br)cc2Cl)c1-c1ccc(Br)cc1)N1CCC1,中毒,8.643074,28.562063
O=C(c1nnn(N=Cc2ccnc3cc[nH]c23)c1-c1ccc(Br)cc1)N1CCC1,中毒,4.848078,99.75359
O=C(c1nnn(-c2ccc3n2CCOC3Cn2cncn2)c1-c1ccc(Br)cc1)N1CCC1,中毒,15.657547,28.839985
O=C(c1nnn(-c2n[s+]co2)c1-c1ccc(Br)cc1)N1CCC1,中毒,21.916403,21.248602
N=CCCn1nnc(C(=O)N2CCC2)c1-c1ccc(Br)cc1,低毒,9.921383,25.001862
O=C(c1nnn(S23CCOC2O3)c1-c1ccc(Br)cc1)N1CCC1,低毒,4.462923,32.7454
O=C(c1nnn(-n2c(S)nnc2NC2(SN3CCCC3)CS2)c1-c1ccc(Br)cc1)N1CCC1,中毒,11.170673,12.656375
O=C(c1nnn(N2N=CC2CCl)c1-c1ccc(Br)cc1)N1CCC1,中毒,15.252261,49.925213
O=C(c1nnn([14O-])c1-c1ccc(Br)cc1)N1CCC1,中毒,33.291145,20.882534
O=C(c1nnn(-c2ccccc2CBr)c1-c1ccc(Br)cc1)N1CCC1,中毒,16.269833,49.925213
O=C(c1nnn(CCCn2c3ccccc3c3nnn[nH+]c32)c1-c1ccc(Br)cc1)N1CCC1,中毒,6.8103776,32.438095
O=C(c1nnn(N=c2cc3ccccc3n[nH]2)c1-c1ccc(Br)cc1)N1CCC1,中毒,14.685975,54.125748
O=C(c1nnn(C23ON2CS3(=O)=O)c1-c1ccc(Br)cc1)N1CCC1,中毒,7.348448,23.96113
NP1(c2conc2C2=NC(S)NN2)(C(F)(Oc2ccccc2)c2ccccc2)C(n2nnc(C(=O)N3CCC3)c2-c2ccc(Br)cc2)[S+]1[O-],中毒,2.7458005,13.503714
O=C(c1nnn(-c2ccc(Br)s2)c1-c1ccc(Br)cc1)N1CCC1,中毒,6.052996,64.49796
O=C(c1nnn(-c2ncncc2N2c3ccccc32)c1-c1ccc(Br)cc1)N1CCC1,中毒,10.562849,19.916813
O=C(c1nnn(Cc2c[nH]c3cccc(Br)c23)c1-c1ccc(Br)cc1)N1CCC1,中毒,4.2193694,12.929598
O=C(c1nnn(P2(=O)OC2CCBr)c1-c1ccc(Br)cc1)N1CCC1,中毒,9.329421,20.92851
O=C(c1nnn(NNc2ccccc2)c1-c1ccc(Br)cc1)N1CCC1,中毒,33.291145,140.23427
O=C(c1nnn(N=C=CBr)c1-c1ccc(Br)cc1)N1CCC1,低毒,30.76733,49.925213
O=C(c1nnn(CNF)c1-c1ccc(Br)cc1)N1CCC1,低毒,14.681183,16.651882
O=C(c1nnn(C=C2Sc3ccccc3C2(Cl)CBr)c1-c1ccc(Br)cc1)N1CCC1,中毒,7.8389835,25.425053
O=C(c1nnn(CCC[123I])c1-c1ccc(Br)cc1)N1CCC1,低毒,14.7157955,25.001862
O=C(c1nnn(C=C2CSC2c2ccccc2Cl)c1-c1ccc(Br)cc1)N1CCC1,中毒,7.472845,22.995258
[N-]=[N+]=NCn1nnc(C(=O)N2CCC2)c1-c1ccc(Br)cc1,低毒,9.154928,16.09387
O=C(c1nnn([SH](c2ccccc2)c2c[nH]cn2)c1-c1ccc(Br)cc1)N1CCC1,中毒,14.133073,65.17384
O=C(c1nnn(C(=O)c2cc[nH]n2)c1-c1ccc(Br)cc1)N1CCC1,中毒,10.601123,16.113152
O=C(c1nnn(C2N=NN3CC=CN23)c1-c1ccc(Br)cc1)N1CCC1,中毒,13.370327,26.205067
O=C(c1nnn(N=CF)c1-c1ccc(Br)cc1)N1CCC1,低毒,33.987186,49.925213
O=C(c1nnn(-c2occc2F)c1-c1ccc(Br)cc1)N1CCC1,中毒,8.3712635,57.646595
O=C(c1nnn(-c2ncnn2-c2ccccc2Br)c1-c1ccc(Br)cc1)N1CCC1,中毒,12.429091,14.030973
O=C(c1nnn(C2=[C+]S2)c1-c1ccc(Br)cc1)N1CCC1,中毒,16.697662,16.651882
O=C(c1nnn(C2=Nc3cc[nH]c3NN2C(=P#[SH])c2cccnc2)c1-c1ccc(Br)cc1)N1CCC1,中毒,8.88037,10.684173
O=C(c1nnn(C(CO)CSCCBr)c1-c1ccc(Br)cc1)N1CCC1,低毒,8.5773,22.369738
O=C(c1nnn(C2=Cc3ccccc32)c1-c1ccc(Br)cc1)N1CCC1,中毒,5.8130693,15.692992
O=C(c1nnn(C2=Nc3nsnc32)c1-c1ccc(Br)cc1)N1CCC1,中毒,6.361053,19.602928
O=C(c1nnn(-c2conc2S)c1-c1ccc(Br)cc1)N1CCC1,中毒,19.738789,18.832886
O=C(c1nnn(S(=O)(=O)C=C2OC2CBr)c1-c1ccc(Br)cc1)N1CCC1,中毒,16.90203,33.164642
O=C(c1nnn([14C]O)c1-c1ccc(Br)cc1)N1CCC1,低毒,14.7157955,14.537989
O=C(c1nnn(-c2nccc3sccc23)c1-c1ccc(Br)cc1)N1CCC1,中毒,6.3333983,55.981754
O=C(c1nnn(OCc2ccc(Br)nc2)c1-c1ccc(Br)cc1)N1CCC1,中毒,12.9747,24.990705
O=C(c1nnn(-c2ccc(Cl)cc2S)c1-c1ccc(Br)cc1)N1CCC1,中毒,15.072725,23.846197
O=C(c1nnn(CSC=Cc2ccco2)c1-c1ccc(Br)cc1)N1CCC1,中毒,8.539708,12.322111
O=C(c1nnn(S(=O)(=O)c2ccccc2Cl)c1-c1ccc(Br)cc1)N1CCC1,中毒,12.385275,62.294617
N=C1SC=NC1NC1=NN=C1n1nnc(C(=O)N2CCC2)c1-c1ccc(Br)cc1,中毒,3.5231447,27.108425
O=C(c1nnn(-n2cc(Br)s2)c1-c1ccc(Br)cc1)N1CCC1,中毒,25.406092,15.860393
O=C(c1nnn(C(Br)c2c(O)ccc([N+](=O)[O-])c2Cl)c1-c1ccc(Br)cc1)N1CCC1,中毒,3.7715328,19.363712
O=C(c1nnn(NCCc2c[nH]nn2)c1-c1ccc(Br)cc1)N1CCC1,中毒,18.236856,45.50951
O=C(c1nnn(CC2C(=O)C23CC2CC(=O)N2O3)c1-c1ccc(Br)cc1)N1CCC1,中毒,7.5655417,30.618319
N#CC12C=C=CC(O)N(c3cccs3)C(n3nnc(C(=O)N4CCC4)c3-c3ccc(Br)cc3)=C(C1)S2,中毒,5.0812817,10.915311
O=C(c1nnn(OCc2cncn2C(c2cccc(Br)c2)c2ccccn2)c1-c1ccc(Br)cc1)N1CCC1,中毒,11.917645,18.684507
O=C(c1nnn(C2=NN3CCCOCOCC2=CC(Cn2ccnc2)=NSC3CCl)c1-c1ccc(Br)cc1)N1CCC1,中毒,2.4692235,21.079233
O=CS(=O)(=O)n1nnc(C(=O)N2CCC2)c1-c1ccc(Br)cc1,低毒,6.957508,79.19967
O=C(c1nnn(S(=O)(=O)c2ccsc2)c1-c1ccc(Br)cc1)N1CCC1,中毒,6.629984,76.15969
O=C(c1nnn(N(Cc2cc3ccccc3[nH]2)CC2CNS2(=O)=O)c1-c1ccc(Br)cc1)N1CCC1,中毒,9.63438,16.3919
O=C(c1nnn([N+]n2ccnn2)c1-c1ccc(Br)cc1)N1CCC1,中毒,69.804344,49.925213
O=C(c1nnn(Cc2cccc(-c3cccc4ccccc34)c2)c1-c1ccc(Br)cc1)N1CCC1,中毒,9.096299,13.934675
O=C(c1nnn(CCC[n+]2ccn(CCc3ccsc3Cl)c2)c1-c1ccc(Br)cc1)N1CCC1,中毒,16.98248,36.15272
O=C(c1nnn(C23OC2CNc2ccccc23)c1-c1ccc(Br)cc1)N1CCC1,中毒,3.0302444,15.864446
O=C(c1nnn(-c2cncc3cccnc23)c1-c1ccc(Br)cc1)N1CCC1,中毒,5.6328483,38.398697
O=C(c1nnn(Nc2cnccc2Cl)c1-c1ccc(Br)cc1)N1CCC1,中毒,21.042536,33.80168
O=C(c1nnn(C2CCOP2(O)=S)c1-c1ccc(Br)cc1)N1CCC1,中毒,9.81166,27.677082
O=C(c1nnn(Cc2ccc[nH]2)c1-c1ccc(Br)cc1)N1CCC1,中毒,10.601123,12.815344
CC=Nn1nnc(C(=O)N2CCC2)c1-c1ccc(Br)cc1,低毒,33.987186,49.925213
O=C(c1nnn(C(Cl)CBr)c1-c1ccc(Br)cc1)N1CCC1,低毒,12.366438,25.001862
O=C(c1nnn(C2(c3nc4cc(Br)cnc4[nH]3)SCC2Br)c1-c1ccc(Br)cc1)N1CCC1,中毒,3.232877,18.359741
O=C(c1nnn([1111I])c1-c1ccc(Br)cc1)N1CCC1,低毒,52.13683,45.58551
O=C(c1nnn(C(Cl)c2nccs2)c1-c1ccc(Br)cc1)N1CCC1,中毒,14.002979,21.319351
O=C(c1nnn(-c2ccc(SC(CCO)c3ccc(Cl)cc3Br)cc2)c1-c1ccc(Br)cc1)N1CCC1,中毒,8.910401,41.476196
O=C(c1nnn(-c2cccc(Br)c2CC(=CCl)CCl)c1-c1ccc(Br)cc1)N1CCC1,中毒,5.3713965,21.434364
O=C(c1nnn(N=Nc2ccc(OC(F)(F)c3cc(Cl)ccc3-n3nccn3)cc2)c1-c1ccc(Br)cc1)N1CCC1,中毒,16.122791,24.381538
O=C(c1nnn(-n2c(SCCCS)nnc2-c2ccoc2)c1-c1ccc(Br)cc1)N1CCC1,中毒,7.1539016,17.121897
O=C(c1nnn(CC(F)(F)CCl)c1-c1ccc(Br)cc1)N1CCC1,低毒,14.7157955,21.145523
O=C(c1nnn(-c2cc3sc2=CC=CC=3)c1-c1ccc(Br)cc1)N1CCC1,中毒,5.657272,17.8952
O=C(c1nnn(C(c2ccccc2)c2cc(Br)c[nH]2)c1-c1ccc(Br)cc1)N1CCC1,中毒,10.601123,12.815344
O=C(c1nnn(SCCCS)c1-c1ccc(Br)cc1)N1CCC1,低毒,6.962303,75.83646
O=C(c1nnn([SH](=O)(O)Cc2nc[nH]n2)c1-c1ccc(Br)cc1)N1CCC1,中毒,3.7276733,79.720116
O=C(c1nnn(CCCCNBr)c1-c1ccc(Br)cc1)N1CCC1,低毒,19.066305,25.001862
O=C(c1nnn(C=Nc2ccccc2F)c1-c1ccc(Br)cc1)N1CCC1,低毒,7.0292077,25.040358
O=C(c1nnn(C23CNc4ccsc4S(=O)(=O)N2C=N[N+]3)c1-c1ccc(Br)cc1)N1CCC1,中毒,2.0215404,18.21115
O=C(c1nnn(-c2n[nH]c3cc(I)ccc23)c1-c1ccc(Br)cc1)N1CCC1,中毒,4.991485,29.27914
O=C(c1nnn(-c2ccc(O)c3cccc(Cl)c23)c1-c1ccc(Br)cc1)N1CCC1,中毒,5.4593105,30.515831
O=C(c1nnn(C2CONN2CP(=S)(Cl)c2ccccc2)c1-c1ccc(Br)cc1)N1CCC1,中毒,7.8107824,40.440647
NN=Cn1nnc(C(=O)N2CCC2)c1-c1ccc(Br)cc1,低毒,13.082877,16.617321
O=C(c1nnn(C=NOCc2c[nH]c(=O)[nH]2)c1-c1ccc(Br)cc1)N1CCC1,低毒,9.972353,22.393997
O=C(c1nnn(C=Cc2ccccc2Cc2cccs2)c1-c1ccc(Br)cc1)N1CCC1,中毒,10.156803,12.126413
O=C(c1nnn(Cc2cnno2)c1-c1ccc(Br)cc1)N1CCC1,中毒,11.464878,13.406676
O=C(c1nnn(COCCc2ccncc2)c1-c1ccc(Br)cc1)N1CCC1,中毒,12.558582,16.108147
O=C(c1nnn(CC[N+]2(Cc3sccc3F)CNC(c3ccccn3)C2)c1-c1ccc(Br)cc1)N1CCC1,中毒,18.206121,22.195513
O=C(c1nnn(C=NP(F)F)c1-c1ccc(Br)cc1)N1CCC1,低毒,9.972353,16.617321
O=C(c1nnn(-c2cc(Cl)ccc2Sc2ccc(Br)cc2)c1-c1ccc(Br)cc1)N1CCC1,中毒,15.658295,24.50958
O=C(c1nnn(CNc2cccc(Cl)c2)c1-c1ccc(Br)cc1)N1CCC1,中毒,11.712073,16.09387
O=C(c1nnn(C2CSCP2(=O)O)c1-c1ccc(Br)cc1)N1CCC1,中毒,5.4936633,21.827747
[11CH3]CCn1nnc(C(=O)N2CCC2)c1-c1ccc(Br)cc1,低毒,10.457589,25.001862
O=C(c1nnn(C2(c3ccccc3)OCO2)c1-c1ccc(Br)cc1)N1CCC1,中毒,5.4819345,18.087477
O=C(c1nnn(CCc2ccc(Cl)cc2)c1-c1ccc(Br)cc1)N1CCC1,中毒,14.7157955,25.001862
O=C(O)CN(C1=NN=C(n2nnc(C(=O)N3CCC3)c2-c2ccc(Br)cc2)CN1)c1cc(Br)cc2[nH]ncc12,中毒,10.469868,22.734936
O=C(c1nnn(C23CNC(CCCN2)CCCN(CCBr)C3Cc2ccccc2)c1-c1ccc(Br)cc1)N1CCC1,中毒,7.8389835,19.89001
O=C(c1nnn(C2CN2C2CC3C2CC2Sc4cc(Br)ccc4C2CN3CC2CC2)c1-c1ccc(Br)cc1)N1CCC1,中毒,5.004276,21.962286
O=C(c1nnn(CC(F)(F)F)c1-c1ccc(Br)cc1)N1CCC1,低毒,14.7157955,25.001862
O=C(c1nnn(-c2cccnc2[N+](=O)[O-])c1-c1ccc(Br)cc1)N1CCC1,中毒,6.151345,35.170273
O=C(c1nnn(SS(=O)(=O)[O-])c1-c1ccc(Br)cc1)N1CCC1,低毒,8.428709,84.007965
O=C(c1nnn(CCCCCSS)c1-c1ccc(Br)cc1)N1CCC1,低毒,11.713761,25.001862
O=C(c1nnn(-c2ccc3cc[nH]c3n2)c1-c1ccc(Br)cc1)N1CCC1,中毒,7.805059,42.886635
O=C(c1nnn(-c2cscc2S(=O)(=O)F)c1-c1ccc(Br)cc1)N1CCC1,中毒,6.2665625,37.521526
O=C(c1nnn(CC=CCNBr)c1-c1ccc(Br)cc1)N1CCC1,低毒,16.814655,25.001862
O=C(c1nnn(C2=NCCS2)c1-c1ccc(Br)cc1)N1CCC1,中毒,12.606856,35.51807
NS(=O)(=S)n1nnc(C(=O)N2CCC2)c1-c1ccc(Br)cc1,低毒,11.90429,61.003983
O=C(c1nnn(-c2no[n+]([O-])c2F)c1-c1ccc(Br)cc1)N1CCC1,中毒,10.330023,18.571041
O=C(c1nnn(N2CO[11C]2)c1-c1ccc(Br)cc1)N1CCC1,中毒,16.423025,29.76995
O=C(c1nnn(C2OC=CN2Br)c1-c1ccc(Br)cc1)N1CCC1,中毒,13.621215,15.276982
O=C(c1nnn(C=Nc2cc(I)co2)c1-c1ccc(Br)cc1)N1CCC1,中毒,8.154767,16.617321
CCN1CN1n1nnc(C(=O)N2CCC2)c1-c1ccc(Br)cc1,中毒,20.901005,55.764713
O=C(c1nnn(C=C2SSN=C2Cl)c1-c1ccc(Br)cc1)N1CCC1,中毒,24.106747,22.23167
O=C(c1nnn(NC(=S)Sc2ccns2)c1-c1ccc(Br)cc1)N1CCC1,中毒,16.42125,57.6484
O=C(c1nnn(-c2noc(CBr)n2)c1-c1ccc(Br)cc1)N1CCC1,中毒,25.232553,23.613739
O=C(c1nnn(CCc2ccccc2Br)c1-c1ccc(Br)cc1)N1CCC1,中毒,14.7157955,25.001862
O=C(c1nnn(CCc2c[n+]([O-])on2)c1-c1ccc(Br)cc1)N1CCC1,低毒,11.493674,25.001862
O=C(c1nnn(-c2cc(-c3ccco3)no2)c1-c1ccc(Br)cc1)N1CCC1,中毒,4.974359,27.15339
O=C(c1nnn(CC(S)=NN2C3=C(Cl)C=CC(F)=C(Cl)CN32)c1-c1ccc(Br)cc1)N1CCC1,中毒,10.376772,15.077467
O=C(c1nnn(-c2nnc(-c3c[nH]c4ccccc34)s2)c1-c1ccc(Br)cc1)N1CCC1,中毒,21.466677,28.442144
[N-]=[N+]=COC1OC1n1nnc(C(=O)N2CCC2)c1-c1ccc(Br)cc1,低毒,7.301215,29.062479
O=C(c1nnn(-c2ccc3ccccc3c2CBr)c1-c1ccc(Br)cc1)N1CCC1,中毒,17.489609,49.98003
O=C(c1nnn(C2N=NS([O-])=NN2CCNCCCN=C=S)c1-c1ccc(Br)cc1)N1CCC1,中毒,10.416614,23.568663
O=C(c1nnn(C=N[N+]([O-])=S)c1-c1ccc(Br)cc1)N1CCC1,低毒,13.082877,29.177204
O=C(c1nnn(C2CS(=O)(=O)NO2)c1-c1ccc(Br)cc1)N1CCC1,低毒,7.3835497,15.572779
O=C(c1nnn([SH]2CO2)c1-c1ccc(Br)cc1)N1CCC1,低毒,8.705061,56.478096
O=C(c1nnn(C2c3ccc(Br)cc32)c1-c1ccc(Br)cc1)N1CCC1,中毒,5.902988,16.023626
O=C(c1nnn(C=NN=C(c2ccc(F)cc2)N2CCCNC(=S)NC2C2CCCCO2)c1-c1ccc(Br)cc1)N1CCC1,中毒,5.9018207,49.19611
N#CN1CCCCC1n1nnc(C(=O)N2CCC2)c1-c1ccc(Br)cc1,低毒,17.771996,23.851976
N=C(Cl)n1nnc(C(=O)N2CCC2)c1-c1ccc(Br)cc1,低毒,8.773093,16.617321
O=C(c1nnn(C(CCI)c2ccncc2)c1-c1ccc(Br)cc1)N1CCC1,中毒,10.601123,18.661703
O=C(c1nnn(C2(NCCCNc3ncccn3)CNO2)c1-c1ccc(Br)cc1)N1CCC1,中毒,6.917994,17.201508
O=C(c1nnn(C2N=CCN2)c1-c1ccc(Br)cc1)N1CCC1,中毒,9.921383,24.69289
O=C(c1nnn(-c2ccc(COCBr)nc2)c1-c1ccc(Br)cc1)N1CCC1,中毒,8.885191,47.06901
O=C(c1nnn(Cc2cc(O)ns2)c1-c1ccc(Br)cc1)N1CCC1,中毒,6.010255,13.107025
O=C(c1nnn(C2OCCCNCO2)c1-c1ccc(Br)cc1)N1CCC1,中毒,12.925589,15.917273
O=C(c1nnn(-c2c[nH]nc2Br)c1-c1ccc(Br)cc1)N1CCC1,中毒,6.800437,33.677425
O=C(c1nnn(C[n+]2ccc(NC3CCCCS3)cc2)c1-c1ccc(Br)cc1)N1CCC1,中毒,16.785074,19.974249
O=C(c1nnn(N2CCC2CCBr)c1-c1ccc(Br)cc1)N1CCC1,中毒,22.15207,30.259153
O=C(c1nnn(C(c2cccs2)N2N=C2c2ccco2)c1-c1ccc(Br)cc1)N1CCC1,中毒,11.936821,16.300875
O=C(c1nnn([S+]([O-])Cl)c1-c1ccc(Br)cc1)N1CCC1,低毒,11.90429,79.720116
O=C(c1nnn(-c2csnc2-c2ccco2)c1-c1ccc(Br)cc1)N1CCC1,中毒,11.712045,14.761401
O=C(c1nnn([14I](Cl)Cl)c1-c1ccc(Br)cc1)N1CCC1,中毒,52.13683,47.696495
O=C(c1nnn(Cc2ccsc2)c1-c1ccc(Br)cc1)N1CCC1,中毒,7.177013,15.842161
O=C(c1nnn(-c2ccsn2)c1-c1ccc(Br)cc1)N1CCC1,中毒,11.689742,26.42684
O=C(c1nnn(-c2cccc3cc(Cl)nn23)c1-c1ccc(Br)cc1)N1CCC1,中毒,6.4543715,25.35181
O=C(c1nnn(CCNCCCl)c1-c1ccc(Br)cc1)N1CCC1,低毒,11.965558,29.281906
O=C(c1nnn(CC(Cl)=NF)c1-c1ccc(Br)cc1)N1CCC1,低毒,12.281665,27.710857
CS(=S)n1nnc(C(=O)N2CCC2)c1-c1ccc(Br)cc1,低毒,11.90429,108.822
O=C(c1nnn(CNCBr)c1-c1ccc(Br)cc1)N1CCC1,中毒,14.7157955,16.651882
O=C(c1nnn(C23CC2C3)c1-c1ccc(Br)cc1)N1CCC1,中毒,6.0377626,25.001862
O=C(c1nnn(C=NCCCl)c1-c1ccc(Br)cc1)N1CCC1,低毒,11.124961,16.617321
O=C(c1nnn(-c2cn[nH]c2)c1-c1ccc(Br)cc1)N1CCC1,低毒,14.604603,33.677425
O=C(c1nnn(CCn2cnnc2)c1-c1ccc(Br)cc1)N1CCC1,低毒,13.415327,25.001862
[N-]=[S+]SSNCCCn1nnc(C(=O)N2CCC2)c1-c1ccc(Br)cc1,低毒,11.965558,25.001862
CSC(Br)(Br)n1nnc(C(=O)N2CCC2)c1-c1ccc(Br)cc1,低毒,9.6648655,16.617321
O=C(c1nnn(C2=NC2CCBr)c1-c1ccc(Br)cc1)N1CCC1,中毒,5.861901,26.122011
O=C(c1nnn(C2C3=Nc4ccccc4SC(n4nnc(-c5ccc(Oc6cc(Br)cnc6Br)nn5)c4Cl)OOC32)c1-c1ccc(Br)cc1)N1CCC1,中毒,5.6055093,18.222574
Cc1cc(Cl)oc1S(=O)(=O)n1nnc(C(=O)N2CCC2)c1-c1ccc(Br)cc1,中毒,5.4256053,56.92409
O=C(c1nnn(CCN=CI)c1-c1ccc(Br)cc1)N1CCC1,低毒,14.7157955,25.001862
O=C(c1nnn(C(I)c2nc(-c3ccc(CCc4cc(Cl)cc(Cl)c4)cc3)cs2)c1-c1ccc(Br)cc1)N1CCC1,中毒,12.988989,26.938435
O=C(c1nnn(SSc2cn[nH]n2)c1-c1ccc(Br)cc1)N1CCC1,中毒,5.514562,88.51725
O=C(c1nnn(I2CC(C(F)(F)F)N(CCO)N2c2ccncc2)c1-c1ccc(Br)cc1)N1CCC1,中毒,6.2472095,12.680216
O=C(c1nnn(C2=C3CC(CN2)CO3)c1-c1ccc(Br)cc1)N1CCC1,中毒,3.9845347,29.732786
O=C(c1nnn(ON2CC2C[SH]2NC2CCO)c1-c1ccc(Br)cc1)N1CCC1,中毒,35.180527,17.335955
O=C(c1nnn(N2C(CCF)C2(Br)C2CC2)c1-c1ccc(Br)cc1)N1CCC1,中毒,6.8247924,72.70506
O=C(c1nnn(C2=C([N+](=O)[O-])c3cccn32)c1-c1ccc(Br)cc1)N1CCC1,中毒,5.9104104,20.287006
O=C(c1nnn(C23OC(CBr)C2(Br)C3Cl)c1-c1ccc(Br)cc1)N1CCC1,中毒,2.3346143,17.163313
O=C(c1nnn(-c2ccc(CBr)s2)c1-c1ccc(Br)cc1)N1CCC1,中毒,6.052996,48.958317
O=C(c1nnn(-c2nnc3cccsc2-3)c1-c1ccc(Br)cc1)N1CCC1,中毒,16.761433,22.171108
O=C(c1nnn([SH]=S)c1-c1ccc(Br)cc1)N1CCC1,低毒,11.90429,144.6966
O=C(c1nnn([19Br])c1-c1ccc(Br)cc1)N1CCC1,中毒,52.13683,36.7276
O=C(c1nnn([15I])c1-c1ccc(Br)cc1)N1CCC1,低毒,52.13683,45.58551
O=C(c1nnn(-c2[nH]nc(-c3c[nH]c4ccccc34)c2I)c1-c1ccc(Br)cc1)N1CCC1,中毒,10.179511,27.524584
O=C(c1nnn(-c2cc(F)ccc2Cl)c1-c1ccc(Br)cc1)N1CCC1,中毒,10.821984,15.472514
O=C(c1nnn(-n2cnnc2Br)c1-c1ccc(Br)cc1)N1CCC1,中毒,16.07892,14.952628
O=C(c1nnn(Cc2nc([N+](=O)[O-])ccc2Br)c1-c1ccc(Br)cc1)N1CCC1,中毒,10.601123,14.348369
O=C(c1nnn(Cc2nsnc2O)c1-c1ccc(Br)cc1)N1CCC1,中毒,12.337636,11.268588
O=C(c1nnn(C=Cc2cc3cc4n(c3nc2Br)C=C=C=C4)c1-c1ccc(Br)cc1)N1CCC1,中毒,7.412854,11.165211
O=C(c1nnn(N=Cc2ccoc2Cl)c1-c1ccc(Br)cc1)N1CCC1,低毒,10.369816,113.980835
O=C(c1nnn(Cc2cscn2)c1-c1ccc(Br)cc1)N1CCC1,中毒,8.017762,12.815344
O=C(c1nnn(NSc2ccc(S(F)(F)F)cn2)c1-c1ccc(Br)cc1)N1CCC1,中毒,9.690503,24.305304
O=C(c1nnn(-c2ccc3ccccc3c2Br)c1-c1ccc(Br)cc1)N1CCC1,中毒,13.798724,42.57803
O=C(c1nnn(C(SCI)c2cccs2)c1-c1ccc(Br)cc1)N1CCC1,中毒,4.427966,17.095165
O=C(c1nnn(-c2cccc3[nH]c(-c4ccncc4)nc23)c1-c1ccc(Br)cc1)N1CCC1,中毒,8.972628,22.862211
Nc1c(Cc2cccs2)n[nH]c1-n1nnc(C(=O)N2CCC2)c1-c1ccc(Br)cc1,中毒,9.080192,18.330435
O=C(c1nnn(S(=O)(=O)Nc2ccccc2C(F)(F)F)c1-c1ccc(Br)cc1)N1CCC1,中毒,14.064521,40.167973
O=C(c1nnn(C(=S)S[S+]F)c1-c1ccc(Br)cc1)N1CCC1,中毒,11.124592,27.139992
O=C(c1nnn(C2=NS(=O)(=O)NC(c3ccccn3)OC2C=CI)c1-c1ccc(Br)cc1)N1CCC1,中毒,2.8740282,18.058743
O=C(c1nnn(S2(=O)=NN2)c1-c1ccc(Br)cc1)N1CCC1,低毒,9.902543,47.420177
O=C(c1nnn(C(=S)NCF)c1-c1ccc(Br)cc1)N1CCC1,中毒,13.26564,26.355457
O=C(c1nnn(C(F)c2ccccc2Br)c1-c1ccc(Br)cc1)N1CCC1,中毒,6.7425137,23.908426
O=C(c1nnn(CNS(=O)(=O)Cl)c1-c1ccc(Br)cc1)N1CCC1,中毒,14.7157955,16.617321
O=C(c1nnn(Oc2cc(Cl)cc(Br)c2I)c1-c1ccc(Br)cc1)N1CCC1,中毒,26.019564,19.603746
O=C(c1nnn(C2=CS2)c1-c1ccc(Br)cc1)N1CCC1,中毒,16.697662,16.651882
O=C(c1nnn(C(=O)CNSc2ccccn2)c1-c1ccc(Br)cc1)N1CCC1,中毒,9.925348,24.185074
O=C(c1nnn(SCc2ncco2)c1-c1ccc(Br)cc1)N1CCC1,中毒,8.13859,57.999695
O=C(c1nnn(C(=S)CCl)c1-c1ccc(Br)cc1)N1CCC1,中毒,16.814655,41.7118
O=C(c1nnn(C(=O)Cc2ccco2)c1-c1ccc(Br)cc1)N1CCC1,中毒,22.361301,23.740387
O=C(c1nnn(C2CSS2)c1-c1ccc(Br)cc1)N1CCC1,中毒,13.415327,38.886806
O=C(c1nnn(COCl)c1-c1ccc(Br)cc1)N1CCC1,低毒,12.366438,14.537989
O=C(c1nnn(CCOCI)c1-c1ccc(Br)cc1)N1CCC1,低毒,9.921383,22.369738
O=C(c1nnn(Cc2c[nH]c3ccc(-n4nnnc4O)cc23)c1-c1ccc(Br)cc1)N1CCC1,中毒,5.753758,23.083828
O=C(c1nnn(CS)c1-c1ccc(Br)cc1)N1CCC1,低毒,13.415327,16.651882
[N+]n1nnc(C(=O)N2CCC2)c1-c1ccc(Br)cc1,低毒,33.291145,55.15302
O=C(c1nnn(C2C3=CC=NC=CSP2(=S)O3)c1-c1ccc(Br)cc1)N1CCC1,中毒,4.3880067,27.712835
O=C(c1nnn(-c2nc3sccc3s2)c1-c1ccc(Br)cc1)N1CCC1,中毒,43.357235,19.932411
O=C(c1nnn(OCCCl)c1-c1ccc(Br)cc1)N1CCC1,中毒,33.291145,26.656855
O=C(c1nnn(-c2cc3c4cc2c4-c2ccccc2CN=3)c1-c1ccc(Br)cc1)N1CCC1,中毒,13.230218,80.63812
O=NOSn1nnc(C(=O)N2CCC2)c1-c1ccc(Br)cc1,低毒,8.13859,92.90239
O=C(c1nnn(C2=C3CC3C2O)c1-c1ccc(Br)cc1)N1CCC1,中毒,8.828989,14.21117
O=C(c1nnn(S2(C(=O)OP(=O)(O)O)N=C3NC4=NC(CC(=CS3)CO2)OC4O)c1-c1ccc(Br)cc1)N1CCC1,中毒,3.6929421,13.466203
O=C(c1nnn(C=Cc2cncn2Cc2ccccc2)c1-c1ccc(Br)cc1)N1CCC1,中毒,7.941079,18.711687
O=C(c1nnn(-c2coc(CBr)n2)c1-c1ccc(Br)cc1)N1CCC1,中毒,11.923352,23.578888
O=C(c1nnn(N=Cc2ccnn2-c2ccccc2Br)c1-c1ccc(Br)cc1)N1CCC1,中毒,10.016849,29.27914
O=C(c1nnn(O[124I])c1-c1ccc(Br)cc1)N1CCC1,低毒,33.291145,29.181976
O=C(c1nnn(-c2cnc3ccccc3n2)c1-c1ccc(Br)cc1)N1CCC1,中毒,30.101704,42.57803
O=C(c1nnn(C=[SH]I)c1-c1ccc(Br)cc1)N1CCC1,低毒,19.637897,16.617321
O=C(c1nnn(COc2ccccc2)c1-c1ccc(Br)cc1)N1CCC1,低毒,9.921383,12.998508
O=C(c1nnn(-c2cnn(Cc3ccncc3)c2)c1-c1ccc(Br)cc1)N1CCC1,中毒,14.982665,41.871918
[N+]=Cn1nnc(C(=O)N2CCC2)c1-c1ccc(Br)cc1,低毒,9.972353,16.617321
O=C(c1nnn(C2=C(Br)Oc3ccccc3S2)c1-c1ccc(Br)cc1)N1CCC1,低毒,8.152288,14.209966
O=C(c1nnn(SS#[SH])c1-c1ccc(Br)cc1)N1CCC1,低毒,10.659209,92.90239
[N-]=C=Nn1nnc(C(=O)N2CCC2)c1-c1ccc(Br)cc1,低毒,33.987186,49.925213
O=C(c1nnn(C(c2ccccc2)N(Cc2ccccc2Cl)C2NS2(=O)=O)c1-c1ccc(Br)cc1)N1CCC1,中毒,6.4982734,15.997271
O=C(c1nnn(OCc2ccc3cnccc3c2NO)c1-c1ccc(Br)cc1)N1CCC1,中毒,8.244987,29.077002
O=C(c1nnn(CCc2nc[nH]n2)c1-c1ccc(Br)cc1)N1CCC1,低毒,14.7157955,25.001862
O=C(c1nnn([SH]2C(=O)C(N3CCSCC3)NN2NC2CCO2)c1-c1ccc(Br)cc1)N1CCC1,中毒,14.788087,22.64878
N=Nc1cc(Br)ccc1-n1nnc(C(=O)N2CCC2)c1-c1ccc(Br)cc1,中毒,26.304476,25.35999
O=C(c1nnn(CCCc2nc3[nH]c2-c2ccccc2S3)c1-c1ccc(Br)cc1)N1CCC1,中毒,9.794077,16.764717
O=C(c1nnn(C2=NO2)c1-c1ccc(Br)cc1)N1CCC1,低毒,7.0292077,15.390113
O=C(c1nnn(-c2csc3cc(Br)c(O)n23)c1-c1ccc(Br)cc1)N1CCC1,中毒,9.018722,37.94517
O=C(c1nnn(C=NCI)c1-c1ccc(Br)cc1)N1CCC1,低毒,11.124961,14.058437
O=C(c1nnn(S(=O)(=O)F)c1-c1ccc(Br)cc1)N1CCC1,低毒,10.134259,131.35587
O=C(c1nnn(-c2ccc(CS)s2)c1-c1ccc(Br)cc1)N1CCC1,中毒,6.052996,48.958317
O=C(c1nnn(C=Nc2ncn[nH]2)c1-c1ccc(Br)cc1)N1CCC1,低毒,7.248517,16.178974
O=C(c1nnn(-c2ccncc2-c2cccc3nscc23)c1-c1ccc(Br)cc1)N1CCC1,中毒,12.659405,10.887969
O=C(c1nnn(C2C[S+]S2)c1-c1ccc(Br)cc1)N1CCC1,中毒,13.415327,38.886806
O=C(c1nnn(C(=O)c2c[nH]c3ccccc23)c1-c1ccc(Br)cc1)N1CCC1,中毒,4.9114203,12.962215
O=C(c1nnn([SH]2CCCS2)c1-c1ccc(Br)cc1)N1CCC1,低毒,10.134259,72.397064
CC1(Cl)CC2CC3(n4nnc(C(=O)N5CCC5)c4-c4ccc(Br)cc4)OC23C1,中毒,3.885437,21.422453
COCCN1CCC1n1nnc(C(=O)N2CCC2)c1-c1ccc(Br)cc1,低毒,23.463049,43.222775
O=C(c1nnn(N=C=Cc2c[nH]s2)c1-c1ccc(Br)cc1)N1CCC1,中毒,39.052593,42.57803
C=NCn1nnc(C(=O)N2CCC2)c1-c1ccc(Br)cc1,低毒,9.921383,16.651882
O=C(c1nnn(CC2N=CSO2)c1-c1ccc(Br)cc1)N1CCC1,低毒,9.921383,20.843096
[14CH]n1nnc(C(=O)N2CCC2)c1-c1ccc(Br)cc1,低毒,14.7157955,16.651882
O=C(c1nnn([N+]23CCC2C3)c1-c1ccc(Br)cc1)N1CCC1,中毒,24.257956,30.259153
O=C(c1nnn(CCCc2c[nH]c3cccnc23)c1-c1ccc(Br)cc1)N1CCC1,中毒,12.366438,39.6188
O=C(c1nnn([SH]2(CCl)=N[N+]2CCC2CS2)c1-c1ccc(Br)cc1)N1CCC1,低毒,3.3866267,19.300623
O=C(c1nnn(C(O)Nc2ccc(Cl)cc2)c1-c1ccc(Br)cc1)N1CCC1,中毒,13.415327,12.421817
O=C(c1nnn(CCNCCO)c1-c1ccc(Br)cc1)N1CCC1,低毒,11.965558,25.007778
CN(Cl)n1nnc(C(=O)N2CCC2)c1-c1ccc(Br)cc1,中毒,17.063189,55.825974
O=C(c1nnn(C=Cc2c[nH]c3c(Br)cccc23)c1-c1ccc(Br)cc1)N1CCC1,中毒,8.859659,15.41168
O=C(c1nnn(COCC[n+]2ccc([N+](=O)[O-])cc2)c1-c1ccc(Br)cc1)N1CCC1,中毒,14.285197,20.576344
O=C(c1nnn(-c2nonc2Cl)c1-c1ccc(Br)cc1)N1CCC1,中毒,14.982665,20.343115
O=C(c1nnn(Cc2c[nH]cn2)c1-c1ccc(Br)cc1)N1CCC1,中毒,11.464878,14.641361
NCCCn1nnc(C(=O)N2CCC2)c1-c1ccc(Br)cc1,低毒,14.7157955,25.001862
O=C(c1nnn(COc2ccccc2Cl)c1-c1ccc(Br)cc1)N1CCC1,低毒,9.921383,12.998508
O=C(c1nnn(-c2nc[nH]c2SF)c1-c1ccc(Br)cc1)N1CCC1,中毒,10.113695,44.608845
O=C(c1nnn(C=Cc2ccc(F)cc2)c1-c1ccc(Br)cc1)N1CCC1,低毒,15.667969,15.932148
O=C(c1nnn(-c2cc(Cl)c(Cl)s2)c1-c1ccc(Br)cc1)N1CCC1,中毒,9.116808,29.732306
O=C(c1nnn(CCCNBr)c1-c1ccc(Br)cc1)N1CCC1,低毒,14.7157955,25.001862
O=C(c1nnn(C(=O)S)c1-c1ccc(Br)cc1)N1CCC1,低毒,13.415327,18.145395
O=C(c1nnn(C2=NCC2CP)c1-c1ccc(Br)cc1)N1CCC1,中毒,9.384396,25.065264
O=C(c1nnn(N=CSC2C3=CC=CC(=Nc4ccc(Cl)cc42)O3)c1-c1ccc(Br)cc1)N1CCC1,中毒,8.926322,49.03973
O=C(c1nnn(-c2nnc(NC3CC3)[nH]2)c1-c1ccc(Br)cc1)N1CCC1,中毒,37.454712,26.42684
O=C(c1nnn(C2=NN=CSSC2)c1-c1ccc(Br)cc1)N1CCC1,中毒,10.346635,43.461544
O=C(c1nnn(C2=C3CCN2C3)c1-c1ccc(Br)cc1)N1CCC1,中毒,8.804325,15.669715
O=C(c1nnn(CC2=CN=CNOC2O)c1-c1ccc(Br)cc1)N1CCC1,低毒,11.223214,21.326416
O=C(c1nnn(-c2[nH]nc3c2CSNC3)c1-c1ccc(Br)cc1)N1CCC1,中毒,3.9974039,20.70201
O=CN=Cn1nnc(C(=O)N2CCC2)c1-c1ccc(Br)cc1,低毒,11.124961,16.617321
O=C(c1nnn(C(CCl)c2ccc(I)cn2)c1-c1ccc(Br)cc1)N1CCC1,中毒,10.601123,18.67194
O=C(c1nnn(-c2cccc(Cl)c2Cl)c1-c1ccc(Br)cc1)N1CCC1,中毒,10.506813,15.472514
O=C(c1nnn([SH](CBr)c2ccncc2)c1-c1ccc(Br)cc1)N1CCC1,中毒,11.90429,86.473206
O=C(c1nnn(CCc2c[nH]c3ccoc23)c1-c1ccc(Br)cc1)N1CCC1,中毒,10.36083,25.44526
O=C(c1nnn(-c2ccn[nH]2)c1-c1ccc(Br)cc1)N1CCC1,中毒,12.292116,44.608845
O=C(c1nnn(-c2c(-c3ccccc3)[o+]([O-])c3sccc23)c1-c1ccc(Br)cc1)N1CCC1,中毒,3.2164645,15.16701
O=C(c1nnn(C=Nc2ccc(F)cc2)c1-c1ccc(Br)cc1)N1CCC1,低毒,7.0292077,16.617321
O=C(c1nnn(C2OCC23CCCC3)c1-c1ccc(Br)cc1)N1CCC1,中毒,5.5942593,18.285938
O=C(c1nnn(Cc2ccc(NS(=O)(=O)c3cc(F)ccc3F)cc2)c1-c1ccc(Br)cc1)N1CCC1,中毒,8.817272,21.15253
O=C(c1nnn(C2=NNC3OOSc4ccccc4N=C23)c1-c1ccc(Br)cc1)N1CCC1,中毒,3.5231447,45.95157
O=C(c1nnn(-c2ccc(Br)nc2)c1-c1ccc(Br)cc1)N1CCC1,中毒,8.885191,49.925213
O=C(c1nnn(-c2ncc[nH]2)c1-c1ccc(Br)cc1)N1CCC1,中毒,24.199738,25.192263
O=C(c1nnn(-c2cccc3cnccc23)c1-c1ccc(Br)cc1)N1CCC1,中毒,7.1874294,49.925213
O=C(c1nnn(OC2CO2)c1-c1ccc(Br)cc1)N1CCC1,中毒,33.291145,26.656855
O=C(c1nnn(C(=O)c2csc(Cl)c2)c1-c1ccc(Br)cc1)N1CCC1,中毒,7.177013,14.85285
O=C(c1nnn(C=NSO)c1-c1ccc(Br)cc1)N1CCC1,低毒,9.972353,15.897148
O=C(c1nnn(-n2[nH]o2)c1-c1ccc(Br)cc1)N1CCC1,中毒,10.869196,24.750515
O=C(c1nnn(C2OC2OC2C=CN(c3cc4ccncc4nn3)CC2O)c1-c1ccc(Br)cc1)N1CCC1,中毒,5.092364,23.782024
O=C(c1nnn(Cc2cn(-c3ccc4nonc4n3)n3nnnc23)c1-c1ccc(Br)cc1)N1CCC1,中毒,8.04006,15.997793
O=C(c1nnn(Cc2ccc(Br)cc2)c1-c1ccc(Br)cc1)N1CCC1,中毒,9.096299,15.842161
O=C(c1nnn(N=CCl)c1-c1ccc(Br)cc1)N1CCC1,低毒,19.058973,24.50958
O=C(c1nnn(Sc2nnc(O)n2-c2ccncc2)c1-c1ccc(Br)cc1)N1CCC1,中毒,5.6411395,35.404285
O=C(c1nnn(CC2=CCN2C2COC2)c1-c1ccc(Br)cc1)N1CCC1,中毒,11.464878,20.709352
O=C(c1nnn(Nc2ccccc2)c1-c1ccc(Br)cc1)N1CCC1,中毒,22.832052,31.311668
O=C(c1nnn(C(O)NS(=O)(=O)O)c1-c1ccc(Br)cc1)N1CCC1,低毒,14.7157955,11.811848
O=C(c1nnn(-c2cc(Br)c(Br)o2)c1-c1ccc(Br)cc1)N1CCC1,中毒,6.1594343,44.369373
N[n+]1c(-n2nnc(C(=O)N3CCC3)c2-c2ccc(Br)cc2)cc2ccccnc1-2,中毒,9.955412,36.388405
O=C(c1nnn(Cc2ccccc2C(F)(F)F)c1-c1ccc(Br)cc1)N1CCC1,中毒,8.411774,15.842161
O=C(c1nnn(CCCNCc2s[n+]([O-])cc2O)c1-c1ccc(Br)cc1)N1CCC1,中毒,13.54759,22.339228
O=C(c1nnn(CC[n+]2ccccc2)c1-c1ccc(Br)cc1)N1CCC1,低毒,13.415327,20.66404
Cc1c(On2nnc(C(=O)N3CCC3)c2-c2ccc(Br)cc2)c(Cl)c(Cl)c2[nH]cnc12,中毒,14.78385,12.541499
O=C(c1nnn(C=NNCc2ccn(Cc3nc(Cl)ns3)c2)c1-c1ccc(Br)cc1)N1CCC1,中毒,5.370636,14.6851845
O=C(c1nnn(C=NF)c1-c1ccc(Br)cc1)N1CCC1,低毒,9.972353,16.617321
O=C(c1nnn(C2=CCS(=O)(=O)N=N2)c1-c1ccc(Br)cc1)N1CCC1,中毒,5.295983,21.004576
O=C(c1nnn(C(CCCP(=O)(O)Cc2ccccc2Cl)OS(=O)(=O)O)c1-c1ccc(Br)cc1)N1CCC1,中毒,5.961532,16.759693
O=C(c1nnn(OC2N=C(S)O2)c1-c1ccc(Br)cc1)N1CCC1,中毒,35.64363,28.70428
[11CH3]n1nnc(C(=O)N2CCC2)c1-c1ccc(Br)cc1,低毒,14.7157955,16.651882
O=C(c1nnn(-c2ccccc2I)c1-c1ccc(Br)cc1)N1CCC1,中毒,16.927023,49.925213
O=C(c1nnn(C=CNc2cc[o+]([O-])c2)c1-c1ccc(Br)cc1)N1CCC1,低毒,10.344834,22.538069
O=C(c1nnn(NBr)c1-c1ccc(Br)cc1)N1CCC1,中毒,27.599102,24.382784
O=C(c1nnn(-c2ncccn2)c1-c1ccc(Br)cc1)N1CCC1,中毒,24.199738,24.27908
O=C(c1nnn(-c2cc(Br)sc2Br)c1-c1ccc(Br)cc1)N1CCC1,中毒,12.90451,33.677425
O=C(c1nnn(Nc2ccc(OCCN3CCCCC3)cc2)c1-c1ccc(Br)cc1)N1CCC1,中毒,3.9848332,32.975136
O=C(c1nnn(N=Cc2c[nH]c3nc(Br)cn23)c1-c1ccc(Br)cc1)N1CCC1,中毒,13.374196,21.730644
O=C(c1nnn(-c2c[nH]c(Nc3ccc(Br)cc3)n2)c1-c1ccc(Br)cc1)N1CCC1,中毒,19.118706,19.255533
O=C(c1nnn(-c2cscc2-c2cns[n+]2[O-])c1-c1ccc(Br)cc1)N1CCC1,中毒,6.9398155,14.674011
O=C(c1nnn(CNOCO)c1-c1ccc(Br)cc1)N1CCC1,低毒,12.558582,14.050815
O=C(c1nnn([N+](=O)O)c1-c1ccc(Br)cc1)N1CCC1,中毒,17.297848,84.19775
O=C(c1nnn(CCNCCI)c1-c1ccc(Br)cc1)N1CCC1,低毒,11.965558,29.281906
O=C(c1nnn(CCCNCl)c1-c1ccc(Br)cc1)N1CCC1,低毒,14.7157955,25.001862
O=C(c1nnn([12C](=O)[O-])c1-c1ccc(Br)cc1)N1CCC1,低毒,14.7157955,13.301589
O=C(c1nnn(C2CCO2)c1-c1ccc(Br)cc1)N1CCC1,中毒,8.009159,21.611603
O=C(c1nnn(-c2cscn2)c1-c1ccc(Br)cc1)N1CCC1,中毒,16.011244,42.57803
O=C(c1nnn(CCOP(=O)(O)O)c1-c1ccc(Br)cc1)N1CCC1,低毒,4.545177,20.843096
O=C(c1nnn(NCCF)c1-c1ccc(Br)cc1)N1CCC1,中毒,23.238869,55.15302
O=C(c1nnn(C2=CC=C(Br)C(CO)=CC=C2CN[PH](F)(Cl)Cl)c1-c1ccc(Br)cc1)N1CCC1,中毒,7.8446274,21.893682
O=C(c1nnn(CC2=Cc3cc(c4ccccc4c3Cl)CO2)c1-c1ccc(Br)cc1)N1CCC1,中毒,9.118239,20.279678
O=C(c1nnn(C(CO)CF)c1-c1ccc(Br)cc1)N1CCC1,低毒,8.5773,19.671131
O=C(c1nnn(-c2sccc2Cl)c1-c1ccc(Br)cc1)N1CCC1,中毒,6.626817,64.49796
O=C(c1nnn(N=Cc2c[nH]cn2)c1-c1ccc(Br)cc1)N1CCC1,中毒,10.920208,35.335342
O=C(c1nnn(C=NC2=C3C=CC(Cl)=CC2=[N+]3Cc2c[nH]c3cc(Br)sc23)c1-c1ccc(Br)cc1)N1CCC1,中毒,3.3422756,21.847067
[C+]n1nnc(C(=O)N2CCC2)c1-c1ccc(Br)cc1,低毒,14.7157955,16.651882
Cc1c(-n2nnc(C(=O)N3CCC3)c2-c2ccc(Br)cc2)ccc(Cl)c1Cl,中毒,10.262888,77.193924
O=C(c1nnn(-c2ccn(C3OC(CO)C(O)CC3O)c2Cl)c1-c1ccc(Br)cc1)N1CCC1,中毒,3.659794,11.541951
O=C(c1nnn(C(CN2C(c3ccccn3)SCCCN2CCBr)=NCc2ccoc2)c1-c1ccc(Br)cc1)N1CCC1,中毒,11.836261,15.897541
O=C(c1nnn(C=Cc2c(NCCN3CCOCC3)[nH]c3ccccc23)c1-c1ccc(Br)cc1)N1CCC1,中毒,7.880187,11.979134
O=C(c1nnn(-c2ccc3sccc3c2)c1-c1ccc(Br)cc1)N1CCC1,中毒,7.1874294,49.925213
O=C(c1nnn(-c2nonc2Sc2ccccc2Br)c1-c1ccc(Br)cc1)N1CCC1,中毒,14.399388,25.78784
O=C(c1nnn(S(=O)(=O)N=C=S)c1-c1ccc(Br)cc1)N1CCC1,中毒,11.90429,71.44288
O=C(c1nnn(-c2ccccc2CCl)c1-c1ccc(Br)cc1)N1CCC1,中毒,11.923352,49.925213
O=C(c1nnn(C(Cl)S(=O)(=O)Cl)c1-c1ccc(Br)cc1)N1CCC1,低毒,11.610726,10.829594
O=C(c1nnn([N+](O)(F)Br)c1-c1ccc(Br)cc1)N1CCC1,低毒,17.67845,86.473206
O=C(c1nnn(-c2cc(I)ccc2CSCl)c1-c1ccc(Br)cc1)N1CCC1,中毒,7.1874294,53.0751
O=C(c1nnn(-c2cc(Br)cc(Br)n2)c1-c1ccc(Br)cc1)N1CCC1,中毒,12.90451,44.608845
O=C(c1nnn(C2N(CCOCF)P2(O)=S)c1-c1ccc(Br)cc1)N1CCC1,中毒,20.885384,25.441305
O=C(c1nnn(C2CC2F)c1-c1ccc(Br)cc1)N1CCC1,中毒,11.493674,20.010084
O=C(c1nnn([SH]2SSSS2)c1-c1ccc(Br)cc1)N1CCC1,低毒,11.90429,92.90239
N[n+]1cccc(Cl)c1-n1nnc(C(=O)N2CCC2)c1-c1ccc(Br)cc1,中毒,6.28783,44.608845
COCn1nnc(C(=O)N2CCC2)c1-c1ccc(Br)cc1,低毒,12.558582,18.78347
N#CC12C=C1C(CCl)S1(n3nnc(C(=O)N4CCC4)c3-c3ccc(Br)cc3)CC1C2,中毒,3.296223,28.44219
O=C(c1nnn(OS(=O)(=O)S)c1-c1ccc(Br)cc1)N1CCC1,中毒,18.730022,18.964716
O=C(c1nnn(-c2nonc2P(=S)(Br)Br)c1-c1ccc(Br)cc1)N1CCC1,中毒,7.4338155,27.89882
O=C(c1nnn(-c2ccc(Br)cc2Br)c1-c1ccc(Br)cc1)N1CCC1,中毒,11.319439,27.31082
O=C(c1nnn(C(F)C2CC[IH]2)c1-c1ccc(Br)cc1)N1CCC1,中毒,6.3685656,30.087488
O=C(c1nnn(C=P)c1-c1ccc(Br)cc1)N1CCC1,低毒,20.46231,16.651882
O=C(c1nnn(OC23C[N+](NC=N2)O3)c1-c1ccc(Br)cc1)N1CCC1,中毒,14.499236,20.060001
O=C(c1nnn(C=NOc2ccccc2F)c1-c1ccc(Br)cc1)N1CCC1,低毒,9.972353,18.848566
O=C(c1nnn(S(=O)Cl)c1-c1ccc(Br)cc1)N1CCC1,低毒,11.90429,89.0446
O=C(c1nnn(S2(c3ccccc3)CS2(=O)=O)c1-c1ccc(Br)cc1)N1CCC1,中毒,6.0996733,52.539658
O=C(c1nnn([S+]([O-])[O-])c1-c1ccc(Br)cc1)N1CCC1,低毒,10.134259,92.90239
N=CN1Cn2ncc1c2-n1nnc(C(=O)N2CCC2)c1-c1ccc(Br)cc1,中毒,11.633335,20.237833
O=C(c1nnn(S(=O)(=O)c2c(CBr)ccn2Cc2c[nH]c3ccccc23)c1-c1ccc(Br)cc1)N1CCC1,中毒,2.4002762,38.868034
O=C(c1nnn([SH]2(c3ccccc3)=NS(=O)(=O)O2)c1-c1ccc(Br)cc1)N1CCC1,中毒,9.06992,20.85532
O=C(c1nnn(-c2cc(Br)ccc2Cc2cccs2)c1-c1ccc(Br)cc1)N1CCC1,中毒,7.673298,23.962868
O=C(c1nnn(Sc2ccc(Cl)cc2Br)c1-c1ccc(Br)cc1)N1CCC1,中毒,8.245636,114.557335
O=C(c1nnn(-c2cc(Cl)cc(Cl)c2CCl)c1-c1ccc(Br)cc1)N1CCC1,中毒,11.923352,49.98003
O=C(c1nnn(CCC2=C3N=CN=C3S2)c1-c1ccc(Br)cc1)N1CCC1,中毒,19.050009,17.691555
O=C(c1nnn(CCc2nc3n(n2)CCS3)c1-c1ccc(Br)cc1)N1CCC1,中毒,25.465038,16.848984
O=C(c1nnn(CC2C=Cc3ccccc3C2CO)c1-c1ccc(Br)cc1)N1CCC1,中毒,20.982931,15.194154
O=C(c1nnn([S+]([O-])CCCl)c1-c1ccc(Br)cc1)N1CCC1,低毒,11.90429,75.83646
O=C(c1nnn(Oc2c(Br)cccc2I)c1-c1ccc(Br)cc1)N1CCC1,中毒,23.03291,24.776972
O=C(c1nnn(-c2cnc(Br)s2)c1-c1ccc(Br)cc1)N1CCC1,低毒,18.730022,50.315456
O=C(c1nnn(C2C=NC2=CI)c1-c1ccc(Br)cc1)N1CCC1,中毒,12.367602,35.436047
O=C(c1nnn(Cc2nc3ccccc3s2)c1-c1ccc(Br)cc1)N1CCC1,中毒,7.066692,21.319351
O=C(c1nnn(C2COP3(=O)C=CN2SPCC=CS(=O)(=O)O3)c1-c1ccc(Br)cc1)N1CCC1,中毒,5.0431056,20.519423
O=C(c1nnn(CCOCO)c1-c1ccc(Br)cc1)N1CCC1,低毒,9.921383,22.369738
O=C(c1nnn(C2(c3ccccc3)CC2I)c1-c1ccc(Br)cc1)N1CCC1,中毒,7.748404,18.071333
O=C(c1nnn(SC=S)c1-c1ccc(Br)cc1)N1CCC1,低毒,10.659209,96.8648
O=C(c1nnn(CCCNc2cc3[nH]ccc3o2)c1-c1ccc(Br)cc1)N1CCC1,中毒,11.879071,25.44526
O=C(c1nnn(-c2nc3c(s2)CN(c2ccnn4ccnc24)CC3)c1-c1ccc(Br)cc1)N1CCC1,中毒,6.272201,16.971914
NS(=O)(=O)NCc1cccc(Br)c1OSn1nnc(C(=O)N2CCC2)c1-c1ccc(Br)cc1,中毒,12.818633,69.18646
O=C(c1nnn(CCC=Cc2cccc3nc4cc(Cl)ccc4cc23)c1-c1ccc(Br)cc1)N1CCC1,低毒,10.66633,32.134583
O=C(c1nnn(CNI)c1-c1ccc(Br)cc1)N1CCC1,低毒,14.7157955,25.001862
O=C(c1nnn(C2(Br)CC2)c1-c1ccc(Br)cc1)N1CCC1,低毒,15.228822,24.869268
O=C(c1nnn(-c2oc3ccccc3c(=S)c2Br)c1-c1ccc(Br)cc1)N1CCC1,中毒,5.397961,71.63804
NC=Nn1nnc(C(=O)N2CCC2)c1-c1ccc(Br)cc1,低毒,28.891598,49.925213
O=C(c1nnn(Oc2ccccc2F)c1-c1ccc(Br)cc1)N1CCC1,中毒,22.419744,12.975376
O=C(c1nnn(-c2nc3c(I)cccc3s2)c1-c1ccc(Br)cc1)N1CCC1,中毒,18.017187,20.282017
O=C(c1nnn(-c2cc(F)cc(F)c2)c1-c1ccc(Br)cc1)N1CCC1,中毒,10.721868,24.50958
O=C(c1nnn(-c2ccnc3[nH]ncc23)c1-c1ccc(Br)cc1)N1CCC1,中毒,10.506813,16.76646
O=C(c1nnn(-c2ccsc2Cl)c1-c1ccc(Br)cc1)N1CCC1,中毒,13.148104,22.536598
O=C(c1nnn([PH](=O)S)c1-c1ccc(Br)cc1)N1CCC1,中毒,12.543286,17.816877
O=C(c1nnn(C=CC=NNO)c1-c1ccc(Br)cc1)N1CCC1,中毒,19.270475,18.145395
O=C(c1nnn(-c2nc[n-][n+]2Nc2ccc(Br)cc2)c1-c1ccc(Br)cc1)N1CCC1,中毒,11.214031,33.382027
O=C(c1nnn(C(F)(Br)I)c1-c1ccc(Br)cc1)N1CCC1,中毒,12.366438,25.040358
O=C(c1nnn([112I])c1-c1ccc(Br)cc1)N1CCC1,低毒,52.13683,45.58551
O=C(c1nnn(C2C(=NBr)SCc3ccc(Cl)c(c3)C3NCC(CCCSS3)OSc3cccc2c3)c1-c1ccc(Br)cc1)N1CCC1,中毒,3.2424877,17.423336
O=C(c1nnn(C=NSF)c1-c1ccc(Br)cc1)N1CCC1,低毒,9.972353,12.298765
O=C(c1nnn(Cc2ccc(OCc3ccccc3Cl)cc2)c1-c1ccc(Br)cc1)N1CCC1,中毒,6.4863405,12.431548
O=C(c1nnn(CCc2cn(C3CCOCC3)cc2-n2cncn2)c1-c1ccc(Br)cc1)N1CCC1,中毒,10.250472,24.979471
N#Cc1sccc1-n1nnc(C(=O)N2CCC2)c1-c1ccc(Br)cc1,中毒,11.689742,27.855282
O=C(c1nnn(CCOO[SH](=O)(O)I)c1-c1ccc(Br)cc1)N1CCC1,低毒,9.062519,32.376095
O=C(c1nnn(S(=O)(=S)Cl)c1-c1ccc(Br)cc1)N1CCC1,低毒,11.90429,137.69727
O=C(c1nnn(OCCl)c1-c1ccc(Br)cc1)N1CCC1,中毒,33.291145,26.656855
O=C(c1nnn(C=CS)c1-c1ccc(Br)cc1)N1CCC1,中毒,20.46231,16.651882
O=C(c1nnn(-c2c(Br)ccnc2OC2CCCCC2)c1-c1ccc(Br)cc1)N1CCC1,中毒,6.1529093,40.821724
O=C(c1nnn(C2CSCN2c2c[nH]c(=S)n2N=Cc2c[nH]nn2)c1-c1ccc(Br)cc1)N1CCC1,中毒,6.878174,58.121693
O=C(c1nnn(C(CBr)c2ncncc2Cl)c1-c1ccc(Br)cc1)N1CCC1,中毒,5.5241666,23.04941
O=C(c1nnn(N=C2OCSS2)c1-c1ccc(Br)cc1)N1CCC1,中毒,33.987186,24.596378
O=C(c1nnn(C2CNNS2)c1-c1ccc(Br)cc1)N1CCC1,中毒,13.415327,42.048264
O=C(c1nnn(CC=Cc2cccc3c2nnn3CCc2cccs2)c1-c1ccc(Br)cc1)N1CCC1,中毒,15.228822,25.342918
O=C(c1nnn(C=Cc2ccc3cc(Br)ccc3c2)c1-c1ccc(Br)cc1)N1CCC1,低毒,8.859659,15.932148
O=C(c1nnn(S(=O)(=O)CBr)c1-c1ccc(Br)cc1)N1CCC1,中毒,8.978762,79.720116
O=C(c1nnn(-n2ccnc2)c1-c1ccc(Br)cc1)N1CCC1,中毒,18.14801,24.02771
O=C(c1nnn(Cc2cccc[n+]2C2CO2)c1-c1ccc(Br)cc1)N1CCC1,中毒,11.124091,15.655244
O=C(c1nnn(OC2SOC3(OCCc4ccccc4)NC4OC423)c1-c1ccc(Br)cc1)N1CCC1,中毒,5.686248,18.64577
O=C(c1nnn(S(=O)(=O)OCC=Cc2ccncn2)c1-c1ccc(Br)cc1)N1CCC1,低毒,6.643831,107.44468
O=C(c1nnn(N=Nc2nccs2)c1-c1ccc(Br)cc1)N1CCC1,中毒,30.670681,55.15302
O=C(c1nnn(C=CCCCF)c1-c1ccc(Br)cc1)N1CCC1,中毒,14.899384,22.23167
O=C(c1nnn(-c2ccnc3sccc23)c1-c1ccc(Br)cc1)N1CCC1,中毒,13.247101,38.278908
CCCCn1nnc(C(=O)N2CCC2)c1-c1ccc(Br)cc1,低毒,8.293504,25.001862
O=C(c1nnn(CC2=[N+]3CCS[S+]3SS2)c1-c1ccc(Br)cc1)N1CCC1,中毒,12.281665,24.312138
O=C(c1nnn(-c2sccc2[N+](=O)[O-])c1-c1ccc(Br)cc1)N1CCC1,中毒,18.785078,32.89409
O=C(c1nnn(-c2c(I)cnn2CC(Br)I)c1-c1ccc(Br)cc1)N1CCC1,中毒,6.2058644,31.810823
O=C(c1nnn(C=Cc2ccco2)c1-c1ccc(Br)cc1)N1CCC1,中毒,15.667969,15.051627
O=C(c1nnn(C=Cc2ccncc2)c1-c1ccc(Br)cc1)N1CCC1,低毒,15.667969,15.051627
O=C(c1nnn(CCON=Cc2cccc3nc[nH]c23)c1-c1ccc(Br)cc1)N1CCC1,中毒,7.094801,30.928812
O=C(c1nnn(-c2cc3ccoc3o2)c1-c1ccc(Br)cc1)N1CCC1,中毒,8.376883,68.91855
O=C(c1nnn(CN(Br)CBr)c1-c1ccc(Br)cc1)N1CCC1,低毒,13.415327,16.651882
O=C(c1nnn(C2c3ccsc32)c1-c1ccc(Br)cc1)N1CCC1,中毒,5.3980007,15.842161
O=C(c1nnn(C2=CCCC[S+]2[O-])c1-c1ccc(Br)cc1)N1CCC1,中毒,7.8140655,22.477419
O=C(c1nnn(C2CN2CCN=c2cc3n(o2)CC=Nc2ccsc2-3)c1-c1ccc(Br)cc1)N1CCC1,中毒,11.652769,26.706884
O=C(c1nnn(S23CNC2=N3)c1-c1ccc(Br)cc1)N1CCC1,中毒,8.978762,24.575344
O=C(c1nnn(C(CF)(CCl)CCCl)c1-c1ccc(Br)cc1)N1CCC1,中毒,7.4449863,23.596052
O=C(c1nnn(-c2nccnc2S)c1-c1ccc(Br)cc1)N1CCC1,中毒,33.242657,44.608845
O=C(c1nnn([PH]2(c3ccc(F)cc3F)C=N2)c1-c1ccc(Br)cc1)N1CCC1,中毒,6.1764975,15.412362
O=C(c1nnn(C2(C(Cl)(Cl)Cl)CS2(=O)=O)c1-c1ccc(Br)cc1)N1CCC1,中毒,9.007849,15.582233
O=C(c1nnn(CNCCl)c1-c1ccc(Br)cc1)N1CCC1,中毒,14.7157955,16.651882
O=C(c1nnn(N[SH]2c3cnoc3C23c2ccccc2-[n+]2ccccc23)c1-c1ccc(Br)cc1)N1CCC1,中毒,4.634449,15.574545
O=C(c1nnn(C(=S)NC2CS2)c1-c1ccc(Br)cc1)N1CCC1,中毒,13.26564,20.0126
O=C(c1nnn(-c2cccc(O)c2)c1-c1ccc(Br)cc1)N1CCC1,中毒,11.196653,30.515831
O=C(c1nnn(C=Nc2csnn2)c1-c1ccc(Br)cc1)N1CCC1,中毒,6.462587,18.107738
O=C(c1nnn(C=Cc2ccc(C3CC3)cc2)c1-c1ccc(Br)cc1)N1CCC1,低毒,15.667969,28.459833
O=C(c1nnn(I(O)Br)c1-c1ccc(Br)cc1)N1CCC1,中毒,73.9168,45.58551
O=C(c1nnn(Cc2cccc3ccccc23)c1-c1ccc(Br)cc1)N1CCC1,中毒,9.096299,15.842161
O=C(c1nnn(COCC(Cl)Cl)c1-c1ccc(Br)cc1)N1CCC1,低毒,12.558582,16.108147
O=C(c1nnn(-c2ccc([N+](=O)[O-])cc2[N+](=O)[O-])c1-c1ccc(Br)cc1)N1CCC1,中毒,17.72199,56.994137
O=C(c1nnn(C(c2cccs2)c2ccccc2Br)c1-c1ccc(Br)cc1)N1CCC1,中毒,5.6518364,13.699202
O=C(c1nnn(C2OCCO2)c1-c1ccc(Br)cc1)N1CCC1,低毒,12.925589,16.108147
N=C(Cl)C(O)n1nnc(C(=O)N2CCC2)c1-c1ccc(Br)cc1,中毒,8.591546,23.628323
O=C(c1nnn(-c2c(Cl)cc(Cl)cc2Cl)c1-c1ccc(Br)cc1)N1CCC1,中毒,12.292116,30.259153
O=C(c1nnn(-c2cccc([N+](=O)[O-])c2)c1-c1ccc(Br)cc1)N1CCC1,中毒,16.011244,76.19437
O=C(c1nnn(S23c4ccccc4NC2c2ncccc23)c1-c1ccc(Br)cc1)N1CCC1,中毒,3.8396838,14.3937645
O=C(c1nnn(-c2ccc3[nH]cnc3c2)c1-c1ccc(Br)cc1)N1CCC1,中毒,6.3066387,49.925213
O=C(c1nnn(CCSc2nnc[nH]2)c1-c1ccc(Br)cc1)N1CCC1,低毒,14.7157955,15.303449
O=C(c1nnn(CCO[N+](=O)[O-])c1-c1ccc(Br)cc1)N1CCC1,低毒,9.921383,32.836136
CCC1NC[SH]1n1nnc(C(=O)N2CCC2)c1-c1ccc(Br)cc1,低毒,11.90429,45.06679
O=C(c1nnn(Cc2ccc3c(c2)OCO3)c1-c1ccc(Br)cc1)N1CCC1,中毒,9.096299,13.107025
O=C(c1nnn(-c2ccccc2CCO)c1-c1ccc(Br)cc1)N1CCC1,中毒,8.049129,18.86946
O=C(c1nnn(C=Cc2c3cccc(Cl)c3c(Cl)n2Cc2cccs2)c1-c1ccc(Br)cc1)N1CCC1,中毒,5.457919,24.06832
O=C(c1nnn(-c2cc3ccc(CO)cc3s2)c1-c1ccc(Br)cc1)N1CCC1,中毒,6.626817,61.09055
O=C(c1nnn(C2SO[S+]2)c1-c1ccc(Br)cc1)N1CCC1,中毒,13.415327,22.23167
O=C(c1nnn(-c2ncc3nc2C(I)=CC=C3)c1-c1ccc(Br)cc1)N1CCC1,中毒,19.355242,22.002628
O=C(c1nnn(-c2nnon2)c1-c1ccc(Br)cc1)N1CCC1,中毒,22.438305,24.27908
O=C(c1nnn(C2CC[N+](SC3Oc4ccsc43)C(c3ccc(Br)cc3)=C2Sc2ccccn2)c1-c1ccc(Br)cc1)N1CCC1,中毒,6.6535254,15.78
Cn1c(NCc2scnc2-c2ccc([SH]3C(N4CC4)P(CCCCc4ccoc4)OP3(=O)O)cc2)ccc1-n1nnc(C(=O)N2CCC2)c1-c1ccc(Br)cc1,中毒,6.5492473,19.93801
O=C(c1nnn(C2NCCS2)c1-c1ccc(Br)cc1)N1CCC1,中毒,13.415327,28.355547
O=C(c1nnn(C2=CC3=CC4=CC=C2SC(CC3)CO4)c1-c1ccc(Br)cc1)N1CCC1,中毒,3.8964434,16.305914
[2H]S(=O)(=O)n1nnc(C(=O)N2CCC2)c1-c1ccc(Br)cc1,低毒,17.93811,86.39223
O=C(c1nnn(C2Nc3ccccc32)c1-c1ccc(Br)cc1)N1CCC1,中毒,8.051607,13.406676
O=C(c1nnn(C(Br)CBr)c1-c1ccc(Br)cc1)N1CCC1,低毒,12.366438,24.869268
CN1CC([SH]=Cc2ccc(Cl)cc2-n2cnnc2)N=C1n1nnc(C(=O)N2CCC2)c1-c1ccc(Br)cc1,中毒,6.4586854,12.979462
O=C(c1nnn(CC#[SH])c1-c1ccc(Br)cc1)N1CCC1,低毒,14.7157955,25.001862
O=C(c1nnn(-c2cc(Br)on2)c1-c1ccc(Br)cc1)N1CCC1,中毒,3.986685,26.42684
O=C(c1nnn(CNCCCl)c1-c1ccc(Br)cc1)N1CCC1,中毒,14.7157955,16.651882
O=C(c1nnn(C=NOCCO)c1-c1ccc(Br)cc1)N1CCC1,低毒,9.972353,15.390113
O=C(c1nnn(N2CCCCN2c2cccs2)c1-c1ccc(Br)cc1)N1CCC1,中毒,30.58619,38.00663
O=C(c1nnn(C=NNCCl)c1-c1ccc(Br)cc1)N1CCC1,低毒,13.082877,14.792451
O=C(c1nnn(C(=S)CBr)c1-c1ccc(Br)cc1)N1CCC1,中毒,16.814655,41.7118
O=C(c1nnn(C2CNc3sccc32)c1-c1ccc(Br)cc1)N1CCC1,中毒,5.9353147,17.28152
O=C(c1nnn(-c2cc(CNc3nsc4ccncc34)ccc2Br)c1-c1ccc(Br)cc1)N1CCC1,中毒,7.5887036,17.503733
O=C(c1nnn(CCC[n+]2c3c(cc4c(O)cccc42)NC2=CC=C2C3)c1-c1ccc(Br)cc1)N1CCC1,中毒,6.111718,13.251189
O=C(c1nnn(CC2OCc3cnc(Br)cc32)c1-c1ccc(Br)cc1)N1CCC1,中毒,17.47563,27.226135
O=C(c1nnn(C=CCCBr)c1-c1ccc(Br)cc1)N1CCC1,中毒,19.270475,16.651882
NCC(F)n1nnc(C(=O)N2CCC2)c1-c1ccc(Br)cc1,中毒,9.972353,25.001862
O=C(c1nnn(CC2=CC=CC=[N+]2)c1-c1ccc(Br)cc1)N1CCC1,低毒,20.679974,26.122011
O=C(c1nnn(C=Cn2cc(Sc3nccc4sccc34)cn2)c1-c1ccc(Br)cc1)N1CCC1,中毒,7.225126,14.1541815
O=C(c1nnn(C=Nc2cccnn2)c1-c1ccc(Br)cc1)N1CCC1,低毒,7.248517,18.107738
O=C(c1nnn(Cc2c(Cl)cccc2I)c1-c1ccc(Br)cc1)N1CCC1,中毒,5.816992,15.02365
O=C(c1nnn(C=Cc2cccc3nc4ccccc4n23)c1-c1ccc(Br)cc1)N1CCC1,中毒,14.673306,14.631342
O=C(c1nnn(-c2c3cc-3ccccn2[O-])c1-c1ccc(Br)cc1)N1CCC1,中毒,7.640255,31.163084
O=C(c1nnn(C2NC(=S)S2)c1-c1ccc(Br)cc1)N1CCC1,中毒,11.73801,65.58063
NC(=S)n1nnc(C(=O)N2CCC2)c1-c1ccc(Br)cc1,低毒,16.814655,29.177204
O=C(c1nnn(C23CC4CC(C2)OC(C4)C3)c1-c1ccc(Br)cc1)N1CCC1,中毒,7.502496,21.800407
O=C(c1nnn(P2C3=CC=CC=CN=[PH]32)c1-c1ccc(Br)cc1)N1CCC1,中毒,7.0448213,16.982899
O=C(c1nnn(COCc2cccs2)c1-c1ccc(Br)cc1)N1CCC1,中毒,12.558582,18.78347
O=C(c1nnn(C2=NC2CCCCN2CCCCC2)c1-c1ccc(Br)cc1)N1CCC1,中毒,9.326939,30.059496
O=C(c1nnn(N=Cc2c3ccncc3nc3ncccc23)c1-c1ccc(Br)cc1)N1CCC1,中毒,6.4861035,130.76042
O=C(c1nnn(CC2=NCC3CNON23)c1-c1ccc(Br)cc1)N1CCC1,中毒,6.252459,16.981007
O=C(c1nnn(-c2noc3cccc(I)c23)c1-c1ccc(Br)cc1)N1CCC1,中毒,5.046358,37.506287
O=C(c1nnn(-c2nc3ccc(F)cc3s2)c1-c1ccc(Br)cc1)N1CCC1,中毒,6.8965364,24.051994
O=C(c1nnn(-n2sc3oc4cn[nH]c(=O)c4c32)c1-c1ccc(Br)cc1)N1CCC1,中毒,16.029278,20.412188
O=C(c1nnn(CCCNCc2cnn[nH]2)c1-c1ccc(Br)cc1)N1CCC1,低毒,14.7157955,41.466076
O=C(c1nnn([SH](=O)(Cl)CCl)c1-c1ccc(Br)cc1)N1CCC1,中毒,8.971934,59.5146
O=C(c1nnn(C2CCN2CCN=C2NOCS2)c1-c1ccc(Br)cc1)N1CCC1,低毒,23.463049,29.816435
O=C(c1nnn(C2N=N2)c1-c1ccc(Br)cc1)N1CCC1,中毒,12.558582,16.09387
CNC(c1ccccc1)n1nnc(C(=O)N2CCC2)c1-c1ccc(Br)cc1,中毒,9.096299,15.842161
O=C(c1nnn(-c2nc(Nc3ccc(Oc4ccc(F)cc4)c(Br)c3)sc2Br)c1-c1ccc(Br)cc1)N1CCC1,中毒,7.843804,12.652781
[N-]=[N+]=NOS(=O)(=O)Oc1ccc(-n2nnc(C(=O)N3CCC3)c2-c2ccc(Br)cc2)c(C(O)(CSS)c2ccc([N+](=O)[O-])s2)c1,中毒,13.175929,11.343716
O=C(c1nnn(C23CC4C(CBr)CCN4C2C3)c1-c1ccc(Br)cc1)N1CCC1,中毒,3.8838508,22.384533
O=C(c1nnn(OS(=O)(=O)CBr)c1-c1ccc(Br)cc1)N1CCC1,中毒,18.730022,22.230555
O=C(c1nnn(-c2ccc3c(=O)ccoc3c2)c1-c1ccc(Br)cc1)N1CCC1,中毒,9.969531,48.995316
O=C(c1nnn(C(F)c2ccccc2)c1-c1ccc(Br)cc1)N1CCC1,中毒,6.7425137,23.908426
O=C(c1nnn(-c2cccn[n+]2-c2ccc[nH]2)c1-c1ccc(Br)cc1)N1CCC1,中毒,7.968241,26.32129
O=C(c1nnn([S+](F)F)c1-c1ccc(Br)cc1)N1CCC1,低毒,10.134259,178.6894
O=C(c1nnn(-c2coc3c4sc-4cccnc23)c1-c1ccc(Br)cc1)N1CCC1,中毒,5.6328483,50.095814
O=C(c1nnn(-c2nsnc2Br)c1-c1ccc(Br)cc1)N1CCC1,中毒,16.938856,23.628412
O=C(c1nnn(S23CCNCCN2CCNCC3)c1-c1ccc(Br)cc1)N1CCC1,低毒,13.350813,16.341145
O=C(c1nnn(C(F)(Br)Br)c1-c1ccc(Br)cc1)N1CCC1,中毒,9.794077,22.538069
O=C(c1nnn(C2OCN2CN2C(c3cccs3)=NC2Br)c1-c1ccc(Br)cc1)N1CCC1,中毒,15.777735,26.077808
O=C(c1nnn(N(CF)SSS)c1-c1ccc(Br)cc1)N1CCC1,中毒,17.293732,22.472712
O=C(c1nnn(N=C2OCCOCC=CCSS2)c1-c1ccc(Br)cc1)N1CCC1,中毒,15.272773,54.967697
O=C(c1nnn(C23CC4CC2C(OS(C(F)(F)F)(S(=O)(=O)c2cc(Cl)cc(NC5=NCCS5)c2)C4)S3)c1-c1ccc(Br)cc1)N1CCC1,中毒,4.546667,22.093523
O=C(c1nnn(C2c3ccc(Br)cc3-c3[nH]ncc32)c1-c1ccc(Br)cc1)N1CCC1,中毒,5.753881,13.844113
O=C(c1nnn(C23CC4CC(CS2)CC(C4)C3)c1-c1ccc(Br)cc1)N1CCC1,中毒,9.6648655,28.355547
O=C(c1nnn(-c2cc(Br)c(Br)cc2Br)c1-c1ccc(Br)cc1)N1CCC1,中毒,10.614689,27.31082
O=C(c1nnn(CCCC[S+]2CSCCN2)c1-c1ccc(Br)cc1)N1CCC1,中毒,11.713761,25.001862
O=C(c1nnn(CCn2ncc3c(N4CCOCC4)c[nH]c32)c1-c1ccc(Br)cc1)N1CCC1,中毒,6.5218377,22.054382
O=C(c1nnn(C(Cl)CCl)c1-c1ccc(Br)cc1)N1CCC1,低毒,12.366438,25.001862
O=C(c1nnn(Cc2ccc(F)cc2)c1-c1ccc(Br)cc1)N1CCC1,中毒,9.096299,15.842161
O=C(c1nnn(-c2oc(Nc3cnc4ccc5ccccc5c4c3)nc2Cl)c1-c1ccc(Br)cc1)N1CCC1,中毒,12.235301,38.15531
O=C(c1nnn(CNc2c(Br)ccc3nsnc23)c1-c1ccc(Br)cc1)N1CCC1,中毒,7.093295,18.806505
O=C(c1nnn(C2(O)NS2(=O)=O)c1-c1ccc(Br)cc1)N1CCC1,低毒,12.281665,26.85301
O=C(c1nnn(CC2=CCSS2)c1-c1ccc(Br)cc1)N1CCC1,低毒,9.5013275,25.35999
NC(=S)Sn1nnc(C(=O)N2CCC2)c1-c1ccc(Br)cc1,低毒,10.659209,96.8648
O=C(c1nnn(OCc2cnnn2-c2nnc(C3(c4ccccc4)CC3)o2)c1-c1ccc(Br)cc1)N1CCC1,中毒,9.263802,23.297852
O=C(c1nnn(CCNC(Cl)Br)c1-c1ccc(Br)cc1)N1CCC1,低毒,14.7157955,29.281906
O=C(c1nnn(C2SC3=NN=NN2C(=S)N3C=Cc2cccs2)c1-c1ccc(Br)cc1)N1CCC1,中毒,4.359111,50.496372
O=C(c1nnn(C(=O)c2ccn[nH]2)c1-c1ccc(Br)cc1)N1CCC1,中毒,10.601123,16.113152
O=C(c1nnn(-c2ccc(Br)cn2)c1-c1ccc(Br)cc1)N1CCC1,中毒,10.152318,44.608845
O=C(c1nnn(C#[S+]S[S-])c1-c1ccc(Br)cc1)N1CCC1,低毒,14.754608,16.651882
O=C(c1nnn(C=NCc2c[nH]nn2)c1-c1ccc(Br)cc1)N1CCC1,低毒,9.384396,18.107738
N=c1oon1-n1nnc(C(=O)N2CCC2)c1-c1ccc(Br)cc1,中毒,10.659639,14.904946
O=C(c1nnn(CC=CNCCO)c1-c1ccc(Br)cc1)N1CCC1,中毒,14.259107,20.843096
O=C(c1nnn(SCc2c[nH]c3ccc(O)cc23)c1-c1ccc(Br)cc1)N1CCC1,中毒,9.760325,41.07136
O=C(c1nnn(C=NCCNC2=CO2)c1-c1ccc(Br)cc1)N1CCC1,低毒,11.124961,21.57851
O=C(c1nnn(CCCn2cncn2)c1-c1ccc(Br)cc1)N1CCC1,中毒,11.493674,37.757687
