smiles,toxicity,aureus_MIC,ecoli_MIC
O=C(c1nn[nH]c1N(Cc1ccccc1)Cc1ccccc1)C1SCCS1,中毒,5.014996,42.01063
O=C(c1nn[nH]c1N(Cc1ccccc1)Cc1ccccc1)N1Sc2ccc(F)c3c2C1CNO3,中毒,25.496954,29.806166
O=C(c1nn[nH]c1N(Cc1ccccc1)Cc1ccccc1)C(F)(F)Cl,高毒,5.573942,56.60067
O=C(c1ccn(-c2ccc(Cl)cc2)n1)c1nn[nH]c1N(Cc1ccccc1)Cc1ccccc1,低毒,15.468068,106.40436
O=C(c1cc2[nH]ccc2o1)c1nn[nH]c1N(Cc1ccccc1)Cc1ccccc1,低毒,8.449329,64.433624
O=C(c1nn[nH]c1N(Cc1ccccc1)Cc1ccccc1)C(c1cc[nH]n1)c1ccc(I)cc1Br,中毒,9.419499,80.76574
O=C(C1=NCON=N1)c1nn[nH]c1N(Cc1ccccc1)Cc1ccccc1,中毒,10.766048,35.762074
O=C(c1nn[nH]c1N(Cc1ccccc1)Cc1ccccc1)N1CCOCC1,中毒,9.62458,26.523224
O=C(c1nn[nH]c1N(Cc1ccccc1)Cc1ccccc1)c1cccc2ccccc12,中毒,9.03295,34.50007
O=C(c1nn[nH]c1N(Cc1ccccc1)Cc1ccccc1)N1CCNCC1,中毒,12.768672,21.591461
O=C(c1nn[nH]c1N(Cc1ccccc1)Cc1ccccc1)[N+](=O)[O-],低毒,7.3469896,24.885092
O=C(c1c[nH]cn1)c1nn[nH]c1N(Cc1ccccc1)Cc1ccccc1,低毒,9.266924,54.16356
O=C(c1ccc2nsnc2c1)c1nn[nH]c1N(Cc1ccccc1)Cc1ccccc1,低毒,11.346509,34.50007
O=C(c1nn[nH]c1N(Cc1ccccc1)Cc1ccccc1)S(=O)(=O)c1ccccc1,中毒,8.73323,64.723854
O=C(c1nn[nH]c1N(Cc1ccccc1)Cc1ccccc1)C1CCCP2(=O)N1OP2(=O)Br,中毒,18.244846,30.503714
O=C(c1nn[nH]c1N(Cc1ccccc1)Cc1ccccc1)n1nnc2ccccc21,中毒,25.215778,15.41628
O=C(c1nn[nH]c1N(Cc1ccccc1)Cc1ccccc1)c1nsc2ccccc12,中毒,13.734685,34.579483
O=C(c1nn[nH]c1N(Cc1ccccc1)Cc1ccccc1)C1CC1,高毒,8.960987,32.817757
O=C(c1nn[nH]c1N(Cc1ccccc1)Cc1ccccc1)C1CCCc2c(Br)cccc21,中毒,10.43006,24.365522
O=C(c1ccc[nH]1)c1nn[nH]c1N(Cc1ccccc1)Cc1ccccc1,低毒,7.341082,34.50007
O=C(OCCC(Br)c1cccc([N+](=O)[O-])c1O)c1nn[nH]c1N(Cc1ccccc1)Cc1ccccc1,低毒,11.269287,68.58584
O=C(c1ccc(Br)o1)c1nn[nH]c1N(Cc1ccccc1)Cc1ccccc1,低毒,4.41106,37.892868
O=C(c1nn[nH]c1N(Cc1ccccc1)Cc1ccccc1)c1c[nH]c2ccccc12,中毒,32.289127,21.234655
O=C(c1nn[nH]c1N(Cc1ccccc1)Cc1ccccc1)c1c(O)ccc2c(Br)cccc12,中毒,27.691849,14.9330225
O=C(c1ccsc1)c1nn[nH]c1N(Cc1ccccc1)Cc1ccccc1,高毒,7.0361996,30.313057
O=C(c1nn[nH]c1N(Cc1ccccc1)Cc1ccccc1)C(c1ccccc1Br)N1CCOC1=O,中毒,17.546373,33.790993
O=C(c1cnn(-c2ccccc2)c1CNC(F)(F)F)c1nn[nH]c1N(Cc1ccccc1)Cc1ccccc1,中毒,10.01061,31.966595
O=C(c1cc(O)ccc1Cl)c1nn[nH]c1N(Cc1ccccc1)Cc1ccccc1,中毒,6.789446,32.390194
O=C(c1nn[nH]c1N(Cc1ccccc1)Cc1ccccc1)[SH](C1=NOC2(CCCC2)N1c1ccccc1)c1nsnc1N1CCOCC1,中毒,24.407822,21.192566
O=C(c1nn[nH]c1N(Cc1ccccc1)Cc1ccccc1)C(Cl)Cl,高毒,11.624767,56.60067
O=C(c1cc(C2CCCCS2(=O)=O)n(-c2nsc(Cl)n2)n1)c1nn[nH]c1N(Cc1ccccc1)Cc1ccccc1,中毒,14.863833,34.700733
O=C(c1nn[nH]c1N(Cc1ccccc1)Cc1ccccc1)c1cn(C2CC2)c2cc(-n3ncc(OC(F)F)cc3=O)ccc12,中毒,33.886105,12.816132
O=C(c1cnco1)c1nn[nH]c1N(Cc1ccccc1)Cc1ccccc1,高毒,7.0650444,54.97219
O=C(c1cnccn1)c1nn[nH]c1N(Cc1ccccc1)Cc1ccccc1,低毒,8.22233,34.579483
O=C(c1nn[nH]c1N(Cc1ccccc1)Cc1ccccc1)C(F)(Cl)Cl,高毒,8.25654,56.60067
O=C(c1cscc1Cl)c1nn[nH]c1N(Cc1ccccc1)Cc1ccccc1,中毒,8.762394,30.13742
O=C(c1nn[nH]c1N(Cc1ccccc1)Cc1ccccc1)C(F)(F)F,高毒,4.193052,56.60067
O=C(c1ncns1)c1nn[nH]c1N(Cc1ccccc1)Cc1ccccc1,低毒,12.670113,30.845133
O=C(c1ccccc1-c1cccc2cccnc12)c1nn[nH]c1N(Cc1ccccc1)Cc1ccccc1,中毒,16.485823,32.179115
O=C(c1ccc(C(F)(F)F)cc1)c1nn[nH]c1N(Cc1ccccc1)Cc1ccccc1,低毒,5.5928907,31.501791
O=C(c1ccc(Cl)cc1)c1nn[nH]c1N(Cc1ccccc1)Cc1ccccc1,低毒,4.41106,34.50007
O=C(c1nn[nH]c1N(Cc1ccccc1)Cc1ccccc1)c1snc(F)c1I,中毒,32.196598,20.081724
O=C(c1nn[nH]c1N(Cc1ccccc1)Cc1ccccc1)C(Cl)(Cl)Cl,低毒,11.624767,56.60067
O=C(c1n[nH]c(CC=CBr)n1)c1nn[nH]c1N(Cc1ccccc1)Cc1ccccc1,低毒,14.915633,26.708387
O=C(Nc1ncc2n1COCCO2)C(=O)c1nn[nH]c1N(Cc1ccccc1)Cc1ccccc1,中毒,13.711225,20.02914
O=C(C(=O)c1nn[nH]c1N(Cc1ccccc1)Cc1ccccc1)c1ccccn1,高毒,6.697259,45.099583
O=C(c1ccc(OCCCOc2ccccc2I)cc1)c1nn[nH]c1N(Cc1ccccc1)Cc1ccccc1,高毒,4.41106,48.35956
O=C(c1nn[nH]c1N(Cc1ccccc1)Cc1ccccc1)N1CCN(c2ccc([N+](=O)[O-])cc2)CC1,中毒,9.629235,12.11019
Nc1nonc1C(=O)c1nn[nH]c1N(Cc1ccccc1)Cc1ccccc1,微毒,8.22233,30.879324
O=C(c1ccc2c(c1)OCCO2)c1nn[nH]c1N(Cc1ccccc1)Cc1ccccc1,高毒,5.5928907,32.818672
O=C(c1n[nH]nc1-c1cnc2ccccc2n1)c1nn[nH]c1N(Cc1ccccc1)Cc1ccccc1,中毒,13.70402,32.46234
O=C(C(F)=CCNc1ccon1)c1nn[nH]c1N(Cc1ccccc1)Cc1ccccc1,高毒,10.347478,50.495193
O=C(c1nc2ccccc2s1)c1nn[nH]c1N(Cc1ccccc1)Cc1ccccc1,中毒,11.61752,51.940323
NC(=S)ONC1CSC([O-])C(C(O[N+](=O)[O-])C(=O)c2nn[nH]c2N(Cc2ccccc2)Cc2ccccc2)=CO1,中毒,20.231985,98.6666
O=C(c1ccncc1)c1nn[nH]c1N(Cc1ccccc1)Cc1ccccc1,低毒,4.41106,34.50007
O=C(c1cscn1)c1nn[nH]c1N(Cc1ccccc1)Cc1ccccc1,低毒,7.7929916,33.37947
O=C(c1ccsc1Cl)c1nn[nH]c1N(Cc1ccccc1)Cc1ccccc1,中毒,12.596925,30.13742
O=C(c1nn[nH]c1N(Cc1ccccc1)Cc1ccccc1)c1ncsc1Br,低毒,7.7929916,57.25769
O=C(c1ccccc1)c1nn[nH]c1N(Cc1ccccc1)Cc1ccccc1,低毒,4.41106,34.50007
O=C1OCC(=S)N(C(=O)c2nn[nH]c2N(Cc2ccccc2)Cc2ccccc2)O1,低毒,11.334051,63.511505
O=C(c1nn[nH]c1N(Cc1ccccc1)Cc1ccccc1)S(=O)(=O)c1cccc(Cl)c1,中毒,8.73323,64.723854
O=C(c1nn[nH]c1N(Cc1ccccc1)Cc1ccccc1)C(O)c1ccoc1,高毒,8.4527645,35.110603
O=C(c1ccc(C(F)(F)F)cc1Cl)c1nn[nH]c1N(Cc1ccccc1)Cc1ccccc1,中毒,7.7126193,30.202047
O=C(c1coc(NC(=S)Nc2cc(F)ccc2[N+](=O)[O-])n1)c1nn[nH]c1N(Cc1ccccc1)Cc1ccccc1,中毒,11.597957,57.303272
O=C(c1nn[nH]c1N(Cc1ccccc1)Cc1ccccc1)C(c1cccnc1)N1CCOC1=O,中毒,9.729279,43.440685
O=C(c1ccc(O)cc1)c1nn[nH]c1N(Cc1ccccc1)Cc1ccccc1,高毒,4.41106,28.805965
O=C(c1nn[nH]c1N(Cc1ccccc1)Cc1ccccc1)C(Cl)CO,中毒,7.762915,50.01052
O=C(c1cc(F)ccc1F)c1nn[nH]c1N(Cc1ccccc1)Cc1ccccc1,中毒,11.198199,20.880424
O=C(c1cc[n+]([O-])cn1)c1nn[nH]c1N(Cc1ccccc1)Cc1ccccc1,低毒,8.209234,56.669506
O=C(c1ncc(-c2cnc3ccccc3n2)s1)c1nn[nH]c1N(Cc1ccccc1)Cc1ccccc1,中毒,25.24185,61.583515
O=C(c1cccs1)c1nn[nH]c1N(Cc1ccccc1)Cc1ccccc1,低毒,4.41106,21.606764
O=C(c1coc(Cl)n1)c1nn[nH]c1N(Cc1ccccc1)Cc1ccccc1,低毒,8.314068,62.754444
O=C(c1nn[nH]c1N(Cc1ccccc1)Cc1ccccc1)c1cccc[n+]1CCN1CCCC(OF)(c2ccccc2Oc2ccccc2)CC1,中毒,15.596585,23.371883
O=C(c1ccc(CN2CCc3ccccc3C2)o1)c1nn[nH]c1N(Cc1ccccc1)Cc1ccccc1,中毒,38.82764,35.060253
O=C(c1cnc(Cl)nc1Cl)c1nn[nH]c1N(Cc1ccccc1)Cc1ccccc1,中毒,7.446564,21.6476
O=C(c1nn[nH]c1N(Cc1ccccc1)Cc1ccccc1)C(O)SCCc1ccccc1,微毒,23.481522,57.782154
O=C1ON2C=CC=CC2=[N+]([O-])C(O)=C1C(=O)c1nn[nH]c1N(Cc1ccccc1)Cc1ccccc1,中毒,7.0118637,24.79592
O=C(c1ccco1)c1nn[nH]c1N(Cc1ccccc1)Cc1ccccc1,低毒,4.41106,64.433624
O=C(c1cccnc1)c1nn[nH]c1N(Cc1ccccc1)Cc1ccccc1,中毒,7.5346804,20.880424
O=C(c1nn[nH]c1N(Cc1ccccc1)Cc1ccccc1)c1[nH]nc2ccsc12,低毒,14.879978,56.669506
O=C(c1ccccc1Cl)c1nn[nH]c1N(Cc1ccccc1)Cc1ccccc1,低毒,6.789446,34.049644
O=C(c1cccc(Nc2ncnc3[nH]ccc23)c1)c1nn[nH]c1N(Cc1ccccc1)Cc1ccccc1,低毒,15.588107,23.145391
O=C(c1nn[nH]c1N(Cc1ccccc1)Cc1ccccc1)C1CC2C=CC1N2Cc1ncn[nH]1,中毒,14.091203,32.49456
O=C(c1ccc([N+](=O)[O-])c(Nc2ccccc2)c1O)c1nn[nH]c1N(Cc1ccccc1)Cc1ccccc1,低毒,17.128063,15.926857
O=C(c1ccncn1)c1nn[nH]c1N(Cc1ccccc1)Cc1ccccc1,低毒,8.209234,56.669506
O=C(c1nn[nH]c1N(Cc1ccccc1)Cc1ccccc1)S(=Cc1cccnc1)C(Cl)C(Cl)Cl,低毒,24.550282,29.571793
O=C(c1nn[nH]c1N(Cc1ccccc1)Cc1ccccc1)c1c(C(Cl)(Cl)Cl)no[n+]1[O-],中毒,17.552553,38.534748
O=C(c1ccc(Cl)s1)c1nn[nH]c1N(Cc1ccccc1)Cc1ccccc1,低毒,4.41106,32.00644
O=C(OCc1cc2c(Br)ccc(NS(=O)(=O)c3ccoc3)c2s1)c1nn[nH]c1N(Cc1ccccc1)Cc1ccccc1,中毒,17.81996,21.714342
O=C(c1nn[nH]c1N(Cc1ccccc1)Cc1ccccc1)C1C2CC3CC(C2)CC1C3,高毒,11.816787,22.30062
O=C(c1ccc(Oc2ccc3ccccc3c2)cc1)c1nn[nH]c1N(Cc1ccccc1)Cc1ccccc1,高毒,10.074354,20.539291
O=C(c1cn[nH]c1)c1nn[nH]c1N(Cc1ccccc1)Cc1ccccc1,低毒,5.014996,32.37407
O=C(c1nn[nH]c1N(Cc1ccccc1)Cc1ccccc1)S(=O)(=O)c1cccc([N+](=O)[O-])c1,中毒,8.00124,48.82299
O=C(c1ccnc(Br)c1)c1nn[nH]c1N(Cc1ccccc1)Cc1ccccc1,低毒,4.41106,34.50007
O=C(c1coc(F)c1F)c1nn[nH]c1N(Cc1ccccc1)Cc1ccccc1,中毒,12.009772,50.879738
O=C(c1nn[nH]c1N(Cc1ccccc1)Cc1ccccc1)S(=O)(=O)c1ccccn1,中毒,17.02634,48.96392
O=C(C(=S)c1ccccn1)c1nn[nH]c1N(Cc1ccccc1)Cc1ccccc1,中毒,6.697259,66.0139
O=C(c1cc(F)ccc1O)c1nn[nH]c1N(Cc1ccccc1)Cc1ccccc1,中毒,14.352595,19.154457
O=C(c1nn[nH]c1N(Cc1ccccc1)Cc1ccccc1)C(Cl)c1csc(Cl)n1,中毒,15.28835,31.825802
O=C(c1cccc(F)c1)c1nn[nH]c1N(Cc1ccccc1)Cc1ccccc1,中毒,10.063705,20.880424
O=C(c1csc(-c2c[nH]nn2)n1)c1nn[nH]c1N(Cc1ccccc1)Cc1ccccc1,中毒,14.15105,12.931412
O=C(c1c[nH]nc1S(=O)(=O)c1cc2nc[nH]c2c(F)c1F)c1nn[nH]c1N(Cc1ccccc1)Cc1ccccc1,中毒,44.321594,26.274765
O=C(c1ccc2ccccc2c1)c1nn[nH]c1N(Cc1ccccc1)Cc1ccccc1,低毒,3.8905318,34.50007
O=C(c1ccoc1)c1nn[nH]c1N(Cc1ccccc1)Cc1ccccc1,低毒,4.41106,64.433624
O=C(S[N+]([O-])=NCc1cccs1)c1nn[nH]c1N(Cc1ccccc1)Cc1ccccc1,低毒,17.55051,41.86337
O=C(c1cc(Cl)ccc1F)c1nn[nH]c1N(Cc1ccccc1)Cc1ccccc1,中毒,12.099053,20.880424
O=C(C=NO)c1nn[nH]c1N(Cc1ccccc1)Cc1ccccc1,高毒,5.014996,42.472836
O=C(Oc1ccc(Br)cc1)c1nn[nH]c1N(Cc1ccccc1)Cc1ccccc1,低毒,8.569115,34.70963
CSCc1c[nH]nc1-c1n[nH]cc1C(=O)c1nn[nH]c1N(Cc1ccccc1)Cc1ccccc1,低毒,12.669768,28.441448
O=C(NS(=O)(=O)c1ccccc1)c1nn[nH]c1N(Cc1ccccc1)Cc1ccccc1,中毒,25.057251,23.091864
O=C(c1cn(-c2cccc3cnccc23)nn1)c1nn[nH]c1N(Cc1ccccc1)Cc1ccccc1,中毒,11.69621,64.433624
O=C(OC1=CC=C(Cc2c[nH]c3ccc(F)cc23)C[N+]N(c2cnc[nH]2)S1)c1nn[nH]c1N(Cc1ccccc1)Cc1ccccc1,中毒,24.394232,11.956418
O=C(c1nn[nH]c1N(Cc1ccccc1)Cc1ccccc1)C([N+]F)c1ccc([N+](=O)[O-])cc1,高毒,14.409071,73.095825
O=C(c1nn[nH]c1N(Cc1ccccc1)Cc1ccccc1)C1(C(F)(F)F)CC[S+]([O-])CC1,中毒,8.543675,9.744929
O=C(c1cc2occc2s1)c1nn[nH]c1N(Cc1ccccc1)Cc1ccccc1,中毒,19.16305,23.11524
O=C(c1cc2ccccc2o1)c1nn[nH]c1N(Cc1ccccc1)Cc1ccccc1,低毒,3.8905318,59.342094
O=C(C1=CSC1=S)c1nn[nH]c1N(Cc1ccccc1)Cc1ccccc1,中毒,9.367307,129.39316
O=C(c1nn[nH]c1N(Cc1ccccc1)Cc1ccccc1)c1n[nH]c2cccc(Cl)c12,低毒,24.804375,32.717667
O=C(c1nn[nH]c1N(Cc1ccccc1)Cc1ccccc1)C1(S#Cc2ccc(F)cc2)NN(c2ccccc2)CCO1,中毒,12.399864,9.088881
O=C(c1nn[nH]c1N(Cc1ccccc1)Cc1ccccc1)C1CCS(=O)(=O)C1,高毒,8.543675,32.817757
O=C(c1nn[nH]c1N(Cc1ccccc1)Cc1ccccc1)c1c[nH]c2cccc[n+]12,中毒,12.191274,33.505077
O=C(Nc1ccccc1)c1nn[nH]c1N(Cc1ccccc1)Cc1ccccc1,高毒,6.744277,22.836445
O=C(c1nn[nH]c1N(Cc1ccccc1)Cc1ccccc1)C(c1c[nH]c(-n2nnc(Cl)n2)n1)c1ccsc1F,中毒,15.777973,19.74883
O=C(c1nn[nH]c1N(Cc1ccccc1)Cc1ccccc1)C1CCOC1,高毒,13.344306,25.981432
O=C(c1ccccn1)c1nn[nH]c1N(Cc1ccccc1)Cc1ccccc1,低毒,7.341082,34.285435
O=C(C(=S)c1cc2ccccc2[nH]1)c1nn[nH]c1N(Cc1ccccc1)Cc1ccccc1,中毒,8.745728,66.0139
O=C(c1cc(Cl)sc1Br)c1nn[nH]c1N(Cc1ccccc1)Cc1ccccc1,低毒,7.0361996,16.437222
O=C(c1nn[nH]c1N(Cc1ccccc1)Cc1ccccc1)c1ccnn1Cc1ccccc1Cl,低毒,24.175596,57.103924
O=C(c1nn[nH]c1N(Cc1ccccc1)Cc1ccccc1)C1CCOCC1,高毒,9.75961,38.260345
O=C(c1nn[nH]c1N(Cc1ccccc1)Cc1ccccc1)C(S)Cc1ccoc1,低毒,11.277317,56.60067
O=C(c1nn[nH]c1N(Cc1ccccc1)Cc1ccccc1)c1ccnn1-c1ccccn1,低毒,16.290733,112.88969
O=C(c1cc2ccccc2s1)c1nn[nH]c1N(Cc1ccccc1)Cc1ccccc1,中毒,8.915991,34.65899
O=C(c1cc(I)c(-n2nccn2)cc1I)c1nn[nH]c1N(Cc1ccccc1)Cc1ccccc1,低毒,19.299675,22.838451
O=C(c1nn[nH]c1N(Cc1ccccc1)Cc1ccccc1)c1c[nH]c2cc(Cl)ccc12,中毒,24.662605,22.491127
O=C(c1nn[nH]c1N(Cc1ccccc1)Cc1ccccc1)c1n[nH]c(=S)c2ccccc12,低毒,15.058487,145.83531
O=C(c1nc2ccccc2o1)c1nn[nH]c1N(Cc1ccccc1)Cc1ccccc1,低毒,29.496553,52.4347
O=C(c1nn[nH]c1N(Cc1ccccc1)Cc1ccccc1)N1C=Cc2ccc3ccnc(c3c2F)C1=O,中毒,12.944438,10.509729
O=C(c1cc([N+](=O)[O-])c2[nH]ncc2c1)c1nn[nH]c1N(Cc1ccccc1)Cc1ccccc1,中毒,60.98637,29.353004
O=C(c1nn[nH]c1N(Cc1ccccc1)Cc1ccccc1)S(=O)(=O)c1ccc(N2CCC(n3c(=O)[nH]c4cc(I)ccc43)CC2)cc1,中毒,14.742556,35.548767
O=C(c1nnc[nH]1)c1nn[nH]c1N(Cc1ccccc1)Cc1ccccc1,低毒,11.425724,41.86337
O=C(c1cc(N2CC[S+]([O-])CC2)ccc1Cl)c1nn[nH]c1N(Cc1ccccc1)Cc1ccccc1,低毒,16.303415,21.538471
O=C(c1nn[nH]c1N(Cc1ccccc1)Cc1ccccc1)c1noc2ccccc12,微毒,6.589669,32.03235
O=C(c1nn[nH]c1N(Cc1ccccc1)Cc1ccccc1)c1sccc1Cc1c[nH]cn1,中毒,20.67684,40.160202
O=C(c1cc2ncc(C(F)(F)F)nc2s1)c1nn[nH]c1N(Cc1ccccc1)Cc1ccccc1,中毒,8.883966,27.352291
O=C(C1=CCCC1)c1nn[nH]c1N(Cc1ccccc1)Cc1ccccc1,高毒,7.9699607,22.30062
O=C(c1nsnc1COc1ccccc1F)c1nn[nH]c1N(Cc1ccccc1)Cc1ccccc1,低毒,15.224864,34.595528
O=C1CCN(C(=O)c2nn[nH]c2N(Cc2ccccc2)Cc2ccccc2)C1,中毒,15.294629,41.819942
O=C(c1nn[nH]c1N(Cc1ccccc1)Cc1ccccc1)N1CCNc2ccccc21,中毒,8.718567,20.145674
O=C(c1nn[nH]c1N(Cc1ccccc1)Cc1ccccc1)N1CCCNCC1,中毒,12.768672,21.591461
O=C(c1ccnc(Nc2cccc(Cl)c2)n1)c1nn[nH]c1N(Cc1ccccc1)Cc1ccccc1,低毒,11.918179,34.571663
O=C(c1nn[nH]c1N(Cc1ccccc1)Cc1ccccc1)S(=O)(=O)c1ccccc1-n1cccn1,中毒,8.73323,40.09689
O=C(c1cc(Cl)sc1N=CN1CCN1)c1nn[nH]c1N(Cc1ccccc1)Cc1ccccc1,中毒,30.189846,24.330715
O=C(c1cc[nH]n1)c1nn[nH]c1N(Cc1ccccc1)Cc1ccccc1,低毒,13.831424,56.669506
O=C(c1nn[nH]c1N(Cc1ccccc1)Cc1ccccc1)c1c(F)cc(Br)cc1Br,中毒,15.145352,20.880424
O=C1Nc2nonc2-c2c(Br)c1cc(C(=O)c1nn[nH]c1N(Cc1ccccc1)Cc1ccccc1)c2Br,中毒,19.34019,29.770737
O=C(c1nn[nH]c1N(Cc1ccccc1)Cc1ccccc1)C12CC3CC(CC(C3)C1)C2,高毒,10.257015,10.310754
O=C(c1cc([N+](=O)[O-])ccc1Oc1ccccc1)c1nn[nH]c1N(Cc1ccccc1)Cc1ccccc1,低毒,15.700748,19.882467
O=C(c1nn[nH]c1N(Cc1ccccc1)Cc1ccccc1)C1CNCCO1,中毒,9.312666,55.22629
O=C(NS(=O)(=O)C(F)(F)F)c1nn[nH]c1N(Cc1ccccc1)Cc1ccccc1,高毒,12.761763,43.502377
O=C(c1nn[nH]c1N(Cc1ccccc1)Cc1ccccc1)C1CCCCC1,高毒,8.112668,22.30062
O=C(c1nn[nH]c1N(Cc1ccccc1)Cc1ccccc1)c1[nH]nc2c(Br)cccc12,低毒,20.233545,39.49306
O=C(c1nn[nH]c1N(Cc1ccccc1)Cc1ccccc1)N1CCN(c2ncccn2)CC1,中毒,12.768672,33.614918
O=C(c1ccn(CCBr)c1)c1nn[nH]c1N(Cc1ccccc1)Cc1ccccc1,中毒,11.248359,40.152443
O=C(C[S+]([O-])P(=O)(O)O)c1nn[nH]c1N(Cc1ccccc1)Cc1ccccc1,中毒,14.938676,31.777111
O=C(c1nn[nH]c1N(Cc1ccccc1)Cc1ccccc1)C1CC(O)C([N+](=O)[O-])=N1,中毒,12.286439,24.861216
N#CC(c1cc2cc(Cl)sc2nc1F)C(C(=O)c1nn[nH]c1N(Cc1ccccc1)Cc1ccccc1)c1ccnnc1,中毒,9.97931,40.855667
O=C(c1nn[nH]c1N(Cc1ccccc1)Cc1ccccc1)[PH](c1ccccc1)(c1ccccc1)c1ccccc1Br,中毒,38.36019,33.61609
O=C(c1ccc2nonc2c1)c1nn[nH]c1N(Cc1ccccc1)Cc1ccccc1,低毒,11.346509,34.579483
O=C(c1nn[nH]c1N(Cc1ccccc1)Cc1ccccc1)C1OC2OC(CO)C(O)C(O)C21,中毒,10.354476,34.49402
O=C(c1ccc([N+](=O)[O-])cc1[N+](=O)[O-])c1nn[nH]c1N(Cc1ccccc1)Cc1ccccc1,中毒,6.061895,25.358694
O=C(Sc1ccncn1)c1nn[nH]c1N(Cc1ccccc1)Cc1ccccc1,中毒,9.032489,30.458624
O=C(c1ccccc1C=Cc1cc2cc(Cl)ccc2[nH]1)c1nn[nH]c1N(Cc1ccccc1)Cc1ccccc1,中毒,22.354637,36.154747
O=C(c1nn[nH]c1N(Cc1ccccc1)Cc1ccccc1)S(=O)(=O)c1cccs1,中毒,9.413879,44.452656
O=C(c1nc[nH]n1)c1nn[nH]c1N(Cc1ccccc1)Cc1ccccc1,低毒,11.425724,41.86337
O=C(c1nn[nH]c1N(Cc1ccccc1)Cc1ccccc1)C1COCCO1,高毒,10.494486,70.70963
[434H]OCCCCC[n+]1ccc(C(=O)c2nn[nH]c2N(Cc2ccccc2)Cc2ccccc2)cc1,低毒,11.248359,31.436531
O=C(C(=NF)c1cccc2ccccc12)c1nn[nH]c1N(Cc1ccccc1)Cc1ccccc1,高毒,4.779064,45.70164
O=C(ON1CCCNCC1)c1nn[nH]c1N(Cc1ccccc1)Cc1ccccc1,高毒,13.02954,28.311388
O=C(c1nn[nH]c1N(Cc1ccccc1)Cc1ccccc1)C1CSCN1C1CC1,中毒,7.0650444,58.01186
O=C(c1nn[nH]c1N(Cc1ccccc1)Cc1ccccc1)S(=O)(=S)Cc1n[nH]c(=S)o1,中毒,17.811998,153.51414
O=C(c1ccccc1-c1cc(F)c(F)cc1F)c1nn[nH]c1N(Cc1ccccc1)Cc1ccccc1,中毒,12.362281,20.039776
O=C(c1nn[nH]c1N(Cc1ccccc1)Cc1ccccc1)c1nnsc1C(F)(F)F,低毒,19.767553,50.808228
O=C(c1nn[nH]c1N(Cc1ccccc1)Cc1ccccc1)N1CCCSC1,中毒,9.62458,25.051384
O=C(c1c[nH]nc1-c1ccc[n+]([O-])c1)c1nn[nH]c1N(Cc1ccccc1)Cc1ccccc1,中毒,13.759726,37.583416
O=C(c1cncs1)c1nn[nH]c1N(Cc1ccccc1)Cc1ccccc1,低毒,5.014996,34.65899
O=C(c1ccc2c(c1)NNC=N2)c1nn[nH]c1N(Cc1ccccc1)Cc1ccccc1,低毒,19.072826,11.872601
O=C(Cc1cccc(S(=O)(=O)N2CCc3ccccc32)c1)c1nn[nH]c1N(Cc1ccccc1)Cc1ccccc1,中毒,9.60928,48.753246
O=C(c1nn[nH]c1N(Cc1ccccc1)Cc1ccccc1)c1cccc2ncccc12,中毒,32.289127,36.282906
O=C(OCc1cn[nH]n1)c1nn[nH]c1N(Cc1ccccc1)Cc1ccccc1,高毒,6.697259,34.70963
O=C(c1nn[nH]c1N(Cc1ccccc1)Cc1ccccc1)C(F)(F)C(F)F,高毒,8.229463,58.01186
O=C(c1nn[nH]c1N(Cc1ccccc1)Cc1ccccc1)c1nc2nsnc2n1-c1ccco1,中毒,19.014114,26.229519
O=C(c1nn[nH]c1N(Cc1ccccc1)Cc1ccccc1)c1oc2ccccc2c1C(F)(F)F,低毒,9.363779,57.14756
O=C(c1nn[nH]c1N(Cc1ccccc1)Cc1ccccc1)c1csc2ccccc12,中毒,16.88301,39.76604
O=C(c1nn[nH]c1N(Cc1ccccc1)Cc1ccccc1)c1ccnc2cc(I)ccc12,中毒,32.97767,36.282906
O=C(c1nn[nH]c1N(Cc1ccccc1)Cc1ccccc1)N1CCCCCCC1,中毒,13.938914,21.923925
O=C(C1=NCCCS1)c1nn[nH]c1N(Cc1ccccc1)Cc1ccccc1,中毒,13.592027,41.518845
O=C(Cc1c(F)cccc1F)c1nn[nH]c1N(Cc1ccccc1)Cc1ccccc1,中毒,9.235485,54.13144
O=C(c1cnn[nH]1)c1nn[nH]c1N(Cc1ccccc1)Cc1ccccc1,低毒,12.403176,34.50007
O=C(C1=CC=[N+]NCCN1)c1nn[nH]c1N(Cc1ccccc1)Cc1ccccc1,高毒,9.521316,56.60067
O=C(c1ccon1)c1nn[nH]c1N(Cc1ccccc1)Cc1ccccc1,微毒,8.209234,29.762762
O=C(c1ccncc1[18F])c1nn[nH]c1N(Cc1ccccc1)Cc1ccccc1,中毒,12.044052,34.50007
O=C(c1nn[nH]c1N(Cc1ccccc1)Cc1ccccc1)c1c(F)cc2cc(OCCON3CCCC3)ccc2c1Cl,中毒,18.23627,15.482069
O=C(c1nn[nH]c1N(Cc1ccccc1)Cc1ccccc1)C(c1ccc(Cl)c(Cl)c1F)N1c2ccccc2CC1F,中毒,9.052477,25.00937
O=C(c1cnn(S(=O)(=O)C(O)=NO)c1-n1c(F)cc(F)c1F)c1nn[nH]c1N(Cc1ccccc1)Cc1ccccc1,中毒,55.686672,16.729147
O=C(c1nn[nH]c1N(Cc1ccccc1)Cc1ccccc1)S(=O)(=O)c1ccco1,低毒,12.257887,42.09225
O=C(O)c1ccc(-c2s[nH]c2C(=O)c2nn[nH]c2N(Cc2ccccc2)Cc2ccccc2)cc1I,低毒,15.432143,17.309227
O=C(NN1C(=O)C(c2csc(Cl)n2)CC1Cn1ccnc1)c1nn[nH]c1N(Cc1ccccc1)Cc1ccccc1,中毒,20.15412,17.421562
O=C(c1nn[nH]c1N(Cc1ccccc1)Cc1ccccc1)c1cn(CC2CCCC2)c2cccc(Cc3cc(F)c4ccccc4n3)c2c1=O,中毒,21.788504,12.570087
O=C(c1ncc(SC(F)(F)c2ccc(F)cc2)s1)c1nn[nH]c1N(Cc1ccccc1)Cc1ccccc1,中毒,28.4572,47.578785
O=C(OCCO)c1nn[nH]c1N(Cc1ccccc1)Cc1ccccc1,高毒,8.656705,37.091206
O=C(c1nn[nH]c1N(Cc1ccccc1)Cc1ccccc1)c1c(Cl)cnn1Cl,低毒,13.831424,23.173279
O=C(c1cc(I)c(Br)cc1Br)c1nn[nH]c1N(Cc1ccccc1)Cc1ccccc1,中毒,4.0141077,34.50007
O=C(c1nn[nH]c1N(Cc1ccccc1)Cc1ccccc1)c1cn(-c2ccc(F)cc2)c2ccc(Cl)cc12,中毒,45.610405,18.638416
NS(=O)(=O)c1ccc(Nc2nc(C(=O)c3nn[nH]c3N(Cc3ccccc3)Cc3ccccc3)cs2)c(F)c1,中毒,13.157504,26.277933
O=C(c1cc(-c2ccco2)n[nH]1)c1nn[nH]c1N(Cc1ccccc1)Cc1ccccc1,中毒,32.849876,94.41073
O=C(c1nn[nH]c1N(Cc1ccccc1)Cc1ccccc1)P(O)O,微毒,5.014996,45.30162
O=C(c1ccno1)c1nn[nH]c1N(Cc1ccccc1)Cc1ccccc1,低毒,4.41106,50.920006
O=C(c1nn[nH]c1N(Cc1ccccc1)Cc1ccccc1)C(O)CNO,低毒,6.597821,44.787975
O=C(c1nn[nH]c1N(Cc1ccccc1)Cc1ccccc1)S(=O)(=O)c1ccncc1-c1ccccc1,中毒,8.715496,48.10254
O=C(c1nn[nH]c1N(Cc1ccccc1)Cc1ccccc1)N1CCNCC1S,中毒,12.768672,14.395053
O=C(c1c[nH]nc1-c1cnccn1)c1nn[nH]c1N(Cc1ccccc1)Cc1ccccc1,中毒,15.937024,25.665722
O=C(Oc1cccc([I+](=O)[O-])c1)c1nn[nH]c1N(Cc1ccccc1)Cc1ccccc1,低毒,8.569115,34.70963
O=C(c1ncco1)c1nn[nH]c1N(Cc1ccccc1)Cc1ccccc1,低毒,13.81201,49.112568
O=C(c1c[nH]nc1-c1ccccc1)c1nn[nH]c1N(Cc1ccccc1)Cc1ccccc1,中毒,7.921787,31.01351
O=C(c1ccc(Cl)cc1Cl)c1nn[nH]c1N(Cc1ccccc1)Cc1ccccc1,低毒,6.789446,34.049644
O=C(c1nn[nH]c1N(Cc1ccccc1)Cc1ccccc1)P(=S)(OO)SS,中毒,7.373314,53.32705
O=C(c1n[nH]c(=S)[nH]1)c1nn[nH]c1N(Cc1ccccc1)Cc1ccccc1,低毒,15.460805,115.43383
O=C(c1nn[nH]c1N(Cc1ccccc1)Cc1ccccc1)S(=O)(=O)Nc1cc(Cl)cc(C(F)(F)F)c1,低毒,8.438494,72.27336
O=C(c1nnc(N2CCCC2C=NNc2ccncn2)s1)c1nn[nH]c1N(Cc1ccccc1)Cc1ccccc1,低毒,59.351135,37.183544
O=C(c1nsnc1O)c1nn[nH]c1N(Cc1ccccc1)Cc1ccccc1,低毒,17.350502,27.645193
O=C(c1cc([N+](=O)[O-])ccc1Cl)c1nn[nH]c1N(Cc1ccccc1)Cc1ccccc1,低毒,12.093837,22.320736
O=C(c1cc(Cl)sc1Cl)c1nn[nH]c1N(Cc1ccccc1)Cc1ccccc1,中毒,12.596925,30.13742
O=C(c1ncn[nH]1)c1nn[nH]c1N(Cc1ccccc1)Cc1ccccc1,低毒,11.425724,41.86337
O=C(Nc1ccccc1Nc1c(Cl)ncnc1Cl)c1nn[nH]c1N(Cc1ccccc1)Cc1ccccc1,低毒,12.919799,22.05256
O=C(c1nn[nH]c1N(Cc1ccccc1)Cc1ccccc1)C1C=CC(O)C1,中毒,9.172297,20.387478
O=C(c1cc(F)cc(Cl)c1)c1nn[nH]c1N(Cc1ccccc1)Cc1ccccc1,中毒,10.063705,20.880424
O=C(c1nn[nH]c1N(Cc1ccccc1)Cc1ccccc1)c1n[nH]c(=O)c2ccccc12,低毒,15.058487,62.66939
O=C(C1=C(Br)C(C(F)(F)F)=CI(c2c[nH]cn2)C=C1)c1nn[nH]c1N(Cc1ccccc1)Cc1ccccc1,中毒,26.226568,13.04225
O=C(c1nn[nH]c1N(Cc1ccccc1)Cc1ccccc1)c1[nH]nnc1-c1cc[nH]n1,中毒,20.686815,21.411777
O=C(c1nn[nH]c1N(Cc1ccccc1)Cc1ccccc1)c1[nH]nnc1OCc1csc2cccc(Cl)c12,中毒,25.486444,19.231985
O=C(c1csc(NCCCF)n1)c1nn[nH]c1N(Cc1ccccc1)Cc1ccccc1,低毒,9.262899,23.603157
O=C(c1nn[nH]c1N(Cc1ccccc1)Cc1ccccc1)[S+]([O-])Cn1ccnc1[N+](=O)[O-],中毒,16.493097,33.353508
O=C1COCCN1C(=O)c1nn[nH]c1N(Cc1ccccc1)Cc1ccccc1,中毒,9.62458,27.578505
O=C(c1cn2ccnc2s1)c1nn[nH]c1N(Cc1ccccc1)Cc1ccccc1,中毒,5.590506,57.69787
O=C(c1nn[nH]c1N(Cc1ccccc1)Cc1ccccc1)C(c1cn[nH]c1)C(F)(F)F,高毒,6.4424667,41.393444
O=C(c1nn[nH]c1N(Cc1ccccc1)Cc1ccccc1)c1c[nH]c2c(C(F)(F)F)cc(Cl)cc12,中毒,95.300224,20.286806
O=C(OCBr)c1nn[nH]c1N(Cc1ccccc1)Cc1ccccc1,高毒,6.697259,35.818108
O=C(c1ccccc1C(F)(F)F)c1nn[nH]c1N(Cc1ccccc1)Cc1ccccc1,中毒,6.547243,42.20913
O=C(OS(=O)(=O)O)c1nn[nH]c1N(Cc1ccccc1)Cc1ccccc1,中毒,6.697259,35.42031
O=C(c1cncc(Br)c1)c1nn[nH]c1N(Cc1ccccc1)Cc1ccccc1,中毒,7.5346804,20.880424
O=C(c1nn[nH]c1N(Cc1ccccc1)Cc1ccccc1)C(Cl)c1ccsc1,中毒,6.6442785,23.258205
O=C(C1=C2C3=CC=CN2C=CC3=NC=C1)c1nn[nH]c1N(Cc1ccccc1)Cc1ccccc1,中毒,22.704802,19.633484
O=C(c1nn[nH]c1N(Cc1ccccc1)Cc1ccccc1)N1CCCNC1,中毒,9.62458,22.349182
O=C(c1nn[nH]c1N(Cc1ccccc1)Cc1ccccc1)C12CC(=CO1)N=C(O)NC1=CC=C12,中毒,22.884022,10.263556
O=C(c1nn[nH]c1N(Cc1ccccc1)Cc1ccccc1)n1c2c(sc1=S)CCN(Cc1ccc(-n3cnc(-c4ncco4)c3F)cc1)CC2,中毒,15.086583,108.1768
O=C(c1nn[nH]c1N(Cc1ccccc1)Cc1ccccc1)C1CCSc2ncccc21,中毒,16.293344,40.621
O=C(c1nn[nH]c1N(Cc1ccccc1)Cc1ccccc1)c1nc2ccccc2sc1=S,中毒,16.475319,135.96582
O=C(C(=O)c1nn[nH]c1N(Cc1ccccc1)Cc1ccccc1)C1=[N+]2OC(F)(F)OC2=Cc2ccccc2S1,中毒,12.96202,40.298187
O=C(Nc1ccccc1C(F)(F)Br)c1nn[nH]c1N(Cc1ccccc1)Cc1ccccc1,中毒,8.864726,20.273445
O=C(c1nn[nH]c1N(Cc1ccccc1)Cc1ccccc1)c1c(Cl)sc2nc[nH]c12,中毒,33.93677,24.659214
O=C(c1cccc(Cl)c1)c1nn[nH]c1N(Cc1ccccc1)Cc1ccccc1,低毒,4.41106,34.50007
O=C(c1nsnc1N1CCCC1)c1nn[nH]c1N(Cc1ccccc1)Cc1ccccc1,低毒,31.824501,55.06953
O=C(OC(F)(Cl)Cl)c1nn[nH]c1N(Cc1ccccc1)Cc1ccccc1,低毒,11.323525,24.496613
O=C(c1nccnc1Nc1ccccc1)c1nn[nH]c1N(Cc1ccccc1)Cc1ccccc1,低毒,24.42711,34.579483
O=CN(O)C1C(CO)=[S+]([O-])C(c2ccccc2)CC1C(=O)c1nn[nH]c1N(Cc1ccccc1)Cc1ccccc1,中毒,11.284932,43.709972
O=C(c1nn[nH]c1N(Cc1ccccc1)Cc1ccccc1)N1CCN(CCO)CC1,中毒,12.768672,19.434464
O=C(C1=COC=CN(c2cccn3cnnc23)C1)c1nn[nH]c1N(Cc1ccccc1)Cc1ccccc1,中毒,21.126488,11.744189
O=C(c1nn[nH]c1N(Cc1ccccc1)Cc1ccccc1)[SH](c1ccc(F)cc1)P(=O)(O)OCCOCc1c(Cl)cccc1Cl,中毒,11.907078,13.401106
O=C(c1nn[nH]c1N(Cc1ccccc1)Cc1ccccc1)[N+]([O-])=NNCc1noc2ccccc12,低毒,9.1984215,11.3553915
O=C(c1cocn1)c1nn[nH]c1N(Cc1ccccc1)Cc1ccccc1,低毒,7.7929916,62.754444
O=C(c1nn[nH]c1N(Cc1ccccc1)Cc1ccccc1)c1c(Br)coc1Br,低毒,4.0141077,37.023136
O=C(SC(F)(F)F)c1nn[nH]c1N(Cc1ccccc1)Cc1ccccc1,高毒,6.408584,32.175953
O=C(c1nn[nH]c1N(Cc1ccccc1)Cc1ccccc1)C(O)C(F)(F)F,低毒,6.9898543,83.59449
O=C(c1ccc(I)cc1Cl)c1nn[nH]c1N(Cc1ccccc1)Cc1ccccc1,低毒,6.789446,22.11593
O=C(c1cscc1O)c1nn[nH]c1N(Cc1ccccc1)Cc1ccccc1,中毒,9.188952,17.286322
O=C(c1nn[nH]c1N(Cc1ccccc1)Cc1ccccc1)C1CCN(c2ccccc2[N+](=O)[O-])CC1,中毒,14.075875,34.94612
O=C(c1ccccc1Oc1c(Br)[nH]c2ccc(Cl)nc12)c1nn[nH]c1N(Cc1ccccc1)Cc1ccccc1,低毒,21.368904,27.355776
O=C(c1nn[nH]c1N(Cc1ccccc1)Cc1ccccc1)N1CCn2cccc2C1O,中毒,15.322888,20.765152
O=C(c1nn[nH]c1N(Cc1ccccc1)Cc1ccccc1)C1CCCO1,低毒,9.312666,41.11201
O=C(c1nn[nH]c1N(Cc1ccccc1)Cc1ccccc1)S(=O)(=O)C=CN1CCCCC1,中毒,15.742094,52.269203
O=C(c1cc2c(F)cc(I)cc2[nH]1)c1nn[nH]c1N(Cc1ccccc1)Cc1ccccc1,低毒,22.76263,19.85378
CC12CC3CC(C1)CC(C(=O)c1nn[nH]c1N(Cc1ccccc1)Cc1ccccc1)(C3)C2,高毒,10.257015,10.310754
O=C(SOc1cc2cn[nH]c2cc1C1CCN1)c1nn[nH]c1N(Cc1ccccc1)Cc1ccccc1,中毒,18.74076,23.679771
O=C(c1cccnc1F)c1nn[nH]c1N(Cc1ccccc1)Cc1ccccc1,中毒,12.044052,38.285244
O=C(c1ccccc1[S+])c1nn[nH]c1N(Cc1ccccc1)Cc1ccccc1,中毒,4.41106,32.63324
O=C(c1ccc(F)cc1-[n+]1ccc(I)cc1)c1nn[nH]c1N(Cc1ccccc1)Cc1ccccc1,中毒,9.25443,18.810434
O=C(c1nn[nH]c1N(Cc1ccccc1)Cc1ccccc1)c1cccn1-c1cccnc1,低毒,12.044052,29.762762
O=C(Cc1ccc(Cl)o1)c1nn[nH]c1N(Cc1ccccc1)Cc1ccccc1,中毒,11.656845,34.68165
O=C(c1nn[nH]c1N(Cc1ccccc1)Cc1ccccc1)C(Br)c1ccco1,中毒,20.467878,41.4148
O=C(Sc1ccccn1)c1nn[nH]c1N(Cc1ccccc1)Cc1ccccc1,中毒,9.032489,30.458624
O=C(c1nn[nH]c1N(Cc1ccccc1)Cc1ccccc1)n1ccnc1,高毒,12.1256075,41.60291
O=C(c1nn[nH]c1N(Cc1ccccc1)Cc1ccccc1)c1ccnn1-c1cccc(O)c1,低毒,13.070261,88.8869
O=C(c1nn[nH]c1N(Cc1ccccc1)Cc1ccccc1)C(OCc1ccccc1)P(=O)(O)O,中毒,8.596864,32.051662
O=C(c1cc(Br)ccn1)c1nn[nH]c1N(Cc1ccccc1)Cc1ccccc1,低毒,7.341082,34.285435
O=C(c1cscc1[N+](=O)[O-])c1nn[nH]c1N(Cc1ccccc1)Cc1ccccc1,中毒,14.004878,26.548447
O=C(c1nn[nH]c1N(Cc1ccccc1)Cc1ccccc1)c1onc2c(Cl)c-2ccc1Br,中毒,3.8114965,33.737434
O=C(c1nn[nH]c1N(Cc1ccccc1)Cc1ccccc1)c1c2sc3ccccc3nc-2c2c(OCCN3CCNC3=O)cccc2c1=O,中毒,16.000433,21.726702
O=C(c1nn[nH]c1N(Cc1ccccc1)Cc1ccccc1)c1c(SCc2ccccc2OC(F)F)nsc1Cl,中毒,18.412954,57.913963
O=C(c1nn[nH]c1N(Cc1ccccc1)Cc1ccccc1)N1CCCC2=C(CON2)CC(N2CCOCC2)CC1,中毒,40.115616,39.075317
O=C(c1nn[nH]c1N(Cc1ccccc1)Cc1ccccc1)[n+]1ccccc1Br,中毒,13.115698,23.78606
O=C(NC(Cc1cscn1)C(=O)c1nn[nH]c1N(Cc1ccccc1)Cc1ccccc1)c1ncccc1F,中毒,20.743248,22.46335
O=C(c1nn[nH]c1N(Cc1ccccc1)Cc1ccccc1)c1nsc2c1CCS2,中毒,10.85257,29.423944
O=C(c1nn[nH]c1N(Cc1ccccc1)Cc1ccccc1)P(=O)(O)SC=CP(=O)(O)O,中毒,10.932267,46.07614
O=C(c1nn[nH]c1N(Cc1ccccc1)Cc1ccccc1)C(O)c1ccccn1,高毒,6.697259,38.660896
O=C(c1ccc([N+](=O)[O-])s1)c1nn[nH]c1N(Cc1ccccc1)Cc1ccccc1,中毒,11.128138,9.519632
NC1C2C3C=CC(CC12C(=O)c1nn[nH]c1N(Cc1ccccc1)Cc1ccccc1)O3,中毒,22.54604,12.3704405
O=C(c1nn[nH]c1N(Cc1ccccc1)Cc1ccccc1)c1nssc1=S,中毒,11.58259,100.19464
O=C(c1cc[n+]([O-])cc1)c1nn[nH]c1N(Cc1ccccc1)Cc1ccccc1,中毒,8.436787,34.50007
O=C(c1nn[nH]c1N(Cc1ccccc1)Cc1ccccc1)S(=O)(=O)c1ccccc1CO,中毒,8.73323,52.928974
Nc1ccc2c(c1)c(C(=O)c1nn[nH]c1N(Cc1ccccc1)Cc1ccccc1)nn2Cc1ccc(F)cc1,低毒,34.90926,61.469467
O=C(c1ccc(I)o1)c1nn[nH]c1N(Cc1ccccc1)Cc1ccccc1,低毒,4.41106,99.39865
O=C(c1ccc(Cl)c(Cl)c1)c1nn[nH]c1N(Cc1ccccc1)Cc1ccccc1,低毒,4.41106,20.880424
O=C(c1nn[nH]c1N(Cc1ccccc1)Cc1ccccc1)C1CC2CCC1C2,中毒,11.816787,22.30062
O=C(c1ccccc1Br)c1nn[nH]c1N(Cc1ccccc1)Cc1ccccc1,中毒,4.0141077,34.50007
O=C(c1nn[nH]c1N(Cc1ccccc1)Cc1ccccc1)C1CSSC1,低毒,8.960987,34.49861
O=C(Sc1cccnc1)c1nn[nH]c1N(Cc1ccccc1)Cc1ccccc1,中毒,7.8894644,29.393785
O=C(c1coc(=O)nc1O)c1nn[nH]c1N(Cc1ccccc1)Cc1ccccc1,低毒,11.636062,50.153683
O=C(c1ccc(F)c(Cl)n1)c1nn[nH]c1N(Cc1ccccc1)Cc1ccccc1,低毒,7.373314,34.285435
O=C(c1nn[nH]c1N(Cc1ccccc1)Cc1ccccc1)c1cccc[n+]1[O-],低毒,17.886862,32.172657
O=C(Oc1cc(F)ccc1Br)c1nn[nH]c1N(Cc1ccccc1)Cc1ccccc1,低毒,7.8512588,17.081175
O=C(c1nn[nH]c1N(Cc1ccccc1)Cc1ccccc1)N1CCS(=O)(=O)c2nc(CCCc3ccccc3)c(-c3ccoc3)n2C(=O)C1,中毒,16.556372,18.740925
O=C(c1nn[nH]c1N(Cc1ccccc1)Cc1ccccc1)c1cccn(-c2ccccc2)c1=O,低毒,7.5346804,34.571663
[N-]=[N+]=Nc1c(C(=O)c2nn[nH]c2N(Cc2ccccc2)Cc2ccccc2)cc([N+](=O)[O-])cc1C(F)(F)F,低毒,12.432923,31.108728
O=C([Cl+]I)c1nn[nH]c1N(Cc1ccccc1)Cc1ccccc1,微毒,7.446564,22.105541
O=C(c1nn[nH]c1N(Cc1ccccc1)Cc1ccccc1)N1CCCCC1c1ccn(Cc2ccc(Br)s2)n1,中毒,12.92364,11.732461
O=C(c1nn[nH]c1N(Cc1ccccc1)Cc1ccccc1)C(Br)Br,中毒,7.446564,56.60067
O=C(c1nn[nH]c1N(Cc1ccccc1)Cc1ccccc1)N(C1C=COCC1)S(=O)(=O)n1ccnc1Br,低毒,10.889395,12.578119
O=C(c1nn[nH]c1N(Cc1ccccc1)Cc1ccccc1)C(c1ccc(Cl)c(Cl)c1O)N1CCOCC1,中毒,11.293807,31.952164
O=C(c1nn[nH]c1N(Cc1ccccc1)Cc1ccccc1)C(F)(F)Br,低毒,6.1174426,93.74722
O=C(c1nn[nH]c1N(Cc1ccccc1)Cc1ccccc1)N1CCSCC1,中毒,9.62458,25.051384
O=C(c1cc(C(F)(F)F)ccc1Cl)c1nn[nH]c1N(Cc1ccccc1)Cc1ccccc1,中毒,8.628705,33.737434
O=C(c1nn[nH]c1N(Cc1ccccc1)Cc1ccccc1)c1n[nH]c2ncccc12,低毒,13.831424,45.44481
O=C(c1nn[nH]c1N(Cc1ccccc1)Cc1ccccc1)c1ccc[nH]c1=S,低毒,7.5346804,68.47388
O=C(S[S+]([O-])c1ccccc1Br)c1nn[nH]c1N(Cc1ccccc1)Cc1ccccc1,低毒,6.408584,42.893295
O=C(c1nn[nH]c1N(Cc1ccccc1)Cc1ccccc1)[SH](C(Cl)=NO)n1nc[n+]([O-])c1-c1cccnc1,中毒,23.936045,26.652384
O=C(c1ccn2ncnc2c1)c1nn[nH]c1N(Cc1ccccc1)Cc1ccccc1,低毒,8.279056,34.396038
O=C(c1cnc[nH]1)c1nn[nH]c1N(Cc1ccccc1)Cc1ccccc1,低毒,9.266924,54.16356
O=C(c1nn[nH]c1N(Cc1ccccc1)Cc1ccccc1)S(F)(F)F,高毒,6.408584,42.069656
O=C(c1n[nH]c(=S)o1)c1nn[nH]c1N(Cc1ccccc1)Cc1ccccc1,中毒,21.282814,150.51297
O=C(c1nn[nH]c1N(Cc1ccccc1)Cc1ccccc1)S(=O)(=O)c1nc2ccccc2s1,中毒,18.889576,46.861023
O=C(c1ccc2ccccc2n1)c1nn[nH]c1N(Cc1ccccc1)Cc1ccccc1,低毒,13.041498,31.82146
O=C(c1ccccc1O)c1nn[nH]c1N(Cc1ccccc1)Cc1ccccc1,低毒,8.1790285,19.154457
O=C(c1nn[nH]c1N(Cc1ccccc1)Cc1ccccc1)C1CCCCS1=CC(F)F,中毒,9.499529,14.387409
O=C(c1nn[nH]c1N(Cc1ccccc1)Cc1ccccc1)C(c1c(Br)[nH]c2ccc(F)cc12)C12C=C3CC(CC(C3)C1)C2,中毒,36.28632,8.147813
O=C(c1nn[nH]c1N(Cc1ccccc1)Cc1ccccc1)N1CCc2ccccc2C1,中毒,51.05621,40.914406
O=C(c1ccc(-c2c(-c3c(O)cccc3Oc3ccc4ccccc4c3O)sc3ccccc23)[nH]1)c1nn[nH]c1N(Cc1ccccc1)Cc1ccccc1,中毒,23.024698,13.348358
O=C(c1nn[nH]c1N(Cc1ccccc1)Cc1ccccc1)N1CCSC1,中毒,9.62458,25.051384
O=C(c1cccc2c1S(=O)(=O)N2)c1nn[nH]c1N(Cc1ccccc1)Cc1ccccc1,中毒,14.241997,47.39916
O=C(c1nn[nH]c1N(Cc1ccccc1)Cc1ccccc1)c1nsc(CN2CC(F)(F)C2)c1N(O)C1CCC1,中毒,55.924915,43.79421
O=C(c1nn[nH]c1N(Cc1ccccc1)Cc1ccccc1)c1c(F)ccc(F)[n+]1[O-],中毒,33.805363,36.46865
O=C(c1nn[nH]c1N(Cc1ccccc1)Cc1ccccc1)C(Cl)c1c[nH]c2cncnc12,中毒,15.909336,43.922756
O=C(c1nn[nH]c1N(Cc1ccccc1)Cc1ccccc1)c1noc2c(Cl)cc(Cl)cc12,中毒,6.589669,32.03235
O=C(c1csc(Nc2nncs2)n1)c1nn[nH]c1N(Cc1ccccc1)Cc1ccccc1,低毒,9.262899,23.603157
O=C(c1nn[nH]c1N(Cc1ccccc1)Cc1ccccc1)C1COc2ncnn2C1c1ccc(Br)cc1[N+](=O)[O-],中毒,21.406118,19.363712
N=[N+]([O-])c1ccc(Cl)cc1C(=O)c1nn[nH]c1N(Cc1ccccc1)Cc1ccccc1,中毒,6.061895,27.951027
O=C(c1ccc([N+](=O)[O-])nc1)c1nn[nH]c1N(Cc1ccccc1)Cc1ccccc1,中毒,10.605815,23.603157
O=C(c1nn[nH]c1N(Cc1ccccc1)Cc1ccccc1)c1n[nH]c2ccccc12,低毒,24.804375,56.669506
O=C(c1nn[nH]c1N(Cc1ccccc1)Cc1ccccc1)c1c(Cl)cncc1Cl,高毒,6.789446,34.049644
O=C(c1nn[nH]c1N(Cc1ccccc1)Cc1ccccc1)c1cccc2cc(Br)ccc12,中毒,9.03295,34.50007
O=C(c1ccc([N+](=O)[O-])cc1)c1nn[nH]c1N(Cc1ccccc1)Cc1ccccc1,低毒,4.41106,33.37947
O=C(c1nn[nH]c1N(Cc1ccccc1)Cc1ccccc1)C1ON=CC1CF,中毒,9.995634,52.276863
O=C(SCI)c1nn[nH]c1N(Cc1ccccc1)Cc1ccccc1,低毒,5.9522963,41.86337
O=C(c1nn[nH]c1N(Cc1ccccc1)Cc1ccccc1)C1C=CN(S(=O)(=O)N2CCNCC2)CC1,中毒,23.578234,30.947563
O=C(c1nn[nH]c1N(Cc1ccccc1)Cc1ccccc1)N1CCn2c1nc1ccccc2c1=O,中毒,36.00288,19.51411
O=C(c1coc(-c2ccccn2)n1)c1nn[nH]c1N(Cc1ccccc1)Cc1ccccc1,中毒,13.130503,68.55407
O=C(c1csc(Nc2ccncc2)n1)c1nn[nH]c1N(Cc1ccccc1)Cc1ccccc1,低毒,9.262899,10.337043
O=C(c1nn[nH]c1N(Cc1ccccc1)Cc1ccccc1)N1CCCCC1,中毒,13.938914,21.923925
O=C1NC(NN2CCOCC2)COc2cc3c(C(=O)c4nn[nH]c4N(Cc4ccccc4)Cc4ccccc4)c[nH]c3cc21,中毒,47.71039,17.196432
O=C(c1nn[nH]c1N(Cc1ccccc1)Cc1ccccc1)S(=O)(=O)O,低毒,9.469748,66.38732
O=C(C1=CCSO1)c1nn[nH]c1N(Cc1ccccc1)Cc1ccccc1,高毒,16.286097,80.50812
O=C(c1nn[nH]c1N(Cc1ccccc1)Cc1ccccc1)C(N1CC1)N1CCc2ccccc21,中毒,27.814947,20.497007
O=C(c1ccccc1[N+](=O)[O-])c1nn[nH]c1N(Cc1ccccc1)Cc1ccccc1,中毒,3.8905318,25.358694
O=C(c1nn(-c2ccccc2Cl)cc1S(=O)(=O)c1ccccn1)c1nn[nH]c1N(Cc1ccccc1)Cc1ccccc1,中毒,14.192704,147.43402
O=C(Oc1ccco1)c1nn[nH]c1N(Cc1ccccc1)Cc1ccccc1,低毒,12.909969,25.268124
NC(=O)c1c(C(=O)c2nn[nH]c2N(Cc2ccccc2)Cc2ccccc2)sc2c1CCCC2,中毒,22.543718,32.06942
O=C(c1cc(Br)c[nH]1)c1nn[nH]c1N(Cc1ccccc1)Cc1ccccc1,低毒,7.341082,34.50007
O=C(c1cc2cc[nH]c2nc1Nc1cccc(Oc2cccc(F)c2)c1)c1nn[nH]c1N(Cc1ccccc1)Cc1ccccc1,中毒,7.4281387,17.511269
O=C(c1nn[nH]c1N(Cc1ccccc1)Cc1ccccc1)N1CCCCC(Oc2cc(Cl)cc(Cl)c2)C1,中毒,30.816969,16.12439
O=C(c1n[nH]c([N+](=O)[O-])n1)c1nn[nH]c1N(Cc1ccccc1)Cc1ccccc1,中毒,16.215881,38.05627
O=C(Oc1cc2ocnc2n2cccc12)c1nn[nH]c1N(Cc1ccccc1)Cc1ccccc1,低毒,12.20857,9.091128
O=C(C1=Cc2cccn2CC1)c1nn[nH]c1N(Cc1ccccc1)Cc1ccccc1,中毒,27.47192,21.847343
O=C(c1ccc2c(c1)N=C(c1ccccc1Cl)OS(=O)C1(O)CN1C2O)c1nn[nH]c1N(Cc1ccccc1)Cc1ccccc1,中毒,29.548084,17.21324
O=C(c1nn[nH]c1N(Cc1ccccc1)Cc1ccccc1)C1CSc2ccccc21,中毒,8.546264,39.408356
O=C(c1nn[nH]c1N(Cc1ccccc1)Cc1ccccc1)[PH](Br)(c1ccncc1)C(F)(F)F,中毒,48.40155,29.90356
O=C(c1nn[nH]c1N(Cc1ccccc1)Cc1ccccc1)N1CCc2nscc2C1,中毒,24.436626,19.50927
O=C(c1nn[nH]c1N(Cc1ccccc1)Cc1ccccc1)c1c[nH]c2ncc(Cl)cc12,中毒,18.51585,34.50007
O=C(c1cc(F)cc(F)c1)c1nn[nH]c1N(Cc1ccccc1)Cc1ccccc1,中毒,10.063705,20.880424
O=C(c1nn[nH]c1N(Cc1ccccc1)Cc1ccccc1)c1ccc(Br)c2ccccc12,中毒,9.03295,34.50007
O=C(c1cc[n+](CC[PH](=O)[O-])cc1)c1nn[nH]c1N(Cc1ccccc1)Cc1ccccc1,高毒,9.912073,36.120674
O=C(c1nn[nH]c1N(Cc1ccccc1)Cc1ccccc1)c1sccc1S(=O)(=O)F,中毒,26.496664,17.314074
O=C(c1nn[nH]c1N(Cc1ccccc1)Cc1ccccc1)C(O)SSCO,高毒,15.055991,79.133804
O=C(c1nn[nH]c1N(Cc1ccccc1)Cc1ccccc1)c1sc(F)c(C(F)(F)F)c1Cl,中毒,7.6309795,30.306967
O=C(c1nn[nH]c1N(Cc1ccccc1)Cc1ccccc1)c1nnc2ccccn12,低毒,11.425724,62.692104
O=C(c1nn[nH]c1N(Cc1ccccc1)Cc1ccccc1)C1CCCc2ccccc21,高毒,17.158745,23.10993
O=C(c1nn[nH]c1N(Cc1ccccc1)Cc1ccccc1)c1onc2c1C(=O)n1cnnc1NN2c1ccccc1,中毒,56.236633,25.373991
O=C(C1=NNC2=CC=C[N+]([O-])=C1C2c1ccc(F)s1)c1nn[nH]c1N(Cc1ccccc1)Cc1ccccc1,中毒,39.333607,17.54973
O=C(Nc1ccc2c(c1)CCC2)c1nn[nH]c1N(Cc1ccccc1)Cc1ccccc1,中毒,11.146847,38.806087
O=C(c1nonc1N1CC1)c1nn[nH]c1N(Cc1ccccc1)Cc1ccccc1,中毒,12.403176,30.879324
O=C(c1nn[nH]c1N(Cc1ccccc1)Cc1ccccc1)C1(Br)C(Br)=NN2CCCC(CC=CI)=NN21,中毒,18.852018,23.106897
O=C(c1ccn[nH]1)c1nn[nH]c1N(Cc1ccccc1)Cc1ccccc1,低毒,13.831424,56.669506
O=C(c1nn[nH]c1N(Cc1ccccc1)Cc1ccccc1)C1(Cl)OC(Cl)C1c1ccc(Cl)c(Cl)c1,中毒,10.094988,46.46917
O=C(c1nn[nH]c1N(Cc1ccccc1)Cc1ccccc1)C(F)(F)C(F)(F)C(F)(F)F,高毒,10.158966,49.83237
O=C(c1c[n+](-c2ccc(Cl)cc2Cl)c(N2CCNCC2)c(CNc2cccc(Br)c2)n1)c1nn[nH]c1N(Cc1ccccc1)Cc1ccccc1,低毒,25.648693,19.381754
O=C(c1nn[nH]c1N(Cc1ccccc1)Cc1ccccc1)c1ncnc2c1cnn2-c1cccc(Cl)c1,低毒,8.134447,106.40436
O=C(c1nn[nH]c1N(Cc1ccccc1)Cc1ccccc1)[SH](c1ccc(I)cc1)c1cc([N+](=O)[O-])ccc1C[SH](=O)=O,低毒,14.989527,23.547396
O=C(c1nn[nH]c1N(Cc1ccccc1)Cc1ccccc1)c1c(O)cccc1O,低毒,8.1790285,15.683915
O=C(c1csc(Cn2ncc3ncccc32)n1)c1nn[nH]c1N(Cc1ccccc1)Cc1ccccc1,中毒,16.854774,31.992182
O=C(c1nc(OCCc2cc3cc(-c4cc(F)ccn4)ccc3[nH]2)no1)c1nn[nH]c1N(Cc1ccccc1)Cc1ccccc1,中毒,18.469942,19.226871
O=C(c1cncc(Br)c1OPCI)c1nn[nH]c1N(Cc1ccccc1)Cc1ccccc1,中毒,10.766048,41.16868
O=C(Sn1ccnc1)c1nn[nH]c1N(Cc1ccccc1)Cc1ccccc1,高毒,6.408584,41.86337
O=C(c1nn[nH]c1N(Cc1ccccc1)Cc1ccccc1)c1cc(Br)cc[n+]1[O-],低毒,22.441133,32.172657
O=C(c1nnc(-c2cccs2)o1)c1nn[nH]c1N(Cc1ccccc1)Cc1ccccc1,中毒,90.31671,36.137024
O=C(c1nn[nH]c1N(Cc1ccccc1)Cc1ccccc1)c1c[nH]c2cc(Br)ccc12,中毒,32.289127,21.234655
O=C(c1cc(Cl)cc(Cl)c1)c1nn[nH]c1N(Cc1ccccc1)Cc1ccccc1,低毒,4.41106,34.50007
O=C(Oc1ccc2sc(N3CCOCC3)cc2c1)c1nn[nH]c1N(Cc1ccccc1)Cc1ccccc1,中毒,6.996438,18.170855
O=C(c1cc(S(=O)(=O)NCc2ccc3ccccc3n2)ccc1O)c1nn[nH]c1N(Cc1ccccc1)Cc1ccccc1,中毒,18.971016,15.362118
O=C(c1nn[nH]c1N(Cc1ccccc1)Cc1ccccc1)N1CCN(Cc2ccco2)CC1,中毒,12.768672,36.287693
O=C(c1ccc(Nc2cc(Br)c(I)cn2)cc1)c1nn[nH]c1N(Cc1ccccc1)Cc1ccccc1,低毒,9.449932,34.50007
O=C(c1ccc(CP(=O)(O)O)cc1)c1nn[nH]c1N(Cc1ccccc1)Cc1ccccc1,中毒,7.463189,32.63324
O=C(c1nn[nH]c1N(Cc1ccccc1)Cc1ccccc1)c1c[nH]c2cc(-c3ccco3)ccc12,中毒,24.662605,26.606503
O=C(c1nn[nH]c1N(Cc1ccccc1)Cc1ccccc1)C12CC3CC(C1)NC(C3)C2,中毒,19.03657,21.612333
O=C1OCCN1C(=O)c1nn[nH]c1N(Cc1ccccc1)Cc1ccccc1,中毒,21.653852,48.421444
O=C(Oc1ccncc1S(=O)(=O)O)c1nn[nH]c1N(Cc1ccccc1)Cc1ccccc1,低毒,10.23815,34.80541
O=C(c1nn[nH]c1N(Cc1ccccc1)Cc1ccccc1)c1c(N=C=S)n[nH]c1Nc1ccc(Cl)c(Cl)c1,低毒,11.280772,26.393616
[N-]=[N+]=Nc1ccc(CC(=O)c2nn[nH]c2N(Cc2ccccc2)Cc2ccccc2)cc1,高毒,4.779064,65.40903
O=C(c1nn[nH]c1N(Cc1ccccc1)Cc1ccccc1)c1snn[n+]1-c1c[nH]c2ccccc12,中毒,22.082993,32.43277
O=C(c1cc2cc[nH]c2[nH]1)c1nn[nH]c1N(Cc1ccccc1)Cc1ccccc1,低毒,13.799039,56.669506
O=C(c1nn[nH]c1N(Cc1ccccc1)Cc1ccccc1)N1CCCC1CBr,中毒,13.938914,21.923925
O=C(Oc1cccc(Br)c1)c1nn[nH]c1N(Cc1ccccc1)Cc1ccccc1,低毒,8.569115,25.876787
O=C(c1nn[nH]c1N(Cc1ccccc1)Cc1ccccc1)N1CCCN(c2ccnc3c(C(F)(F)F)cccc23)CC1,中毒,18.554253,20.67045
O=C(c1ccc2s[nH]c(=O)c2c1)c1nn[nH]c1N(Cc1ccccc1)Cc1ccccc1,中毒,9.994313,56.669506
O=C(c1nn[nH]c1N(Cc1ccccc1)Cc1ccccc1)c1nnc(Cl)c(O)c1O,低毒,16.792084,57.935555
O=C1CC2CC3C(CC3(C(=O)c3nn[nH]c3N(Cc3ccccc3)Cc3ccccc3)C1)O2,中毒,10.317851,11.128978
O=C(c1nn[nH]c1N(Cc1ccccc1)Cc1ccccc1)c1[nH]ncc1Br,中毒,12.074834,56.669506
O=C(c1nn[nH]c1N(Cc1ccccc1)Cc1ccccc1)N1CCOC1c1ccncc1,中毒,16.663345,45.697975
O=C(c1ccncc1Cl)c1nn[nH]c1N(Cc1ccccc1)Cc1ccccc1,低毒,6.789446,34.049644
Cc1c(C(=O)c2nn[nH]c2N(Cc2ccccc2)Cc2ccccc2)cc(C(F)(F)F)cc1[N+](=O)[O-],中毒,17.174257,23.433012
O=C(SCBr)c1nn[nH]c1N(Cc1ccccc1)Cc1ccccc1,低毒,6.408584,41.86337
O=C(c1csnn1)c1nn[nH]c1N(Cc1ccccc1)Cc1ccccc1,低毒,12.403176,22.001596
O=C(c1nn[nH]c1N(Cc1ccccc1)Cc1ccccc1)c1nc[n+]([O-])c2cc([SH](F)(F)(F)F)ccc2c1=O,低毒,31.000036,36.893288
O=C(c1nn[nH]c1N(Cc1ccccc1)Cc1ccccc1)C12CC3CC(C1)C(C3)C2,中毒,10.257015,10.310754
O=C(c1nn[nH]c1N(Cc1ccccc1)Cc1ccccc1)N1CC1,中毒,9.62458,25.051384
O=C(c1ccncc1-c1ccc2nc[nH]c2c1)c1nn[nH]c1N(Cc1ccccc1)Cc1ccccc1,中毒,19.427834,32.831234
O=C(c1nn[nH]c1N(Cc1ccccc1)Cc1ccccc1)N1CCCC1,中毒,13.938914,25.051384
O=C(C(=Cc1ccc(OC[118F])cc1Br)Nc1c(Cl)ccc(Cl)c1Cl)c1nn[nH]c1N(Cc1ccccc1)Cc1ccccc1,中毒,29.328047,67.05767
O=C(NC1CC1)c1nn[nH]c1N(Cc1ccccc1)Cc1ccccc1,中毒,5.9522963,25.051384
O=C(c1csc(Nc2ccccn2)n1)c1nn[nH]c1N(Cc1ccccc1)Cc1ccccc1,低毒,12.126487,10.611208
O=C(c1nn[nH]c1N(Cc1ccccc1)Cc1ccccc1)N1CCc2sccc2C1F,中毒,42.766903,16.102783
O=C(OCc1ccccc1)c1nn[nH]c1N(Cc1ccccc1)Cc1ccccc1,高毒,6.697259,34.70963
O=C(c1nn[nH]c1N(Cc1ccccc1)Cc1ccccc1)C1CC=CCC1,高毒,9.172297,22.30062
O=C(CSc1nccs1)c1nn[nH]c1N(Cc1ccccc1)Cc1ccccc1,中毒,4.41106,56.60067
O=C(c1nn[nH]c1N(Cc1ccccc1)Cc1ccccc1)C(Nc1ccccn1)C(Br)(NCCl)OC[n+]1cncnc1Cl,中毒,30.35393,35.855057
O=C(c1cc2ccccc2[nH]1)c1nn[nH]c1N(Cc1ccccc1)Cc1ccccc1,低毒,17.935593,31.82146
O=C(c1nn[nH]c1N(Cc1ccccc1)Cc1ccccc1)c1sccc1-c1o[n+]([O-])cc1Cl,中毒,21.055363,17.239014
O=C(Nn1ncc2ccccc21)c1nn[nH]c1N(Cc1ccccc1)Cc1ccccc1,低毒,17.777485,19.964197
O=C(c1nn[nH]c1N(Cc1ccccc1)Cc1ccccc1)c1n[nH]c2cc(Cl)ccc12,低毒,24.804375,53.6493
O=C(c1nn[nH]c1N(Cc1ccccc1)Cc1ccccc1)c1ccnc2cccnc12,中毒,6.518198,20.805614
NS(=O)(=O)C(=O)c1nn[nH]c1N(Cc1ccccc1)Cc1ccccc1,低毒,8.749429,69.663536
O=C(c1nn[nH]c1N(Cc1ccccc1)Cc1ccccc1)c1nc(Nc2nnc3cc4[nH]ncc4n3n2)nc(O)c1OC(F)(F)F,中毒,12.411431,70.24745
O=C(c1nn[nH]c1N(Cc1ccccc1)Cc1ccccc1)S(CSC1NC=Nc2cccc(Cl)c21)=NC1CCNC1,中毒,17.107216,10.493414
O=C(c1nn[nH]c1N(Cc1ccccc1)Cc1ccccc1)[n+]1ccccc1,高毒,11.58259,24.44561
O=C1NN(C(=O)c2nn[nH]c2N(Cc2ccccc2)Cc2ccccc2)Cc2c1[nH]c1ccccc21,低毒,24.100958,11.804778
O=C(OP(=O)(O)O)c1nn[nH]c1N(Cc1ccccc1)Cc1ccccc1,低毒,16.492369,25.876787
O=C(c1nn[nH]c1N(Cc1ccccc1)Cc1ccccc1)C(c1ccc(O)cc1)c1cnnc[n+]1Br,中毒,10.607864,42.826473
O=C(SC(=Nc1ccccc1N1CCOCC1)Nc1cc2ccccc2cc1Cl)c1nn[nH]c1N(Cc1ccccc1)Cc1ccccc1,中毒,9.121421,57.86043
O=C(c1nn[nH]c1N(Cc1ccccc1)Cc1ccccc1)c1c(O)ccc2sccc12,中毒,19.443657,31.12242
O=C(c1csc(-c2csc(NC3=NCCC3)n2)n1)c1nn[nH]c1N(Cc1ccccc1)Cc1ccccc1,中毒,20.11086,16.874786
O=C(c1csc(O)n1)c1nn[nH]c1N(Cc1ccccc1)Cc1ccccc1,低毒,7.7929916,27.793814
O=C(c1ccc(-c2cccs2)o1)c1nn[nH]c1N(Cc1ccccc1)Cc1ccccc1,中毒,50.620174,46.387737
O=C(c1nn[nH]c1N(Cc1ccccc1)Cc1ccccc1)c1occc1Br,中毒,4.0141077,60.39891
O=C(c1nn[nH]c1N(Cc1ccccc1)Cc1ccccc1)C(O[N+](=O)[O-])n1nnnc1O,中毒,33.24033,22.135231
O=C(c1nn[nH]c1N(Cc1ccccc1)Cc1ccccc1)N1CCOCC1F,中毒,15.187978,24.974611
O=C(c1nn[nH]c1N(Cc1ccccc1)Cc1ccccc1)S(=O)(=O)c1ccsc1,中毒,8.73323,62.87364
O=C(c1nc(C2=CC(F)C2)n[nH]1)c1nn[nH]c1N(Cc1ccccc1)Cc1ccccc1,中毒,18.34342,38.702
NC1CCC(N)N(CNC(=O)C(=O)c2nn[nH]c2N(Cc2ccccc2)Cc2ccccc2)C1CO,中毒,22.729944,32.241837
O=C(c1cnn(-c2cnn(CBr)c2)c1-n1cccn1)c1nn[nH]c1N(Cc1ccccc1)Cc1ccccc1,中毒,10.398444,33.28982
O=C(c1nn[nH]c1N(Cc1ccccc1)Cc1ccccc1)S(=O)(=O)C1CSCCO1,低毒,15.920358,32.444996
O=C(Nc1sc2c(c1[N+](=O)[O-])C(=O)c1cc(F)ccc1-2)c1nn[nH]c1N(Cc1ccccc1)Cc1ccccc1,中毒,96.317726,12.898468
O=C(Oc1ccccc1)c1nn[nH]c1N(Cc1ccccc1)Cc1ccccc1,低毒,8.569115,34.70963
O=C(c1nn[nH]c1N(Cc1ccccc1)Cc1ccccc1)S(=O)(=O)N1CC1,低毒,8.749429,49.83991
O=C(c1nn[nH]c1N(Cc1ccccc1)Cc1ccccc1)c1sc2cc(Cl)ccc2c1F,中毒,19.470837,60.01921
O=C(CN1CCOCC1)c1nn[nH]c1N(Cc1ccccc1)Cc1ccccc1,高毒,7.0755944,53.697197
O=C(c1cc(F)ccc1Cl)c1nn[nH]c1N(Cc1ccccc1)Cc1ccccc1,中毒,13.2367935,22.11593
O=C(c1cnn(S(=O)(=O)c2ccc(Cl)cc2)n1)c1nn[nH]c1N(Cc1ccccc1)Cc1ccccc1,中毒,22.826187,15.368224
O=C(c1ccc(N2CCOCC2CO)cc1)c1nn[nH]c1N(Cc1ccccc1)Cc1ccccc1,中毒,14.449117,28.352098
N#CN1CCC(C(=O)c2nn[nH]c2N(Cc2ccccc2)Cc2ccccc2)C1,中毒,20.417511,20.262547
O=C(c1nn[nH]c1N(Cc1ccccc1)Cc1ccccc1)N1CCN(c2c(-c3cncs3)coc3ncc(-c4ccc(Br)cc4)c2-3)CC1,中毒,23.189442,10.92298
O=C(c1ccc(Br)s1)c1nn[nH]c1N(Cc1ccccc1)Cc1ccccc1,低毒,4.41106,21.606764
O=C(c1nn[nH]c1N(Cc1ccccc1)Cc1ccccc1)N1CC=CCC1,中毒,9.62458,23.7656
O=C(Oc1cccc2cnccc12)c1nn[nH]c1N(Cc1ccccc1)Cc1ccccc1,低毒,6.211791,24.477404
O=C(c1nn[nH]c1N(Cc1ccccc1)Cc1ccccc1)c1coc2ccccc2c1=O,低毒,3.8905318,59.342094
O=C(c1cc2c(Br)cccc2[nH]1)c1nn[nH]c1N(Cc1ccccc1)Cc1ccccc1,低毒,16.990467,32.746445
O=C(c1ncc[nH]1)c1nn[nH]c1N(Cc1ccccc1)Cc1ccccc1,微毒,8.22233,41.86337
O=C(OC1C(O)SC1n1cnc2c(NC3COC3)ncnc21)c1nn[nH]c1N(Cc1ccccc1)Cc1ccccc1,中毒,13.232238,24.03849
O=C(c1cccc(Br)c1)c1nn[nH]c1N(Cc1ccccc1)Cc1ccccc1,中毒,4.41106,34.50007
O=C(O)c1ccc(C(=O)c2nn[nH]c2N(Cc2ccccc2)Cc2ccccc2)cc1,低毒,4.41106,26.775206
O=C(c1nn[nH]c1N(Cc1ccccc1)Cc1ccccc1)c1nssc1=NCCN(Cc1nc(-c2nccs2)co1)c1cn2ccsc2n1,中毒,18.810387,25.232527
O=C(c1nn[nH]c1N(Cc1ccccc1)Cc1ccccc1)c1cccc2oc(N3CCCCC3F)nc(=O)c12,中毒,24.791094,18.738924
O=C(c1nn[nH]c1N(Cc1ccccc1)Cc1ccccc1)[SH](Cl)CC(Cl)(Cl)Cl,低毒,8.209234,27.284857
O=C(c1nn[nH]c1N(Cc1ccccc1)Cc1ccccc1)c1[nH]nc[n+]1[O-],低毒,12.450925,41.86337
O=C(c1nn[nH]c1N(Cc1ccccc1)Cc1ccccc1)c1ccc(O)c2ccccc12,中毒,11.338924,19.057148
O=C(c1cnn2c1C1CSC(=S)N2CC(O)C1)c1nn[nH]c1N(Cc1ccccc1)Cc1ccccc1,中毒,18.83207,51.1797
O=C(c1cc(Cl)ccc1O)c1nn[nH]c1N(Cc1ccccc1)Cc1ccccc1,低毒,8.1790285,19.154457
O=C(c1nn[nH]c1N(Cc1ccccc1)Cc1ccccc1)C1OC2OC(CF)CN2C12C(O)C1=C(O)C3(Cl)OC2(F)C(=O)C13,中毒,39.25215,13.503714
O=C(c1nn[nH]c1N(Cc1ccccc1)Cc1ccccc1)C1COCSC1,高毒,13.900553,38.401184
O=C(c1nn[nH]c1N(Cc1ccccc1)Cc1ccccc1)C12CC3CC(C1)OC(C3)C2,中毒,13.865559,11.312037
O=C(c1nn[nH]c1N(Cc1ccccc1)Cc1ccccc1)N(C(=S)N=Nc1ccsc1)c1cccc(I)c1,中毒,15.783058,38.86608
O=C(c1ccc([18F])o1)c1nn[nH]c1N(Cc1ccccc1)Cc1ccccc1,中毒,6.8001347,64.433624
O=C(c1nn[nH]c1N(Cc1ccccc1)Cc1ccccc1)c1no[n+]([O-])c1NO,中毒,9.197959,21.154076
O=C(c1nn[nH]c1N(Cc1ccccc1)Cc1ccccc1)C(Cl)c1ccc(Br)c(S(=O)(=O)NCC2CCNC2)c1,中毒,13.905163,44.113987
O=C(c1c[nH]cc1Br)c1nn[nH]c1N(Cc1ccccc1)Cc1ccccc1,高毒,7.793625,34.50007
O=C(OC1CCC1)c1nn[nH]c1N(Cc1ccccc1)Cc1ccccc1,高毒,7.8512588,37.091206
O=C(c1nn[nH]c1N(Cc1ccccc1)Cc1ccccc1)c1c(O)[nH]c2ccccc12,中毒,24.228836,29.098383
O=C(c1ccc2conc2c1)c1nn[nH]c1N(Cc1ccccc1)Cc1ccccc1,高毒,17.365034,34.579483
[N-]=[N+]=NCC(F)(F)C(=O)c1nn[nH]c1N(Cc1ccccc1)Cc1ccccc1,中毒,8.111611,37.68041
O=C(c1cc(I)c2[nH]ccc2c1)c1nn[nH]c1N(Cc1ccccc1)Cc1ccccc1,中毒,25.128511,34.50007
O=C(c1nc2ccccc2[nH]1)c1nn[nH]c1N(Cc1ccccc1)Cc1ccccc1,中毒,11.61752,40.16329
O=C(c1nn[nH]c1N(Cc1ccccc1)Cc1ccccc1)c1cn(CCO)c2c(Br)c(Cl)c(Cl)c(Cl)c12,中毒,34.512638,12.546354
O=C(c1nn[nH]c1N(Cc1ccccc1)Cc1ccccc1)N1NCCC1C(F)(F)F,中毒,25.70404,16.223923
O=C(c1nn[nH]c1N(Cc1ccccc1)Cc1ccccc1)N(c1cccc2cccnc12)C1CCCCC1,中毒,30.811699,37.64033
O=C(c1nn[nH]c1N(Cc1ccccc1)Cc1ccccc1)P(=O)(O)C(F)Br,中毒,9.235485,51.01637
O=C(c1nn[nH]c1N(Cc1ccccc1)Cc1ccccc1)C(Nc1csnn1)N(c1cc(Cl)ccc1F)C1CCS(=O)(=O)C1,中毒,30.05485,12.75894
O=C(SC1CCc2cc3ncoc3cc2C1c1ccsc1)c1nn[nH]c1N(Cc1ccccc1)Cc1ccccc1,中毒,15.235189,18.443
O=C(C1=NNOC=C1)c1nn[nH]c1N(Cc1ccccc1)Cc1ccccc1,中毒,12.633249,37.381256
O=C(c1nn[nH]c1N(Cc1ccccc1)Cc1ccccc1)N1CC(c2ccc(Cl)s2)=NO1,中毒,10.027286,15.474315
O=C(c1nn[nH]c1N(Cc1ccccc1)Cc1ccccc1)N1CCCc2ccccc21,中毒,6.654674,30.241766
O=C(C1=C(Br)Sc2ncnn2S1)c1nn[nH]c1N(Cc1ccccc1)Cc1ccccc1,低毒,28.50621,62.727425
O=C(c1nn[nH]c1N(Cc1ccccc1)Cc1ccccc1)N1CCCc2ccc(I)cc2SC1,中毒,12.768672,31.068483
O=C(c1nn[nH]c1N(Cc1ccccc1)Cc1ccccc1)C12COCON1c1ccoc1[SH]2c1cccnc1Cl,中毒,17.685162,34.717995
O=C(c1cc([N+](=O)[O-])c[nH]1)c1nn[nH]c1N(Cc1ccccc1)Cc1ccccc1,低毒,14.005678,65.17422
O=C(c1ccn(CCCc2ccccc2)c1)c1nn[nH]c1N(Cc1ccccc1)Cc1ccccc1,低毒,11.248359,72.79328
O=C(c1nn[nH]c1N(Cc1ccccc1)Cc1ccccc1)c1ccnc2cc(Cl)ccc12,中毒,24.662605,35.80921
O=C(c1nn[nH]c1N(Cc1ccccc1)Cc1ccccc1)P(=S)(Cl)Cl,中毒,26.660652,49.83802
O=C(Cl)C(=O)c1nn[nH]c1N(Cc1ccccc1)Cc1ccccc1,高毒,7.0650444,56.60067
O=C(c1nn[nH]c1N(Cc1ccccc1)Cc1ccccc1)C(Cc1ccccc1)n1cncn1,中毒,26.837366,58.9828
O=C(NC1c2ccccc2CC1O)C(C(=O)c1nn[nH]c1N(Cc1ccccc1)Cc1ccccc1)C1CCCCC1,中毒,11.762256,9.244489
O=C(C1=[SH]c2c(Cl)cccc21)c1nn[nH]c1N(Cc1ccccc1)Cc1ccccc1,中毒,15.842027,37.440536
O=C(c1nn[nH]c1N(Cc1ccccc1)Cc1ccccc1)C(Cl)C(Cl)(Cl)Cl,低毒,11.515701,56.60067
O=C(c1nn[nH]c1N(Cc1ccccc1)Cc1ccccc1)P(=O)(O)O,高毒,5.6544914,48.13457
O=C(c1ccccc1SC(F)(F)F)c1nn[nH]c1N(Cc1ccccc1)Cc1ccccc1,中毒,6.892546,34.665947
O=C(c1cs[n+](Cc2ccccc2Cc2ccccc2)c1)c1nn[nH]c1N(Cc1ccccc1)Cc1ccccc1,中毒,21.05109,13.2197275
O=C(c1nn[nH]c1N(Cc1ccccc1)Cc1ccccc1)C1CSC2=NC=CC=CN2O1,低毒,30.519876,83.59449
O=C(Nc1ccc([N+](=O)[O-])o1)Nc1nc(C(=O)c2nn[nH]c2N(Cc2ccccc2)Cc2ccccc2)cs1,中毒,15.033765,41.727467
O=C(c1nn[nH]c1N(Cc1ccccc1)Cc1ccccc1)N1CC=C2COC1O2,中毒,83.78578,26.571674
O=C(c1nn[nH]c1N(Cc1ccccc1)Cc1ccccc1)C(c1ccco1)[N+](=O)[O-],中毒,14.427097,42.178818
O=C(c1nn[nH]c1N(Cc1ccccc1)Cc1ccccc1)C1(c2cccc(Br)c2)CC1,高毒,8.753904,43.6451
O=C(c1nn[nH]c1N(Cc1ccccc1)Cc1ccccc1)S(=O)(=O)c1ccc2nonc2c1,中毒,8.904233,71.21408
O=C(c1nn[nH]c1N(Cc1ccccc1)Cc1ccccc1)[PH](O)(Cl)Cl,低毒,22.204527,49.524765
O=C(c1nn[nH]c1N(Cc1ccccc1)Cc1ccccc1)C1CCCc2nnsc21,中毒,9.697486,18.449442
O=C(O)c1nnn(SNC(=O)c2nn[nH]c2N(Cc2ccccc2)Cc2ccccc2)n1,低毒,9.178694,21.670536
O=C(c1cc[nH]c(=O)c1Cl)c1nn[nH]c1N(Cc1ccccc1)Cc1ccccc1,低毒,6.789446,53.6493
O=C(Oc1cc(CO[N+](=O)[O-])cc([N+](=O)[O-])c1)c1nn[nH]c1N(Cc1ccccc1)Cc1ccccc1,低毒,12.041491,14.65498
O=C(c1nn[nH]c1N(Cc1ccccc1)Cc1ccccc1)c1c[nH]c2ccc3[nH]nnc3c12,中毒,26.48348,20.885086
N#CN1CCCC1C(=O)c1nn[nH]c1N(Cc1ccccc1)Cc1ccccc1,中毒,13.613813,25.851242
O=C(c1nn[nH]c1N(Cc1ccccc1)Cc1ccccc1)C1CCCCCCC1,高毒,8.112668,22.30062
O=C(c1nn[nH]c1N(Cc1ccccc1)Cc1ccccc1)[n+]1cc(Br)c(Cl)c(Cl)c1O,中毒,84.91213,14.485055
O=C(c1cc2nc[nH]c(=O)c2s1)c1nn[nH]c1N(Cc1ccccc1)Cc1ccccc1,中毒,9.440777,36.120674
O=C(c1nn[nH]c1N(Cc1ccccc1)Cc1ccccc1)c1cc2cccnc2n(CCc2cccc3ccccc23)c1=O,中毒,15.054424,15.171299
O=C(c1cnsc1S)c1nn[nH]c1N(Cc1ccccc1)Cc1ccccc1,中毒,11.055613,32.37407
O=C(c1nn[nH]c1N(Cc1ccccc1)Cc1ccccc1)C1CN2CCC1CC2,中毒,11.613219,21.035542
O=C(c1nn[nH]c1N(Cc1ccccc1)Cc1ccccc1)c1c(O)n(CN2CCC2)c2ccc(Cl)cc12,中毒,25.00182,15.291654
O=C(c1nn[nH]c1N(Cc1ccccc1)Cc1ccccc1)c1cn(Cc2ccc(Br)c(F)c2)c2cnccc12,中毒,80.10383,16.788609
O=C(c1nn[nH]c1N(Cc1ccccc1)Cc1ccccc1)C1CCCN1S(=O)(=O)c1cccs1,中毒,12.199545,20.086124
O=C(C(Cl)=Cc1ccccc1)c1nn[nH]c1N(Cc1ccccc1)Cc1ccccc1,高毒,7.9699607,58.515434
O=C(c1nn[nH]c1N(Cc1ccccc1)Cc1ccccc1)C1COC(n2cnc3c4[nH]nnc4nc-3c2Br)=N1,中毒,58.318016,14.911535
O=C(c1nn[nH]c1N(Cc1ccccc1)Cc1ccccc1)C1SC2NC=C1CCOC1OC12,中毒,23.97717,21.70566
O=C(OCc1ccccc1[N+](=O)[O-])c1nn[nH]c1N(Cc1ccccc1)Cc1ccccc1,高毒,7.028678,26.762428
O=C(c1nn[nH]c1N(Cc1ccccc1)Cc1ccccc1)N1CCC(c2cc[nH]n2)C(F)(F)C1,中毒,13.758612,13.587211
O=C(c1nn[nH]c1N(Cc1ccccc1)Cc1ccccc1)S(=O)(=O)C12CC3CC(C1)C(C3)C2,中毒,23.834482,64.433624
O=C(Cc1ccncc1)c1nn[nH]c1N(Cc1ccccc1)Cc1ccccc1,高毒,5.6544914,42.472836
O=C(c1cc(I)cc([N+](=O)[O-])c1)c1nn[nH]c1N(Cc1ccccc1)Cc1ccccc1,低毒,8.436787,21.606764
O=C(OC(Cl)(Cl)Cl)c1nn[nH]c1N(Cc1ccccc1)Cc1ccccc1,高毒,7.0361996,28.179708
O=C(NOc1ccccc1)c1nn[nH]c1N(Cc1ccccc1)Cc1ccccc1,低毒,7.3469896,22.829683
O=C(C1=CC=CC23CC(CCN2)OCCC1C3)c1nn[nH]c1N(Cc1ccccc1)Cc1ccccc1,中毒,56.72343,32.080154
O=C(c1nn[nH]c1N(Cc1ccccc1)Cc1ccccc1)C1c2ccccc2Oc2ccccc21,中毒,10.086712,43.310623
O=C(c1nn[nH]c1N(Cc1ccccc1)Cc1ccccc1)C1COS1,中毒,8.400567,47.453873
O=C(c1nn[nH]c1N(Cc1ccccc1)Cc1ccccc1)[PH](F)(F)OF,中毒,9.266924,48.013813
O=C(c1nn[nH]c1N(Cc1ccccc1)Cc1ccccc1)S(=O)(=O)c1cncs1,中毒,8.749429,44.452656
O=C(OC(=O)c1nn[nH]c1N(Cc1ccccc1)Cc1ccccc1)c1ccccc1,高毒,6.697259,34.70963
O=C(Sc1nncs1)c1nn[nH]c1N(Cc1ccccc1)Cc1ccccc1,中毒,11.323498,28.596737
O=C(c1nccs1)c1nn[nH]c1N(Cc1ccccc1)Cc1ccccc1,中毒,8.22233,69.663536
O=C(c1nn[nH]c1N(Cc1ccccc1)Cc1ccccc1)N(c1cc[nH]n1)c1cc(Cl)ccc1Cl,中毒,7.7207627,28.172316
CS(=O)(=O)N(C(=O)c1nn[nH]c1N(Cc1ccccc1)Cc1ccccc1)c1ccccc1,低毒,9.192653,12.952595
O=C(c1nn[nH]c1N(Cc1ccccc1)Cc1ccccc1)N1CCCCN1C(=S)NO,中毒,24.9257,56.11679
O=C(c1nn[nH]c1N(Cc1ccccc1)Cc1ccccc1)N1CC[S+]([O-])CC1,中毒,9.62458,24.06637
O=C(c1nn[nH]c1N(Cc1ccccc1)Cc1ccccc1)c1c[nH]c2cc(Br)oc12,中毒,9.360855,29.791418
O=C(c1ccc2occc2c1Br)c1nn[nH]c1N(Cc1ccccc1)Cc1ccccc1,中毒,5.77646,101.04092
O=C(c1nn[nH]c1N(Cc1ccccc1)Cc1ccccc1)N1CC[N+]2(CCCc3sccc3-c3cscc32)CC1,中毒,46.970448,15.444187
O=C(c1nn[nH]c1N(Cc1ccccc1)Cc1ccccc1)c1c[nH]c2c(F)cccc12,中毒,68.11648,21.234655
O=C([125I])c1nn[nH]c1N(Cc1ccccc1)Cc1ccccc1,高毒,6.697259,28.596737
O=C(C1=NN=C(CF)C2=NSN=C1C2)c1nn[nH]c1N(Cc1ccccc1)Cc1ccccc1,中毒,11.222398,22.285797
O=C(c1nn[nH]c1N(Cc1ccccc1)Cc1ccccc1)C1CCSC1,低毒,9.661205,32.817757
O=C(c1nn[nH]c1N(Cc1ccccc1)Cc1ccccc1)c1csc2c(F)cccc12,中毒,15.580458,29.58691
O=C(Sc1ccccc1)c1nn[nH]c1N(Cc1ccccc1)Cc1ccccc1,中毒,7.8894644,29.393785
O=C(c1nn[nH]c1N(Cc1ccccc1)Cc1ccccc1)c1cnn2cccnc12,高毒,5.014996,18.76
O=C(c1c[nH]nc1-n1ccn(-c2ccccc2F)c1=S)c1nn[nH]c1N(Cc1ccccc1)Cc1ccccc1,中毒,27.244114,64.692894
O=C(c1nn[nH]c1N(Cc1ccccc1)Cc1ccccc1)C1CCCc2[nH]ncc21,中毒,17.158745,18.804382
O=C(c1cnoc1)c1nn[nH]c1N(Cc1ccccc1)Cc1ccccc1,低毒,5.014996,59.86826
O=C(c1cc2ccccc2nc1CCCOc1ccccc1N1CCN(Cc2ccn[nH]2)CC1)c1nn[nH]c1N(Cc1ccccc1)Cc1ccccc1,中毒,15.276806,21.23448
O=C(c1nn[nH]c1N(Cc1ccccc1)Cc1ccccc1)c1c(Cl)cccc1Cl,低毒,6.789446,34.049644
O=C(c1nn[nH]c1N(Cc1ccccc1)Cc1ccccc1)S(=O)(=O)c1ccc(Br)cc1,中毒,8.73323,64.723854
O=C(c1ccc2[nH]nnc2c1)c1nn[nH]c1N(Cc1ccccc1)Cc1ccccc1,中毒,11.346509,30.879324
O=C(c1nn[nH]c1N(Cc1ccccc1)Cc1ccccc1)S(=O)(=O)C=C(Cl)SP(=O)(O)O,中毒,14.744952,44.039932
O=C(CP(F)(F)(F)C(F)(F)F)c1nn[nH]c1N(Cc1ccccc1)Cc1ccccc1,低毒,16.343266,60.48709
O=C(c1cc2cccnc2o1)c1nn[nH]c1N(Cc1ccccc1)Cc1ccccc1,低毒,10.930776,59.342094
O=C(c1cccc(Cl)c1Cl)c1nn[nH]c1N(Cc1ccccc1)Cc1ccccc1,低毒,6.789446,22.11593
O=C(c1nn[nH]c1N(Cc1ccccc1)Cc1ccccc1)C1CSCCS1,中毒,7.0650444,56.60067
O=C(c1nn[nH]c1N(Cc1ccccc1)Cc1ccccc1)c1ccc(F)c2ccccc12,低毒,12.913775,21.234655
O=C(c1nn[nH]c1N(Cc1ccccc1)Cc1ccccc1)N1C(NC(c2ccccc2)C(F)(F)F)=Nc2c(Br)cccc2-c2ncccc21,中毒,24.090773,15.528323
O=C(c1nn[nH]c1N(Cc1ccccc1)Cc1ccccc1)c1c[nH]c2ncccc12,中毒,13.314444,34.50007
O=C(c1nn[nH]c1N(Cc1ccccc1)Cc1ccccc1)n1nn[n+]([O-])c1-c1cccs1,中毒,8.1828165,11.531792
O=C(c1nn[nH]c1N(Cc1ccccc1)Cc1ccccc1)c1ncc[n+](CCBr)c1Br,中毒,12.907729,26.09783
O=C(c1nn[nH]c1N(Cc1ccccc1)Cc1ccccc1)N1CCN(c2nnc(Br)s2)CC1,中毒,16.818302,20.45788
N#Cc1ccc(-n2ccc(C(=O)c3nn[nH]c3N(Cc3ccccc3)Cc3ccccc3)n2)nc1,低毒,28.938784,82.18617
O=C(c1nn[nH]c1N(Cc1ccccc1)Cc1ccccc1)C1CSc2ccccc2CN1,中毒,7.0650444,36.811905
O=C(c1nn[nH]c1N(Cc1ccccc1)Cc1ccccc1)c1cc(O)cc2c1ccc1ncoc12,中毒,17.630487,33.39955
O=C(c1nn[nH]c1N(Cc1ccccc1)Cc1ccccc1)c1c(Cl)ccc(Cl)c1Cl,低毒,6.789446,22.11593
O=C(c1ccc(Oc2cc(CCBr)ccc2F)nc1)c1nn[nH]c1N(Cc1ccccc1)Cc1ccccc1,中毒,15.191897,29.861744
O=C(c1cc(-c2ccc3c(c2)OCO3)[nH]n1)c1nn[nH]c1N(Cc1ccccc1)Cc1ccccc1,中毒,27.756472,34.140465
O=C(c1cc(O)ccc1O)c1nn[nH]c1N(Cc1ccccc1)Cc1ccccc1,低毒,8.1790285,19.154457
O=C(c1nn[nH]c1N(Cc1ccccc1)Cc1ccccc1)S(=O)(=O)c1ccc(CCNCCCCN2CCC(N(C3CSC3)n3ccnc3)CC2)cc1,中毒,26.476059,66.22834
O=C(c1nn[nH]c1N(Cc1ccccc1)Cc1ccccc1)N1C=NCC1,中毒,12.768672,21.923925
O=C(c1nn[nH]c1N(Cc1ccccc1)Cc1ccccc1)n1cccc(Br)c1=O,中毒,19.00623,36.123688
O=C(c1nn[nH]c1N(Cc1ccccc1)Cc1ccccc1)C(c1scnc1Cl)C1CC1,中毒,16.809782,25.880949
O=C(c1nn[nH]c1N(Cc1ccccc1)Cc1ccccc1)c1scc[n+]1CSCc1sccc1F,中毒,37.213306,69.663536
O=C(c1nn[nH]c1N(Cc1ccccc1)Cc1ccccc1)C1CC2CC2C2CN3CN1C23C(=O)O,中毒,13.8110695,23.83532
O=C(c1nn[nH]c1N(Cc1ccccc1)Cc1ccccc1)n1cnnn1,高毒,14.915485,39.039207
O=C(OCCCO)c1nn[nH]c1N(Cc1ccccc1)Cc1ccccc1,高毒,8.656705,37.091206
O=C(c1cc(Br)c(F)s1)c1nn[nH]c1N(Cc1ccccc1)Cc1ccccc1,中毒,5.129566,21.606764
O=C(c1nn[nH]c1N(Cc1ccccc1)Cc1ccccc1)[SH](c1cccs1)P(=O)(c1cccs1)c1ccccc1Cl,中毒,21.195202,24.930058
O=C(c1nn[nH]c1N(Cc1ccccc1)Cc1ccccc1)N1CCCC(O)C1,中毒,13.29665,19.741385
O=C(c1ccc2c(c1)OCNO2)c1nn[nH]c1N(Cc1ccccc1)Cc1ccccc1,高毒,7.4239216,50.170483
O=C(C1=CC=CC(CON=Cc2cc(Cl)cs2)N1)c1nn[nH]c1N(Cc1ccccc1)Cc1ccccc1,中毒,13.32114,23.897366
O=C(c1nn2c(C3CCNC3)nnc2s1)c1nn[nH]c1N(Cc1ccccc1)Cc1ccccc1,中毒,22.493954,28.272287
O=C(c1nn[nH]c1N(Cc1ccccc1)Cc1ccccc1)c1[nH]nc(Br)c1-c1nc2[nH]ncc2[nH]1,低毒,22.897953,49.546413
O=C(c1nn[nH]c1N(Cc1ccccc1)Cc1ccccc1)N(SF)C1CCCC1,中毒,10.077546,39.628677
O=C(OCCCCl)c1nn[nH]c1N(Cc1ccccc1)Cc1ccccc1,低毒,8.656705,37.091206
O=C(SC1CSS1)c1nn[nH]c1N(Cc1ccccc1)Cc1ccccc1,低毒,5.5928907,41.86337
O=C(c1nn[nH]c1N(Cc1ccccc1)Cc1ccccc1)c1occc1C12CC3CC(CC(C3)C1)C2,低毒,21.116104,41.305355
O=C(c1csc(-c2ccccc2)n1)c1nn[nH]c1N(Cc1ccccc1)Cc1ccccc1,中毒,6.892546,23.876022
O=C(c1nn[nH]c1N(Cc1ccccc1)Cc1ccccc1)c1c(Cl)ccc(O)c1Cl,中毒,6.789446,32.390194
O=C(c1cnccc1-c1ccccc1)c1nn[nH]c1N(Cc1ccccc1)Cc1ccccc1,中毒,12.362281,16.533592
O=C(c1nn[nH]c1N(Cc1ccccc1)Cc1ccccc1)c1ncnn1Cc1ccc(Cl)cc1Cl,低毒,20.52754,20.206976
O=C(c1ccsc1F)c1nn[nH]c1N(Cc1ccccc1)Cc1ccccc1,中毒,18.929502,57.491985
O=C(c1ccc([N+](=O)[O-])o1)c1nn[nH]c1N(Cc1ccccc1)Cc1ccccc1,低毒,9.262899,57.69787
O=C(c1nn[nH]c1N(Cc1ccccc1)Cc1ccccc1)c1cccc(F)[n+]1[O-],低毒,31.535791,21.171606
O=C(c1nn[nH]c1N(Cc1ccccc1)Cc1ccccc1)C1CS1,中毒,7.0650444,56.60067
O=C1Nc2ccccc2SC1C(=O)c1nn[nH]c1N(Cc1ccccc1)Cc1ccccc1,中毒,14.433404,43.413006
O=C(Oc1cc(Br)ccn1)c1nn[nH]c1N(Cc1ccccc1)Cc1ccccc1,低毒,12.776561,34.70963
O=C(c1nn[nH]c1N(Cc1ccccc1)Cc1ccccc1)S(S)=Cc1ccccc1C(F)C(F)(F)F,低毒,15.1111145,41.139397
O=C(c1nn[nH]c1N(Cc1ccccc1)Cc1ccccc1)C(O)c1ccccc1-c1ccccc1,中毒,10.45783,39.343636
O=C(Cn1c2ccccc2c2ccc(OCc3cc4ccncc4s3)cc21)c1nn[nH]c1N(Cc1ccccc1)Cc1ccccc1,中毒,14.512965,13.331708
O=COCc1oc2cc1CC2C(=O)c1nn[nH]c1N(Cc1ccccc1)Cc1ccccc1,中毒,32.245064,36.186535
O=C(c1nn[nH]c1N(Cc1ccccc1)Cc1ccccc1)c1n[nH]c2cccnc12,低毒,16.871258,54.299004
O=C(O)C1C2CCC(O2)C1C(=O)c1nn[nH]c1N(Cc1ccccc1)Cc1ccccc1,低毒,18.321962,36.986286
O=C(c1nn[nH]c1N(Cc1ccccc1)Cc1ccccc1)N(Cc1ccco1)S(=O)(=O)CO,高毒,12.754583,21.840267
O=C(NO[N+](=O)[O-])c1nn[nH]c1N(Cc1ccccc1)Cc1ccccc1,低毒,7.816653,15.224212
[N-]=[N+]=S1(=O)NCCN1C(=O)c1nn[nH]c1N(Cc1ccccc1)Cc1ccccc1,中毒,20.303858,12.8458185
O=C(SC1=CCCN(Cc2csc(-c3cccs3)n2)C1)c1nn[nH]c1N(Cc1ccccc1)Cc1ccccc1,低毒,31.83418,10.604401
O=C(C1=C(CCCl)C(c2ccoc2)Oc2cccc(Br)c21)c1nn[nH]c1N(Cc1ccccc1)Cc1ccccc1,中毒,15.115026,24.338812
O=C(c1nn[nH]c1N(Cc1ccccc1)Cc1ccccc1)S(=O)(=O)C1=C(c2ccccc2)n2nc(-c3ccccn3)nc2C=CS1,中毒,27.851007,16.960188
O=C(Oc1nnc(CNc2nc3ccccc3s2)s1)c1nn[nH]c1N(Cc1ccccc1)Cc1ccccc1,中毒,13.172736,18.741549
O=C(c1nn[nH]c1N(Cc1ccccc1)Cc1ccccc1)n1cc(Cl)c(=O)[nH]c1=O,中毒,16.835918,19.396572
O=C(c1nn[nH]c1N(Cc1ccccc1)Cc1ccccc1)S(=O)(=O)c1ccc(F)cc1,中毒,8.73323,46.550915
O=C(c1nn[nH]c1N(Cc1ccccc1)Cc1ccccc1)N1CCN(C(c2ccc(F)cc2)c2ccccn2)CC1,中毒,18.047926,17.899239
O=C(c1cc2cc(SCn3ncnn3)ccc2s1)c1nn[nH]c1N(Cc1ccccc1)Cc1ccccc1,中毒,8.915991,36.559467
O=C(c1nn[nH]c1N(Cc1ccccc1)Cc1ccccc1)C1CC=C(c2c[nH]c3ncncc23)CC1,中毒,11.346142,21.020603
O=C(OCc1ccc[nH]1)c1nn[nH]c1N(Cc1ccccc1)Cc1ccccc1,高毒,6.697259,34.70963
O=C(C1=C(Cl)CSC1c1cc2ccoc2s1)c1nn[nH]c1N(Cc1ccccc1)Cc1ccccc1,中毒,12.611169,76.263725
O=C(c1nn[nH]c1N(Cc1ccccc1)Cc1ccccc1)C1CCN(C2c3[nH]c4ccccc4c3CCC2Cl)CC1,中毒,29.219488,37.24203
O=C(c1csc2c1C1CCC(C2)NSN1)c1nn[nH]c1N(Cc1ccccc1)Cc1ccccc1,中毒,17.543623,20.7544
O=C(c1ccc(S(F)(F)(F)(F)F)cc1)c1nn[nH]c1N(Cc1ccccc1)Cc1ccccc1,中毒,4.41106,32.37407
O=C(c1nn[nH]c1N(Cc1ccccc1)Cc1ccccc1)[S+](NN1c2ccccc2S1(=O)=O)C1CC1,中毒,18.404911,28.212355
O=C(c1ccc(OCCCO[N+](=O)[O-])cc1)c1nn[nH]c1N(Cc1ccccc1)Cc1ccccc1,高毒,4.41106,27.793814
O=C(C[n+]1ccccc1)c1nn[nH]c1N(Cc1ccccc1)Cc1ccccc1,中毒,16.64484,20.222002
O=C(c1nn[nH]c1N(Cc1ccccc1)Cc1ccccc1)N1CCN(c2ccccn2)CC1,中毒,12.768672,12.740919
O=C(c1c[nH]c2c1CCCC2)c1nn[nH]c1N(Cc1ccccc1)Cc1ccccc1,中毒,12.541003,26.898594
O=C(c1nn[nH]c1N(Cc1ccccc1)Cc1ccccc1)c1c(F)c(F)c(F)c(F)c1F,中毒,11.198199,20.880424
O=C(c1nn[nH]c1N(Cc1ccccc1)Cc1ccccc1)N1CCc2ccc(F)cc2C1,中毒,50.793114,25.97788
O=C(c1cc(F)c(O)c(Br)c1)c1nn[nH]c1N(Cc1ccccc1)Cc1ccccc1,中毒,9.752042,30.390955
O=C(c1nn[nH]c1N(Cc1ccccc1)Cc1ccccc1)c1n[nH]c2c1Cn1cccc(c1=O)O2,中毒,23.003372,80.20781
O=C(c1ccccc1SCCN1CCNCC1)c1nn[nH]c1N(Cc1ccccc1)Cc1ccccc1,中毒,4.0141077,31.501791
O=C(c1csc(-c2cccc(O)c2I)n1)c1nn[nH]c1N(Cc1ccccc1)Cc1ccccc1,中毒,6.7985063,36.10415
O=C(OCc1csc(SCc2ncccn2)n1)c1nn[nH]c1N(Cc1ccccc1)Cc1ccccc1,低毒,5.5822206,33.5181
O=C(c1ccc(N2CCNCC2)o1)c1nn[nH]c1N(Cc1ccccc1)Cc1ccccc1,中毒,14.005678,29.498934
O=C(C1=CSC2=NC(c3ccc(Cl)nc3)=CC(=C1)N[S+]2[O-])c1nn[nH]c1N(Cc1ccccc1)Cc1ccccc1,中毒,13.614762,15.085933
O=C(c1ccsc1SCC(Cl)=C(Cl)Cl)c1nn[nH]c1N(Cc1ccccc1)Cc1ccccc1,中毒,11.074954,19.373144
O=C(c1nsnc1Br)c1nn[nH]c1N(Cc1ccccc1)Cc1ccccc1,低毒,14.160247,34.50007
O=C(c1cc(I)ccc1O)c1nn[nH]c1N(Cc1ccccc1)Cc1ccccc1,中毒,8.1790285,19.154457
O=C(c1ccc(I)c(Br)c1)c1nn[nH]c1N(Cc1ccccc1)Cc1ccccc1,中毒,4.41106,35.710007
O=C(c1nn[nH]c1N(Cc1ccccc1)Cc1ccccc1)c1[nH]cnc1CSc1ccccn1,低毒,14.03236,63.199642
O=C(C1=CCn2c(nnc2-c2ccc3c(c2)OCS3)N1)c1nn[nH]c1N(Cc1ccccc1)Cc1ccccc1,中毒,15.675462,47.004856
O=C(OCCc1nncn1Cc1c(F)cccc1F)c1nn[nH]c1N(Cc1ccccc1)Cc1ccccc1,低毒,40.871952,21.24873
O=C(c1nn[nH]c1N(Cc1ccccc1)Cc1ccccc1)C(O)Nc1ccc2nsnc2c1,中毒,8.51529,52.531105
O=C(c1ccc2sccc2c1)c1nn[nH]c1N(Cc1ccccc1)Cc1ccccc1,中毒,6.506137,34.50007
O=C(c1nn[nH]c1N(Cc1ccccc1)Cc1ccccc1)C(CN1CCNCC1)SCOCBr,中毒,6.1339526,33.101807
O=C(c1nn[nH]c1N(Cc1ccccc1)Cc1ccccc1)c1sc2ccccc2c1Cl,中毒,20.917265,34.65899
O=C(c1cncnc1)c1nn[nH]c1N(Cc1ccccc1)Cc1ccccc1,低毒,5.014996,32.37407
O=C(c1nn[nH]c1N(Cc1ccccc1)Cc1ccccc1)C(c1ccc2nn[nH]c2c1)c1ccco1,中毒,15.291082,38.096863
O=C(c1nn[nH]c1N(Cc1ccccc1)Cc1ccccc1)C(O)S,高毒,9.667987,83.59449
O=C(c1nn[nH]c1N(Cc1ccccc1)Cc1ccccc1)n1nncc1Cl,中毒,16.987366,18.09417
O=C(c1nn[nH]c1N(Cc1ccccc1)Cc1ccccc1)c1sc(-c2ccco2)nc1-c1cccc2cccnc12,中毒,30.22069,17.088017
O=C(c1ccc2ccccc2c1O[N+](=O)[O-])c1nn[nH]c1N(Cc1ccccc1)Cc1ccccc1,中毒,11.0122385,21.031403
O=C(c1nn[nH]c1N(Cc1ccccc1)Cc1ccccc1)N(C1CCCCC1)C1CCS(=O)(=O)C1,中毒,13.938914,36.763214
O=C1CCN(C(=O)c2nn[nH]c2N(Cc2ccccc2)Cc2ccccc2)CCO1,中毒,8.7248335,22.088709
O=C(c1nn[nH]c1N(Cc1ccccc1)Cc1ccccc1)C(c1cccnc1)S(=O)(=O)c1ccccc1,中毒,13.79844,36.92061
O=C(c1ccccc1F)c1nn[nH]c1N(Cc1ccccc1)Cc1ccccc1,中毒,12.099053,20.880424
O=C(c1ccc2c(c1)CCO2)c1nn[nH]c1N(Cc1ccccc1)Cc1ccccc1,中毒,6.9898543,47.193893
O=C(c1cc([N+](=O)[O-])cc([N+](=O)[O-])c1)c1nn[nH]c1N(Cc1ccccc1)Cc1ccccc1,低毒,8.436787,21.606764
O=C(c1ccc(F)c2c1CCC2)c1nn[nH]c1N(Cc1ccccc1)Cc1ccccc1,中毒,24.095726,26.113438
O=C(c1n[nH]c(Nc2nsnc2Br)n1)c1nn[nH]c1N(Cc1ccccc1)Cc1ccccc1,低毒,19.573803,40.708843
O=C(c1nn[nH]c1N(Cc1ccccc1)Cc1ccccc1)c1nccn1-c1nc2c(s1)CC(c1ccccn1)C2,中毒,29.101538,23.747583
O=C(c1ccc2occc2c1)c1nn[nH]c1N(Cc1ccccc1)Cc1ccccc1,低毒,6.070831,129.5575
O=C(c1nn[nH]c1N(Cc1ccccc1)Cc1ccccc1)N1CCc2ccccc21,中毒,8.76437,29.599037
O=C(c1nn[nH]c1N(Cc1ccccc1)Cc1ccccc1)c1sccc1Br,低毒,4.0141077,16.24854
O=C(c1ccc(Cl)c(OC2CCOC2)c1)c1nn[nH]c1N(Cc1ccccc1)Cc1ccccc1,低毒,9.418089,33.504192
O=C(c1nn[nH]c1N(Cc1ccccc1)Cc1ccccc1)C(Br)c1cc2ccccc2o1,中毒,13.224315,73.68305
O=C(c1nn[nH]c1N(Cc1ccccc1)Cc1ccccc1)c1[nH]c2csnc2c1Cl,低毒,14.475297,9.427747
O=C(c1cc[n+]([O-])s1)c1nn[nH]c1N(Cc1ccccc1)Cc1ccccc1,高毒,14.651247,29.36747
O=C(c1nn[nH]c1N(Cc1ccccc1)Cc1ccccc1)c1coc2ccccc12,低毒,9.03295,106.40436
O=C(c1nn[nH]c1N(Cc1ccccc1)Cc1ccccc1)c1occ(Br)c1Br,低毒,5.1799855,60.39891
O=C(c1c[nH]nc1SCc1ccc([N+](=O)[O-])cn1)c1nn[nH]c1N(Cc1ccccc1)Cc1ccccc1,中毒,14.42197,55.6923
O=C(c1nn[nH]c1N(Cc1ccccc1)Cc1ccccc1)N1CCS1,中毒,8.053643,25.051384
O=C(c1nn[nH]c1N(Cc1ccccc1)Cc1ccccc1)C1CN2C=NC=C1C1CNC1CS2,中毒,39.77118,21.035542
N#C[SH](C(=O)c1nn[nH]c1N(Cc1ccccc1)Cc1ccccc1)c1ccc(F)cc1Cl,中毒,35.52661,16.550896
Nc1n[s+](-c2cccnc2)nc1C(=O)c1nn[nH]c1N(Cc1ccccc1)Cc1ccccc1,中毒,57.57292,19.421846
O=C(C1=NNN=C2CC=CN21)c1nn[nH]c1N(Cc1ccccc1)Cc1ccccc1,中毒,6.4668617,39.280575
O=C(c1nn[nH]c1N(Cc1ccccc1)Cc1ccccc1)C(O)CI,低毒,10.610322,80.90046
O=C(c1nn[nH]c1N(Cc1ccccc1)Cc1ccccc1)c1scc[n+]1[O-],中毒,36.506477,41.23211
O=C(c1nn[nH]c1N(Cc1ccccc1)Cc1ccccc1)n1cnc2c(Br)cc(Br)cc21,中毒,14.598498,20.829964
O=C(c1nn[nH]c1N(Cc1ccccc1)Cc1ccccc1)c1c[nH]c2ncc(F)cc12,中毒,14.5461,34.50007
O=C(c1nnc(NCc2cscn2)o1)c1nn[nH]c1N(Cc1ccccc1)Cc1ccccc1,中毒,16.619684,63.712284
O=C(c1ccn(Cc2ccc(C(F)(F)F)n(-c3cccc(Cl)c3)c2=O)n1)c1nn[nH]c1N(Cc1ccccc1)Cc1ccccc1,中毒,15.675462,49.84341
O=C(c1ccn(-c2ccc(F)cc2)n1)c1nn[nH]c1N(Cc1ccccc1)Cc1ccccc1,低毒,15.468068,76.098465
O=C(c1nn[nH]c1N(Cc1ccccc1)Cc1ccccc1)C1c2ccccc2CN2C1C(c1ccc(Cl)cc1)Nc1nnc(O)n12,中毒,25.280445,11.666832
O=C(c1cc2c3cnsc3nc-2n(CCN2CCOCC2)n1)c1nn[nH]c1N(Cc1ccccc1)Cc1ccccc1,中毒,13.77812,47.06604
O=C(c1ccc(S(=O)(=O)c2cccc(N3CCNC3=O)c2OCl)[nH]1)c1nn[nH]c1N(Cc1ccccc1)Cc1ccccc1,中毒,17.036339,25.726233
O=C(c1cc(-c2ncccc2F)[nH]n1)c1nn[nH]c1N(Cc1ccccc1)Cc1ccccc1,中毒,10.779346,48.056625
O=C(c1ccc([N+]F)o1)c1nn[nH]c1N(Cc1ccccc1)Cc1ccccc1,中毒,9.262899,64.433624
O=C(c1nn[nH]c1N(Cc1ccccc1)Cc1ccccc1)S(=O)(=O)c1ccc(Cl)cc1,中毒,8.73323,64.723854
O=C(c1cc(Br)oc1Br)c1nn[nH]c1N(Cc1ccccc1)Cc1ccccc1,低毒,8.612059,50.69255
N#Cc1cc(OC(=O)c2nn[nH]c2N(Cc2ccccc2)Cc2ccccc2)ccc1F,低毒,8.257093,20.626547
O=C(c1nn[nH]c1N(Cc1ccccc1)Cc1ccccc1)c1c(O)nc2ccccc2[n+]1[O-],中毒,17.426014,21.720812
O=C(c1nn[nH]c1N(Cc1ccccc1)Cc1ccccc1)N1CCOP(=O)(O)CC1,中毒,11.232639,22.59352
O=C(c1cc2sccc2o1)c1nn[nH]c1N(Cc1ccccc1)Cc1ccccc1,中毒,8.532002,59.29613
O=C(c1nn[nH]c1N(Cc1ccccc1)Cc1ccccc1)c1cccc2cccnc12,中毒,14.393947,20.6486
O=C1C=C(NCc2c[nH]cn2)CCCN1C(=O)c1nn[nH]c1N(Cc1ccccc1)Cc1ccccc1,中毒,13.938914,21.895508
O=C(c1csc(CCN(C(=O)c2ccccc2F)c2ccc3ccccn23)n1)c1nn[nH]c1N(Cc1ccccc1)Cc1ccccc1,中毒,11.457233,21.1228
O=C(NS(=O)(=O)c1ccccc1F)c1nn[nH]c1N(Cc1ccccc1)Cc1ccccc1,中毒,25.057251,15.330676
O=C(c1nn[nH]c1N(Cc1ccccc1)Cc1ccccc1)C1CCC1,高毒,10.837846,22.30062
O=C(c1nn[nH]c1N(Cc1ccccc1)Cc1ccccc1)C1Cc2ccccc2C12CO2,中毒,29.599443,52.39731
O=C(c1ncccc1Br)c1nn[nH]c1N(Cc1ccccc1)Cc1ccccc1,低毒,9.262899,34.285435
O=C(c1nn[nH]c1N(Cc1ccccc1)Cc1ccccc1)[N+]([O-])C(=S)Nc1ccccc1,低毒,10.139563,44.515392
O=C(c1nn[nH]c1N(Cc1ccccc1)Cc1ccccc1)N1CCCCCO1,中毒,10.08432,18.291927
O=C(c1cc(O)cc(O)c1)c1nn[nH]c1N(Cc1ccccc1)Cc1ccccc1,低毒,4.41106,32.818672
O=C(c1nn[nH]c1N(Cc1ccccc1)Cc1ccccc1)c1coc2c(Cl)cccc2c1=O,中毒,3.8905318,59.342094
O=C(c1nnsn1)c1nn[nH]c1N(Cc1ccccc1)Cc1ccccc1,低毒,15.835609,41.86337
O=C(c1c[nH]c(Nc2cc(F)ccc2F)n1)c1nn[nH]c1N(Cc1ccccc1)Cc1ccccc1,低毒,11.769009,56.87477
O=C(c1nnno1)c1nn[nH]c1N(Cc1ccccc1)Cc1ccccc1,低毒,38.07403,42.98752
O=C(c1nn[nH]c1N(Cc1ccccc1)Cc1ccccc1)C1CC(c2ccc3ccccc3c2I)[S+]([O-])C1,中毒,9.338742,72.08576
O=C(c1nn[nH]c1N(Cc1ccccc1)Cc1ccccc1)c1n[n+]([O-])nn1-c1ccc(N2CCOCC2)cc1,中毒,20.846346,36.769714
O=C(c1nn[nH]c1N(Cc1ccccc1)Cc1ccccc1)C1CCC(c2ccco2)S1,中毒,19.027794,58.555893
O=C(c1nn[nH]c1N(Cc1ccccc1)Cc1ccccc1)[PH](O)c1ccccc1,高毒,9.508573,45.30162
O=C(OCc1cccc([N+](=O)[O-])c1)c1nn[nH]c1N(Cc1ccccc1)Cc1ccccc1,低毒,6.697259,35.818108
O=C1N=[S+]([O-])C1C1COCCN1C(=O)c1nn[nH]c1N(Cc1ccccc1)Cc1ccccc1,中毒,16.4288,18.848122
O=C(c1ccncc1Br)c1nn[nH]c1N(Cc1ccccc1)Cc1ccccc1,中毒,5.777749,34.50007
O=C(c1nn[nH]c1N(Cc1ccccc1)Cc1ccccc1)N1CCCN(S(=O)(=O)c2ccc(Cl)cc2)CC1,中毒,11.367127,21.591461
O=C(c1nn(C2CCCC2)nc1NO)c1nn[nH]c1N(Cc1ccccc1)Cc1ccccc1,低毒,22.787441,23.049025
O=C(c1nn[nH]c1N(Cc1ccccc1)Cc1ccccc1)N1CCSCC1Nc1cccc2ccccc12,中毒,9.802485,47.78395
O=C(C1=COCCO1)c1nn[nH]c1N(Cc1ccccc1)Cc1ccccc1,中毒,15.941868,69.18164
O=C(c1nn[nH]c1N(Cc1ccccc1)Cc1ccccc1)C1CCNc2nc[nH]c2N=C1c1ccncc1Cl,低毒,45.65891,23.85246
O=C(C1=NCC(Cc2c[nH]c3ncccc23)(NC(=O)C2CC2)C(NF)=N1)c1nn[nH]c1N(Cc1ccccc1)Cc1ccccc1,中毒,44.668884,21.73806
O=C(c1cc2cncc(Br)n2n1)c1nn[nH]c1N(Cc1ccccc1)Cc1ccccc1,中毒,25.006418,46.81303
O=C(c1nn[nH]c1N(Cc1ccccc1)Cc1ccccc1)C1CCCCN1c1coc(C2CC2)n1,低毒,18.519293,9.71746
O=C(c1cc2ncccc2s1)c1nn[nH]c1N(Cc1ccccc1)Cc1ccccc1,中毒,13.095381,34.65899
O=C(c1c[nH]c(C=CI)n1)c1nn[nH]c1N(Cc1ccccc1)Cc1ccccc1,低毒,13.734685,23.118843
N#CN(c1ccncc1)C(C(=O)c1nn[nH]c1N(Cc1ccccc1)Cc1ccccc1)c1ccco1,中毒,6.973365,23.96769
O=C(c1nn[nH]c1N(Cc1ccccc1)Cc1ccccc1)c1cccc2sc(Cl)nc12,中毒,13.475007,16.430983
O=C(c1nn[nH]c1N(Cc1ccccc1)Cc1ccccc1)[SH]1Nc2ccccc2C(F)(F)C12C(=S)Nc1cccc[n+]12,中毒,48.056496,52.43444
O=C(Nc1cc2ncnc(C(F)F)c2cc1F)c1nn[nH]c1N(Cc1ccccc1)Cc1ccccc1,中毒,20.507723,27.344988
O=C(C1=NOC(COP2(=O)COCO2)(C(F)(F)F)O1)c1nn[nH]c1N(Cc1ccccc1)Cc1ccccc1,中毒,9.279154,60.40584
O=C(c1ccnc(NCc2cc[nH]n2)n1)c1nn[nH]c1N(Cc1ccccc1)Cc1ccccc1,低毒,9.895866,68.10966
O=C(c1nn[nH]c1N(Cc1ccccc1)Cc1ccccc1)c1sncc1-n1nccn1,高毒,18.139732,36.47471
O=C(c1nn[nH]c1N(Cc1ccccc1)Cc1ccccc1)c1cccn1-c1ccccn1,中毒,13.961775,28.679724
O=C(NS(=O)(=O)c1cc2ccccc2s1)c1nn[nH]c1N(Cc1ccccc1)Cc1ccccc1,中毒,18.670992,15.478839
O=C(c1nn[nH]c1N(Cc1ccccc1)Cc1ccccc1)c1sccc1-c1ccccc1,中毒,17.079899,18.074766
O=C(c1nn[nH]c1N(Cc1ccccc1)Cc1ccccc1)C1(Br)CSC(n2nnc3ccsc32)=NN1,中毒,12.118504,8.488666
O=C(Oc1ccccc1CNn1ccnc1)c1nn[nH]c1N(Cc1ccccc1)Cc1ccccc1,低毒,34.321014,33.57959
O=C(c1nn[nH]c1N(Cc1ccccc1)Cc1ccccc1)N1CCn2ncc(F)c2C=N1,中毒,55.349506,21.348185
O=C(OCn1c2nc(Br)[nH]c2c2ccc3ccoc3c21)c1nn[nH]c1N(Cc1ccccc1)Cc1ccccc1,中毒,35.531097,8.904544
O=C(c1nn[nH]c1N(Cc1ccccc1)Cc1ccccc1)c1csc[n+]1[O-],低毒,26.87002,33.37947
O=C(c1nn[nH]c1N(Cc1ccccc1)Cc1ccccc1)S(=O)(=O)c1nc2ccsc2[nH]1,中毒,13.972157,30.240389
O=C(c1nn[nH]c1N(Cc1ccccc1)Cc1ccccc1)c1[nH]c2cc(Cl)cc(I)c2c1CO,中毒,19.764183,39.52488
O=C(c1nn[nH]c1N(Cc1ccccc1)Cc1ccccc1)C(c1cc(F)c(F)c(F)c1)C(F)(F)F,中毒,12.346383,44.696934
O=C(C1=C[P+](Cl)(c2cccc(I)c2)OO1)c1nn[nH]c1N(Cc1ccccc1)Cc1ccccc1,中毒,9.984943,16.764952
O=C(c1ccccc1-c1nc2ccccc2s1)c1nn[nH]c1N(Cc1ccccc1)Cc1ccccc1,中毒,15.468068,14.815539
O=C(c1nn[nH]c1N(Cc1ccccc1)Cc1ccccc1)c1csc2cc(F)ccc12,中毒,24.41725,29.58691
O=C(c1nn[nH]c1N(Cc1ccccc1)Cc1ccccc1)n1cncn1,高毒,19.291233,29.085104
O=C([P+]N1CCCCN(CCC[n+]2ccccc2Br)C2OCC21)c1nn[nH]c1N(Cc1ccccc1)Cc1ccccc1,中毒,25.875849,38.020164
O=C(c1nn[nH]c1N(Cc1ccccc1)Cc1ccccc1)N(C(Cl)=C(Cl)CF)C(F)F,中毒,8.977883,13.968237
O=C(c1nn[nH]c1N(Cc1ccccc1)Cc1ccccc1)c1c(-c2cccc(Cl)c2)oc2c(F)c(N3CCCCC3)c(F)cc2c1=O,中毒,25.825583,26.776493
O=C(c1ccc(F)cc1F)c1nn[nH]c1N(Cc1ccccc1)Cc1ccccc1,中毒,11.198199,20.880424
O=C(c1ccsn1)c1nn[nH]c1N(Cc1ccccc1)Cc1ccccc1,低毒,7.341082,34.579483
O=C(c1nsc(C(F)F)n1)c1nn[nH]c1N(Cc1ccccc1)Cc1ccccc1,中毒,6.892546,39.283604
O=C(c1nn[nH]c1N(Cc1ccccc1)Cc1ccccc1)S(=O)(=O)Nc1ccc(F)c(Br)c1,低毒,8.680052,27.940649
O=C(C(Cl)=NBr)c1nn[nH]c1N(Cc1ccccc1)Cc1ccccc1,高毒,7.0650444,42.472836
O=C(c1nn[nH]c1N(Cc1ccccc1)Cc1ccccc1)S1(CS(=O)(=O)c2ccccc2F)CNCS1,中毒,22.700645,36.22951
O=C(c1nn[nH]c1N(Cc1ccccc1)Cc1ccccc1)c1sc(Cl)cc1Cl,低毒,10.937937,32.00644
NS(=O)(=O)CN(CCl)C(=O)c1nn[nH]c1N(Cc1ccccc1)Cc1ccccc1,高毒,9.955338,25.051384
O=C(OOOCc1cncn1-c1ccccc1)c1nn[nH]c1N(Cc1ccccc1)Cc1ccccc1,中毒,18.388832,42.83255
O=C(c1nn[nH]c1N(Cc1ccccc1)Cc1ccccc1)C1CCCCO1,低毒,9.312666,41.11201
O=C(c1cc(F)ccc1NCc1ccccc1C(F)(F)F)c1nn[nH]c1N(Cc1ccccc1)Cc1ccccc1,中毒,9.477925,19.873621
O=C(c1csc(NC2CCC2)n1)c1nn[nH]c1N(Cc1ccccc1)Cc1ccccc1,低毒,14.94594,23.603157
O=C(c1nn[nH]c1N(Cc1ccccc1)Cc1ccccc1)c1nccn1S(=O)(=O)c1ccc(F)c(OC(F)(F)F)c1,中毒,23.05563,13.02379
O=C(c1nn[nH]c1N(Cc1ccccc1)Cc1ccccc1)C1CSC(c2cnc3[nH]cnc3c2)=N1,中毒,22.659409,31.429922
O=C(c1nn[nH]c1N(Cc1ccccc1)Cc1ccccc1)C1(S(=O)(=O)c2ccccc2)CCNC1,中毒,11.535872,11.888554
O=C(c1cnn(C2CN2)c1)c1nn[nH]c1N(Cc1ccccc1)Cc1ccccc1,低毒,23.144026,45.20322
O=C(c1ccc2c(c1)-c1ccccc1-n1cccc1N2)c1nn[nH]c1N(Cc1ccccc1)Cc1ccccc1,中毒,21.175558,52.8529
O=C(c1nn[nH]c1N(Cc1ccccc1)Cc1ccccc1)C1CCCCC1(F)F,中毒,8.112668,22.30062
O=C(c1nn[nH]c1N(Cc1ccccc1)Cc1ccccc1)[SH](=O)=S,低毒,9.436859,105.1035
O=C(COc1ccccc1Cl)c1nn[nH]c1N(Cc1ccccc1)Cc1ccccc1,高毒,7.0755944,102.96765
O=C(c1nn[nH]c1N(Cc1ccccc1)Cc1ccccc1)C1OC1c1cnccn1,中毒,14.197606,41.11201
O=C(Nc1nccs1)c1nn[nH]c1N(Cc1ccccc1)Cc1ccccc1,中毒,6.408584,37.48489
O=C(c1nn[nH]c1N(Cc1ccccc1)Cc1ccccc1)c1nc2[nH][nH]nc(-c3cccc(Cl)c3)c1-2,中毒,11.320082,37.29228
O=C(c1nn[nH]c1N(Cc1ccccc1)Cc1ccccc1)N(c1nc[nH]n1)P(=O)(c1ccccc1)c1ccccc1,中毒,62.24387,25.519197
NCCOc1ccc(C[n+]2cccc(Nn3cnsc3=S(Cc3cccnc3)C(=O)c3nn[nH]c3N(Cc3ccccc3)Cc3ccccc3)c2CCl)cc1,中毒,18.857115,24.802319
O=C(c1nn[nH]c1N(Cc1ccccc1)Cc1ccccc1)N1c2ccccc2CCN1Cc1cc(O)c(O)nc1O,中毒,26.529602,27.68339
O=C(c1nn[nH]c1N(Cc1ccccc1)Cc1ccccc1)C(SS(=O)(=O)O)N1CN2CCC1CC2,中毒,11.963413,28.273901
O=C(c1nn[nH]c1N(Cc1ccccc1)Cc1ccccc1)C1NCCc2ccccc21,中毒,16.284449,67.254944
O=C(c1ccc2ncoc2c1)c1nn[nH]c1N(Cc1ccccc1)Cc1ccccc1,中毒,12.889188,108.79434
O=C(c1nn[nH]c1N(Cc1ccccc1)Cc1ccccc1)c1c(Cl)c2ccc(Cl)nc2n1C1CC1,中毒,31.665512,17.327919
O=C(O[15I])c1nn[nH]c1N(Cc1ccccc1)Cc1ccccc1,高毒,6.697259,34.70963
O=C(C1=CC=C[N+]=NN1)c1nn[nH]c1N(Cc1ccccc1)Cc1ccccc1,低毒,7.0755944,36.587296
O=C(c1nn[nH]c1N(Cc1ccccc1)Cc1ccccc1)c1[nH]nc(C2=Nc3cccc4[nH]nc(c34)S2)c1Cc1cccnn1,中毒,26.015371,56.599335
O=C(C(Cl)=C(NC(=S)NC(=O)c1c(Cl)cccc1Cl)c1ccc2[nH]cnc2c1)c1nn[nH]c1N(Cc1ccccc1)Cc1ccccc1,中毒,13.748792,75.288994
O=C1C=CC2=C3SC(c4ccccc4O)=CN3CC(C(=O)c3nn[nH]c3N(Cc3ccccc3)Cc3ccccc3)SC(F)=C12,中毒,19.68391,11.257486
O=C(c1ccccc1I)c1nn[nH]c1N(Cc1ccccc1)Cc1ccccc1,低毒,13.016985,34.50007
O=C(c1ccc(Cl)o1)c1nn[nH]c1N(Cc1ccccc1)Cc1ccccc1,低毒,12.044052,108.79434
O=C(c1nn[nH]c1N(Cc1ccccc1)Cc1ccccc1)N(Cc1ccc(OC(F)(F)F)cc1)c1ccco1,中毒,6.911737,21.310154
O=C(c1nn[nH]c1N(Cc1ccccc1)Cc1ccccc1)c1scn[n+]1[O-],低毒,17.636345,19.939602
O=C(c1nn[nH]c1N(Cc1ccccc1)Cc1ccccc1)C1CON(C2CC2Br)C1,中毒,11.1359415,26.930273
O=C(c1nn[nH]c1N(Cc1ccccc1)Cc1ccccc1)N1CC2C(c3cc(Sc4nnsn4)cc([N+](=O)[O-])c3)=CC=CN2C1,中毒,21.273556,17.420776
O=C(c1nn[nH]c1N(Cc1ccccc1)Cc1ccccc1)[SH](c1ccccc1Cl)S(=O)(=O)c1cccnc1,中毒,24.832598,29.625902
O=C(c1nn[nH]c1N(Cc1ccccc1)Cc1ccccc1)c1c(O)c(Br)nc2ccccc12,中毒,38.328426,12.258503
O=C(c1cn(-c2cc(Cl)c(OCC(F)(F)F)c(Br)c2)nc1Cl)c1nn[nH]c1N(Cc1ccccc1)Cc1ccccc1,中毒,6.338102,57.48542
O=C(C=Cc1c[nH]nc1-c1ncon1)c1nn[nH]c1N(Cc1ccccc1)Cc1ccccc1,中毒,11.810366,55.478966
O=C(c1cc2cc(Cl)[nH]c(=O)c2s1)c1nn[nH]c1N(Cc1ccccc1)Cc1ccccc1,中毒,19.66287,35.11842
O=C(c1nn[nH]c1N(Cc1ccccc1)Cc1ccccc1)C1([N+](=O)[O-])CC2(O)CSc3nn(S(=O)(=O)O)n3CN2c2ccccc21,中毒,9.749901,10.292379
O=C(c1nn[nH]c1N(Cc1ccccc1)Cc1ccccc1)C1NS(=O)(=O)c2ccccc21,中毒,14.402606,70.882996
O=C(SSc1ccccc1N1CCN(n2ccnc2)CC1C(F)(F)F)c1nn[nH]c1N(Cc1ccccc1)Cc1ccccc1,中毒,16.921946,24.342138
O=C(c1nn[nH]c1N(Cc1ccccc1)Cc1ccccc1)c1sc[n+]([O-])c1I,低毒,10.957097,26.455732
O=C(c1ccc(S(=O)(=O)S(=O)(=O)O)s1)c1nn[nH]c1N(Cc1ccccc1)Cc1ccccc1,中毒,12.933475,18.698236
O=C(c1nn[nH]c1N(Cc1ccccc1)Cc1ccccc1)c1snnc1COc1cccc(Br)c1,低毒,10.910236,30.135832
O=C(c1nsnc1Cl)c1nn[nH]c1N(Cc1ccccc1)Cc1ccccc1,低毒,13.831424,18.31347
O=C(c1nonc1NO)c1nn[nH]c1N(Cc1ccccc1)Cc1ccccc1,微毒,9.197959,19.855677
O=C(C1=NOC(c2ccc(Cl)cc2Cl)C1)c1nn[nH]c1N(Cc1ccccc1)Cc1ccccc1,中毒,15.151111,33.99595
O=C(c1nn[nH]c1N(Cc1ccccc1)Cc1ccccc1)C1CCN(C(Cl)Cl)C(=O)C1,中毒,21.705833,13.39559
O=C(c1nn[nH]c1N(Cc1ccccc1)Cc1ccccc1)C1CCc2[nH]c(=O)sc2C2COCCN2C1=O,中毒,14.160271,11.146428
O=C(c1nn[nH]c1N(Cc1ccccc1)Cc1ccccc1)C1(c2cccs2)CCCC1,中毒,13.376332,33.55768
O=C(C1=CSCCSC1)c1nn[nH]c1N(Cc1ccccc1)Cc1ccccc1,中毒,7.7417135,36.587296
O=C(c1nn[nH]c1N(Cc1ccccc1)Cc1ccccc1)S(=O)(=O)c1cscn1,中毒,17.02634,62.87364
O=C(c1cnns1)c1nn[nH]c1N(Cc1ccccc1)Cc1ccccc1,低毒,5.014996,29.36747
O=C(c1nn[nH]c1N(Cc1ccccc1)Cc1ccccc1)N1SCC(Nc2nc3cccnc3[nH]2)=NC1=S,中毒,13.911057,77.67145
O=C(c1ccc(Cl)cc1[N+](=O)[O-])c1nn[nH]c1N(Cc1ccccc1)Cc1ccccc1,中毒,9.249641,25.358694
O=C(c1nn[nH]c1N(Cc1ccccc1)Cc1ccccc1)c1c(F)c(O)c(F)c(F)c1F,中毒,16.68554,16.613554
O=C(CCI)OC(=O)c1nn[nH]c1N(Cc1ccccc1)Cc1ccccc1,高毒,8.656705,37.091206
O=C(c1nn[nH]c1N(Cc1ccccc1)Cc1ccccc1)c1cnn2ncccc12,中毒,17.572266,30.879324
O=C(c1nn[nH]c1N(Cc1ccccc1)Cc1ccccc1)C1(F)CS1,中毒,5.5755477,53.78547
O=C(c1nn[nH]c1N(Cc1ccccc1)Cc1ccccc1)n1nnc(-c2cnn3c(-c4ccnc5sccc45)csc23)c1-c1nc2cnccc2s1,中毒,21.25681,14.3937645
O=C(c1cccc([N+](=O)[O-])c1)c1nn[nH]c1N(Cc1ccccc1)Cc1ccccc1,低毒,8.436787,21.606764
N#CCCc1ccccc1C(=O)c1nn[nH]c1N(Cc1ccccc1)Cc1ccccc1,中毒,11.085024,26.113438
O=C(C(=C(O)c1ccccc1)P(=O)(c1ccccc1)c1ccccn1)c1nn[nH]c1N(Cc1ccccc1)Cc1ccccc1,中毒,37.385536,22.58534
O=C(c1ccc2[nH]ccc2c1)c1nn[nH]c1N(Cc1ccccc1)Cc1ccccc1,中毒,11.752215,34.50007
O=C(c1nn[nH]c1N(Cc1ccccc1)Cc1ccccc1)C1CCCNC1,中毒,11.971313,21.035542
O=C(c1nn[nH]c1N(Cc1ccccc1)Cc1ccccc1)C1OC1c1ccncc1-c1cccnc1,中毒,7.1638017,44.86334
O=C(c1nn[nH]c1N(Cc1ccccc1)Cc1ccccc1)c1sc(CCOP(=O)(O)O)cc1F,中毒,18.943832,30.788603
O=C(c1nonc1N1CCCC1)c1nn[nH]c1N(Cc1ccccc1)Cc1ccccc1,中毒,32.231216,26.370928
O=C(ON=Cc1ccsc1)c1nn[nH]c1N(Cc1ccccc1)Cc1ccccc1,中毒,8.569115,35.818108
O=C(c1nn[nH]c1N(Cc1ccccc1)Cc1ccccc1)N(Nc1ccc2ccccc2c1)c1cc(I)cc(Cl)c1O,中毒,13.175384,9.466301
O=C(c1nn[nH]c1N(Cc1ccccc1)Cc1ccccc1)c1sc2nc(SCNc3ccccc3O)sc2c1Nc1ccc(Br)cc1,中毒,21.215534,25.60482
O=C(c1nn[nH]c1N(Cc1ccccc1)Cc1ccccc1)c1ccnn[n+]1-c1ccccc1,低毒,19.845156,21.410532
O=C(c1nn[nH]c1N(Cc1ccccc1)Cc1ccccc1)c1co[nH]c1=S,低毒,8.919775,84.93682
O=C(c1ccc(Cl)c(Cl)c1O)c1nn[nH]c1N(Cc1ccccc1)Cc1ccccc1,低毒,8.1790285,19.154457
O=C(c1nc[nH]c1Cl)c1nn[nH]c1N(Cc1ccccc1)Cc1ccccc1,低毒,12.620255,30.286152
O=C1C=Cc2ccc(-c3cocc3C3(C(=O)c4nn[nH]c4N(Cc4ccccc4)Cc4ccccc4)CO3)n2CCO1,中毒,29.275164,14.2372675
O=C(c1nn[nH]c1N(Cc1ccccc1)Cc1ccccc1)C1OC2OC(CO)C(O)C(O)C2O1,低毒,11.437102,73.04137
O=C(c1nn[nH]c1N(Cc1ccccc1)Cc1ccccc1)c1ccn[nH]c1=S,低毒,5.5928907,98.82907
O=C(Oc1ccccc1CN1CCCC1)c1nn[nH]c1N(Cc1ccccc1)Cc1ccccc1,低毒,18.390736,34.70963
O=C(c1nn[nH]c1N(Cc1ccccc1)Cc1ccccc1)C1CCSCO1,低毒,6.9232874,98.3049
O=C(O)C1=CCN(S(=O)(=O)c2ccccc2F)C1(NS(=O)(=O)c1ccccn1)C(=O)c1nn[nH]c1N(Cc1ccccc1)Cc1ccccc1,中毒,12.524333,17.788555
O=C(c1nn[nH]c1N(Cc1ccccc1)Cc1ccccc1)C12CC3CC1CN(C3)C2,中毒,12.112291,8.471967
O=C(Sc1ccc(F)c(C(F)(F)F)c1Cl)c1nn[nH]c1N(Cc1ccccc1)Cc1ccccc1,中毒,10.924788,15.473865
O=C(c1ccn(Cc2cccnc2)n1)c1nn[nH]c1N(Cc1ccccc1)Cc1ccccc1,中毒,15.671538,50.18471
O=C(c1ccncc1OCCCl)c1nn[nH]c1N(Cc1ccccc1)Cc1ccccc1,低毒,6.837664,20.287848
O=C(c1cc([N+](=O)[O-])sc1-c1cccc(O)c1)c1nn[nH]c1N(Cc1ccccc1)Cc1ccccc1,低毒,49.544357,12.434814
O=C(c1conc1-c1ccsc1)c1nn[nH]c1N(Cc1ccccc1)Cc1ccccc1,低毒,55.045834,20.035828
O=C(c1nn[nH]c1N(Cc1ccccc1)Cc1ccccc1)C(c1cccs1)S(=O)(=O)Cc1sccc1Cl,中毒,14.332435,26.634277
N#Cc1nocc1C(=O)c1nn[nH]c1N(Cc1ccccc1)Cc1ccccc1,低毒,29.174833,51.347263
O=C(c1nn[nH]c1N(Cc1ccccc1)Cc1ccccc1)[SH](SC1OC(CO)C(O)C(O)C1O)c1cc2cc(Cl)ccc2[nH]c1=O,低毒,17.622108,13.958889
O=C(C1=Nc2ccccc2C=CC=C1N1CCCCC1)c1nn[nH]c1N(Cc1ccccc1)Cc1ccccc1,中毒,23.299131,14.075265
O=C(c1nn[nH]c1N(Cc1ccccc1)Cc1ccccc1)c1scc(C(F)(F)F)c1-n1cccc1,中毒,7.304974,23.51013
O=C(c1coc(Nc2ccccc2)n1)c1nn[nH]c1N(Cc1ccccc1)Cc1ccccc1,低毒,10.887808,36.07957
O=C(C(=C(NO)SCc1ncns1)c1nccs1)c1nn[nH]c1N(Cc1ccccc1)Cc1ccccc1,中毒,30.562271,74.69442
O=C(NC(=Nc1cccc(F)c1)c1ccncc1)c1nn[nH]c1N(Cc1ccccc1)Cc1ccccc1,低毒,5.954178,17.299889
O=C1CN(C(=O)c2nn[nH]c2N(Cc2ccccc2)Cc2ccccc2)N=CS1,中毒,11.146847,22.916853
O=C(c1nn[nH]c1N(Cc1ccccc1)Cc1ccccc1)c1sccc1Cl,低毒,6.789446,21.606764
O=C(c1cc(F)ccc1[N+](=O)[O-])c1nn[nH]c1N(Cc1ccccc1)Cc1ccccc1,中毒,8.279056,17.77901
O=C(c1nn[nH]c1N(Cc1ccccc1)Cc1ccccc1)c1coc2cccnc2c1=O,低毒,8.449329,39.433178
O=C(c1nn[nH]c1N(Cc1ccccc1)Cc1ccccc1)c1[nH]cnc1C1CC1,低毒,13.363693,68.55407
O=C(c1nn[nH]c1N(Cc1ccccc1)Cc1ccccc1)C1CC2CCCCC1N2CSSC1CCCCC1,中毒,20.048592,42.099205
O=C(c1ccc2cn[nH]c2c1)c1nn[nH]c1N(Cc1ccccc1)Cc1ccccc1,低毒,17.365034,34.50007
O=C(c1nn[nH]c1N(Cc1ccccc1)Cc1ccccc1)c1c(Cl)cccc1Br,中毒,6.164682,34.049644
O=C(c1nn[nH]c1N(Cc1ccccc1)Cc1ccccc1)C(O)c1cccnc1,高毒,7.698646,35.110603
O=C(SP1(=S)SCc2c(nc3c(NC4CCCCC4)cc(F)c(F)c3c2O)CC1=O)c1nn[nH]c1N(Cc1ccccc1)Cc1ccccc1,中毒,27.761364,62.459347
O=C(c1nn[nH]c1N(Cc1ccccc1)Cc1ccccc1)C(c1ccccc1)c1ccccc1,高毒,10.906844,66.28308
O=C(c1cc(I)c(ON(C(F)(F)F)C(F)(F)F)cc1Br)c1nn[nH]c1N(Cc1ccccc1)Cc1ccccc1,中毒,6.158592,84.037415
O=C(c1cnc(Cl)cc1Cl)c1nn[nH]c1N(Cc1ccccc1)Cc1ccccc1,中毒,10.56319,18.188808
O=C(c1nn[nH]c1N(Cc1ccccc1)Cc1ccccc1)N1CCN(S(=O)(=O)c2cccs2)CC1,中毒,12.768672,16.858675
O=C(Sc1cccs1)c1nn[nH]c1N(Cc1ccccc1)Cc1ccccc1,高毒,6.408584,29.393785
O=C(c1ccc(Br)cc1)c1nn[nH]c1N(Cc1ccccc1)Cc1ccccc1,高毒,4.41106,34.50007
O=C(c1nn[nH]c1N(Cc1ccccc1)Cc1ccccc1)c1[nH]c2cnccc2c1Br,中毒,19.80282,32.746445
O=C(c1c[nH]nc1Cl)c1nn[nH]c1N(Cc1ccccc1)Cc1ccccc1,中毒,7.446564,31.916294
O=C(c1nn[nH]c1N(Cc1ccccc1)Cc1ccccc1)c1scnc1Br,低毒,6.697259,45.352272
O=C(c1cn(-c2ccccc2Cl)nc1-c1ccccc1)c1nn[nH]c1N(Cc1ccccc1)Cc1ccccc1,中毒,9.795051,62.419464
O=C(c1nn[nH]c1N(Cc1ccccc1)Cc1ccccc1)c1cc2ccccc2oc1=S,低毒,7.085242,238.56888
O=C(c1nn[nH]c1N(Cc1ccccc1)Cc1ccccc1)c1oc(=O)sc1Cl,低毒,17.896345,64.433624
O=C(c1nn[nH]c1N(Cc1ccccc1)Cc1ccccc1)C1CC=CCS1,中毒,7.9699607,56.660545
O=C(c1nn[nH]c1N(Cc1ccccc1)Cc1ccccc1)[SH](C=NCl)c1ccccn1,中毒,16.083717,34.08825
O=C(S[N+](=O)[O-])c1nn[nH]c1N(Cc1ccccc1)Cc1ccccc1,低毒,6.408584,33.37947
O=C(c1nn[nH]c1N(Cc1ccccc1)Cc1ccccc1)[SH](Br)c1ccc2ccccc2c1,中毒,10.116449,25.291515
O=C(c1nn[nH]c1N(Cc1ccccc1)Cc1ccccc1)C12COC1c1ccccc12,中毒,20.608953,44.078316
O=C(c1nn[nH]c1N(Cc1ccccc1)Cc1ccccc1)N1CCC(Cc2c(Cl)cccc2Cl)CC1,中毒,12.592676,36.417004
O=C(c1nn[nH]c1N(Cc1ccccc1)Cc1ccccc1)c1ccnn1-c1cn(-c2ccccc2Cl)nn1,低毒,14.46563,76.768974
O=C(c1nc2ccc(Cl)cc2s1)c1nn[nH]c1N(Cc1ccccc1)Cc1ccccc1,中毒,24.885386,44.571575
O=C(c1nn[nH]c1N(Cc1ccccc1)Cc1ccccc1)c1nnn(-c2ccccc2Cl)c(=S)c1SCCc1nc2ccccc2s1,中毒,11.682675,82.09398
O=C(c1ccc2oc(N3CCC=N3)nc2c1)c1nn[nH]c1N(Cc1ccccc1)Cc1ccccc1,低毒,11.1438,102.33306
O=C(c1nn[nH]c1N(Cc1ccccc1)Cc1ccccc1)C(n1ccnn1)n1cnc2cnccc21,中毒,24.322817,16.431627
O=C(c1nn[nH]c1N(Cc1ccccc1)Cc1ccccc1)c1c[nH]c2ccc(Br)cc12,中毒,32.289127,21.234655
O=C(c1nn[nH]c1N(Cc1ccccc1)Cc1ccccc1)c1cnnn1C1CCN(C(=S)SC(F)F)CC1,中毒,59.06395,23.928694
O=C(SSc1ccc([N+](=O)[O-])o1)c1nn[nH]c1N(Cc1ccccc1)Cc1ccccc1,低毒,17.21057,68.19969
O=C(c1nn[nH]c1N(Cc1ccccc1)Cc1ccccc1)C(CN1CCOCC1)OCOO[N+](=O)[O-],中毒,7.0500474,24.239897
O=C(c1coc(-c2ccoc2)n1)c1nn[nH]c1N(Cc1ccccc1)Cc1ccccc1,低毒,22.388472,46.371414
O=C(c1nn[nH]c1N(Cc1ccccc1)Cc1ccccc1)N1CCOC1,中毒,23.616365,50.621746
O=C(Sc1ccncc1)c1nn[nH]c1N(Cc1ccccc1)Cc1ccccc1,中毒,7.8894644,29.393785
O=C(c1nn[nH]c1N(Cc1ccccc1)Cc1ccccc1)c1c(F)cccc1Cl,中毒,18.94533,22.11593
O=C(Oc1ccccc1Br)c1nn[nH]c1N(Cc1ccccc1)Cc1ccccc1,低毒,7.8512588,39.769817
O=C(c1cnoc1-n1cnnn1)c1nn[nH]c1N(Cc1ccccc1)Cc1ccccc1,低毒,15.435423,44.855484
O=C(c1nn[nH]c1N(Cc1ccccc1)Cc1ccccc1)C1(c2noc(Cc3ccncc3)n2)C(=NNc2cccs2)Nc2c(F)cccc21,中毒,25.496954,14.072692
O=Cc1c(C(=O)c2nn[nH]c2N(Cc2ccccc2)Cc2ccccc2)sc2ccccc12,中毒,22.907967,35.400833
O=C(c1nn[nH]c1N(Cc1ccccc1)Cc1ccccc1)c1c(Cl)noc1-c1ccccc1,中毒,26.418398,30.771832
O=C(c1nn[nH]c1N(Cc1ccccc1)Cc1ccccc1)N(Cl)c1ccc(C2(C(F)(F)F)CCC(F)C2)cc1,高毒,8.377965,37.66503
O=C(c1c[nH]nc1C(F)(F)F)c1nn[nH]c1N(Cc1ccccc1)Cc1ccccc1,中毒,10.985851,61.784237
O=C(c1ccc(S)o1)c1nn[nH]c1N(Cc1ccccc1)Cc1ccccc1,中毒,4.41106,61.191177
O=C(SN1CC1c1sccc1-c1c[nH]c2ccccc12)c1nn[nH]c1N(Cc1ccccc1)Cc1ccccc1,中毒,21.604315,17.58553
O=C(c1ccn(-c2cc(Cl)cc(Cl)c2COC2CCN2)n1)c1nn[nH]c1N(Cc1ccccc1)Cc1ccccc1,低毒,14.374876,97.86035
O=C(c1nn[nH]c1N(Cc1ccccc1)Cc1ccccc1)c1cc2c3c(sc2n(CCNc2ccncn2)c1=O)-c1ccccc1CC3,中毒,34.489513,15.046138
O=C(c1nn[nH]c1N(Cc1ccccc1)Cc1ccccc1)c1sc(-c2ccccn2)nc1Cl,中毒,47.0808,25.641085
O=C(c1nn[nH]c1N(Cc1ccccc1)Cc1ccccc1)S(=O)(=O)CF,低毒,13.602305,70.04605
O=C(c1nn[nH]c1N(Cc1ccccc1)Cc1ccccc1)C(O)(F)CBr,高毒,5.5755477,102.96765
O=C(c1ccc(F)cc1)c1nn[nH]c1N(Cc1ccccc1)Cc1ccccc1,低毒,6.8001347,20.880424
O=C(c1nc2ccc(Cl)cc2[nH]1)c1nn[nH]c1N(Cc1ccccc1)Cc1ccccc1,中毒,16.13259,40.16329
O=C(Nc1ccccc1Br)c1nn[nH]c1N(Cc1ccccc1)Cc1ccccc1,低毒,6.744277,22.836445
O=C(c1nn[nH]c1N(Cc1ccccc1)Cc1ccccc1)C(C1=C(O)C=Cc2[nH]ncc2S1(=O)=O)[N+](=O)[O-],中毒,22.255972,49.877544
O=C1CSC(C(=O)c2nn[nH]c2N(Cc2ccccc2)Cc2ccccc2)C(=CP(=O)(O)O)CCN1,中毒,57.68791,30.520765
O=C(c1ccc(COP(=O)(O)O)cc1)c1nn[nH]c1N(Cc1ccccc1)Cc1ccccc1,低毒,5.129566,26.775206
O=C(c1nn[nH]c1N(Cc1ccccc1)Cc1ccccc1)C1COc2ccccc2-c2c1ccc1sccc21,中毒,25.778492,19.050045
O=C(c1c[nH]nn1)c1nn[nH]c1N(Cc1ccccc1)Cc1ccccc1,低毒,12.403176,34.50007
O=C(c1cc([N+](=O)[O-])cs1)c1nn[nH]c1N(Cc1ccccc1)Cc1ccccc1,低毒,8.436787,17.07878
O=C(CP(c1ccccc1)c1ccccc1)c1nn[nH]c1N(Cc1ccccc1)Cc1ccccc1,中毒,16.561018,56.60067
O=C(c1nn[nH]c1N(Cc1ccccc1)Cc1ccccc1)C(c1cscc1CSCl)[N+](=O)[O-],中毒,14.761745,24.28819
O=C(c1cc2n(n1)CN2c1ccccc1F)c1nn[nH]c1N(Cc1ccccc1)Cc1ccccc1,低毒,9.336206,15.35812
O=C(OCc1ccc(C(F)(F)F)cc1)c1nn[nH]c1N(Cc1ccccc1)Cc1ccccc1,低毒,7.8894644,25.683954
O=C(c1nn[nH]c1N(Cc1ccccc1)Cc1ccccc1)N1CCCSCC1,中毒,9.62458,21.923925
O=C(c1nn[nH]c1N(Cc1ccccc1)Cc1ccccc1)[SH](NN=Cc1cc(I)c(O)c(I)c1)OO,低毒,6.5848536,36.67163
O=C(c1nn[nH]c1N(Cc1ccccc1)Cc1ccccc1)C(O)(c1ccccc1)C([N+](=O)[O-])P(c1ccccc1)N1CCCN1,中毒,40.678562,19.657486
O=C(c1nn[nH]c1N(Cc1ccccc1)Cc1ccccc1)N1CCN(c2cccnn2)CC1,中毒,12.768672,12.740919
O=C(c1nn[nH]c1N(Cc1ccccc1)Cc1ccccc1)c1[nH][nH]c(=O)c1-c1ccccc1Cl,中毒,22.210629,43.588303
O=C(c1nn[nH]c1N(Cc1ccccc1)Cc1ccccc1)c1snc2c1CCN(O)C2,中毒,16.297607,33.46817
O=C(c1nn[nH]c1N(Cc1ccccc1)Cc1ccccc1)c1c(O)csc1C(F)F,中毒,9.091261,31.129118
O=C(C1=CC=CN2C=CN=C1C2)c1nn[nH]c1N(Cc1ccccc1)Cc1ccccc1,中毒,20.91006,10.849848
N#Cc1nc[nH]c1C(=O)c1nn[nH]c1N(Cc1ccccc1)Cc1ccccc1,低毒,13.322083,114.26189
O=C(C1=CC(C(F)=Cc2cc3cc4c(=NOCCO)c(nc3[nH]2)=CN=4)=CCOCC1=NC1CC1)c1nn[nH]c1N(Cc1ccccc1)Cc1ccccc1,中毒,12.557613,8.409181
O=C(c1nn(-c2ccccc2F)cc1C1CC(CCN2CCNCC2)NC(C(=O)N2CCOCC2)C1)c1nn[nH]c1N(Cc1ccccc1)Cc1ccccc1,中毒,15.9502325,33.43328
O=C(OCc1ccccc1Br)c1nn[nH]c1N(Cc1ccccc1)Cc1ccccc1,高毒,6.697259,34.70963
O=C(C(=S)OCO[N+](=O)[O-])c1nn[nH]c1N(Cc1ccccc1)Cc1ccccc1,高毒,6.741814,102.45639
O=C(c1nn[nH]c1N(Cc1ccccc1)Cc1ccccc1)C(Cl)Br,低毒,9.096856,53.78547
O=C(N=Cc1ccccc1O)c1nn[nH]c1N(Cc1ccccc1)Cc1ccccc1,高毒,8.098849,37.042847
O=C(c1nn[nH]c1N(Cc1ccccc1)Cc1ccccc1)S(=O)(=O)F,低毒,8.749429,30.010038
O=C(OCc1cccnc1)c1nn[nH]c1N(Cc1ccccc1)Cc1ccccc1,高毒,9.762316,34.70963
O=C1CC(SS(=NCC2CCc3[nH]ncc3C2)C(=O)c2nn[nH]c2N(Cc2ccccc2)Cc2ccccc2)C(=O)N1CNc1cnsn1,中毒,18.903458,18.512197
O=C(c1nn[nH]c1N(Cc1ccccc1)Cc1ccccc1)c1no[n+]([O-])c1Cl,中毒,12.403176,16.515947
O=C(c1nn[nH]c1N(Cc1ccccc1)Cc1ccccc1)C1CCc2nc(OC(F)(F)F)sc2NC1c1cn(Cc2ccccc2OC2CC2)nn1,中毒,35.83539,8.987774
O=C(C1=NC(Cc2ccc3scnc3c2Cl)=NC12CCNCC2)c1nn[nH]c1N(Cc1ccccc1)Cc1ccccc1,中毒,20.830805,14.3937645
O=C(c1nn[nH]c1N(Cc1ccccc1)Cc1ccccc1)C(CO)Cc1c[nH]cn1,中毒,8.896816,29.681398
O=C(c1nn[nH]c1N(Cc1ccccc1)Cc1ccccc1)N1N=C(CBr)C1c1cccs1,中毒,21.464449,13.07625
O=C(c1nn[nH]c1N(Cc1ccccc1)Cc1ccccc1)N1CCN(c2ccc(Cl)cc2F)CC1,中毒,9.629235,11.100464
O=C(c1cn(C2OC(Cc3nc4ccc(O)cc4s3)C(F)C2O)nc1N1CCCC1)c1nn[nH]c1N(Cc1ccccc1)Cc1ccccc1,中毒,27.364563,19.209352
O=C(c1nn[nH]c1N(Cc1ccccc1)Cc1ccccc1)P(=O)(OS(=O)O)c1cccs1,中毒,36.840584,49.120102
O=C(c1nn[nH]c1N(Cc1ccccc1)Cc1ccccc1)c1csc(=O)n1-c1ccccc1,低毒,10.591952,38.876335
O=C(c1nn[nH]c1N(Cc1ccccc1)Cc1ccccc1)C1CCCCC1c1c[nH]cn1,中毒,8.715536,20.505808
O=C(c1nc2c(s1)CCC2)c1nn[nH]c1N(Cc1ccccc1)Cc1ccccc1,中毒,14.449117,40.356224
O=C(c1nn[nH]c1N(Cc1ccccc1)Cc1ccccc1)S(=O)Nc1nccs1,低毒,20.523016,28.821009
O=C(c1ccc(OCCn2cc(O)cn2)cc1)c1nn[nH]c1N(Cc1ccccc1)Cc1ccccc1,低毒,14.109569,25.414986
O=C(c1nn[nH]c1N(Cc1ccccc1)Cc1ccccc1)N1CCN([SH](F)(F)(F)F)CC1,中毒,13.7010975,37.3526
O=C(c1nn[nH]c1N(Cc1ccccc1)Cc1ccccc1)S(Br)(c1cccnc1)c1nsnc1-c1ccccc1,中毒,59.27063,29.690712
O=C(NCCN1N=CC2=CC=CN=CN21)c1nn[nH]c1N(Cc1ccccc1)Cc1ccccc1,中毒,26.290089,21.2813
O=C(c1nn[nH]c1N(Cc1ccccc1)Cc1ccccc1)c1cccn1-c1ccc(Br)cc1,低毒,7.341082,29.762762
O=C(c1nn[nH]c1N(Cc1ccccc1)Cc1ccccc1)C(c1ccn(C2CCOCC2)n1)c1cnn[nH]1,中毒,16.798403,37.38814
O=C(OCc1nn2cnc3ccoc3c2c1C(=O)NS(=O)(=O)c1ccc(I)cc1)c1nn[nH]c1N(Cc1ccccc1)Cc1ccccc1,中毒,10.127671,22.093384
O=C(c1nn[nH]c1N(Cc1ccccc1)Cc1ccccc1)[SH]1(=O)c2ccccc2C1c1cccnc1,中毒,12.645677,12.414308
O=C(c1cccnc1Br)c1nn[nH]c1N(Cc1ccccc1)Cc1ccccc1,中毒,12.573148,20.880424
Nn1cc(-c2cnn(F)c2)nc1Nc1ccc2c(C(=O)c3nn[nH]c3N(Cc3ccccc3)Cc3ccccc3)noc2c1,中毒,53.61762,26.786322
O=C(c1nn[nH]c1N(Cc1ccccc1)Cc1ccccc1)C1CCCCCO1,低毒,9.312666,41.11201
O=C(c1cc(F)c(Oc2ccc(F)c(F)c2)cc1F)c1nn[nH]c1N(Cc1ccccc1)Cc1ccccc1,中毒,11.198199,15.8179455
O=C(c1nn[nH]c1N(Cc1ccccc1)Cc1ccccc1)c1n[nH]c2sncc12,低毒,17.29151,40.847244
O=C(c1c[nH]c(-c2ccccc2)n1)c1nn[nH]c1N(Cc1ccccc1)Cc1ccccc1,低毒,8.209234,101.04092
O=C(c1nn[nH]c1N(Cc1ccccc1)Cc1ccccc1)c1c(F)cccc1F,中毒,12.099053,20.880424
O=C(c1ccnc([N+](=O)[O-])c1)c1nn[nH]c1N(Cc1ccccc1)Cc1ccccc1,低毒,8.152233,18.144299
O=C(c1nn[nH]c1N(Cc1ccccc1)Cc1ccccc1)N(O)C1CSCCS1,中毒,6.4424667,13.176038
O=C(Cc1cc([N+](=O)[O-])cs1)c1nn[nH]c1N(Cc1ccccc1)Cc1ccccc1,高毒,14.427097,68.77203
O=C(c1cnc2c(Cl)scc2c1O)c1nn[nH]c1N(Cc1ccccc1)Cc1ccccc1,中毒,10.766048,16.155859
O=C(OC1=Nc2ccccc21)c1nn[nH]c1N(Cc1ccccc1)Cc1ccccc1,中毒,8.194843,37.60463
O=C(c1nn[nH]c1N(Cc1ccccc1)Cc1ccccc1)C(F)Cl,高毒,6.1339526,56.60067
O=C(c1nn[nH]c1N(Cc1ccccc1)Cc1ccccc1)c1sccc1Sc1ncc[nH]1,中毒,6.8001347,33.951176
O=C(c1ncc([N+](=O)[O-])o1)c1nn[nH]c1N(Cc1ccccc1)Cc1ccccc1,低毒,15.838314,35.267406
O=C(c1nn[nH]c1N(Cc1ccccc1)Cc1ccccc1)C1CCCN1S(=O)(=O)c1nc2cc(F)c(Cl)cc2s1,中毒,24.213717,42.18784
O=C(c1cc2c(s1)sc1cccnc12)c1nn[nH]c1N(Cc1ccccc1)Cc1ccccc1,中毒,22.047203,24.052462
O=C(c1nn[nH]c1N(Cc1ccccc1)Cc1ccccc1)c1c(O)cccc1Br,中毒,6.941116,17.199223
O=C(C(=S)N1CCN(CC2(N3CCc4cc(Br)ccc4C3=O)CC2)CC1)c1nn[nH]c1N(Cc1ccccc1)Cc1ccccc1,中毒,74.44822,83.00955
O=C(C(O)c1ccccc1)N1CSCC1[SH](C(=O)c1nn[nH]c1N(Cc1ccccc1)Cc1ccccc1)c1ccccc1,中毒,52.799786,47.981945
O=C(c1nn[nH]c1N(Cc1ccccc1)Cc1ccccc1)c1sccc1-c1cccc(Br)c1,中毒,17.079899,18.074766
O=C(c1nn[nH]c1N(Cc1ccccc1)Cc1ccccc1)C(O)(CO[N+](=O)[O-])OCc1ccccc1,中毒,9.669715,55.22629
O=C(c1nn[nH]c1N(Cc1ccccc1)Cc1ccccc1)c1cccn1-c1ccc(Cl)cc1,低毒,7.341082,29.762762
O=C(c1ccncc1I)c1nn[nH]c1N(Cc1ccccc1)Cc1ccccc1,低毒,13.016985,20.880424
O=C(c1nn[nH]c1N(Cc1ccccc1)Cc1ccccc1)S(=O)(=O)P(=O)(O)OCc1ccccc1,中毒,11.169043,41.051647
O=C(NS(=O)(=O)Cl)c1nn[nH]c1N(Cc1ccccc1)Cc1ccccc1,低毒,13.270904,25.051384
O=C(c1nn[nH]c1N(Cc1ccccc1)Cc1ccccc1)N(c1ccc(OCl)cc1)c1ccc(-c2csnn2)cc1O,低毒,6.95679,25.926903
O=C(SCNc1cccc[n+]1[O-])c1nn[nH]c1N(Cc1ccccc1)Cc1ccccc1,低毒,13.613813,26.098589
O=C(c1cc(I)c(O)c(Br)c1Cl)c1nn[nH]c1N(Cc1ccccc1)Cc1ccccc1,低毒,12.093837,29.908281
O=C(c1ncno1)c1nn[nH]c1N(Cc1ccccc1)Cc1ccccc1,低毒,13.81201,57.42674
O=C(Oc1ccncc1)c1nn[nH]c1N(Cc1ccccc1)Cc1ccccc1,低毒,8.569115,34.70963
O=C(c1nsc(SC2=NN=C[SH](=O)(Cl)C2(Cl)Cl)n1)c1nn[nH]c1N(Cc1ccccc1)Cc1ccccc1,中毒,13.7838545,63.29094
O=C(OOCc1ccccc1O)c1nn[nH]c1N(Cc1ccccc1)Cc1ccccc1,低毒,11.323525,34.70963
O=C1C(C(=O)c2nn[nH]c2N(Cc2ccccc2)Cc2ccccc2)=COc2cccnc2C(OCc2cccc(Cl)c2)c2ccncc21,中毒,14.804495,28.474539
O=C(c1nn[nH]c1N(Cc1ccccc1)Cc1ccccc1)C1CCc2nc(Br)c([nH]2)-c2ncccc21,中毒,23.178024,31.747477
O=C(C1=NC2=CC=CCC=NN2c2ccc(Sc3cccc[n+]3Br)cc2N1)c1nn[nH]c1N(Cc1ccccc1)Cc1ccccc1,中毒,18.350712,25.8758
O=C(OCc1ccccc1)N1CCN1C(C(=O)c1nn[nH]c1N(Cc1ccccc1)Cc1ccccc1)(c1cc(Cl)ccc1F)N1CCOCC1,中毒,20.859482,50.0026
O=C(C1=C(Br)C2C(=O)C3=C([N+]2CN1c1nnnn1CBr)S(=O)(=O)CCCC3)c1nn[nH]c1N(Cc1ccccc1)Cc1ccccc1,中毒,24.138424,15.046138
O=C(C1=NCCN1)c1nn[nH]c1N(Cc1ccccc1)Cc1ccccc1,低毒,8.984795,23.258205
O=C(NSCc1ccncc1Br)c1nn[nH]c1N(Cc1ccccc1)Cc1ccccc1,高毒,9.5570135,12.976943
O=C(Sc1conc1Br)c1nn[nH]c1N(Cc1ccccc1)Cc1ccccc1,中毒,11.76563,30.779434
O=C(c1nn[nH]c1N(Cc1ccccc1)Cc1ccccc1)C1COCN(Cc2ccccc2F)C1,中毒,17.448753,26.930273
O=C(c1nn[nH]c1N(Cc1ccccc1)Cc1ccccc1)C1c2ccccc2CCC1(Cl)Cl,中毒,14.780542,30.050982
O=C(Oc1csc2c1oc1ccccc12)c1nn[nH]c1N(Cc1ccccc1)Cc1ccccc1,中毒,13.758007,12.434012
O=C(c1nn[nH]c1N(Cc1ccccc1)Cc1ccccc1)c1[nH]ncc1CN1CC1,中毒,12.924499,111.37824
O=C(c1cc(-c2cn3c(F)c(Br)sc3n2)n[nH]1)c1nn[nH]c1N(Cc1ccccc1)Cc1ccccc1,中毒,11.539828,23.626753
O=C(C(=CCO)c1cccnc1N1CC=CCS1)c1nn[nH]c1N(Cc1ccccc1)Cc1ccccc1,中毒,10.163158,32.85536
O=C(c1ccc(OC2CC2)cc1)c1nn[nH]c1N(Cc1ccccc1)Cc1ccccc1,低毒,5.5928907,28.805965
O=C(c1nn[nH]c1N(Cc1ccccc1)Cc1ccccc1)C(CBr)c1ccoc1,高毒,8.669723,57.181202
O=C(c1ccc(OS(=O)(=O)O)cc1)c1nn[nH]c1N(Cc1ccccc1)Cc1ccccc1,高毒,7.6328335,22.792627
O=C(c1cccnc1O)c1nn[nH]c1N(Cc1ccccc1)Cc1ccccc1,中毒,13.09092,30.144022
O=C(OC(c1ncsn1)c1ccco1)c1nn[nH]c1N(Cc1ccccc1)Cc1ccccc1,低毒,9.10223,26.833515
O=C(SCNc1cc([N+](=O)[O-])sc1C(=O)SS)c1nn[nH]c1N(Cc1ccccc1)Cc1ccccc1,中毒,11.866626,18.536156
O=C(c1nn[nH]c1N(Cc1ccccc1)Cc1ccccc1)C1CCC=C(Br)C1,中毒,9.172297,21.076826
O=C(c1nn[nH]c1N(Cc1ccccc1)Cc1ccccc1)[P+](=O)Cc1ccc2ncccc2c1,中毒,11.494877,65.38614
O=C(c1nn[nH]c1N(Cc1ccccc1)Cc1ccccc1)S(=O)(=O)NCCF,低毒,8.749429,45.95731
O=C(c1nn[nH]c1N(Cc1ccccc1)Cc1ccccc1)c1c(O)ncc2ccccc12,中毒,23.616709,24.367958
O=C(c1nn[nH]c1N(Cc1ccccc1)Cc1ccccc1)C12CCC3CC(CC(C3)C1)C2,高毒,10.257015,10.310754
O=C(c1cc(Cl)ncn1)c1nn[nH]c1N(Cc1ccccc1)Cc1ccccc1,低毒,8.209234,31.929913
O=C(c1nonc1O)c1nn[nH]c1N(Cc1ccccc1)Cc1ccccc1,中毒,8.620021,25.911955
O=C(OP1(=O)ON=Cc2ccccc21)c1nn[nH]c1N(Cc1ccccc1)Cc1ccccc1,中毒,36.86461,9.2630415
O=C(CCl)SC1SC[SH]1(=O)C(=O)c1nn[nH]c1N(Cc1ccccc1)Cc1ccccc1,低毒,25.576757,36.75273
O=C(c1cc[nH]c1)c1nn[nH]c1N(Cc1ccccc1)Cc1ccccc1,高毒,4.41106,34.50007
O=C(C(F)=CC(F)(F)I)c1nn[nH]c1N(Cc1ccccc1)Cc1ccccc1,高毒,13.938914,50.39157
O=C(c1ccncc1F)c1nn[nH]c1N(Cc1ccccc1)Cc1ccccc1,中毒,12.044052,34.50007
O=C(c1nn[nH]c1N(Cc1ccccc1)Cc1ccccc1)c1scc(Br)c1Br,低毒,4.0141077,16.24854
O=C(c1nn[nH]c1N(Cc1ccccc1)Cc1ccccc1)c1cn(Br)c(=S)n1S(=O)(=O)c1cc([N+](=O)[O-])ccc1Cl,中毒,32.214058,37.594105
O=C(c1nn[nH]c1N(Cc1ccccc1)Cc1ccccc1)N1CC(F)Sc2c1ncn2-c1cccc(CC=[N+]([O-])NC2CCNCC2)c1F,中毒,15.644479,16.291994
O=C(c1cn2c(n1)CCC2)c1nn[nH]c1N(Cc1ccccc1)Cc1ccccc1,低毒,15.737117,17.308306
O=C(c1nn[nH]c1N(Cc1ccccc1)Cc1ccccc1)C(Oc1no[n+]([O-])n1)S(=O)(=O)c1c(F)cccc1[N+](=O)[O-],中毒,30.913076,18.969772
O=C(c1nn[nH]c1N(Cc1ccccc1)Cc1ccccc1)C(F)(F)I,高毒,6.1174426,42.472836
O=C(OCc1c(Cl)cncc1Cl)c1nn[nH]c1N(Cc1ccccc1)Cc1ccccc1,高毒,7.8894644,35.322853
O=C(c1nn[nH]c1N(Cc1ccccc1)Cc1ccccc1)[SH](Sc1cc(F)c2ccccc2c1)c1cccnc1,低毒,10.724882,28.077908
O=C(CP(=O)(Nc1c(Cl)cccc1[N+](=O)[O-])c1ccc(Cl)c(Cl)c1)c1nn[nH]c1N(Cc1ccccc1)Cc1ccccc1,中毒,34.380795,17.914152
O=C(c1nn[nH]c1N(Cc1ccccc1)Cc1ccccc1)N1CCN(c2ccccc2Cl)CC1,中毒,13.050489,13.960291
O=C(c1nn[nH]c1N(Cc1ccccc1)Cc1ccccc1)c1cccc2no[n+]([O-])c12,中毒,14.557515,30.64392
O=C(c1c[nH]s1)c1nn[nH]c1N(Cc1ccccc1)Cc1ccccc1,低毒,11.055613,28.421774
C=NNC(=O)c1nn[nH]c1N(Cc1ccccc1)Cc1ccccc1,高毒,6.408584,22.836445
O=C(c1nn[nH]c1N(Cc1ccccc1)Cc1ccccc1)c1c[nH]c2c([N+](=O)[O-])cc([N+](=O)[O-])cc2c1=O,中毒,29.6744,41.392582
O=C(c1nc(-c2ccccn2)no1)c1nn[nH]c1N(Cc1ccccc1)Cc1ccccc1,中毒,38.41411,57.987293
O=C(c1nn[nH]c1N(Cc1ccccc1)Cc1ccccc1)c1cccn1C(c1cccc2ccccc12)P(=O)(O)O,低毒,17.946428,26.606503
O=C(c1nn[nH]c1N(Cc1ccccc1)Cc1ccccc1)N(CF)CF,高毒,9.62458,25.051384
O=C(c1ccnnc1)c1nn[nH]c1N(Cc1ccccc1)Cc1ccccc1,低毒,4.41106,34.50007
O=C(c1nn[nH]c1N(Cc1ccccc1)Cc1ccccc1)S(=O)(=O)c1nc(-c2csc(NC3CC3)n2)ns1,中毒,16.508419,22.417645
O=C(c1nn[nH]c1N(Cc1ccccc1)Cc1ccccc1)c1nsc2cnccc12,低毒,10.813162,34.579483
O=C(SCc1ccncc1)c1nn[nH]c1N(Cc1ccccc1)Cc1ccccc1,低毒,8.719819,24.508234
O=C(c1nn[nH]c1N(Cc1ccccc1)Cc1ccccc1)c1cnnn1Cc1ccccc1,低毒,24.85124,21.234655
O=C(c1nn[nH]c1N(Cc1ccccc1)Cc1ccccc1)n1nnc(-c2ccc(C(F)(F)F)cc2)n1,中毒,13.871337,23.470823
O=C(c1nn[nH]c1N(Cc1ccccc1)Cc1ccccc1)c1cc2cnccc2oc1=S,低毒,12.734829,238.56888
O=C(c1nn[nH]c1N(Cc1ccccc1)Cc1ccccc1)n1nnnc1-c1c(F)c(Cl)cc2ccccc12,中毒,14.381775,27.12576
O=C(c1ccc(F)cc1NS(=O)(=O)c1ccc(Cl)cc1)c1nn[nH]c1N(Cc1ccccc1)Cc1ccccc1,中毒,6.724613,21.910707
O=C(c1nn[nH]c1N(Cc1ccccc1)Cc1ccccc1)c1c2ccoc2nc2ccsc12,中毒,15.370405,31.030378
O=C(c1nn[nH]c1N(Cc1ccccc1)Cc1ccccc1)C(O)(P(=O)(O)O)P(=O)(CCC(F)=NO)P(=O)(O)c1ccsc1,中毒,28.43035,25.235033
O=C(c1nn[nH]c1N(Cc1ccccc1)Cc1ccccc1)c1c(OC(F)Cl)c(Cl)nn(-c2ccc(F)c(F)c2)c1=O,中毒,6.837664,26.97778
O=C(c1nn[nH]c1N(Cc1ccccc1)Cc1ccccc1)c1ncsc1F,低毒,11.995148,59.342094
O=C(c1nnc(C(F)(F)F)s1)c1nn[nH]c1N(Cc1ccccc1)Cc1ccccc1,中毒,18.928328,41.139397
O=C(c1nn[nH]c1N(Cc1ccccc1)Cc1ccccc1)c1[nH]nc2c1Cc1cc(Cl)cc(Cl)c1C2,中毒,38.829178,52.754646
O=C(c1nn[nH]c1N(Cc1ccccc1)Cc1ccccc1)c1c(-c2ccoc2)no[n+]1[O-],中毒,57.00501,26.758043
O=C(c1nn[nH]c1N(Cc1ccccc1)Cc1ccccc1)c1c[nH]c2ccnn12,低毒,8.815966,38.41375
O=C(c1nn[nH]c1N(Cc1ccccc1)Cc1ccccc1)C1CCN1C(=S)Nc1ccccc1N1CCOCC1,中毒,11.081732,33.252056
O=C(C1=CC=C(c2cocc2Br)N(C2CCCc3c[nH]cc32)C=C1)c1nn[nH]c1N(Cc1ccccc1)Cc1ccccc1,中毒,30.00811,20.779789
O=C(C1=CSC2=Cc3ocnc3SC2=C1Cc1cccc(F)c1O)c1nn[nH]c1N(Cc1ccccc1)Cc1ccccc1,中毒,29.029137,17.499098
O=C(NC1CC[S+]([O-])CC1)c1nn[nH]c1N(Cc1ccccc1)Cc1ccccc1,中毒,6.744277,40.914406
O=C(c1nnc(I)o1)c1nn[nH]c1N(Cc1ccccc1)Cc1ccccc1,低毒,21.562263,63.712284
O=C(c1nn[nH]c1N(Cc1ccccc1)Cc1ccccc1)[n+]1cc2sccc2c(=S)n1-c1ccccn1,中毒,13.617136,67.732475
O=C(c1nn[nH]c1N(Cc1ccccc1)Cc1ccccc1)C(O)CO,低毒,7.463189,83.59449
O=C(c1nn[nH]c1N(Cc1ccccc1)Cc1ccccc1)C(Br)C(O[N+](=O)[O-])c1ccncc1,中毒,11.538435,49.662857
O=C(c1nn[nH]c1N(Cc1ccccc1)Cc1ccccc1)c1c(O)sc2ccccc12,中毒,19.443657,25.768503
O=C(c1nn[nH]c1N(Cc1ccccc1)Cc1ccccc1)c1[nH]cnc1C=NO,低毒,13.322083,85.61901
O=C(c1c[nH]nc1-c1cccc(Br)c1)c1nn[nH]c1N(Cc1ccccc1)Cc1ccccc1,中毒,7.921787,31.01351
O=C1CCCN1N1c2nc(Cl)ccc2S2=CC=CC2=[N+]1C(=O)c1nn[nH]c1N(Cc1ccccc1)Cc1ccccc1,中毒,33.63526,16.81102
O=C(C1=CC=C(CO)S(=O)(=O)O1)c1nn[nH]c1N(Cc1ccccc1)Cc1ccccc1,低毒,63.814007,74.00633
O=C(c1nn[nH]c1N(Cc1ccccc1)Cc1ccccc1)C(c1ccnc(S)c1)N1CCSC1=O,中毒,8.489521,47.33735
O=C(c1nn[nH]c1N(Cc1ccccc1)Cc1ccccc1)N1CCN(c2cc(Cl)ccc2C(F)(F)F)OC1,中毒,36.28632,30.073946
O=C(c1nn[nH]c1N(Cc1ccccc1)Cc1ccccc1)c1c[nH]c2ccc(F)cc12,中毒,40.292603,21.234655
O=C(Oc1ccccn1)c1nn[nH]c1N(Cc1ccccc1)Cc1ccccc1,低毒,12.776561,34.70963
O=C(c1ccc(Br)c([N+](=O)[O-])c1)c1nn[nH]c1N(Cc1ccccc1)Cc1ccccc1,低毒,8.436787,18.144299
O=C(c1ccc(Br)cc1F)c1nn[nH]c1N(Cc1ccccc1)Cc1ccccc1,中毒,13.293748,20.880424
O=C(C1=Nc2ccccc2C1)c1nn[nH]c1N(Cc1ccccc1)Cc1ccccc1,低毒,8.614328,23.714571
[O][N+](=O)c1cccc(C(=O)c2nn[nH]c2N(Cc2ccccc2)Cc2ccccc2)c1,低毒,8.436787,21.606764
O=C(O)C[n+]1cn(N=Cc2c[nH]c3c2OCOC3)c(C(=O)c2nn[nH]c2N(Cc2ccccc2)Cc2ccccc2)n1,中毒,11.862467,52.94253
O=C(c1nn[nH]c1N(Cc1ccccc1)Cc1ccccc1)c1n[nH]c(=O)n1COC(CNC1=Nc2sccc2-n2cccc2O1)S(=O)(=O)O,中毒,22.190487,51.883953
O=C(O)Cc1sc(Sc2c(O)[nH]c3ccccc23)c(C(=O)c2nn[nH]c2N(Cc2ccccc2)Cc2ccccc2)c1C(F)(F)F,中毒,15.561114,15.055007
O=C(c1nn[nH]c1N(Cc1ccccc1)Cc1ccccc1)S(=O)(=O)c1cnccc1[N+](=O)[O-],中毒,17.425875,38.009293
O=C(c1cc(Cl)ccc1Cl)c1nn[nH]c1N(Cc1ccccc1)Cc1ccccc1,低毒,6.789446,34.049644
O=C(Oc1no[n+]([O-])n1)c1nn[nH]c1N(Cc1ccccc1)Cc1ccccc1,低毒,12.776561,35.818108
O=C(C1=Cc2ccccc2C=c2ccccc2=C1)c1nn[nH]c1N(Cc1ccccc1)Cc1ccccc1,中毒,21.279818,40.924244
O=C(c1nn[nH]c1N(Cc1ccccc1)Cc1ccccc1)C1CCCC1,高毒,8.112668,22.30062
O=C(c1nn[nH]c1N(Cc1ccccc1)Cc1ccccc1)c1cc2cc[n+]1C(S)=NC2,中毒,9.425994,53.76879
O=C(c1nn[nH]c1N(Cc1ccccc1)Cc1ccccc1)c1ccnc2scnc12,中毒,6.684949,20.584297
O=C(c1c[n+](C(=O)[O-])sc1Sc1cccnc1Br)c1nn[nH]c1N(Cc1ccccc1)Cc1ccccc1,中毒,38.572865,18.48428
O=C(Oc1nc(C(F)(F)F)n(CCc2cccnc2)n1)c1nn[nH]c1N(Cc1ccccc1)Cc1ccccc1,中毒,18.716219,31.005024
O=C(c1nn[nH]c1N(Cc1ccccc1)Cc1ccccc1)c1c(Cl)cc(Cl)n1-c1sc(C(F)(F)F)c(CO)c1Cl,中毒,10.227768,10.597783
O=C(c1nn[nH]c1N(Cc1ccccc1)Cc1ccccc1)N1NC(CO)C(O)C1F,中毒,25.70404,12.048698
O=C(c1cc2c([nH]c3ccc(Cl)cc32)s1)c1nn[nH]c1N(Cc1ccccc1)Cc1ccccc1,中毒,59.08897,33.85499
O=C(c1cccc(OCC=C(Cl)Cl)c1)c1nn[nH]c1N(Cc1ccccc1)Cc1ccccc1,低毒,6.547243,32.818672
O=C(c1nn[nH]c1N(Cc1ccccc1)Cc1ccccc1)C(Br)c1ccccc1,高毒,7.6408954,65.40903
O=C(c1nn[nH]c1N(Cc1ccccc1)Cc1ccccc1)c1snc2ccccc12,中毒,84.228424,29.36747
O=C(c1nn[nH]c1N(Cc1ccccc1)Cc1ccccc1)C1(NS(=O)(=O)c2ccc(F)c(Cl)c2)Cc2ccccc21,中毒,17.884962,50.261467
O=C(c1ccnc(Cl)c1S)c1nn[nH]c1N(Cc1ccccc1)Cc1ccccc1,低毒,7.6328335,34.50007
O=C(c1csc(Cn2ccnc2)n1)c1nn[nH]c1N(Cc1ccccc1)Cc1ccccc1,中毒,9.466006,46.573334
O=C(c1cccc(C2=NCCN2)c1)c1nn[nH]c1N(Cc1ccccc1)Cc1ccccc1,低毒,6.294864,27.5972
O=C(c1ccnc(I)c1)c1nn[nH]c1N(Cc1ccccc1)Cc1ccccc1,低毒,4.41106,20.880424
O=C(c1cccnc1Cl)c1nn[nH]c1N(Cc1ccccc1)Cc1ccccc1,中毒,10.56319,22.11593
O=C(c1nn[nH]c1N(Cc1ccccc1)Cc1ccccc1)c1c2ccccc2nc2cscc12,中毒,45.610405,40.47036
O=C(OC(=S)NCc1ccc(Cl)cc1[N+](=O)[O-])c1nn[nH]c1N(Cc1ccccc1)Cc1ccccc1,低毒,9.83894,46.334694
O=C(c1nn[nH]c1N(Cc1ccccc1)Cc1ccccc1)N1SNCC1Br,中毒,9.129558,24.254847
O=C(c1nn[nH]c1N(Cc1ccccc1)Cc1ccccc1)C1CC1F,高毒,8.960987,32.817757
O=C(c1nn[nH]c1N(Cc1ccccc1)Cc1ccccc1)C(F)F,高毒,4.193052,56.60067
NC(C(=O)c1nn[nH]c1N(Cc1ccccc1)Cc1ccccc1)c1cccc2ccsc12,高毒,11.529941,37.194077
O=C(c1nn[nH]c1N(Cc1ccccc1)Cc1ccccc1)c1cccn[n+]1O,低毒,13.831424,35.710007
O=C(Cc1cn(-c2nsc3ccccc23)nc1-c1cncn1C(=O)c1ccccc1Br)c1nn[nH]c1N(Cc1ccccc1)Cc1ccccc1,中毒,33.522537,38.275715
O=C(c1nn[nH]c1N(Cc1ccccc1)Cc1ccccc1)S(=O)(=O)c1cc2cc3c(cc2s1)OCO3,中毒,9.561799,34.74984
O=C(c1cc(O)c(O)cc1N1CCOCC1)c1nn[nH]c1N(Cc1ccccc1)Cc1ccccc1,中毒,12.458672,29.769764
O=C(c1cnc(Cl)o1)c1nn[nH]c1N(Cc1ccccc1)Cc1ccccc1,高毒,7.762915,86.57939
O=C(c1cc(Sc2nnc[nH]2)c(O)cc1S)c1nn[nH]c1N(Cc1ccccc1)Cc1ccccc1,低毒,9.555627,26.775206
O=C(c1ccsc1Br)c1nn[nH]c1N(Cc1ccccc1)Cc1ccccc1,低毒,7.0361996,18.33227
O=C(c1nn[nH]c1N(Cc1ccccc1)Cc1ccccc1)c1snnc1N(O)OC1CCCC1,高毒,11.486295,21.163576
O=C(c1nn[nH]c1N(Cc1ccccc1)Cc1ccccc1)S(=O)C1=CN=CCN1C1CC1,低毒,53.887318,21.163647
O=C(c1nn[nH]c1N(Cc1ccccc1)Cc1ccccc1)S(=O)(=O)c1c(Cl)c(Cl)c[nH]c1=O,中毒,13.325792,40.39995
O=C(c1ccc(Br)cn1)c1nn[nH]c1N(Cc1ccccc1)Cc1ccccc1,低毒,12.044052,34.285435
O=C(c1nn[nH]c1N(Cc1ccccc1)Cc1ccccc1)C12Cc3cnn(-c4cccs4)c3C1CCN(CCO)C2,中毒,24.35844,17.563566
O=C(c1nc(-n2nnnc2-c2ccccc2)cs1)c1nn[nH]c1N(Cc1ccccc1)Cc1ccccc1,中毒,28.835394,114.45946
O=C(c1nn[nH]c1N(Cc1ccccc1)Cc1ccccc1)C1CCCc2cc(Cl)nc(N3CCOCC3)c2C1,中毒,12.699276,9.064924
O=C1c2ccccc2CCN1C(=O)c1nn[nH]c1N(Cc1ccccc1)Cc1ccccc1,中毒,51.05621,25.292307
O=C(c1nn[nH]c1N(Cc1ccccc1)Cc1ccccc1)P(=O)(Oc1ccccc1)SC(F)Cl,中毒,10.214476,37.94758
O=C(c1nn[nH]c1N(Cc1ccccc1)Cc1ccccc1)C(O)c1ccc([N+](=O)[O-])cc1,高毒,5.6544914,35.110603
O=C(c1ccn(-c2nccc(O)n2)n1)c1nn[nH]c1N(Cc1ccccc1)Cc1ccccc1,低毒,19.935295,27.938585
O=C(c1nn[nH]c1N(Cc1ccccc1)Cc1ccccc1)c1csc2ccc(Cl)c(Cl)c12,中毒,16.88301,31.340326
O=C(c1cc(S(=O)(=O)Nc2nnns2)ccc1F)c1nn[nH]c1N(Cc1ccccc1)Cc1ccccc1,中毒,17.153353,20.081724
O=C(c1nn[nH]c1N(Cc1ccccc1)Cc1ccccc1)S(=O)(=O)c1cc(O)c(O)cc1[N+](=O)[O-],中毒,11.263133,36.43664
O=C(c1nn[nH]c1N(Cc1ccccc1)Cc1ccccc1)N1CCN=C1c1ccsc1,中毒,19.006163,36.751934
O=C(C1=[N+]c2cccc([N+](=O)[O-])c2S1)c1nn[nH]c1N(Cc1ccccc1)Cc1ccccc1,中毒,10.403757,17.723095
O=C(c1nn[nH]c1N(Cc1ccccc1)Cc1ccccc1)N(c1ccccc1)S(=O)(=O)C(F)(F)Br,中毒,15.311352,24.190392
O=C(c1nn[nH]c1N(Cc1ccccc1)Cc1ccccc1)c1[nH]nc2ncsc12,低毒,11.266015,44.41914
O=C(c1cn[nH]c1C(F)(F)F)c1nn[nH]c1N(Cc1ccccc1)Cc1ccccc1,中毒,10.985851,61.784237
O=C(c1nn[nH]c1N(Cc1ccccc1)Cc1ccccc1)c1cccc2sc(Br)cc12,中毒,10.18136,42.0599
O=C(c1ccccc1NCc1csc(Cl)n1)c1nn[nH]c1N(Cc1ccccc1)Cc1ccccc1,中毒,8.914906,34.50007
O=C(c1nn[nH]c1N(Cc1ccccc1)Cc1ccccc1)c1n[nH]c2cc(F)ccc12,低毒,24.804375,35.710007
O=C(c1cs[n+]([O-])c1SSSN1CCSS1)c1nn[nH]c1N(Cc1ccccc1)Cc1ccccc1,中毒,25.776829,20.86515
O=C(Oc1cc(Br)ccc1Br)c1nn[nH]c1N(Cc1ccccc1)Cc1ccccc1,低毒,7.8512588,29.31195
O=C(c1cncc(Cl)c1Cl)c1nn[nH]c1N(Cc1ccccc1)Cc1ccccc1,中毒,11.52883,22.491127
O=C(c1csc(NCCCn2cnc3ccnc[n+]32)n1)c1nn[nH]c1N(Cc1ccccc1)Cc1ccccc1,低毒,15.321269,18.984915
O=C(c1nn[nH]c1N(Cc1ccccc1)Cc1ccccc1)c1c[nH][nH]c1=S,低毒,6.408584,76.355995
O=C(c1ccc(C(F)(F)F)c(Cl)c1)c1nn[nH]c1N(Cc1ccccc1)Cc1ccccc1,低毒,5.5928907,30.202047
O=C(c1nn[nH]c1N(Cc1ccccc1)Cc1ccccc1)C1CN(CCF)CC([N+](=O)[O-])S1,中毒,23.007318,23.279589
O=C(c1cccc(F)c1F)c1nn[nH]c1N(Cc1ccccc1)Cc1ccccc1,中毒,11.198199,20.880424
O=C(c1nn[nH]c1N(Cc1ccccc1)Cc1ccccc1)c1n[nH]c2ccc3[nH]ncc3c12,低毒,17.162825,62.66939
O=C(c1nn[nH]c1N(Cc1ccccc1)Cc1ccccc1)N1CC2OC2C1(F)I,中毒,11.240643,15.949457
O=C(c1nn[nH]c1N(Cc1ccccc1)Cc1ccccc1)P(=O)(O)Cc1ccccc1,中毒,7.762915,51.01637
O=C(c1ccc2nn[nH]c2n1)c1nn[nH]c1N(Cc1ccccc1)Cc1ccccc1,低毒,7.341082,31.892649
O=C(c1nn[nH]c1N(Cc1ccccc1)Cc1ccccc1)c1scc(CCN2CCOCC2)c1Cl,中毒,18.293655,36.01734
O=C(C(Cl)=C(Cl)Cl)c1nn[nH]c1N(Cc1ccccc1)Cc1ccccc1,高毒,13.15102,56.60067
O=C(c1nn[nH]c1N(Cc1ccccc1)Cc1ccccc1)C1C=CCC(c2c[nH]c3ccccc23)C1,中毒,12.764218,25.028572
O=C(c1nn[nH]c1N(Cc1ccccc1)Cc1ccccc1)c1c(F)cc(F)cc1F,中毒,11.198199,20.880424
O=C(c1csc(N=CNN=Cc2ccn3cccc3c2)n1)c1nn[nH]c1N(Cc1ccccc1)Cc1ccccc1,低毒,12.446243,41.392582
O=C(c1nn[nH]c1N(Cc1ccccc1)Cc1ccccc1)c1onnc1-c1c[nH]c2ccccc12,中毒,28.430857,44.304943
O=C(CCO[N+](=O)[O-])c1nn[nH]c1N(Cc1ccccc1)Cc1ccccc1,高毒,7.762915,52.825184
O=C(c1nn[nH]c1N(Cc1ccccc1)Cc1ccccc1)c1c(OC(F)(F)F)cc2n(c1=S)C=CC2,中毒,19.431337,78.76486
O=C(NN=Cc1ccccc1-c1cc2c(cn1)N2c1ccccc1[N+](=O)[O-])c1nn[nH]c1N(Cc1ccccc1)Cc1ccccc1,中毒,18.868387,25.937601
O=C(c1nn[nH]c1N(Cc1ccccc1)Cc1ccccc1)C(NC(=S)Nc1ccccc1F)C(F)(F)F,中毒,9.508726,48.05892
O=C(c1ccc(Cl)nc1N1CCC(Br)=N1)c1nn[nH]c1N(Cc1ccccc1)Cc1ccccc1,中毒,28.412975,11.627519
O=C(c1nn[nH]c1N(Cc1ccccc1)Cc1ccccc1)c1[nH]cnc1CNc1ccccc1,低毒,12.577518,114.26189
O=C(c1nn[nH]c1N(Cc1ccccc1)Cc1ccccc1)c1nc2ccccc2n1-c1nnc(Br)s1,低毒,24.55585,29.869762
O=C(NC12CC3CC(CC(C3)C1)C2)c1nn[nH]c1N(Cc1ccccc1)Cc1ccccc1,中毒,25.791578,44.05577
O=C(C1=C(c2cc3c(cc2Cl)OCO3)CCC1)c1nn[nH]c1N(Cc1ccccc1)Cc1ccccc1,中毒,15.588107,13.107708
O=C(c1ccc[n+]([O-])c1)c1nn[nH]c1N(Cc1ccccc1)Cc1ccccc1,中毒,11.656905,21.343252
O=C(C1=CC=C=C(Br)C=C1OCc1cnc2[nH]ccc2c1F)c1nn[nH]c1N(Cc1ccccc1)Cc1ccccc1,中毒,18.178297,35.050114
O=C(c1nn[nH]c1N(Cc1ccccc1)Cc1ccccc1)P(=O)(NO)OCc1cnccn1,中毒,16.613386,20.710722
O=C(c1nn[nH]c1N(Cc1ccccc1)Cc1ccccc1)N1CCc2cccc(O)c2C1,中毒,51.05621,31.787851
O=C(c1nn[nH]c1N(Cc1ccccc1)Cc1ccccc1)S(=O)(=O)c1cc(C(F)(F)F)cc(C(F)(F)F)c1O,中毒,8.715496,42.169224
O=C(Sc1ccco1)c1nn[nH]c1N(Cc1ccccc1)Cc1ccccc1,低毒,11.599915,29.516987
O=C(c1cc([N+](=O)[O-])sc1CO)c1nn[nH]c1N(Cc1ccccc1)Cc1ccccc1,中毒,8.053781,18.234488
O=C(c1nn[nH]c1N(Cc1ccccc1)Cc1ccccc1)[SH](=O)=O,低毒,8.749429,69.663536
O=C(c1nn[nH]c1N(Cc1ccccc1)Cc1ccccc1)N1CONC(=C=S)C1,中毒,22.109169,35.186176
O=C(c1nn[nH]c1N(Cc1ccccc1)Cc1ccccc1)[SH](c1cc(Cl)ccc1Cl)S(=O)(=NCBr)c1cccnc1,中毒,20.650833,25.260447
O=C(c1nn[nH]c1N(Cc1ccccc1)Cc1ccccc1)c1n[nH]c2c[n+]([O-])sc12,低毒,20.157318,33.836864
O=C(c1nn[nH]c1N(Cc1ccccc1)Cc1ccccc1)c1ccnc2cc(Cl)ncc12,中毒,28.016949,54.02965
O=C(c1nn[nH]c1N(Cc1ccccc1)Cc1ccccc1)S(F)(F)CF,高毒,16.215818,42.069656
O=C(c1nn[nH]c1N(Cc1ccccc1)Cc1ccccc1)c1c(-n2ccnc2)c2ccccc2n1-c1onc2cc(O)ccc12,中毒,14.472822,18.004591
O=C(c1nn[nH]c1N(Cc1ccccc1)Cc1ccccc1)[SH](CCl)S(=O)(=O)[O-],低毒,12.700099,10.82289
O=C(c1nn[nH]c1N(Cc1ccccc1)Cc1ccccc1)N(F)C(F)F,低毒,7.8871183,13.016971
O=C(SCc1ccc(Br)cc1)c1nn[nH]c1N(Cc1ccccc1)Cc1ccccc1,低毒,8.719819,41.86337
O=C(c1nonc1NS(=O)(=O)CBr)c1nn[nH]c1N(Cc1ccccc1)Cc1ccccc1,中毒,22.98303,24.992413
O=C(c1ccc2nc3n(c2n1)CCCC3)c1nn[nH]c1N(Cc1ccccc1)Cc1ccccc1,低毒,13.591781,9.361116
O=C(c1nn[nH]c1N(Cc1ccccc1)Cc1ccccc1)C12Cc3c(ccc4[nH]ccc34)[SH]1C=N2,中毒,17.788662,51.41935
O=C(c1nn[nH]c1N(Cc1ccccc1)Cc1ccccc1)[S+]([O-])NCc1ccccc1I,低毒,9.266924,67.97694
O=C(Nc1c(Cl)cc(C(F)(F)F)cc1Br)C1C2C=CC(C2)C1C(=O)c1nn[nH]c1N(Cc1ccccc1)Cc1ccccc1,中毒,16.744772,16.946665
O=C(c1nn[nH]c1N(Cc1ccccc1)Cc1ccccc1)c1snnc1NC12CC3CC(C1)C(F)C(C3)C2,中毒,22.046543,57.131374
O=C(c1nn[nH]c1N(Cc1ccccc1)Cc1ccccc1)C1NCONO1,中毒,8.443051,58.265022
O=C(c1cc(Cl)ccc1SOc1ccc(F)cc1F)c1nn[nH]c1N(Cc1ccccc1)Cc1ccccc1,低毒,12.093837,17.04264
O=C(c1ccc2ncccc2c1)c1nn[nH]c1N(Cc1ccccc1)Cc1ccccc1,低毒,11.752215,34.50007
O=C(c1nn[nH]c1N(Cc1ccccc1)Cc1ccccc1)c1scc(Br)c1Cl,中毒,12.093837,22.320736
O=C(c1noc(=S)s1)c1nn[nH]c1N(Cc1ccccc1)Cc1ccccc1,微毒,10.324217,247.87025
NC(=O)c1ccc2oc(C(O)=CC(=O)c3nn[nH]c3N(Cc3ccccc3)Cc3ccccc3)nc2c1,中毒,11.17424,45.65333
O=C(c1nn[nH]c1N(Cc1ccccc1)Cc1ccccc1)N1Cc2ccccc2C1,中毒,16.700197,24.06637
O=C(c1nn[nH]c1N(Cc1ccccc1)Cc1ccccc1)N1CCc2ccc(Br)cc2C1,中毒,51.05621,38.278908
O=C(NN1CCCCC1)c1nn[nH]c1N(Cc1ccccc1)Cc1ccccc1,中毒,33.6037,22.836445
O=C(c1nn[nH]c1N(Cc1ccccc1)Cc1ccccc1)c1cc2ccccc2sc1=O,中毒,8.620802,31.503962
O=C(c1cc2sccc2s1)c1nn[nH]c1N(Cc1ccccc1)Cc1ccccc1,中毒,8.915991,43.79421
O=C1Nc2ccc(I)cc2CC1C(=O)c1nn[nH]c1N(Cc1ccccc1)Cc1ccccc1,中毒,25.776829,21.042154
O=C(c1nc(=O)[nH]o1)c1nn[nH]c1N(Cc1ccccc1)Cc1ccccc1,低毒,13.81201,54.370132
O=C(c1nn[nH]c1N(Cc1ccccc1)Cc1ccccc1)C1(c2ccc(O)cc2)N=NC=Nc2cnccc21,中毒,15.967483,51.085957
O=C(c1cc(Cl)ccc1OCCCO)c1nn[nH]c1N(Cc1ccccc1)Cc1ccccc1,中毒,8.1790285,19.154457
O=C(c1nc2ccsc2c(=O)[nH]1)c1nn[nH]c1N(Cc1ccccc1)Cc1ccccc1,中毒,15.080373,63.745907
O=C(c1cc(F)c[nH]1)c1nn[nH]c1N(Cc1ccccc1)Cc1ccccc1,低毒,7.373314,34.50007
O=C(c1nn[nH]c1N(Cc1ccccc1)Cc1ccccc1)S(=O)(=O)Cl,高毒,8.749429,69.663536
O=C(c1cc(F)cc(Br)c1N=CC1CS1)c1nn[nH]c1N(Cc1ccccc1)Cc1ccccc1,中毒,13.954158,46.114365
O=C(c1nn[nH]c1N(Cc1ccccc1)Cc1ccccc1)[SH](Oc1ccccc1)c1ccccc1,中毒,6.6827354,21.95457
O=C(c1nn[nH]c1N(Cc1ccccc1)Cc1ccccc1)N1CCOP(=O)(Nc2ccccn2)O1,中毒,8.716629,15.995259
O=C(c1nn[nH]c1N(Cc1ccccc1)Cc1ccccc1)N1C2CCC1CN(c1nnc(-c3nccs3)s1)C2,中毒,23.1502,18.172535
CC12CCC3CC1CC(C(=O)c1nn[nH]c1N(Cc1ccccc1)Cc1ccccc1)(C3)C2=O,中毒,10.257015,10.310754
O=C(c1cnn2c1NC=NC2c1ccns1)c1nn[nH]c1N(Cc1ccccc1)Cc1ccccc1,低毒,38.069122,29.470842
O=C(c1nn[nH]c1N(Cc1ccccc1)Cc1ccccc1)C1CCOC(C=Cc2c(F)cccc2N2CCOCC2)=NC1,中毒,32.527374,26.388184
O=C(c1nn[nH]c1N(Cc1ccccc1)Cc1ccccc1)C1COCC2OCCOC2OO1,中毒,29.47144,35.001637
O=C(c1ccc([S+]([O-])Cc2ccccc2)cc1)c1nn[nH]c1N(Cc1ccccc1)Cc1ccccc1,低毒,9.005822,35.486233
O=C(c1nn[nH]c1N(Cc1ccccc1)Cc1ccccc1)N1N=NS(=O)(=O)C1c1cc[nH]n1,中毒,12.989883,27.297066
O=C(c1cc(I)ccc1F)c1nn[nH]c1N(Cc1ccccc1)Cc1ccccc1,中毒,12.099053,20.880424
O=C(c1nn[nH]c1N(Cc1ccccc1)Cc1ccccc1)N1CC(Oc2ncccc2F)CC1c1cn(-c2ccc(N3CCCCC3)cc2)nn1,中毒,13.700424,16.342396
O=C(C1=C(O)CC(COc2c(F)cccc2F)C1=O)c1nn[nH]c1N(Cc1ccccc1)Cc1ccccc1,低毒,17.402405,31.68471
O=C(OCOc1c(Cl)cc(Cl)cc1Cl)c1nn[nH]c1N(Cc1ccccc1)Cc1ccccc1,高毒,6.697259,25.876787
O=C(c1nn[nH]c1N(Cc1ccccc1)Cc1ccccc1)S(=O)(=O)c1cccc(F)c1Cl,中毒,10.605527,27.685015
O=C(c1conc1NS(=O)(=O)c1cccc(Br)c1Br)c1nn[nH]c1N(Cc1ccccc1)Cc1ccccc1,中毒,13.5678425,27.236069
O=C(c1ccc2nc[nH]c2c1)c1nn[nH]c1N(Cc1ccccc1)Cc1ccccc1,中毒,11.346509,34.50007
O=C([O-])c1nn[nH]c1N(Cc1ccccc1)Cc1ccccc1,高毒,6.697259,34.70963
Nc1ccc(C(=O)c2nn[nH]c2N(Cc2ccccc2)Cc2ccccc2)cc1,低毒,4.41106,34.50007
O=C(c1nn[nH]c1N(Cc1ccccc1)Cc1ccccc1)C1CCCc2cc(Oc3scnc3Cl)ccc21,中毒,26.373707,20.54192
O=C(c1cccnn1)c1nn[nH]c1N(Cc1ccccc1)Cc1ccccc1,低毒,13.831424,56.669506
O=C(C1=CC2=CC=C(N1)N(c1nc3c(s1)CCCN3)CC(O)CNS2(=O)=O)c1nn[nH]c1N(Cc1ccccc1)Cc1ccccc1,中毒,29.349339,10.785887
O=C(C1=CC=CNC=C1)c1nn[nH]c1N(Cc1ccccc1)Cc1ccccc1,高毒,16.650557,36.587296
O=C(c1nn[nH]c1N(Cc1ccccc1)Cc1ccccc1)c1c[nH]c2ccc(Cl)cc12,中毒,32.289127,21.234655
O=C(c1nn[nH]c1N(Cc1ccccc1)Cc1ccccc1)c1noc2ccncc12,中毒,7.964055,31.833063
O=C(c1nn[nH]c1N(Cc1ccccc1)Cc1ccccc1)c1c(O)c[n+]([O-])cc1Br,中毒,11.494303,19.154457
O=C(c1nn[nH]c1N(Cc1ccccc1)Cc1ccccc1)c1ccnc2ccccc12,中毒,32.289127,36.282906
O=C(c1nn[nH]c1N(Cc1ccccc1)Cc1ccccc1)c1occ(NC2COC2)c1F,中毒,15.191897,58.669834
O=C1COc2cnnn2C(c2cccc(OC(F)(F)F)c2)N1C(=O)c1nn[nH]c1N(Cc1ccccc1)Cc1ccccc1,中毒,21.267012,13.017568
O=C(c1nn[nH]c1N(Cc1ccccc1)Cc1ccccc1)C1CCCN(Cc2ccccn2)C1,中毒,18.33057,19.543621
O=C(c1nn[nH]c1N(Cc1ccccc1)Cc1ccccc1)C1C=C(Br)C1,中毒,9.75961,34.378227
O=C(c1nn[nH]c1N(Cc1ccccc1)Cc1ccccc1)c1n[nH]n2cc3sc4c(c3c12)CCSC4,中毒,33.654903,30.258673
O=C(c1nn[nH]c1N(Cc1ccccc1)Cc1ccccc1)S(=O)I,低毒,20.81948,34.50007
O=C(c1nnco1)c1nn[nH]c1N(Cc1ccccc1)Cc1ccccc1,低毒,21.282814,63.712284
O=C(c1csc(Nc2ccc(Cl)c(Cl)c2)n1)c1nn[nH]c1N(Cc1ccccc1)Cc1ccccc1,低毒,11.457233,10.611208
O=C(Oc1nsc2ccccc12)c1nn[nH]c1N(Cc1ccccc1)Cc1ccccc1,低毒,19.944204,12.62172
O=C(c1nn[nH]c1N(Cc1ccccc1)Cc1ccccc1)C1(O)CC2CCC1C2,中毒,10.633359,27.173529
O=C(c1nn[nH]c1N(Cc1ccccc1)Cc1ccccc1)c1cccn1CC(F)(F)Br,低毒,18.275055,64.433624
O=Cc1cccc2c1cc1n2C2CC(NC(=O)c3nn[nH]c3N(Cc3ccccc3)Cc3ccccc3)C2C1,中毒,14.593802,16.255348
O=C(c1nn[nH]c1N(Cc1ccccc1)Cc1ccccc1)c1cn(CCCNS(=O)(=O)c2ccnc3cc[nH]c23)c2ccc(O)cc12,中毒,54.74794,10.829136
O=C(c1nn[nH]c1N(Cc1ccccc1)Cc1ccccc1)C(O)c1ccco1,中毒,5.014996,26.69869
O=C(c1nncs1)c1nn[nH]c1N(Cc1ccccc1)Cc1ccccc1,低毒,11.425724,42.954765
O=C(c1nn[nH]c1N(Cc1ccccc1)Cc1ccccc1)[n+]1coc2cccnc2c1=S,中毒,45.016445,61.61067
O=C(c1nn[nH]c1N(Cc1ccccc1)Cc1ccccc1)S(=O)(=O)SCc1ccccc1,低毒,20.149784,68.13849
O=C(c1cn(-c2ccccn2)nn1)c1nn[nH]c1N(Cc1ccccc1)Cc1ccccc1,中毒,14.413501,54.217167
O=C1C(CN2C(=O)c3ccccc32)=COc2ccc(Br)cc2C=C1C(=O)c1nn[nH]c1N(Cc1ccccc1)Cc1ccccc1,中毒,19.480474,27.759993
O=C(Sc1ccc(=O)[nH]n1)c1nn[nH]c1N(Cc1ccccc1)Cc1ccccc1,低毒,24.477571,41.619003
O=C(C1=C(N2CCOCC2)CCCN(Cc2c[nH]cn2)C1)c1nn[nH]c1N(Cc1ccccc1)Cc1ccccc1,中毒,20.030642,37.13638
O=C(c1nn[nH]c1N(Cc1ccccc1)Cc1ccccc1)C(C[N+](=O)[O-])c1nccs1,中毒,11.597307,36.939735
O=C(c1cnc(C2CCCCC2)s1)c1nn[nH]c1N(Cc1ccccc1)Cc1ccccc1,低毒,9.367307,31.271025
O=C(c1nn[nH]c1N(Cc1ccccc1)Cc1ccccc1)C12CCC(CC1)C2,高毒,10.257015,10.310754
O=C(c1nn[nH]c1N(Cc1ccccc1)Cc1ccccc1)[SH](c1cccnc1)c1cc([N+](=O)[O-])cc([N+](=O)[O-])c1,低毒,15.319923,29.50695
O=C(c1nn[nH]c1N(Cc1ccccc1)Cc1ccccc1)c1n[nH]c2ccc(C(F)(F)F)cc12,中毒,18.77548,54.285847
O=C(c1nn[nH]c1N(Cc1ccccc1)Cc1ccccc1)S(=O)(=O)Nc1cscn1,低毒,13.602305,69.05167
O=C(c1nn[nH]c1N(Cc1ccccc1)Cc1ccccc1)C(Cl)CCl,高毒,7.0650444,56.60067
O=C(c1nn[nH]c1N(Cc1ccccc1)Cc1ccccc1)N1CCCCCC2(CCNc3ncnn32)C1,中毒,15.483756,17.073547
O=C(c1ccc2ocnc2c1)c1nn[nH]c1N(Cc1ccccc1)Cc1ccccc1,中毒,10.722127,108.79434
O=C(c1nn[nH]c1N(Cc1ccccc1)Cc1ccccc1)C1c2ccccc2N(C(=O)c2ccoc2)c2occc21,中毒,14.501963,25.108006
O=C(c1nn[nH]c1N(Cc1ccccc1)Cc1ccccc1)[S+]([O-])c1ccccc1,中毒,5.7167673,28.241728
N#CC1(N(CCN(C(=O)c2nn[nH]c2N(Cc2ccccc2)Cc2ccccc2)c2ncnc3ccccc23)c2ccc(F)cc2)CCC1,中毒,18.479597,17.765036
O=C(C1=NNc2ccc(OCS(=O)(=O)O)cc2SC1=S)c1nn[nH]c1N(Cc1ccccc1)Cc1ccccc1,中毒,15.641421,78.40149
O=C(c1nn[nH]c1N(Cc1ccccc1)Cc1ccccc1)c1snnc1C(F)(F)F,低毒,8.532002,39.76487
O=C(c1nn[nH]c1N(Cc1ccccc1)Cc1ccccc1)c1c(Cl)c[nH]c(=O)[n+]1[O-],低毒,24.176207,14.101109
O=C(c1cccc(Cc2n[nH]c(=O)c3ccccc23)n1)c1nn[nH]c1N(Cc1ccccc1)Cc1ccccc1,低毒,16.747879,31.989012
O=C(c1cnn(-n2ncc3ccccc32)c1Cl)c1nn[nH]c1N(Cc1ccccc1)Cc1ccccc1,低毒,26.757008,8.78761
O=C(c1ccnc(-n2ccnc2)c1)c1nn[nH]c1N(Cc1ccccc1)Cc1ccccc1,低毒,11.164856,66.59727
O=C(Oc1cccc(O)c1)c1nn[nH]c1N(Cc1ccccc1)Cc1ccccc1,低毒,8.569115,34.70963
O=C(c1ncon1)c1nn[nH]c1N(Cc1ccccc1)Cc1ccccc1,低毒,8.22233,20.845585
O=C(ONF)c1nn[nH]c1N(Cc1ccccc1)Cc1ccccc1,高毒,8.569115,34.70963
O=C(c1cc[n+](Cc2ccc(Cl)c(Cl)c2)s1)c1nn[nH]c1N(Cc1ccccc1)Cc1ccccc1,低毒,28.581865,41.419765
O=C(c1nn[nH]c1N(Cc1ccccc1)Cc1ccccc1)C1(c2ccccc2)Cc2ccccc21,中毒,22.010754,36.23164
O=C(c1ccc(F)cn1)c1nn[nH]c1N(Cc1ccccc1)Cc1ccccc1,低毒,7.373314,34.285435
O=C(c1nn[nH]c1N(Cc1ccccc1)Cc1ccccc1)N1CN(OCC=Cc2ccco2)CNC(S)=N1,中毒,19.000946,22.023348
N#S([O-])(F)N1CCN(C(=O)c2nn[nH]c2N(Cc2ccccc2)Cc2ccccc2)C(CO)C1,中毒,11.437102,10.952536
O=C(NOCN1Cc2ccccc2Oc2cc3ccccc3nc2-c2[nH]c3ccccc3c21)c1nn[nH]c1N(Cc1ccccc1)Cc1ccccc1,中毒,11.947973,14.629804
O=C(c1nn[nH]c1N(Cc1ccccc1)Cc1ccccc1)[SH](Cc1ccc(F)cc1)c1sc2ccncc2c1Cl,中毒,11.704087,21.773174
O=C(c1ccc2nc(O)ccc2n1)c1nn[nH]c1N(Cc1ccccc1)Cc1ccccc1,低毒,9.262899,26.780586
O=C(C1=C(N2CCNOC2)C(=O)N1CCBr)c1nn[nH]c1N(Cc1ccccc1)Cc1ccccc1,中毒,20.52754,14.950564
O=C(c1nn[nH]c1N(Cc1ccccc1)Cc1ccccc1)N1CCNC(c2cc3c(cc2F)OCO3)CC1,中毒,14.871914,14.299376
O=C(c1nn[nH]c1N(Cc1ccccc1)Cc1ccccc1)S(=O)(=O)c1c[nH]nc1C1CCC1,中毒,13.42887,51.595737
O=C(c1nn[nH]c1N(Cc1ccccc1)Cc1ccccc1)c1coc2c(F)ccc[n+]12,低毒,19.286144,64.234535
O=C(c1nn[nH]c1N(Cc1ccccc1)Cc1ccccc1)C(C1=Cc2ccncc2S1(=O)=O)c1cccnc1Cl,中毒,18.615591,18.950714
O=C(c1nn[nH]c1N(Cc1ccccc1)Cc1ccccc1)[N+]([O-])=C1N(CCO)N1c1cccc(CO)n1,中毒,19.82389,25.271751
O=C(c1nn2cnnc2[nH]1)c1nn[nH]c1N(Cc1ccccc1)Cc1ccccc1,低毒,11.067748,41.86337
O=C(c1nn[nH]c1N(Cc1ccccc1)Cc1ccccc1)[SH](=O)(CCl)c1nc2ccccc2[nH]1,中毒,13.532735,41.538986
O=C(c1nn[nH]c1N(Cc1ccccc1)Cc1ccccc1)C1CC=CCN1CO,中毒,9.150938,45.45388
O=C(c1ccnc(F)n1)c1nn[nH]c1N(Cc1ccccc1)Cc1ccccc1,低毒,19.014114,37.08333
O=C(ON1C=CS(=O)(=O)C1O)c1nn[nH]c1N(Cc1ccccc1)Cc1ccccc1,中毒,12.767414,31.537678
O=C(c1c[nH][nH]1)c1nn[nH]c1N(Cc1ccccc1)Cc1ccccc1,低毒,12.907729,34.50007
O=C(c1ccc(F)c(F)c1)c1nn[nH]c1N(Cc1ccccc1)Cc1ccccc1,中毒,10.063705,20.880424
O=C(c1nocc1Br)c1nn[nH]c1N(Cc1ccccc1)Cc1ccccc1,中毒,7.670796,29.762762
O=C(c1nn[nH]c1N(Cc1ccccc1)Cc1ccccc1)[n+]1cccs1,中毒,14.518201,22.595478
O=C(c1nn[nH]c1N(Cc1ccccc1)Cc1ccccc1)C(F)(F)OC1CCS(=O)(=O)CC1,高毒,8.309762,98.95927
O=C(c1cocc1Br)c1nn[nH]c1N(Cc1ccccc1)Cc1ccccc1,低毒,4.0141077,64.433624
O=C(c1nn[nH]c1N(Cc1ccccc1)Cc1ccccc1)c1snnc1Nc1ccnc(C(Cl)(Cl)c2cscn2)c1Cl,中毒,10.123259,28.474678
O=C(c1nn[nH]c1N(Cc1ccccc1)Cc1ccccc1)c1cccn1-c1cc(Cl)cc(Cl)n1,中毒,13.961775,28.441448
O=C(c1nsc(Cl)n1)c1nn[nH]c1N(Cc1ccccc1)Cc1ccccc1,低毒,7.7929916,41.60291
O=C(c1ccc2nc[nH]c2c1Cl)c1nn[nH]c1N(Cc1ccccc1)Cc1ccccc1,中毒,28.336329,32.35644
O=C(c1nn[nH]c1N(Cc1ccccc1)Cc1ccccc1)c1c[nH]c2cnccc12,中毒,56.1323,21.234655
O=C(c1cccnc1P(=O)(O)O)c1nn[nH]c1N(Cc1ccccc1)Cc1ccccc1,中毒,35.119934,30.418646
O=C(c1nn[nH]c1N(Cc1ccccc1)Cc1ccccc1)c1oc(Br)cc1Br,中毒,4.0141077,39.501667
O=C(Sc1cccc(Cl)c1)c1nn[nH]c1N(Cc1ccccc1)Cc1ccccc1,中毒,7.8894644,29.393785
O=C(c1nn[nH]c1N(Cc1ccccc1)Cc1ccccc1)c1occc1[N+](=O)[O-],低毒,9.905926,58.308685
O=C(c1cccnc1Oc1ccc2c(c1)OCO2)c1nn[nH]c1N(Cc1ccccc1)Cc1ccccc1,中毒,12.555104,14.2869425
O=C(c1nn[nH]c1N(Cc1ccccc1)Cc1ccccc1)N1CCN(CC=CN2c3nocc3Sc3cnnn32)CC1,中毒,38.64638,26.141651
O=C(c1nn[nH]c1N(Cc1ccccc1)Cc1ccccc1)n1cc2ccccc2nc1=O,中毒,21.57915,32.341473
O=C(c1nn[nH]c1N(Cc1ccccc1)Cc1ccccc1)C(O)c1sccc1Cl,高毒,11.020657,38.660896
O=C(c1nn[nH]c1N(Cc1ccccc1)Cc1ccccc1)S(=O)(=O)c1n[nH]s1,中毒,8.749429,45.024048
O=C(c1nn[nH]c1N(Cc1ccccc1)Cc1ccccc1)N1CCc2c[nH]nc2C1,中毒,16.74059,23.58872
O=C(c1cn(Cl)cn1)c1nn[nH]c1N(Cc1ccccc1)Cc1ccccc1,中毒,12.769598,54.278397
O=C(c1cc(Cl)ccc1-c1ccc(Cl)cc1I)c1nn[nH]c1N(Cc1ccccc1)Cc1ccccc1,低毒,8.64644,32.63324
O=C(c1nn[nH]c1N(Cc1ccccc1)Cc1ccccc1)C(S)(c1cccc(NCc2ccc(F)cc2)c1)n1sc2cc(F)cc(F)c21,中毒,27.493057,19.976124
O=C(c1nn[nH]c1N(Cc1ccccc1)Cc1ccccc1)n1cccn1,高毒,11.58259,14.951705
O=C(c1nn[nH]c1N(Cc1ccccc1)Cc1ccccc1)S(=O)(=O)c1c(F)c(F)c(F)c2[nH]c(=O)c(Cl)nc12,中毒,20.508049,53.031006
O=C(c1n[nH]cc1Br)c1nn[nH]c1N(Cc1ccccc1)Cc1ccccc1,中毒,12.074834,56.669506
O=C(c1nn[nH]c1N(Cc1ccccc1)Cc1ccccc1)c1nnnn1C1CS(=O)(=O)CO1,低毒,18.203114,29.450325
O=C(c1cccc(CCc2coc3c(Br)nc(NN=Cc4ccncc4)cc23)c1)c1nn[nH]c1N(Cc1ccccc1)Cc1ccccc1,中毒,14.581735,54.259506
O=C(c1nn[nH]c1N(Cc1ccccc1)Cc1ccccc1)C(Sn1cnc[n+]1[O-])c1ccccc1,中毒,19.586658,37.194077
O=C(NOCc1cncnn1)c1nn[nH]c1N(Cc1ccccc1)Cc1ccccc1,低毒,10.031383,25.348381
O=C(c1nn[nH]c1N(Cc1ccccc1)Cc1ccccc1)C(Cl)I,高毒,9.924359,42.472836
O=C(c1nn[nH]c1N(Cc1ccccc1)Cc1ccccc1)N(O)C1CC1C(Cl)Cl,低毒,11.095194,19.50927
O=C(c1nn[nH]c1N(Cc1ccccc1)Cc1ccccc1)c1c(Cl)sc[n+]1CS(=O)(=O)c1ccc(Cl)cc1,中毒,24.291565,30.251978
O=C(Oc1ccccc1)N(C(=O)c1nn[nH]c1N(Cc1ccccc1)Cc1ccccc1)c1cccc([N+](=O)[O-])c1,中毒,8.155952,31.574812
O=C(c1nn[nH]c1N(Cc1ccccc1)Cc1ccccc1)c1[nH]cnc1Sc1ccccc1I,低毒,35.887302,30.293102
O=C(c1n[nH][nH]1)c1nn[nH]c1N(Cc1ccccc1)Cc1ccccc1,低毒,11.61752,41.86337
O=C(O)C(C(=O)c1nn[nH]c1N(Cc1ccccc1)Cc1ccccc1)c1noc2cccc(Br)c12,中毒,9.809204,36.678726
O=C(c1nn[nH]c1N(Cc1ccccc1)Cc1ccccc1)S(=O)(=O)c1c(F)cc(C2CC2)c(F)c1F,中毒,13.357855,27.936745
O=C(c1nn[nH]c1N(Cc1ccccc1)Cc1ccccc1)S(=O)(=O)C(F)(F)F,高毒,13.602305,38.125317
O=C(c1nn[nH]c1N(Cc1ccccc1)Cc1ccccc1)[SH](c1ccncn1)C1(O)CSOC1C[N+](=O)[O-],中毒,12.740954,14.418226
O=C(c1ccc(N2CCOCC2)c([N+](=O)[O-])c1)c1nn[nH]c1N(Cc1ccccc1)Cc1ccccc1,低毒,11.968117,18.23625
O=C(C1=NN2C3=CC=CC(=C1)C2C=CC=C3)c1nn[nH]c1N(Cc1ccccc1)Cc1ccccc1,中毒,29.187904,26.336575
O=C(c1nn[nH]c1N(Cc1ccccc1)Cc1ccccc1)[P+](c1c[nH]cn1)(c1c(F)cccc1F)C(Br)(Br)I,中毒,22.052814,19.369602
O=C(c1nn[nH]c1N(Cc1ccccc1)Cc1ccccc1)C1CSCN1S(=O)(=O)c1ccoc1,中毒,11.10097,59.919422
O=C(c1nn[nH]c1N(Cc1ccccc1)Cc1ccccc1)S(=O)O,高毒,9.436859,40.16329
O=C(C1=CCc2ccccc2C1)c1nn[nH]c1N(Cc1ccccc1)Cc1ccccc1,中毒,22.5112,60.52652
O=C(c1nn[nH]c1N(Cc1ccccc1)Cc1ccccc1)C(S)c1c[nH]c2ccccc12,高毒,12.228871,34.020462
O=C(c1nn[nH]c1N(Cc1ccccc1)Cc1ccccc1)C(O)c1ccc(I)cc1,高毒,5.6544914,34.65295
O=C(c1nn[nH]c1N(Cc1ccccc1)Cc1ccccc1)n1cnc2cc(F)ccc2c1=O,中毒,24.193094,28.048843
O=C(c1nn[nH]c1N(Cc1ccccc1)Cc1ccccc1)c1cn(Br)c2ccccc12,中毒,27.480194,15.029689
O=C(c1nn[nH]c1N(Cc1ccccc1)Cc1ccccc1)C1(c2ccccc2)OC2CC(F)(Cl)CCC2C1C(F)(F)F,中毒,48.89682,26.98486
O=C(c1nn[nH]c1N(Cc1ccccc1)Cc1ccccc1)N1CCCOCC1,中毒,8.7248335,22.088709
O=C(c1ccc(Br)cc1Cl)c1nn[nH]c1N(Cc1ccccc1)Cc1ccccc1,中毒,6.789446,34.049644
O=C(c1ccc([N+](=O)[O-])cc1Cl)c1nn[nH]c1N(Cc1ccccc1)Cc1ccccc1,低毒,12.693752,34.312782
O=C(c1nn[nH]c1N(Cc1ccccc1)Cc1ccccc1)[SH]1SC([N+](=O)[O-])N=C1NNO,中毒,9.265118,32.37445
O=C(c1nn[nH]c1N(Cc1ccccc1)Cc1ccccc1)c1[nH]cnc1Br,低毒,10.425412,54.16356
O=C(c1ccc(Br)nc1)c1nn[nH]c1N(Cc1ccccc1)Cc1ccccc1,中毒,7.5346804,20.880424
O=C(OCN1CC(O[N+](=O)[O-])CN(c2cnccn2)C1)c1nn[nH]c1N(Cc1ccccc1)Cc1ccccc1,中毒,13.171652,11.805491
O=C(c1nn[nH]c1N(Cc1ccccc1)Cc1ccccc1)c1cccc2c(F)cc(Cl)cc12,中毒,12.913775,22.491127
O=C(C1=C(O)OCO1)c1nn[nH]c1N(Cc1ccccc1)Cc1ccccc1,中毒,13.438321,71.86216
NS(=O)(=O)c1ccc(C(=O)c2nn[nH]c2N(Cc2ccccc2)Cc2ccccc2)cc1,中毒,7.5346804,29.762762
N#Cc1ccc2[nH]c(C(=O)c3nn[nH]c3N(Cc3ccccc3)Cc3ccccc3)cc2c1,低毒,17.3264,31.82146
O=C(c1nn[nH]c1N(Cc1ccccc1)Cc1ccccc1)N1CCCO1,低毒,6.4424667,18.477818
O=C(SCc1ccco1)c1nn[nH]c1N(Cc1ccccc1)Cc1ccccc1,低毒,11.868241,70.04605
O=C(C1=Cc2cccc3cccc1c23)c1nn[nH]c1N(Cc1ccccc1)Cc1ccccc1,高毒,9.06062,52.65105
O=C(c1nn[nH]c1N(Cc1ccccc1)Cc1ccccc1)N1CCc2ncn(Cc3ccncc3)c2CC1,中毒,10.849135,26.759102
O=C(c1nn[nH]c1N(Cc1ccccc1)Cc1ccccc1)N1CCc2onc(C(F)(F)F)c2C1=O,中毒,51.05621,42.33573
O=C(c1cc(OO)[nH]n1)c1nn[nH]c1N(Cc1ccccc1)Cc1ccccc1,低毒,13.831424,24.87028
O=C(Sc1cccnc1Cl)c1nn[nH]c1N(Cc1ccccc1)Cc1ccccc1,中毒,8.202985,18.0928
O=C(c1nn[nH]c1N(Cc1ccccc1)Cc1ccccc1)S(=O)(=O)c1cccnc1,中毒,10.917918,64.723854
O=C(c1nn[nH]c1N(Cc1ccccc1)Cc1ccccc1)c1cc(-c2cccs2)nn1C1CC1,中毒,71.444115,17.506626
O=C(c1cc2c(cn1)=c1[nH]cc(Cc3ccccc3Cl)c1=2)c1nn[nH]c1N(Cc1ccccc1)Cc1ccccc1,中毒,44.788063,16.724968
O=C(NC1N=C(O)CS1(=O)=O)c1nn[nH]c1N(Cc1ccccc1)Cc1ccccc1,低毒,11.196752,34.874435
O=C(c1nn[nH]c1N(Cc1ccccc1)Cc1ccccc1)N(CP(=O)(O)O)c1ccccc1,低毒,35.18771,24.619438
O=C(c1nn[nH]c1N(Cc1ccccc1)Cc1ccccc1)S(=S)c1ccccc1,中毒,7.8894644,48.29879
O=C(c1nc[nH]c1F)c1nn[nH]c1N(Cc1ccccc1)Cc1ccccc1,低毒,12.769598,54.16356
O=C(c1nn[nH]c1N(Cc1ccccc1)Cc1ccccc1)C1(c2ccccc2)ON=C1c1ccccc1COC(F)F,中毒,29.362795,37.990963
O=C(c1nn[nH]c1N(Cc1ccccc1)Cc1ccccc1)N1C(=O)N(O)CC1c1cccc(Cl)c1,中毒,20.900162,36.87901
O=C(c1nn[nH]c1N(Cc1ccccc1)Cc1ccccc1)N1CCN(c2cccs2)CC1,中毒,11.168056,12.310563
O=C(c1ccc(F)cc1-c1nncs1)c1nn[nH]c1N(Cc1ccccc1)Cc1ccccc1,低毒,16.249527,21.544544
O=C(c1nn[nH]c1N(Cc1ccccc1)Cc1ccccc1)c1sccc1O,低毒,8.1790285,21.033192
N#CC(C(=O)c1nn[nH]c1N(Cc1ccccc1)Cc1ccccc1)c1cc[nH]n1,中毒,7.0650444,43.504787
O=C(c1nn[nH]c1N(Cc1ccccc1)Cc1ccccc1)N1CCC(F)(F)C1,中毒,13.938914,11.862548
O=C(c1ccc2c(c1F)S(=O)(=O)CC2CBr)c1nn[nH]c1N(Cc1ccccc1)Cc1ccccc1,中毒,14.659369,85.34343
O=C(c1nn[nH]c1N(Cc1ccccc1)Cc1ccccc1)N1CCN2CC3CC[O+](O)OC(C2)C31,中毒,20.048592,24.36038
O=C(c1nn[nH]c1N(Cc1ccccc1)Cc1ccccc1)N(F)c1cccs1,低毒,11.111325,12.105145
O=C(c1nn[nH]c1N(Cc1ccccc1)Cc1ccccc1)c1c(Oc2ccccc2Cl)oc2cccnc12,低毒,17.69121,13.634651
O=C(c1nn[nH]c1N(Cc1ccccc1)Cc1ccccc1)S(=O)(=O)c1cccc2cscc12,中毒,8.715496,64.723854
O=C(c1coc(=O)[nH]1)c1nn[nH]c1N(Cc1ccccc1)Cc1ccccc1,低毒,7.7929916,101.04092
O=C(c1nn[nH]c1N(Cc1ccccc1)Cc1ccccc1)C1(Sc2ccns2)CS1,中毒,24.24389,46.432095
O=C(c1nn[nH]c1N(Cc1ccccc1)Cc1ccccc1)N(c1ccccc1)C12CC3CC(CC(C3)C1)C2,中毒,21.254622,42.925076
O=C(c1nn[nH]c1N(Cc1ccccc1)Cc1ccccc1)N1CCc2cccc3c2N1CC3,中毒,34.395607,27.665827
O=C(c1nn[nH]c1N(Cc1ccccc1)Cc1ccccc1)c1cc2cc(S(=O)F)ccc2oc1=O,低毒,23.86805,58.308685
O=C(Oc1ccccc1Cl)c1nn[nH]c1N(Cc1ccccc1)Cc1ccccc1,低毒,8.569115,34.70963
O=C(c1ccnc(O)n1)c1nn[nH]c1N(Cc1ccccc1)Cc1ccccc1,低毒,8.209234,48.35956
O=C(c1nn[nH]c1N(Cc1ccccc1)Cc1ccccc1)C([O-])(O)Cl,低毒,6.597821,80.50812
O=C(c1nn[nH]c1N(Cc1ccccc1)Cc1ccccc1)n1nc(CI)ccc1=O,中毒,16.468592,8.900377
O=C(c1nn[nH]c1N(Cc1ccccc1)Cc1ccccc1)N1CCc2ncc(I)cc2C1,中毒,24.436626,17.7204
O=C(c1nn[nH]c1N(Cc1ccccc1)Cc1ccccc1)c1csc2ccccc2c1=O,中毒,8.620802,32.407604
O=C(c1nn[nH]c1N(Cc1ccccc1)Cc1ccccc1)S1=NNN1CCN1CCc2cccc(c2O)C1,中毒,16.343212,22.157724
O=C(c1nn[nH]c1N(Cc1ccccc1)Cc1ccccc1)c1c[nH]c2ccc(-c3ccccc3)cc12,中毒,44.053158,37.490322
O=C(c1nn[nH]c1N(Cc1ccccc1)Cc1ccccc1)c1c(F)cccc1Br,中毒,15.145352,20.880424
O=C(C(=NNc1ccnc2cc(Cl)ccc12)C(F)(F)F)c1nn[nH]c1N(Cc1ccccc1)Cc1ccccc1,中毒,11.044408,48.905144
O=C(c1nn[nH]c1N(Cc1ccccc1)Cc1ccccc1)c1cc(Oc2ccc(CCOCc3ccoc3)cc2F)nc2ccccc12,中毒,47.032593,30.951275
O=C(c1cnsn1)c1nn[nH]c1N(Cc1ccccc1)Cc1ccccc1,低毒,10.5857,34.50007
O=C(c1nn[nH]c1N(Cc1ccccc1)Cc1ccccc1)c1cc2ccccc2c2c(Br)cccc12,中毒,9.03295,34.50007
O=C(c1cc(Cl)cs1)c1nn[nH]c1N(Cc1ccccc1)Cc1ccccc1,中毒,4.41106,21.606764
O=C(c1nn[nH]c1N(Cc1ccccc1)Cc1ccccc1)C1(Cl)CCCC1,高毒,8.112668,22.30062
O=C(OC1CN2OC3CN(S(=O)(=O)O)CCC3NC12)c1nn[nH]c1N(Cc1ccccc1)Cc1ccccc1,中毒,11.276748,25.240997
O=C(Oc1ccc(S(=O)(=O)NF)cc1O)c1nn[nH]c1N(Cc1ccccc1)Cc1ccccc1,低毒,8.569115,41.341484
O=C(c1nn[nH]c1N(Cc1ccccc1)Cc1ccccc1)[P+](c1ccccc1)(c1cccnc1)P(=O)(c1ccccc1)c1cccs1,中毒,21.11836,9.872282
O=C(c1nn[nH]c1N(Cc1ccccc1)Cc1ccccc1)c1cn2nnc1c1[nH]cc2Sc2ccccc2C1=O,中毒,11.545167,28.289194
O=C(c1nn[nH]c1N(Cc1ccccc1)Cc1ccccc1)C1CCN(c2nonc2N2CCOCC2)CC1,中毒,32.25883,35.563454
O=C(c1ccc(Cl)c(Cl)c1Cl)c1nn[nH]c1N(Cc1ccccc1)Cc1ccccc1,低毒,6.061895,38.531574
O=C(c1nn[nH]c1N(Cc1ccccc1)Cc1ccccc1)C1CNCCNCCSC1,中毒,7.2035294,30.78599
O=C(c1conc1N1CCOCC1)c1nn[nH]c1N(Cc1ccccc1)Cc1ccccc1,中毒,11.2839,60.421627
O=C(c1ccc(N(S(=O)(=O)c2ccc(F)cc2)S(=O)(=O)C2CC2)cc1)c1nn[nH]c1N(Cc1ccccc1)Cc1ccccc1,中毒,11.847583,18.176865
O=C(c1cc(F)c(F)cc1F)c1nn[nH]c1N(Cc1ccccc1)Cc1ccccc1,中毒,11.198199,20.880424
O=C(O)c1ncoc1C(=O)c1nn[nH]c1N(Cc1ccccc1)Cc1ccccc1,低毒,10.881438,50.57576
CC1=NC(c2ccc[nH]2)N(C2CCSCC2)CCN1C(C(=O)c1nn[nH]c1N(Cc1ccccc1)Cc1ccccc1)c1cccc2sccc12,中毒,8.495867,57.181202
O=C(c1ccc(Cl)nc1Cl)c1nn[nH]c1N(Cc1ccccc1)Cc1ccccc1,中毒,10.56319,15.368224
O=C(c1ccoc1C(F)(F)F)c1nn[nH]c1N(Cc1ccccc1)Cc1ccccc1,低毒,8.532002,69.62934
O=C(c1ccc(Oc2ccccc2)cc1)c1nn[nH]c1N(Cc1ccccc1)Cc1ccccc1,高毒,5.129566,29.80453
O=C(c1ccc(Cl)nc1)c1nn[nH]c1N(Cc1ccccc1)Cc1ccccc1,中毒,7.5346804,15.529057
O=C(c1cccc(C(Cl)(Cl)Br)c1)c1nn[nH]c1N(Cc1ccccc1)Cc1ccccc1,低毒,9.229962,59.86826
O=C(c1nn[nH]c1N(Cc1ccccc1)Cc1ccccc1)N1CC2OP1(=O)OCc1ccccc12,中毒,56.315197,29.212729
O=C(c1nn[nH]c1N(Cc1ccccc1)Cc1ccccc1)C(c1ccccc1)P(=O)(O)O,中毒,15.320508,37.440536
O=C(c1nn[nH]c1N(Cc1ccccc1)Cc1ccccc1)C1C=Nc2ccccc2C=CC1,高毒,13.228406,21.504103
O=C(c1cc(F)c(N2CCc3c(Br)cc(F)cc3P2(=O)N2CCOCC2)cc1F)c1nn[nH]c1N(Cc1ccccc1)Cc1ccccc1,中毒,17.685162,42.153366
O=C(c1nn[nH]c1N(Cc1ccccc1)Cc1ccccc1)C1C2C=CC(C=NO2)S1(=O)=O,中毒,22.346497,43.094795
O=C(c1ccc2c(c1NS(=O)(=O)c1ccc(Cl)c(F)c1)CSCC2)c1nn[nH]c1N(Cc1ccccc1)Cc1ccccc1,中毒,24.463102,34.84849
O=C(c1nn[nH]c1N(Cc1ccccc1)Cc1ccccc1)c1c(Cl)cc(Cl)cc1OC(F)(F)F,中毒,9.188952,16.61195
O=C(NC1SC(Cl)OC1(OCCO)C1=NN2c3ccccc3-c3cccc1c3C2(F)F)c1nn[nH]c1N(Cc1ccccc1)Cc1ccccc1,中毒,13.00268,13.503714
O=C(c1nn[nH]c1N(Cc1ccccc1)Cc1ccccc1)c1c(F)cc(-c2ccc(F)cc2)cc1I,中毒,26.681934,37.892868
O=C(c1cc(Cl)on1)c1nn[nH]c1N(Cc1ccccc1)Cc1ccccc1,低毒,8.209234,27.989208
Nc1nonc1-n1nnc2cc(C(=O)c3nn[nH]c3N(Cc3ccccc3)Cc3ccccc3)ccc21,中毒,17.539858,44.456512
O=C(c1nn[nH]c1N(Cc1ccccc1)Cc1ccccc1)N(C1=CC=COC1)c1ccccn1,中毒,18.758125,18.347473
O=C(c1coc([N+](=O)[O-])n1)c1nn[nH]c1N(Cc1ccccc1)Cc1ccccc1,低毒,11.995148,44.610962
O=C(O)c1cc(Cc2ccc3c(c2)CCON3C(=O)c2ccccc2C(=O)O)cc(C(=O)c2nn[nH]c2N(Cc2ccccc2)Cc2ccccc2)n1,中毒,8.058961,31.60988
O=C(c1cc(Br)[nH]n1)c1nn[nH]c1N(Cc1ccccc1)Cc1ccccc1,低毒,20.613483,56.669506
O=C(c1nn[nH]c1N(Cc1ccccc1)Cc1ccccc1)c1cccc2c1[nH]c1cco[n+]12,中毒,30.32747,20.689705
O=C(c1cc2nsnc2s1)c1nn[nH]c1N(Cc1ccccc1)Cc1ccccc1,中毒,22.049551,29.353004
O=C(c1nn[nH]c1N(Cc1ccccc1)Cc1ccccc1)c1cccc2c(F)cccc12,低毒,12.913775,21.234655
O=C(c1nn[nH]c1N(Cc1ccccc1)Cc1ccccc1)c1sc2ccccc2c1Br,中毒,15.666235,24.775297
O=C(c1c[nH]nc1-c1cocn1)c1nn[nH]c1N(Cc1ccccc1)Cc1ccccc1,中毒,17.079899,30.879324
O=C(c1nn[nH]c1N(Cc1ccccc1)Cc1ccccc1)C(O)CS,低毒,6.597821,83.59449
O=C(c1cc([N+](=O)[O-])on1)c1nn[nH]c1N(Cc1ccccc1)Cc1ccccc1,低毒,11.385729,29.36747
O=C(c1nsnc1NO)c1nn[nH]c1N(Cc1ccccc1)Cc1ccccc1,低毒,14.881481,20.880424
O=C(c1c[nH]nc1-c1ccco1)c1nn[nH]c1N(Cc1ccccc1)Cc1ccccc1,中毒,14.007496,31.01351
O=C(c1nn[nH]c1N(Cc1ccccc1)Cc1ccccc1)N1c2ccccc2Sc2ccccc21,低毒,10.023103,31.889166
O=C(c1nc(Cl)co1)c1nn[nH]c1N(Cc1ccccc1)Cc1ccccc1,低毒,13.81201,49.112568
O=C(c1nn[nH]c1N(Cc1ccccc1)Cc1ccccc1)c1c(O)oc2ccccc2c1=O,低毒,5.0785656,26.047947
O=C(c1nn[nH]c1N(Cc1ccccc1)Cc1ccccc1)S(=O)(=O)Cc1cscn1,低毒,15.920524,113.12947
O=C(c1cccc(S(=O)(=O)N2CCOCC2)c1)c1nn[nH]c1N(Cc1ccccc1)Cc1ccccc1,中毒,8.257093,28.608725
O=C(c1ccc(O)cc1O)c1nn[nH]c1N(Cc1ccccc1)Cc1ccccc1,低毒,8.1790285,19.154457
O=C(c1nn[nH]c1N(Cc1ccccc1)Cc1ccccc1)C(c1ccccc1)c1sc(Cl)cc1Cl,中毒,24.528082,44.824024
O=C(c1nn[nH]c1N(Cc1ccccc1)Cc1ccccc1)C(c1ccc(F)cc1S(=O)(=O)Cc1ccncn1)n1cncn1,中毒,23.857496,19.617376
O=C(c1nn[nH]c1N(Cc1ccccc1)Cc1ccccc1)C(Cl)c1ccc(O)cc1Cl,高毒,7.762915,51.76034
O=C(c1nn[nH]c1N(Cc1ccccc1)Cc1ccccc1)C(O)NO,高毒,5.014996,83.59449
O=C(C1=C(O)CC2CCCCC=CCC(O2)N1c1cccc(-c2nc3cc[nH]n3n2)c1F)c1nn[nH]c1N(Cc1ccccc1)Cc1ccccc1,低毒,64.54821,23.871758
O=C(c1nn[nH]c1N(Cc1ccccc1)Cc1ccccc1)c1cc(F)c(F)c2c(O)c(Cl)n(C34CC5CC(CC(C5)C3)C4)c12,中毒,49.984886,13.116937
O=C(NCCSSSc1nc[nH]c1C(=O)c1nn[nH]c1N(Cc1ccccc1)Cc1ccccc1)c1[nH]cnc1COCc1ccccc1,中毒,21.771727,20.463524
O=C(c1nn[nH]c1N(Cc1ccccc1)Cc1ccccc1)[SH](c1cccnc1Cl)[N+](=O)[O-],中毒,7.260094,17.36974
O=C(c1csc(C2=CC=[N+]N2)n1)c1nn[nH]c1N(Cc1ccccc1)Cc1ccccc1,低毒,13.332202,33.61609
O=C(c1nn[nH]c1N(Cc1ccccc1)Cc1ccccc1)n1nnc(Cl)n1,高毒,12.399571,27.045012
O=C(c1ccc2c(c1)C(F)C=C2Cl)c1nn[nH]c1N(Cc1ccccc1)Cc1ccccc1,中毒,19.179173,31.313189
O=C(c1nn[nH]c1N(Cc1ccccc1)Cc1ccccc1)c1nsc2sccc12,中毒,10.591952,18.81267
O=C(c1nn[nH]c1N(Cc1ccccc1)Cc1ccccc1)c1coc2c(Br)cccc2c1=O,低毒,5.0785656,59.342094
