smiles,toxicity,aureus_MIC,ecoli_MIC,sa_score,similarity_335,distance_335,mic_percentile,sa_percentile,distance_335_percentile,total_score,rank
O=C(c1ccccc1)c1nn[nH]c1N(Cc1ccccc1)Cc1ccccc1,低毒,4.2356267,34.50007,2.35137659,1,0,0.022700815,0,0,0.007566938,1
O=C(O)c1ccc(C(=O)c2nn[nH]c2N(Cc2ccccc2)Cc2ccccc2)cc1,低毒,4.2356267,26.775206,2.443534473,0.871794872,0.128205128,0.022700815,0.005820722,0.001164144,0.009895227,2
O=C(c1ccc(Cl)cc1)c1nn[nH]c1N(Cc1ccccc1)Cc1ccccc1,低毒,4.2356267,34.50007,2.401552523,0.829268293,0.170731707,0.022700815,0.002328289,0.006402794,0.010477299,3
O=C(c1ccc(Br)cc1)c1nn[nH]c1N(Cc1ccccc1)Cc1ccccc1,高毒,4.2356267,34.50007,2.445246098,0.829268293,0.170731707,0.022700815,0.006984866,0.006402794,0.012029492,4
O=C(c1ccc(O)cc1)c1nn[nH]c1N(Cc1ccccc1)Cc1ccccc1,高毒,4.2356267,28.805965,2.45961189,0.85,0.15,0.022700815,0.012805588,0.002910361,0.012805588,5
O=C(c1cccc(Cl)c1)c1nn[nH]c1N(Cc1ccccc1)Cc1ccccc1,低毒,4.2356267,34.50007,2.453446279,0.772727273,0.227272727,0.022700815,0.010477299,0.01862631,0.017268141,6
O=C(c1cccc(Br)c1)c1nn[nH]c1N(Cc1ccccc1)Cc1ccccc1,中毒,4.2356267,34.50007,2.49152646,0.772727273,0.227272727,0.022700815,0.020954598,0.01862631,0.020760574,7
O=C(c1ccc(Cl)c(Cl)c1)c1nn[nH]c1N(Cc1ccccc1)Cc1ccccc1,低毒,4.2356267,20.880424,2.501763688,0.733333333,0.266666667,0.022700815,0.022118743,0.037252619,0.027357392,8
O=C(c1ccccc1Cl)c1nn[nH]c1N(Cc1ccccc1)Cc1ccccc1,低毒,4.2356267,34.049644,2.437757772,0.704545455,0.295454545,0.022700815,0.004656577,0.065774156,0.031043849,9
Nc1ccc(C(=O)c2nn[nH]c2N(Cc2ccccc2)Cc2ccccc2)cc1,低毒,5.3406773,34.50007,2.477900216,0.829268293,0.170731707,0.08032596,0.016298021,0.006402794,0.034342258,10
O=C(c1ccc2ccccc2c1)c1nn[nH]c1N(Cc1ccccc1)Cc1ccccc1,低毒,5.0276203,34.50007,2.462025224,0.75,0.25,0.063445867,0.015133877,0.03201397,0.036864571,11
O=C(c1ccccc1Br)c1nn[nH]c1N(Cc1ccccc1)Cc1ccccc1,中毒,4.2356267,34.50007,2.502072342,0.704545455,0.295454545,0.022700815,0.023282887,0.065774156,0.037252619,12
O=C(c1cc(Cl)cc(Cl)c1)c1nn[nH]c1N(Cc1ccccc1)Cc1ccccc1,低毒,4.2356267,34.50007,2.575480929,0.76744186,0.23255814,0.022700815,0.069848661,0.023282887,0.038610788,13
O=C(c1ccc(OC2CC2)cc1)c1nn[nH]c1N(Cc1ccccc1)Cc1ccccc1,低毒,4.2356267,28.805965,2.549400859,0.708333333,0.291666667,0.022700815,0.050058207,0.059371362,0.044043461,14
O=C(c1ccc([N+](=O)[O-])cc1)c1nn[nH]c1N(Cc1ccccc1)Cc1ccccc1,低毒,5.3406773,33.37947,2.512932934,0.755555556,0.244444444,0.08032596,0.024447031,0.027939464,0.044237485,15
O=C(c1ccccn1)c1nn[nH]c1N(Cc1ccccc1)Cc1ccccc1,低毒,4.2356267,34.285435,2.542214959,0.704545455,0.295454545,0.022700815,0.047729919,0.065774156,0.04540163,16
O=C(c1ccco1)c1nn[nH]c1N(Cc1ccccc1)Cc1ccccc1,低毒,4.2356267,64.433624,2.575727308,0.720930233,0.279069767,0.022700815,0.071012806,0.047729919,0.047147846,17
O=C(c1cccs1)c1nn[nH]c1N(Cc1ccccc1)Cc1ccccc1,低毒,4.2356267,21.606764,2.555319808,0.688888889,0.311111111,0.022700815,0.054714785,0.086728754,0.054714785,18
O=C(c1ccoc1)c1nn[nH]c1N(Cc1ccccc1)Cc1ccccc1,低毒,4.2356267,64.433624,2.682749423,0.785714286,0.214285714,0.022700815,0.153667055,0.013969732,0.063445867,19
O=C(c1cccc([N+](=O)[O-])c1)c1nn[nH]c1N(Cc1ccccc1)Cc1ccccc1,低毒,5.3406773,21.606764,2.549963704,0.708333333,0.291666667,0.08032596,0.051222352,0.059371362,0.063639891,20
O=C(c1ccc(Cl)cc1Cl)c1nn[nH]c1N(Cc1ccccc1)Cc1ccccc1,低毒,4.2356267,34.049644,2.515737163,0.659574468,0.340425532,0.022700815,0.025611176,0.169965076,0.072759022,21
O=C(c1ccc(Oc2ccccc2)cc1)c1nn[nH]c1N(Cc1ccccc1)Cc1ccccc1,高毒,8.299174,29.80453,2.446747495,0.790697674,0.209302326,0.221187427,0.00814901,0.010477299,0.079937912,22
O=C(c1ccc[nH]1)c1nn[nH]c1N(Cc1ccccc1)Cc1ccccc1,低毒,4.2356267,34.50007,2.735174423,0.761904762,0.238095238,0.022700815,0.204889406,0.025611176,0.084400466,23
O=C(c1nn[nH]c1N(Cc1ccccc1)Cc1ccccc1)C(F)(F)F,高毒,5.5011296,56.60067,2.631713481,0.69047619,0.30952381,0.09080326,0.103608847,0.080908033,0.09177338,24
O=C(c1ccc(COP(=O)(O)O)cc1)c1nn[nH]c1N(Cc1ccccc1)Cc1ccccc1,低毒,4.437938,26.775206,2.728010292,0.723404255,0.276595745,0.047147846,0.196740396,0.041909197,0.095265813,25
O=C(c1cc(Cl)ccc1Cl)c1nn[nH]c1N(Cc1ccccc1)Cc1ccccc1,低毒,4.2356267,34.049644,2.524415677,0.645833333,0.354166667,0.022700815,0.033760186,0.241559953,0.099340318,26
O=C(c1ccc(F)cc1)c1nn[nH]c1N(Cc1ccccc1)Cc1ccccc1,低毒,9.219173,20.880424,2.405758496,0.829268293,0.170731707,0.288125728,0.003492433,0.006402794,0.099340318,27
O=C(c1ccc(I)c(Br)c1)c1nn[nH]c1N(Cc1ccccc1)Cc1ccccc1,中毒,4.2356267,35.710007,2.718096314,0.6875,0.3125,0.022700815,0.188591385,0.091967404,0.101086535,28
O=C(c1ccc(CP(=O)(O)O)cc1)c1nn[nH]c1N(Cc1ccccc1)Cc1ccccc1,中毒,5.243576,32.63324,2.738241207,0.755555556,0.244444444,0.069266589,0.209545984,0.027939464,0.102250679,29
O=C(c1nn[nH]c1N(Cc1ccccc1)Cc1ccccc1)c1sccc1Cl,低毒,4.2356267,21.606764,2.746276588,0.695652174,0.304347826,0.022700815,0.220023283,0.076251455,0.106325184,30
O=C(c1cccc(F)c1)c1nn[nH]c1N(Cc1ccccc1)Cc1ccccc1,中毒,9.219173,20.880424,2.460242297,0.772727273,0.227272727,0.288125728,0.013969732,0.01862631,0.106907256,31
O=C(c1nn[nH]c1N(Cc1ccccc1)Cc1ccccc1)C(F)F,高毒,5.5011296,56.60067,2.693785852,0.674418605,0.325581395,0.09080326,0.160651921,0.10419092,0.1185487,32
O=C(c1ccc(F)c(F)c1)c1nn[nH]c1N(Cc1ccccc1)Cc1ccccc1,中毒,9.219173,20.880424,2.52062947,0.733333333,0.266666667,0.288125728,0.031431898,0.037252619,0.118936748,33
O=C(c1nn[nH]c1N(Cc1ccccc1)Cc1ccccc1)c1sccc1Br,低毒,5.3406773,16.24854,2.732487845,0.695652174,0.304347826,0.08032596,0.202561118,0.076251455,0.119712844,34
O=C(Cl)C(=O)c1nn[nH]c1N(Cc1ccccc1)Cc1ccccc1,高毒,6.8399177,56.60067,2.663764698,0.69047619,0.30952381,0.151920838,0.130384168,0.080908033,0.121071013,35
O=C(c1ccccc1[N+](=O)[O-])c1nn[nH]c1N(Cc1ccccc1)Cc1ccccc1,中毒,5.0276203,25.358694,2.56901755,0.645833333,0.354166667,0.063445867,0.064027939,0.241559953,0.123011253,36
O=C(c1ccc(C(F)(F)F)cc1)c1nn[nH]c1N(Cc1ccccc1)Cc1ccccc1,低毒,9.796233,31.501791,2.536377629,0.772727273,0.227272727,0.321303842,0.039580908,0.01862631,0.126503686,37
O=C(c1cc([N+](=O)[O-])cc([N+](=O)[O-])c1)c1nn[nH]c1N(Cc1ccccc1)Cc1ccccc1,低毒,5.3406773,21.606764,2.759002663,0.70212766,0.29787234,0.08032596,0.230500582,0.072759022,0.127861855,38
O=C(c1cc2ccccc2o1)c1nn[nH]c1N(Cc1ccccc1)Cc1ccccc1,低毒,5.0276203,59.342094,2.595215577,0.645833333,0.354166667,0.063445867,0.081490105,0.241559953,0.128831975,39
O=C(c1ccc2ccccc2n1)c1nn[nH]c1N(Cc1ccccc1)Cc1ccccc1,低毒,6.7213836,31.82146,2.576245791,0.659574468,0.340425532,0.1443539,0.07217695,0.169965076,0.128831975,40
O=C(c1ccc(Br)s1)c1nn[nH]c1N(Cc1ccccc1)Cc1ccccc1,低毒,5.3406773,21.606764,2.667596663,0.659574468,0.340425532,0.08032596,0.136204889,0.169965076,0.128831975,40
O=C(c1cc(F)cc(F)c1)c1nn[nH]c1N(Cc1ccccc1)Cc1ccccc1,中毒,9.219173,20.880424,2.584348834,0.76744186,0.23255814,0.288125728,0.077997672,0.023282887,0.129802095,42
NS(=O)(=O)c1ccc(C(=O)c2nn[nH]c2N(Cc2ccccc2)Cc2ccccc2)cc1,中毒,9.78968,29.762762,2.538921107,0.755555556,0.244444444,0.318393481,0.044237485,0.027939464,0.130190144,43
O=C(c1ccc(F)cn1)c1nn[nH]c1N(Cc1ccccc1)Cc1ccccc1,低毒,4.437938,34.285435,2.644757772,0.645833333,0.354166667,0.047147846,0.109429569,0.241559953,0.132712456,44
O=C(c1ccc(Br)cc1Cl)c1nn[nH]c1N(Cc1ccccc1)Cc1ccccc1,中毒,4.2356267,34.049644,2.568435306,0.632653061,0.367346939,0.022700815,0.062863795,0.313154831,0.13290648,45
O=C(c1nn[nH]c1N(Cc1ccccc1)Cc1ccccc1)c1c(Cl)cccc1Br,中毒,4.2356267,34.049644,2.665835836,0.645833333,0.354166667,0.022700815,0.135040745,0.241559953,0.133100504,46
O=C(c1ncccc1Br)c1nn[nH]c1N(Cc1ccccc1)Cc1ccccc1,低毒,4.7253957,34.285435,2.714237772,0.659574468,0.340425532,0.052968568,0.183934808,0.169965076,0.135622817,47
O=C(c1ccccc1F)c1nn[nH]c1N(Cc1ccccc1)Cc1ccccc1,中毒,9.994743,20.880424,2.454726641,0.704545455,0.295454545,0.331781141,0.011641444,0.065774156,0.136398913,48
O=C(c1ccon1)c1nn[nH]c1N(Cc1ccccc1)Cc1ccccc1,微毒,4.2356267,29.762762,2.787085385,0.673913043,0.326086957,0.022700815,0.268917346,0.123399302,0.138339154,49
O=C(c1cc2ccccc2[nH]1)c1nn[nH]c1N(Cc1ccccc1)Cc1ccccc1,低毒,6.7213836,31.82146,2.63741775,0.659574468,0.340425532,0.1443539,0.104772992,0.169965076,0.139697322,50
O=C(c1ccncc1)c1nn[nH]c1N(Cc1ccccc1)Cc1ccccc1,低毒,10.806441,34.50007,2.519740816,0.85,0.15,0.389988359,0.029103609,0.002910361,0.140667443,51
O=C(c1ccc(I)o1)c1nn[nH]c1N(Cc1ccccc1)Cc1ccccc1,低毒,4.2356267,99.39865,2.794407169,0.673913043,0.326086957,0.022700815,0.277066356,0.123399302,0.141055491,52
O=C(c1nn[nH]c1N(Cc1ccccc1)Cc1ccccc1)C(Cl)Cl,高毒,6.8399177,56.60067,2.704253159,0.674418605,0.325581395,0.151920838,0.172293364,0.10419092,0.142801707,53
O=C(c1ccc(I)cc1Cl)c1nn[nH]c1N(Cc1ccccc1)Cc1ccccc1,低毒,4.2356267,22.11593,2.658589683,0.632653061,0.367346939,0.022700815,0.124563446,0.313154831,0.153473031,54
O=C(c1cc(F)cc(Cl)c1)c1nn[nH]c1N(Cc1ccccc1)Cc1ccccc1,中毒,9.219173,20.880424,2.601118595,0.6875,0.3125,0.288125728,0.083818393,0.091967404,0.154637175,55
O=C(c1nn[nH]c1N(Cc1ccccc1)Cc1ccccc1)c1c(F)cccc1F,中毒,9.994743,20.880424,2.573622043,0.704545455,0.295454545,0.331781141,0.068684517,0.065774156,0.155413271,56
O=C(c1cc(Br)c[nH]1)c1nn[nH]c1N(Cc1ccccc1)Cc1ccccc1,低毒,4.2356267,34.50007,2.794891785,0.659574468,0.340425532,0.022700815,0.278230501,0.169965076,0.156965464,57
O=C(c1nn[nH]c1N(Cc1ccccc1)Cc1ccccc1)C(Br)Br,中毒,6.7121873,56.60067,2.756735852,0.674418605,0.325581395,0.13911525,0.229336438,0.10419092,0.157547536,58
O=C(c1ccc(Br)o1)c1nn[nH]c1N(Cc1ccccc1)Cc1ccccc1,低毒,8.125519,37.892868,2.679538126,0.673913043,0.326086957,0.203725262,0.15250291,0.123399302,0.159875825,59
[O][N+](=O)c1cccc(C(=O)c2nn[nH]c2N(Cc2ccccc2)Cc2ccccc2)c1,低毒,5.3406773,21.606764,2.858811396,0.723404255,0.276595745,0.08032596,0.358556461,0.041909197,0.160263873,60
O=C(c1nc2ccccc2[nH]1)c1nn[nH]c1N(Cc1ccccc1)Cc1ccccc1,中毒,5.7749395,40.16329,2.66885755,0.645833333,0.354166667,0.105355064,0.138533178,0.241559953,0.161816065,61
O=C(c1nn[nH]c1N(Cc1ccccc1)Cc1ccccc1)C(Cl)(Cl)Cl,低毒,6.8399177,56.60067,2.759090612,0.674418605,0.325581395,0.151920838,0.231664726,0.10419092,0.162592161,62
O=C(c1cc(F)c(F)cc1F)c1nn[nH]c1N(Cc1ccccc1)Cc1ccccc1,中毒,8.977738,20.880424,2.649721854,0.673913043,0.326086957,0.259022119,0.114086147,0.123399302,0.165502522,63
O=C(c1nccs1)c1nn[nH]c1N(Cc1ccccc1)Cc1ccccc1,中毒,5.7749395,69.663536,2.750289231,0.659574468,0.340425532,0.105355064,0.22467986,0.169965076,0.166666667,64
O=C(c1cccc(F)c1F)c1nn[nH]c1N(Cc1ccccc1)Cc1ccccc1,中毒,8.977738,20.880424,2.577922309,0.659574468,0.340425532,0.259022119,0.073341094,0.169965076,0.167442763,65
O=C(c1cccnn1)c1nn[nH]c1N(Cc1ccccc1)Cc1ccccc1,低毒,8.271775,56.669506,2.73644647,0.688888889,0.311111111,0.211874272,0.207217695,0.086728754,0.168606907,66
O=C(c1ncc[nH]1)c1nn[nH]c1N(Cc1ccccc1)Cc1ccccc1,微毒,5.7749395,41.86337,2.804157693,0.673913043,0.326086957,0.105355064,0.291036088,0.123399302,0.173263485,67
O=C(c1ccc(Br)c([N+](=O)[O-])c1)c1nn[nH]c1N(Cc1ccccc1)Cc1ccccc1,低毒,5.3406773,18.144299,2.676959736,0.634615385,0.365384615,0.08032596,0.149010477,0.290454016,0.173263485,67
O=C(c1ccc(Cl)o1)c1nn[nH]c1N(Cc1ccccc1)Cc1ccccc1,低毒,8.2594,108.79434,2.719030059,0.673913043,0.326086957,0.208381839,0.18975553,0.123399302,0.173845557,69
O=C(c1nn[nH]c1N(Cc1ccccc1)Cc1ccccc1)c1c(Cl)cccc1Cl,低毒,10.806441,34.049644,2.57232337,0.704545455,0.295454545,0.389988359,0.067520373,0.065774156,0.174427629,70
O=C(c1cc(Br)ccn1)c1nn[nH]c1N(Cc1ccccc1)Cc1ccccc1,低毒,4.2356267,34.285435,2.722460759,0.632653061,0.367346939,0.022700815,0.193247963,0.313154831,0.17636787,71
O=C(c1nn[nH]c1N(Cc1ccccc1)Cc1ccccc1)c1n[nH]c(=O)c2ccccc12,低毒,7.657384,62.66939,2.71056666,0.659574468,0.340425532,0.181606519,0.180442375,0.169965076,0.17733799,72
O=C(c1cscn1)c1nn[nH]c1N(Cc1ccccc1)Cc1ccccc1,低毒,5.7749395,33.37947,2.7817875,0.659574468,0.340425532,0.105355064,0.26193248,0.169965076,0.179084206,73
O=C(c1nn[nH]c1N(Cc1ccccc1)Cc1ccccc1)P(=O)(O)O,高毒,7.4814405,48.13457,2.781895602,0.674418605,0.325581395,0.170547148,0.263096624,0.10419092,0.179278231,74
O=C(c1nn[nH]c1N(Cc1ccccc1)Cc1ccccc1)c1c(F)cc(F)cc1F,中毒,8.977738,20.880424,2.684981318,0.673913043,0.326086957,0.259022119,0.157159488,0.123399302,0.179860303,75
O=C(c1nn[nH]c1N(Cc1ccccc1)Cc1ccccc1)c1sccc1O,低毒,6.9446025,21.033192,2.835859515,0.711111111,0.288888889,0.155995343,0.329452852,0.056461001,0.180636399,76
O=C([O-])c1nn[nH]c1N(Cc1ccccc1)Cc1ccccc1,高毒,9.562925,34.70963,2.722948039,0.725,0.275,0.308498254,0.194412107,0.039580908,0.180830423,77
O=C(c1ccc(F)cc1F)c1nn[nH]c1N(Cc1ccccc1)Cc1ccccc1,中毒,8.977738,20.880424,2.539730797,0.645833333,0.354166667,0.259022119,0.04540163,0.241559953,0.181994567,78
O=C(c1cc(O)cc(O)c1)c1nn[nH]c1N(Cc1ccccc1)Cc1ccccc1,低毒,10.806441,32.818672,2.676659709,0.785714286,0.214285714,0.389988359,0.145518044,0.013969732,0.183158712,79
O=C(c1cc(F)ccc1F)c1nn[nH]c1N(Cc1ccccc1)Cc1ccccc1,中毒,8.977738,20.880424,2.551614616,0.645833333,0.354166667,0.259022119,0.052386496,0.241559953,0.184322856,80
O=C(c1ccc(Br)cn1)c1nn[nH]c1N(Cc1ccccc1)Cc1ccccc1,低毒,8.2594,34.285435,2.652420397,0.645833333,0.354166667,0.208381839,0.118742724,0.241559953,0.189561506,81
O=C(c1cccc(C(Cl)(Cl)Br)c1)c1nn[nH]c1N(Cc1ccccc1)Cc1ccccc1,低毒,5.989378,59.86826,2.886495689,0.708333333,0.291666667,0.123399302,0.386495925,0.059371362,0.18975553,82
O=C(Cc1ccncc1)c1nn[nH]c1N(Cc1ccccc1)Cc1ccccc1,高毒,7.4814405,42.472836,2.561621809,0.630434783,0.369565217,0.170547148,0.059371362,0.344004657,0.191307722,83
O=C(c1nn[nH]c1N(Cc1ccccc1)Cc1ccccc1)C(F)(F)Br,低毒,5.5011296,93.74722,2.804292691,0.659090909,0.340909091,0.09080326,0.292200233,0.19790454,0.193636011,84
O=C(c1nn[nH]c1N(Cc1ccccc1)Cc1ccccc1)C(F)(F)Cl,高毒,5.6548896,56.60067,2.744746745,0.644444444,0.355555556,0.093131548,0.21653085,0.277648428,0.195770276,85
O=C(c1nn[nH]c1N(Cc1ccccc1)Cc1ccccc1)c1cccc[n+]1[O-],低毒,4.2356267,32.172657,2.893605736,0.659574468,0.340425532,0.022700815,0.396973225,0.169965076,0.196546372,86
O=C(c1ncn[nH]1)c1nn[nH]c1N(Cc1ccccc1)Cc1ccccc1,低毒,8.02164,41.86337,2.817979616,0.688888889,0.311111111,0.197322468,0.307334109,0.086728754,0.197128444,87
O=C(c1n[nH][nH]1)c1nn[nH]c1N(Cc1ccccc1)Cc1ccccc1,低毒,5.7749395,41.86337,2.940957627,0.720930233,0.279069767,0.105355064,0.451688009,0.047729919,0.201590997,88
O=C(c1ccsc1)c1nn[nH]c1N(Cc1ccccc1)Cc1ccccc1,高毒,11.527643,30.313057,2.631409616,0.75,0.25,0.477299185,0.100116414,0.03201397,0.20314319,89
O=C(c1ccc2occc2c1)c1nn[nH]c1N(Cc1ccccc1)Cc1ccccc1,低毒,9.954333,129.5575,2.670677115,0.66,0.34,0.327124563,0.142025611,0.145518044,0.204889406,90
O=C(c1ccc2c(c1)OCCO2)c1nn[nH]c1N(Cc1ccccc1)Cc1ccccc1,高毒,10.806441,32.818672,2.612530002,0.673469388,0.326530612,0.389988359,0.088474971,0.138533178,0.205665503,91
O=C(c1cccc(Cl)c1Cl)c1nn[nH]c1N(Cc1ccccc1)Cc1ccccc1,低毒,10.806441,22.11593,2.559378012,0.659574468,0.340425532,0.389988359,0.058207218,0.169965076,0.206053551,92
O=C(c1ccc(Cl)s1)c1nn[nH]c1N(Cc1ccccc1)Cc1ccccc1,低毒,10.806441,32.00644,2.638729121,0.673913043,0.326086957,0.389988359,0.105937136,0.123399302,0.206441599,93
O=C(c1ccc2sccc2c1)c1nn[nH]c1N(Cc1ccccc1)Cc1ccccc1,中毒,10.334907,34.50007,2.663257383,0.66,0.34,0.356228172,0.129220023,0.145518044,0.21032208,94
O=C(c1cc(Cl)cs1)c1nn[nH]c1N(Cc1ccccc1)Cc1ccccc1,中毒,4.2356267,21.606764,2.808084468,0.632653061,0.367346939,0.022700815,0.298020955,0.313154831,0.2112922,95
O=C(c1nc2ccccc2s1)c1nn[nH]c1N(Cc1ccccc1)Cc1ccccc1,中毒,7.6844206,51.940323,2.667840158,0.632653061,0.367346939,0.18451688,0.137369034,0.313154831,0.211680248,96
O=C(c1nn[nH]c1N(Cc1ccccc1)Cc1ccccc1)c1scc(Br)c1Br,低毒,5.3406773,16.24854,2.946942943,0.680851064,0.319148936,0.08032596,0.461001164,0.096041909,0.212456345,97
O=C(c1nn[nH]c1N(Cc1ccccc1)Cc1ccccc1)C1CCC1,高毒,8.995272,22.30062,2.525050137,0.630434783,0.369565217,0.264260768,0.034924331,0.344004657,0.214396585,98
O=C(Oc1ccccc1)c1nn[nH]c1N(Cc1ccccc1)Cc1ccccc1,低毒,11.058763,34.70963,2.395005888,0.659090909,0.340909091,0.447031432,0.001164144,0.19790454,0.215366705,99
O=C(c1nn[nH]c1N(Cc1ccccc1)Cc1ccccc1)C1CC1,高毒,10.869423,32.817757,2.517722469,0.659090909,0.340909091,0.4225844,0.02677532,0.19790454,0.215754754,100
O=C(c1ccnc(Br)c1)c1nn[nH]c1N(Cc1ccccc1)Cc1ccccc1,低毒,10.806441,34.50007,2.718025103,0.70212766,0.29787234,0.389988359,0.187427241,0.072759022,0.216724874,101
O=C(c1ccccc1[S+])c1nn[nH]c1N(Cc1ccccc1)Cc1ccccc1,中毒,6.0083222,32.63324,2.946323745,0.704545455,0.295454545,0.128055879,0.45983702,0.065774156,0.217889018,102
O=C(c1ccsn1)c1nn[nH]c1N(Cc1ccccc1)Cc1ccccc1,低毒,7.6564264,34.579483,2.921159423,0.711111111,0.288888889,0.179278231,0.417927823,0.056461001,0.217889018,102
O=C(c1csnn1)c1nn[nH]c1N(Cc1ccccc1)Cc1ccccc1,低毒,7.84223,22.001596,2.848714616,0.673913043,0.326086957,0.190337602,0.343422584,0.123399302,0.219053163,104
O=C(c1cc(I)cc([N+](=O)[O-])c1)c1nn[nH]c1N(Cc1ccccc1)Cc1ccccc1,低毒,5.3406773,21.606764,2.80158114,0.634615385,0.365384615,0.08032596,0.286379511,0.290454016,0.219053163,105
O=C(c1nn[nH]c1N(Cc1ccccc1)Cc1ccccc1)P(O)O,微毒,6.7121873,45.30162,2.934357005,0.69047619,0.30952381,0.13911525,0.443538999,0.080908033,0.221187427,106
O=C(c1ccc([N+](=O)[O-])o1)c1nn[nH]c1N(Cc1ccccc1)Cc1ccccc1,低毒,4.7253957,57.69787,2.767657587,0.62,0.38,0.052968568,0.240977881,0.369615832,0.221187427,106
O=C(c1nn[nH]c1N(Cc1ccccc1)Cc1ccccc1)[N+](=O)[O-],低毒,8.844177,24.885092,2.741782005,0.659090909,0.340909091,0.250873108,0.215366705,0.19790454,0.221381451,108
O=C(c1nn[nH]c1N(Cc1ccccc1)Cc1ccccc1)c1c(Cl)ccc(Cl)c1Cl,低毒,10.806441,22.11593,2.684259451,0.673913043,0.326086957,0.389988359,0.154831199,0.123399302,0.22273962,109
O=C(c1cc(Cl)on1)c1nn[nH]c1N(Cc1ccccc1)Cc1ccccc1,低毒,4.2356267,27.989208,2.906473211,0.645833333,0.354166667,0.022700815,0.403958091,0.241559953,0.22273962,109
O=C(c1ccc2ncccc2c1)c1nn[nH]c1N(Cc1ccccc1)Cc1ccccc1,低毒,11.405861,34.50007,2.558515427,0.66,0.34,0.467403958,0.055878929,0.145518044,0.222933644,111
O=C(c1nn[nH]c1N(Cc1ccccc1)Cc1ccccc1)c1c(F)c(F)c(F)c(F)c1F,中毒,8.977738,20.880424,2.866074792,0.720930233,0.279069767,0.259022119,0.36903376,0.047729919,0.225261932,112
O=C(c1nn[nH]c1N(Cc1ccccc1)Cc1ccccc1)c1coc2ccccc2c1=O,低毒,5.0276203,59.342094,2.704141759,0.596153846,0.403846154,0.063445867,0.17112922,0.448195576,0.227590221,113
O=C(OCBr)c1nn[nH]c1N(Cc1ccccc1)Cc1ccccc1,高毒,9.562925,35.818108,2.709749656,0.659090909,0.340909091,0.308498254,0.178114086,0.19790454,0.228172293,114
O=C(c1ccc2[nH]ccc2c1)c1nn[nH]c1N(Cc1ccccc1)Cc1ccccc1,中毒,11.405861,34.50007,2.659249523,0.6875,0.3125,0.467403958,0.126891735,0.091967404,0.228754366,115
O=C(c1cc(Cl)ccc1F)c1nn[nH]c1N(Cc1ccccc1)Cc1ccccc1,中毒,9.994743,20.880424,2.538475094,0.632653061,0.367346939,0.331781141,0.043073341,0.313154831,0.229336438,116
O=C(c1ccc(C(F)(F)F)c(Cl)c1)c1nn[nH]c1N(Cc1ccccc1)Cc1ccccc1,低毒,9.796233,30.202047,2.694051029,0.647058824,0.352941176,0.321303842,0.161816065,0.2112922,0.231470702,117
O=C(c1cc(F)ccc1Cl)c1nn[nH]c1N(Cc1ccccc1)Cc1ccccc1,中毒,9.219173,22.11593,2.5375552,0.62,0.38,0.288125728,0.041909197,0.369615832,0.233216919,118
O=C(c1cc[n+]([O-])cc1)c1nn[nH]c1N(Cc1ccccc1)Cc1ccccc1,中毒,10.806441,34.50007,2.815210442,0.790697674,0.209302326,0.389988359,0.302677532,0.010477299,0.234381063,119
O=C(c1nn[nH]c1N(Cc1ccccc1)Cc1ccccc1)S(F)(F)F,高毒,5.7749395,42.069656,2.976654853,0.674418605,0.325581395,0.105355064,0.49476135,0.10419092,0.234769111,120
O=C(c1nn[nH]c1N(Cc1ccccc1)Cc1ccccc1)c1occc1Br,中毒,7.6564264,60.39891,2.798809233,0.645833333,0.354166667,0.179278231,0.284051222,0.241559953,0.234963135,121
O=C(c1csc(-c2ccccc2)n1)c1nn[nH]c1N(Cc1ccccc1)Cc1ccccc1,中毒,10.624681,23.876022,2.631537749,0.645833333,0.354166667,0.367287544,0.101280559,0.241559953,0.236709352,122
O=C(C=NO)c1nn[nH]c1N(Cc1ccccc1)Cc1ccccc1,高毒,6.7121873,42.472836,2.805369677,0.644444444,0.355555556,0.13911525,0.294528522,0.277648428,0.2370974,123
O=C(c1ccc(Cl)c(Cl)c1Cl)c1nn[nH]c1N(Cc1ccccc1)Cc1ccccc1,低毒,10.819331,38.531574,2.670579762,0.659574468,0.340425532,0.40628638,0.140861467,0.169965076,0.239037641,124
O=C(c1nn[nH]c1N(Cc1ccccc1)Cc1ccccc1)c1c(F)cccc1Cl,中毒,9.994743,22.11593,2.582542468,0.632653061,0.367346939,0.331781141,0.076833527,0.313154831,0.240589833,125
O=C(c1nncs1)c1nn[nH]c1N(Cc1ccccc1)Cc1ccccc1,低毒,8.02164,42.954765,2.906248846,0.673913043,0.326086957,0.197322468,0.402793946,0.123399302,0.241171905,126
O=C(c1ccc2nc(O)ccc2n1)c1nn[nH]c1N(Cc1ccccc1)Cc1ccccc1,低毒,4.7253957,26.780586,2.859467057,0.632653061,0.367346939,0.052968568,0.36088475,0.313154831,0.24233605,127
O=C(c1cocc1Br)c1nn[nH]c1N(Cc1ccccc1)Cc1ccccc1,低毒,4.2356267,64.433624,2.948655012,0.645833333,0.354166667,0.022700815,0.464493597,0.241559953,0.242918122,128
O=C(c1cc(F)c(O)c(Br)c1)c1nn[nH]c1N(Cc1ccccc1)Cc1ccccc1,中毒,10.3367815,30.390955,2.762827818,0.673469388,0.326530612,0.357974389,0.233993015,0.138533178,0.243500194,129
O=C(c1nn[nH]c1N(Cc1ccccc1)Cc1ccccc1)c1cccn1-c1ccc(Cl)cc1,低毒,4.2356267,29.762762,2.734713554,0.58490566,0.41509434,0.022700815,0.203725262,0.504656577,0.243694218,130
O=C(c1ccncn1)c1nn[nH]c1N(Cc1ccccc1)Cc1ccccc1,低毒,10.806441,56.669506,2.704366766,0.659574468,0.340425532,0.389988359,0.173457509,0.169965076,0.244470314,131
O=C(c1ccncc1Cl)c1nn[nH]c1N(Cc1ccccc1)Cc1ccccc1,低毒,10.806441,34.049644,2.631595781,0.645833333,0.354166667,0.389988359,0.102444703,0.241559953,0.244664338,132
O=C(c1cc([N+](=O)[O-])ccc1Cl)c1nn[nH]c1N(Cc1ccccc1)Cc1ccccc1,低毒,5.3406773,22.320736,2.626612411,0.574074074,0.425925926,0.08032596,0.095459837,0.55878929,0.244858362,133
O=C(c1nn[nH]c1N(Cc1ccccc1)Cc1ccccc1)C(F)(Cl)Cl,高毒,6.8399177,56.60067,2.817803918,0.644444444,0.355555556,0.151920838,0.306169965,0.277648428,0.245246411,134
O=C(c1nn[nH]c1N(Cc1ccccc1)Cc1ccccc1)c1c(Cl)cncc1Cl,高毒,10.806441,34.049644,2.7543239,0.673913043,0.326086957,0.389988359,0.227008149,0.123399302,0.246798603,135
O=C(c1nn[nH]c1N(Cc1ccccc1)Cc1ccccc1)c1sccc1-c1ccccc1,中毒,12.273806,18.074766,2.65568092,0.680851064,0.319148936,0.52677532,0.122235157,0.096041909,0.248350795,136
O=C(NOc1ccccc1)c1nn[nH]c1N(Cc1ccccc1)Cc1ccccc1,低毒,8.844177,22.829683,2.640836868,0.617021277,0.382978723,0.250873108,0.107101281,0.388824214,0.248932868,137
O=C(c1nn[nH]c1N(Cc1ccccc1)Cc1ccccc1)c1scc(Br)c1Cl,中毒,5.3406773,22.320736,2.9480869,0.653061224,0.346938776,0.08032596,0.462165308,0.207217695,0.249902988,138
O=C(c1ccc(S(F)(F)(F)(F)F)cc1)c1nn[nH]c1N(Cc1ccccc1)Cc1ccccc1,中毒,6.0083222,32.37407,3.110475323,0.772727273,0.227272727,0.128055879,0.608847497,0.01862631,0.251843229,139
O=C(c1ccc(S)o1)c1nn[nH]c1N(Cc1ccccc1)Cc1ccccc1,中毒,6.0083222,61.191177,2.982123867,0.673913043,0.326086957,0.128055879,0.504074505,0.123399302,0.251843229,139
O=C(c1ccno1)c1nn[nH]c1N(Cc1ccccc1)Cc1ccccc1,低毒,10.806441,50.920006,2.799410193,0.688888889,0.311111111,0.389988359,0.285215367,0.086728754,0.253977493,141
O=C(c1ncon1)c1nn[nH]c1N(Cc1ccccc1)Cc1ccccc1,低毒,5.7749395,20.845585,2.97251827,0.659574468,0.340425532,0.105355064,0.487776484,0.169965076,0.254365541,142
O=C(c1ncco1)c1nn[nH]c1N(Cc1ccccc1)Cc1ccccc1,低毒,9.168307,49.112568,2.831815385,0.659574468,0.340425532,0.272409779,0.32363213,0.169965076,0.255335662,143
O=C(c1ccc([18F])o1)c1nn[nH]c1N(Cc1ccccc1)Cc1ccccc1,中毒,9.219173,64.433624,2.858346006,0.673913043,0.326086957,0.288125728,0.356228172,0.123399302,0.255917734,144
O=C(c1ccc([N+](=O)[O-])cc1[N+](=O)[O-])c1nn[nH]c1N(Cc1ccccc1)Cc1ccccc1,中毒,4.958859,25.358694,2.737819475,0.58490566,0.41509434,0.058207218,0.208381839,0.504656577,0.257081878,145
O=C(c1nocc1Br)c1nn[nH]c1N(Cc1ccccc1)Cc1ccccc1,中毒,4.2356267,29.762762,2.993460828,0.645833333,0.354166667,0.022700815,0.511059371,0.241559953,0.258440047,146
O=C(c1nn[nH]c1N(Cc1ccccc1)Cc1ccccc1)c1cccn1-c1ccc(Br)cc1,低毒,4.2356267,29.762762,2.771853092,0.58490566,0.41509434,0.022700815,0.250291036,0.504656577,0.259216143,147
O=C(c1cc(O)ccc1Cl)c1nn[nH]c1N(Cc1ccccc1)Cc1ccccc1,中毒,10.806441,32.390194,2.593735571,0.632653061,0.367346939,0.389988359,0.08032596,0.313154831,0.261156383,148
O=C(c1cccnc1)c1nn[nH]c1N(Cc1ccccc1)Cc1ccccc1,中毒,15.429382,20.880424,2.518454625,0.790697674,0.209302326,0.745052386,0.027939464,0.010477299,0.261156383,149
O=C(c1cc(I)c(Br)cc1Br)c1nn[nH]c1N(Cc1ccccc1)Cc1ccccc1,中毒,4.2356267,34.50007,2.89295366,0.62,0.38,0.022700815,0.39580908,0.369615832,0.262708576,150
O=C(c1nn[nH]c1N(Cc1ccccc1)Cc1ccccc1)c1ncsc1Br,低毒,5.7749395,57.25769,2.935038502,0.645833333,0.354166667,0.105355064,0.444703143,0.241559953,0.26387272,151
O=C(c1nn[nH]c1N(Cc1ccccc1)Cc1ccccc1)C(F)(F)I,高毒,7.439042,42.472836,2.854660882,0.644444444,0.355555556,0.165308498,0.350407451,0.277648428,0.264454792,152
O=C(SCc1ccncc1)c1nn[nH]c1N(Cc1ccccc1)Cc1ccccc1,低毒,5.794085,24.508234,2.736379996,0.591836735,0.408163265,0.118160652,0.206053551,0.474388824,0.266201009,153
O=C(SCBr)c1nn[nH]c1N(Cc1ccccc1)Cc1ccccc1,低毒,5.7749395,41.86337,2.917701816,0.644444444,0.355555556,0.105355064,0.416763679,0.277648428,0.266589057,154
O=C(CP(c1ccccc1)c1ccccc1)c1nn[nH]c1N(Cc1ccccc1)Cc1ccccc1,中毒,4.2356267,56.60067,2.930659626,0.630434783,0.369565217,0.022700815,0.434225844,0.344004657,0.266977105,155
O=C(c1ccnc(I)c1)c1nn[nH]c1N(Cc1ccccc1)Cc1ccccc1,低毒,10.806441,20.880424,2.842707274,0.70212766,0.29787234,0.389988359,0.338766007,0.072759022,0.267171129,156
O=C(SCc1ccc(Br)cc1)c1nn[nH]c1N(Cc1ccccc1)Cc1ccccc1,低毒,5.794085,41.86337,2.676975048,0.58,0.42,0.118160652,0.150174622,0.533178114,0.267171129,156
O=C(c1ncns1)c1nn[nH]c1N(Cc1ccccc1)Cc1ccccc1,低毒,5.7749395,30.845133,3.011792885,0.659574468,0.340425532,0.105355064,0.527357392,0.169965076,0.267559177,158
O=C(c1nn[nH]c1N(Cc1ccccc1)Cc1ccccc1)C1CCCC1,高毒,10.869423,22.30062,2.526296539,0.630434783,0.369565217,0.4225844,0.036088475,0.344004657,0.267559177,158
O=C(c1csc(O)n1)c1nn[nH]c1N(Cc1ccccc1)Cc1ccccc1,低毒,5.7749395,27.793814,2.954693286,0.645833333,0.354166667,0.105355064,0.470314319,0.241559953,0.272409779,160
O=C(SCI)c1nn[nH]c1N(Cc1ccccc1)Cc1ccccc1,低毒,5.7749395,41.86337,2.930868939,0.644444444,0.355555556,0.105355064,0.435389988,0.277648428,0.272797827,161
O=C(c1nsc(Cl)n1)c1nn[nH]c1N(Cc1ccccc1)Cc1ccccc1,低毒,5.7749395,41.60291,2.955853323,0.645833333,0.354166667,0.105355064,0.471478463,0.241559953,0.272797827,161
O=C(c1ccnnc1)c1nn[nH]c1N(Cc1ccccc1)Cc1ccccc1,低毒,12.6855,34.50007,2.745831826,0.75,0.25,0.570430733,0.218859139,0.03201397,0.273767947,163
O=C(c1nnc[nH]1)c1nn[nH]c1N(Cc1ccccc1)Cc1ccccc1,低毒,8.02164,41.86337,3.028081154,0.688888889,0.311111111,0.197322468,0.54016298,0.086728754,0.274738068,164
O=C(SC(F)(F)F)c1nn[nH]c1N(Cc1ccccc1)Cc1ccccc1,高毒,5.7749395,32.175953,2.875890997,0.630434783,0.369565217,0.105355064,0.377182771,0.344004657,0.275514164,165
O=C(c1ccccc1-c1cc(F)c(F)cc1F)c1nn[nH]c1N(Cc1ccccc1)Cc1ccccc1,中毒,8.476882,20.039776,2.728170201,0.607843137,0.392156863,0.225844005,0.19790454,0.408032596,0.27726038,166
O=C(c1cc(I)ccc1F)c1nn[nH]c1N(Cc1ccccc1)Cc1ccccc1,中毒,9.994743,20.880424,2.665261301,0.62,0.38,0.331781141,0.132712456,0.369615832,0.278036477,167
O=C(c1cc[nH]c1)c1nn[nH]c1N(Cc1ccccc1)Cc1ccccc1,高毒,12.6855,34.50007,2.769675577,0.76744186,0.23255814,0.570430733,0.245634459,0.023282887,0.279782693,168
O=C(C(=O)c1nn[nH]c1N(Cc1ccccc1)Cc1ccccc1)c1ccccn1,高毒,9.562925,45.099583,2.676894837,0.617021277,0.382978723,0.308498254,0.147846333,0.388824214,0.281722934,169
O=C(c1cocn1)c1nn[nH]c1N(Cc1ccccc1)Cc1ccccc1,低毒,9.168307,62.754444,2.907190385,0.659574468,0.340425532,0.272409779,0.405122235,0.169965076,0.28249903,170
O=C(c1nn[nH]c1N(Cc1ccccc1)Cc1ccccc1)C1CCCCC1,高毒,10.869423,22.30062,2.531139704,0.617021277,0.382978723,0.4225844,0.037252619,0.388824214,0.282887078,171
O=C(c1nnsn1)c1nn[nH]c1N(Cc1ccccc1)Cc1ccccc1,低毒,5.7749395,41.86337,3.128214808,0.673913043,0.326086957,0.105355064,0.620488941,0.123399302,0.283081102,172
O=C(C1=Nc2ccccc2C1)c1nn[nH]c1N(Cc1ccccc1)Cc1ccccc1,低毒,7.26421,23.714571,2.873022098,0.632653061,0.367346939,0.162398137,0.374854482,0.313154831,0.28346915,173
O=C(NC1CC1)c1nn[nH]c1N(Cc1ccccc1)Cc1ccccc1,中毒,13.487066,25.051384,2.449686979,0.652173913,0.347826087,0.633294529,0.009313155,0.208381839,0.283663174,174
C=NNC(=O)c1nn[nH]c1N(Cc1ccccc1)Cc1ccccc1,高毒,8.702762,22.836445,2.794361036,0.630434783,0.369565217,0.236321304,0.274738068,0.344004657,0.285021343,175
N#CCCc1ccccc1C(=O)c1nn[nH]c1N(Cc1ccccc1)Cc1ccccc1,中毒,9.217758,26.113438,2.703479091,0.607843137,0.392156863,0.281140861,0.169965076,0.408032596,0.286379511,176
O=C(c1nn[nH]c1N(Cc1ccccc1)Cc1ccccc1)C1CCCCCCC1,高毒,10.869423,22.30062,2.546698579,0.617021277,0.382978723,0.4225844,0.048894063,0.388824214,0.286767559,177
O=C(c1cc(C(F)(F)F)ccc1Cl)c1nn[nH]c1N(Cc1ccccc1)Cc1ccccc1,中毒,8.69717,33.737434,2.65806134,0.58490566,0.41509434,0.233993015,0.123399302,0.504656577,0.287349631,178
O=C(O[15I])c1nn[nH]c1N(Cc1ccccc1)Cc1ccccc1,高毒,9.562925,34.70963,2.938681815,0.674418605,0.325581395,0.308498254,0.449359721,0.10419092,0.287349631,178
O=C(c1nn[nH]c1N(Cc1ccccc1)Cc1ccccc1)c1ncsc1F,低毒,7.0929914,59.342094,2.958977151,0.645833333,0.354166667,0.158905704,0.477299185,0.241559953,0.292588281,180
O=C(c1ccc(C(F)(F)F)cc1Cl)c1nn[nH]c1N(Cc1ccccc1)Cc1ccccc1,中毒,9.796233,30.202047,2.64705954,0.596153846,0.403846154,0.321303842,0.111757858,0.448195576,0.293752425,181
O=C(c1nn[nH]c1N(Cc1ccccc1)Cc1ccccc1)c1c(O)oc2ccccc2c1=O,低毒,5.0276203,26.047947,2.821487386,0.58490566,0.41509434,0.063445867,0.314318976,0.504656577,0.294140473,182
O=C(c1ccc(Cl)nc1)c1nn[nH]c1N(Cc1ccccc1)Cc1ccccc1,中毒,15.429382,15.529057,2.605032342,0.717391304,0.282608696,0.745052386,0.086146682,0.05355064,0.29491657,183
O=C(c1nc2ccc(Cl)cc2[nH]1)c1nn[nH]c1N(Cc1ccccc1)Cc1ccccc1,中毒,5.7749395,40.16329,2.747984165,0.574074074,0.425925926,0.105355064,0.222351572,0.55878929,0.295498642,184
O=C(c1cc(F)c[nH]1)c1nn[nH]c1N(Cc1ccccc1)Cc1ccccc1,低毒,10.217187,34.50007,2.876386532,0.659574468,0.340425532,0.343422584,0.378346915,0.169965076,0.297244858,185
O=C(c1cc2cc[nH]c2[nH]1)c1nn[nH]c1N(Cc1ccccc1)Cc1ccccc1,低毒,4.2356267,56.669506,3.051026842,0.632653061,0.367346939,0.022700815,0.55878929,0.313154831,0.298214979,186
O=C(c1cc([N+](=O)[O-])c[nH]1)c1nn[nH]c1N(Cc1ccccc1)Cc1ccccc1,低毒,5.989378,65.17422,2.863673502,0.607843137,0.392156863,0.123399302,0.363213038,0.408032596,0.298214979,186
O=C(c1cc(Cl)ccc1-c1ccc(Cl)cc1I)c1nn[nH]c1N(Cc1ccccc1)Cc1ccccc1,低毒,5.299379,32.63324,2.829957549,0.58490566,0.41509434,0.071012806,0.322467986,0.504656577,0.299379123,188
O=C(c1nn[nH]c1N(Cc1ccccc1)Cc1ccccc1)c1c(F)cccc1Br,中毒,12.223096,20.880424,2.670198171,0.645833333,0.354166667,0.520372526,0.139697322,0.241559953,0.300543267,189
O=C(c1nn[nH]c1N(Cc1ccccc1)Cc1ccccc1)c1sc(Cl)cc1Cl,低毒,10.806441,32.00644,2.881351735,0.666666667,0.333333333,0.389988359,0.380675204,0.140861467,0.303841676,190
O=C(c1nc[nH]n1)c1nn[nH]c1N(Cc1ccccc1)Cc1ccccc1,低毒,8.02164,41.86337,3.093912693,0.673913043,0.326086957,0.197322468,0.59371362,0.123399302,0.304811797,191
O=C(c1n[nH]c(=S)[nH]1)c1nn[nH]c1N(Cc1ccccc1)Cc1ccccc1,低毒,8.02164,115.43383,3.094661016,0.673913043,0.326086957,0.197322468,0.596041909,0.123399302,0.305587893,192
O=C(c1ccc2nn[nH]c2n1)c1nn[nH]c1N(Cc1ccccc1)Cc1ccccc1,低毒,7.6564264,31.892649,3.063509055,0.659574468,0.340425532,0.179278231,0.569266589,0.169965076,0.306169965,193
O=C(OC(Cl)(Cl)Cl)c1nn[nH]c1N(Cc1ccccc1)Cc1ccccc1,高毒,8.821282,28.179708,2.841086801,0.630434783,0.369565217,0.247962747,0.336437718,0.344004657,0.309468374,194
O=C(c1ccccc1O)c1nn[nH]c1N(Cc1ccccc1)Cc1ccccc1,低毒,17.132633,19.154457,2.48798836,0.720930233,0.279069767,0.862048894,0.019790454,0.047729919,0.309856422,195
O=C(Nc1nccs1)c1nn[nH]c1N(Cc1ccccc1)Cc1ccccc1,中毒,8.702762,37.48489,2.581669825,0.557692308,0.442307692,0.236321304,0.075669383,0.622235157,0.311408615,196
O=C(Oc1ccncc1)c1nn[nH]c1N(Cc1ccccc1)Cc1ccccc1,低毒,11.058763,34.70963,2.569968142,0.604166667,0.395833333,0.447031432,0.065192084,0.423748545,0.311990687,197
O=C(c1ccoc1C(F)(F)F)c1nn[nH]c1N(Cc1ccccc1)Cc1ccccc1,低毒,6.0083222,69.62934,2.905959711,0.607843137,0.392156863,0.128055879,0.401629802,0.408032596,0.312572759,198
O=C(c1ccc(OCCCOc2ccccc2I)cc1)c1nn[nH]c1N(Cc1ccccc1)Cc1ccccc1,高毒,10.806441,48.35956,2.72152045,0.62962963,0.37037037,0.389988359,0.192083818,0.356810244,0.312960807,199
O=C(Oc1ccc(Br)cc1)c1nn[nH]c1N(Cc1ccccc1)Cc1ccccc1,低毒,11.058763,34.70963,2.483500257,0.591836735,0.408163265,0.447031432,0.017462165,0.474388824,0.312960807,199
O=C(Oc1ccccc1Cl)c1nn[nH]c1N(Cc1ccccc1)Cc1ccccc1,低毒,11.058763,34.70963,2.485157075,0.591836735,0.408163265,0.447031432,0.01862631,0.474388824,0.313348855,201
O=C(c1ccc2ncoc2c1)c1nn[nH]c1N(Cc1ccccc1)Cc1ccccc1,中毒,11.383073,108.79434,2.782064908,0.647058824,0.352941176,0.465657742,0.264260768,0.2112922,0.313736903,202
O=C(c1ccc(Br)nc1)c1nn[nH]c1N(Cc1ccccc1)Cc1ccccc1,中毒,15.429382,20.880424,2.675652614,0.717391304,0.282608696,0.745052386,0.1443539,0.05355064,0.314318976,203
O=C(c1cncc(Br)c1)c1nn[nH]c1N(Cc1ccccc1)Cc1ccccc1,中毒,15.429382,20.880424,2.658989989,0.70212766,0.29787234,0.745052386,0.12572759,0.072759022,0.314513,204
O=C(c1cccc(C2=NCCN2)c1)c1nn[nH]c1N(Cc1ccccc1)Cc1ccccc1,低毒,10.8762665,27.5972,2.818460826,0.653846154,0.346153846,0.431897555,0.308498254,0.206053551,0.31548312,205
O=C(S[N+](=O)[O-])c1nn[nH]c1N(Cc1ccccc1)Cc1ccccc1,低毒,5.7749395,33.37947,2.944276259,0.617021277,0.382978723,0.105355064,0.456344587,0.388824214,0.316841288,206
O=C(c1cc([N+](=O)[O-])cs1)c1nn[nH]c1N(Cc1ccccc1)Cc1ccccc1,低毒,5.3406773,17.07878,2.865282521,0.58490566,0.41509434,0.08032596,0.366705471,0.504656577,0.317229336,207
O=C(Sc1ccccc1)c1nn[nH]c1N(Cc1ccccc1)Cc1ccccc1,中毒,14.040698,29.393785,2.592529322,0.659090909,0.340909091,0.675785797,0.079161816,0.19790454,0.317617385,208
O=C(c1ncno1)c1nn[nH]c1N(Cc1ccccc1)Cc1ccccc1,低毒,9.168307,57.42674,3.002008846,0.659574468,0.340425532,0.272409779,0.519208382,0.169965076,0.320527745,209
O=C(c1ccc([N+](=O)[O-])s1)c1nn[nH]c1N(Cc1ccccc1)Cc1ccccc1,中毒,9.219173,9.519632,2.784109046,0.607843137,0.392156863,0.288125728,0.267753201,0.408032596,0.321303842,210
O=C(c1ccc(Br)cc1F)c1nn[nH]c1N(Cc1ccccc1)Cc1ccccc1,中毒,12.223096,20.880424,2.579742998,0.62,0.38,0.520372526,0.074505239,0.369615832,0.321497866,211
O=C(c1ccc(OCCCO[N+](=O)[O-])cc1)c1nn[nH]c1N(Cc1ccccc1)Cc1ccccc1,高毒,10.806441,27.793814,2.747084582,0.62962963,0.37037037,0.389988359,0.221187427,0.356810244,0.32266201,212
O=C(c1nn[nH]c1N(Cc1ccccc1)Cc1ccccc1)c1cccc2cccnc12,中毒,11.962776,20.6486,2.620939718,0.62,0.38,0.506402794,0.091967404,0.369615832,0.32266201,212
O=C(c1ccc2c(c1)NNC=N2)c1nn[nH]c1N(Cc1ccccc1)Cc1ccccc1,低毒,5.3406773,11.872601,3.098984738,0.634615385,0.365384615,0.08032596,0.598370198,0.290454016,0.323050058,214
O=C(c1ccc2cn[nH]c2c1)c1nn[nH]c1N(Cc1ccccc1)Cc1ccccc1,低毒,14.014227,34.50007,2.699269423,0.673469388,0.326530612,0.669383003,0.165308498,0.138533178,0.324408227,215
O=C(c1cc(Cl)ncn1)c1nn[nH]c1N(Cc1ccccc1)Cc1ccccc1,低毒,10.806441,31.929913,2.790119582,0.632653061,0.367346939,0.389988359,0.27008149,0.313154831,0.324408227,215
O=C(c1ccsc1Cl)c1nn[nH]c1N(Cc1ccccc1)Cc1ccccc1,中毒,11.527643,30.13742,2.775632123,0.645833333,0.354166667,0.477299185,0.254947614,0.241559953,0.324602251,217
O=C(c1cncnc1)c1nn[nH]c1N(Cc1ccccc1)Cc1ccccc1,低毒,16.576067,32.37407,2.676979741,0.785714286,0.214285714,0.811990687,0.151338766,0.013969732,0.325766395,218
O=C(c1ccc(F)c(Cl)n1)c1nn[nH]c1N(Cc1ccccc1)Cc1ccccc1,低毒,10.217187,34.285435,2.782735571,0.62,0.38,0.343422584,0.265424913,0.369615832,0.326154443,219
O=C(CSc1nccs1)c1nn[nH]c1N(Cc1ccccc1)Cc1ccccc1,中毒,4.2356267,56.60067,2.794378875,0.537037037,0.462962963,0.022700815,0.275902212,0.688009313,0.32887078,220
O=C(c1coc(=O)[nH]1)c1nn[nH]c1N(Cc1ccccc1)Cc1ccccc1,低毒,9.168307,101.04092,3.03137565,0.659574468,0.340425532,0.272409779,0.544819558,0.169965076,0.329064804,221
O=C(c1nn[nH]c1N(Cc1ccccc1)Cc1ccccc1)c1cc2ccccc2oc1=S,低毒,6.7213836,238.56888,2.849319396,0.58490566,0.41509434,0.1443539,0.344586729,0.504656577,0.331199069,222
O=C(c1nn[nH]c1N(Cc1ccccc1)Cc1ccccc1)C(O)S,高毒,5.7749395,83.59449,3.239673538,0.659090909,0.340909091,0.105355064,0.691501746,0.19790454,0.331587117,223
O=C(c1nn[nH]c1N(Cc1ccccc1)Cc1ccccc1)C(F)(F)C(F)F,高毒,8.394683,58.01186,2.883512705,0.617021277,0.382978723,0.222933644,0.383003492,0.388824214,0.331587117,224
O=C(SCc1ccco1)c1nn[nH]c1N(Cc1ccccc1)Cc1ccccc1,低毒,5.7749395,70.04605,2.79123773,0.557692308,0.442307692,0.105355064,0.271245634,0.622235157,0.332945285,225
O=C(c1cc(Br)c(F)s1)c1nn[nH]c1N(Cc1ccccc1)Cc1ccccc1,中毒,5.8012967,21.606764,2.95770668,0.607843137,0.392156863,0.119906868,0.474970896,0.408032596,0.334303454,226
O=C(c1cc([N+](=O)[O-])on1)c1nn[nH]c1N(Cc1ccccc1)Cc1ccccc1,低毒,5.3406773,29.36747,2.997845916,0.607843137,0.392156863,0.08032596,0.514551804,0.408032596,0.334303454,227
O=C(c1ccn(CCCc2ccccc2)c1)c1nn[nH]c1N(Cc1ccccc1)Cc1ccccc1,低毒,12.6855,72.79328,2.749299597,0.647058824,0.352941176,0.570430733,0.223515716,0.2112922,0.33507955,228
O=C(c1ccsc1Br)c1nn[nH]c1N(Cc1ccccc1)Cc1ccccc1,低毒,11.527643,18.33227,2.803776963,0.645833333,0.354166667,0.477299185,0.289871944,0.241559953,0.336243694,229
O=C(c1coc(F)c1F)c1nn[nH]c1N(Cc1ccccc1)Cc1ccccc1,中毒,7.5388303,50.879738,3.011472614,0.632653061,0.367346939,0.175785797,0.526193248,0.313154831,0.338377959,230
O=C(c1nn[nH]c1N(Cc1ccccc1)Cc1ccccc1)c1cccn[n+]1O,低毒,8.271775,35.710007,3.153040306,0.659574468,0.340425532,0.211874272,0.634458673,0.169965076,0.338766007,231
O=C(c1ccnc(O)n1)c1nn[nH]c1N(Cc1ccccc1)Cc1ccccc1,低毒,10.806441,48.35956,2.88531922,0.645833333,0.354166667,0.389988359,0.385331781,0.241559953,0.338960031,232
O=C(c1ccc([N+](=O)[O-])nc1)c1nn[nH]c1N(Cc1ccccc1)Cc1ccccc1,中毒,13.795804,23.603157,2.755359088,0.66,0.34,0.650174622,0.228172293,0.145518044,0.34128832,233
O=C(c1ccc([N+]F)o1)c1nn[nH]c1N(Cc1ccccc1)Cc1ccccc1,中毒,4.7253957,64.433624,3.191337139,0.632653061,0.367346939,0.052968568,0.65774156,0.313154831,0.34128832,233
O=C(c1cc(Cl)sc1Cl)c1nn[nH]c1N(Cc1ccccc1)Cc1ccccc1,中毒,11.527643,30.13742,2.766417119,0.632653061,0.367346939,0.477299185,0.236321304,0.313154831,0.34225844,235
O=C(c1cccnc1F)c1nn[nH]c1N(Cc1ccccc1)Cc1ccccc1,中毒,15.429382,38.285244,2.648385465,0.659574468,0.340425532,0.745052386,0.112922002,0.169965076,0.342646488,236
O=C([Cl+]I)c1nn[nH]c1N(Cc1ccccc1)Cc1ccccc1,微毒,10.057922,22.105541,3.08351654,0.674418605,0.325581395,0.33701979,0.587892899,0.10419092,0.343034536,237
O=C(c1cscc1O)c1nn[nH]c1N(Cc1ccccc1)Cc1ccccc1,中毒,11.527643,17.286322,2.885285218,0.659574468,0.340425532,0.477299185,0.384167637,0.169965076,0.343810633,238
O=C(c1ccsc1F)c1nn[nH]c1N(Cc1ccccc1)Cc1ccccc1,中毒,11.288659,57.491985,2.839516926,0.645833333,0.354166667,0.458672875,0.33410943,0.241559953,0.344780753,239
O=C(c1ccc(F)c2c1CCC2)c1nn[nH]c1N(Cc1ccccc1)Cc1ccccc1,中毒,10.232685,26.113438,2.768743084,0.596153846,0.403846154,0.345750873,0.24330617,0.448195576,0.345750873,240
O=C(C1=COCCO1)c1nn[nH]c1N(Cc1ccccc1)Cc1ccccc1,中毒,10.487546,69.18164,2.930637943,0.645833333,0.354166667,0.364377183,0.4330617,0.241559953,0.346332945,241
O=C(c1ccc(N2CCNCC2)o1)c1nn[nH]c1N(Cc1ccccc1)Cc1ccccc1,中毒,4.7253957,29.498934,2.927066948,0.574074074,0.425925926,0.052968568,0.428405122,0.55878929,0.346720993,242
O=C(c1cc2c(Br)cccc2[nH]1)c1nn[nH]c1N(Cc1ccccc1)Cc1ccccc1,低毒,9.91589,32.746445,2.782963379,0.596153846,0.403846154,0.325960419,0.266589057,0.448195576,0.346915017,243
O=C(c1nn[nH]c1N(Cc1ccccc1)Cc1ccccc1)C(F)(F)C(F)(F)C(F)(F)F,高毒,8.394683,49.83237,2.928013491,0.617021277,0.382978723,0.222933644,0.429569267,0.388824214,0.347109042,244
O=C(c1nn[nH]c1N(Cc1ccccc1)Cc1ccccc1)c1c(O)cccc1O,低毒,17.132633,15.683915,2.665482521,0.720930233,0.279069767,0.862048894,0.133876601,0.047729919,0.347885138,245
O=C(c1csc(Nc2ccncc2)n1)c1nn[nH]c1N(Cc1ccccc1)Cc1ccccc1,低毒,4.7253957,10.337043,2.827899143,0.543859649,0.456140351,0.052968568,0.321303842,0.671711292,0.348661234,246
O=C(c1ccc2nc[nH]c2c1)c1nn[nH]c1N(Cc1ccccc1)Cc1ccccc1,中毒,15.362902,34.50007,2.701066413,0.66,0.34,0.734575087,0.167636787,0.145518044,0.349243306,247
O=C(c1cc(F)ccc1[N+](=O)[O-])c1nn[nH]c1N(Cc1ccccc1)Cc1ccccc1,中毒,10.3367815,17.77901,2.664254385,0.574074074,0.425925926,0.357974389,0.131548312,0.55878929,0.34943733,248
O=C(c1cc[nH]c(=O)c1Cl)c1nn[nH]c1N(Cc1ccccc1)Cc1ccccc1,低毒,10.806441,53.6493,2.851582786,0.632653061,0.367346939,0.389988359,0.346915017,0.313154831,0.350019402,249
O=C(c1nn[nH]c1N(Cc1ccccc1)Cc1ccccc1)c1coc2c(Cl)cccc2c1=O,中毒,5.0276203,59.342094,2.827395078,0.543859649,0.456140351,0.063445867,0.318975553,0.671711292,0.351377571,250
O=C(c1nnco1)c1nn[nH]c1N(Cc1ccccc1)Cc1ccccc1,低毒,11.750876,63.712284,2.9338425,0.673913043,0.326086957,0.489522701,0.44121071,0.123399302,0.351377571,250
O=C(c1ccc2c(c1)CCO2)c1nn[nH]c1N(Cc1ccccc1)Cc1ccccc1,中毒,13.9532385,47.193893,2.6292726,0.634615385,0.365384615,0.66589057,0.09895227,0.290454016,0.351765619,252
O=C(c1nn[nH]c1N(Cc1ccccc1)Cc1ccccc1)S(=O)(=O)F,低毒,13.811252,30.010038,2.814531361,0.674418605,0.325581395,0.654249127,0.301513388,0.10419092,0.353317811,253
O=C(c1ccc(Oc2ccc3ccccc3c2)cc1)c1nn[nH]c1N(Cc1ccccc1)Cc1ccccc1,高毒,18.430851,20.539291,2.570212264,0.693877551,0.306122449,0.918509895,0.066356228,0.077997672,0.354287932,254
O=C(c1coc(-c2ccccn2)n1)c1nn[nH]c1N(Cc1ccccc1)Cc1ccccc1,中毒,9.168307,68.55407,2.836770245,0.592592593,0.407407407,0.272409779,0.331781141,0.461001164,0.355064028,255
O=C(c1nn[nH]c1N(Cc1ccccc1)Cc1ccccc1)C(F)Cl,高毒,6.8399177,56.60067,3.157500461,0.644444444,0.355555556,0.151920838,0.636786962,0.277648428,0.355452076,256
O=C(c1nn[nH]c1N(Cc1ccccc1)Cc1ccccc1)P(=S)(Cl)Cl,中毒,9.233344,49.83802,2.977068367,0.644444444,0.355555556,0.294528522,0.495925495,0.277648428,0.356034148,257
O=C(C1=CCCC1)c1nn[nH]c1N(Cc1ccccc1)Cc1ccccc1,高毒,14.497795,22.30062,2.770646539,0.673913043,0.326086957,0.697322468,0.247962747,0.123399302,0.356228172,258
O=C(c1cscc1Cl)c1nn[nH]c1N(Cc1ccccc1)Cc1ccccc1,中毒,11.527643,30.13742,2.855164768,0.645833333,0.354166667,0.477299185,0.352735739,0.241559953,0.357198293,259
O=C(c1cccnc1Cl)c1nn[nH]c1N(Cc1ccccc1)Cc1ccccc1,中毒,15.429382,22.11593,2.609560849,0.645833333,0.354166667,0.745052386,0.087310827,0.241559953,0.357974389,260
O=C(NO[N+](=O)[O-])c1nn[nH]c1N(Cc1ccccc1)Cc1ccccc1,低毒,5.9662232,15.224212,2.925624187,0.58,0.42,0.121071013,0.424912689,0.533178114,0.359720605,261
O=C(c1nn[nH]c1N(Cc1ccccc1)Cc1ccccc1)C(Br)c1ccccc1,高毒,7.4814405,65.40903,3.057598607,0.630434783,0.369565217,0.170547148,0.564610012,0.344004657,0.359720605,261
O=C(c1ccccc1-c1cccc2cccnc12)c1nn[nH]c1N(Cc1ccccc1)Cc1ccccc1,中毒,10.461635,32.179115,2.689424871,0.574074074,0.425925926,0.363213038,0.159487776,0.55878929,0.360496702,263
O=C(Oc1cccc(O)c1)c1nn[nH]c1N(Cc1ccccc1)Cc1ccccc1,低毒,11.058763,34.70963,2.553176305,0.568627451,0.431372549,0.447031432,0.05355064,0.583818393,0.361466822,264
O=C(c1nn[nH]c1N(Cc1ccccc1)Cc1ccccc1)C(Cl)Br,低毒,6.8399177,53.78547,3.183058153,0.644444444,0.355555556,0.151920838,0.655413271,0.277648428,0.361660846,265
O=C(c1nn[nH]c1N(Cc1ccccc1)Cc1ccccc1)c1cccn1-c1cccnc1,低毒,8.2594,29.762762,2.827774483,0.574074074,0.425925926,0.208381839,0.320139697,0.55878929,0.362436942,266
O=C(C1=NCCN1)c1nn[nH]c1N(Cc1ccccc1)Cc1ccccc1,低毒,12.141451,23.258205,2.943147116,0.673913043,0.326086957,0.512223516,0.452852154,0.123399302,0.36282499,267
O=C(c1ccncc1[18F])c1nn[nH]c1N(Cc1ccccc1)Cc1ccccc1,中毒,15.362902,34.50007,2.65152284,0.645833333,0.354166667,0.734575087,0.115832363,0.241559953,0.363989135,268
O=C(c1ccncc1F)c1nn[nH]c1N(Cc1ccccc1)Cc1ccccc1,中毒,15.362902,34.50007,2.65152284,0.645833333,0.354166667,0.734575087,0.115832363,0.241559953,0.363989135,268
O=C(c1nsc(C(F)F)n1)c1nn[nH]c1N(Cc1ccccc1)Cc1ccccc1,中毒,4.2356267,39.283604,3.131768462,0.596153846,0.403846154,0.022700815,0.621653085,0.448195576,0.364183159,270
O=C(Oc1ccccc1Br)c1nn[nH]c1N(Cc1ccccc1)Cc1ccccc1,低毒,12.719338,39.769817,2.537135222,0.591836735,0.408163265,0.578579744,0.040745052,0.474388824,0.364571207,271
O=C(c1nn[nH]c1N(Cc1ccccc1)Cc1ccccc1)c1[nH]c2cnccc2c1Br,中毒,5.989378,32.746445,2.915468125,0.574074074,0.425925926,0.123399302,0.413271246,0.55878929,0.365153279,272
O=C(c1nn[nH]c1N(Cc1ccccc1)Cc1ccccc1)n1ccnc1,高毒,10.842651,41.60291,2.741592116,0.591836735,0.408163265,0.411525029,0.214202561,0.474388824,0.366705471,273
O=C(c1cn[nH]c1)c1nn[nH]c1N(Cc1ccccc1)Cc1ccccc1,低毒,16.576067,32.37407,2.780731731,0.75,0.25,0.811990687,0.259604191,0.03201397,0.367869616,274
O=C(c1ccc[n+]([O-])c1)c1nn[nH]c1N(Cc1ccccc1)Cc1ccccc1,中毒,15.429382,21.343252,2.833181121,0.739130435,0.260869565,0.745052386,0.325960419,0.034924331,0.368645712,275
O=C(Oc1cccc(Br)c1)c1nn[nH]c1N(Cc1ccccc1)Cc1ccccc1,低毒,11.058763,25.876787,2.531212844,0.557692308,0.442307692,0.447031432,0.038416764,0.622235157,0.369227784,276
NS(=O)(=O)C(=O)c1nn[nH]c1N(Cc1ccccc1)Cc1ccccc1,低毒,13.811252,69.663536,2.777513481,0.659090909,0.340909091,0.654249127,0.257275902,0.19790454,0.369809856,277
O=C(c1nc(Cl)co1)c1nn[nH]c1N(Cc1ccccc1)Cc1ccccc1,低毒,9.168307,49.112568,3.007045256,0.632653061,0.367346939,0.272409779,0.523864959,0.313154831,0.369809856,277
O=C(c1cnccc1-c1ccccc1)c1nn[nH]c1N(Cc1ccccc1)Cc1ccccc1,中毒,13.773061,16.533592,2.622189166,0.62,0.38,0.647846333,0.093131548,0.369615832,0.370197905,279
O=C(OS(=O)(=O)O)c1nn[nH]c1N(Cc1ccccc1)Cc1ccccc1,中毒,12.190424,35.42031,2.774398689,0.630434783,0.369565217,0.516880093,0.252619325,0.344004657,0.371168025,280
O=C(c1nc(=O)[nH]o1)c1nn[nH]c1N(Cc1ccccc1)Cc1ccccc1,低毒,9.168307,54.370132,3.106767957,0.645833333,0.354166667,0.272409779,0.606519208,0.241559953,0.373496314,281
O=C(c1ccc(O)cc1O)c1nn[nH]c1N(Cc1ccccc1)Cc1ccccc1,低毒,17.132633,19.154457,2.613694722,0.659574468,0.340425532,0.862048894,0.089639115,0.169965076,0.373884362,282
[N-]=[N+]=Nc1ccc(CC(=O)c2nn[nH]c2N(Cc2ccccc2)Cc2ccccc2)cc1,高毒,6.54649,65.40903,2.839874017,0.547169811,0.452830189,0.133294529,0.335273574,0.653667055,0.374078386,283
O=C(c1nn[nH]c1N(Cc1ccccc1)Cc1ccccc1)N1CCc2ccccc21,中毒,11.074297,29.599037,2.541147851,0.557692308,0.442307692,0.45459837,0.046565774,0.622235157,0.374466434,284
O=C(c1nn[nH]c1N(Cc1ccccc1)Cc1ccccc1)[n+]1ccccc1,高毒,12.970445,24.44561,2.835363059,0.659090909,0.340909091,0.598370198,0.328288708,0.19790454,0.374854482,285
O=C(c1cc(O)ccc1O)c1nn[nH]c1N(Cc1ccccc1)Cc1ccccc1,低毒,17.132633,19.154457,2.628035836,0.659574468,0.340425532,0.862048894,0.096623981,0.169965076,0.37621265,286
O=C(C(Cl)=C(Cl)Cl)c1nn[nH]c1N(Cc1ccccc1)Cc1ccccc1,高毒,12.272313,56.60067,2.907404483,0.659090909,0.340909091,0.525029104,0.40628638,0.19790454,0.376406674,287
O=C(OCc1ccc[nH]1)c1nn[nH]c1N(Cc1ccccc1)Cc1ccccc1,高毒,9.562925,34.70963,2.768029322,0.568627451,0.431372549,0.308498254,0.242142026,0.583818393,0.378152891,288
O=C(c1nn[nH]c1N(Cc1ccccc1)Cc1ccccc1)C(O)CO,低毒,8.660792,83.59449,3.146137483,0.644444444,0.355555556,0.231664726,0.629802095,0.277648428,0.379705083,289
O=C(c1nn[nH]c1N(Cc1ccccc1)Cc1ccccc1)c1ccnc2cccnc12,中毒,12.6855,20.805614,2.730248544,0.62,0.38,0.570430733,0.200232829,0.369615832,0.380093132,290
O=C(C(=S)c1ccccn1)c1nn[nH]c1N(Cc1ccccc1)Cc1ccccc1,中毒,9.562925,66.0139,2.812834173,0.58,0.42,0.308498254,0.299185099,0.533178114,0.380287156,291
O=C(c1nn[nH]c1N(Cc1ccccc1)Cc1ccccc1)C1SCCS1,中毒,8.702762,42.01063,3.001988077,0.617021277,0.382978723,0.236321304,0.518044237,0.388824214,0.381063252,292
O=C(c1nn[nH]c1N(Cc1ccccc1)Cc1ccccc1)N1c2ccccc2Sc2ccccc21,低毒,10.787622,31.889166,2.7668868,0.58,0.42,0.372526193,0.237485448,0.533178114,0.381063252,292
O=C(c1nn[nH]c1N(Cc1ccccc1)Cc1ccccc1)c1oc(=O)sc1Cl,低毒,7.6844206,64.433624,3.044205581,0.607843137,0.392156863,0.18451688,0.552968568,0.408032596,0.381839348,294
O=C(c1ccc2occc2c1Br)c1nn[nH]c1N(Cc1ccccc1)Cc1ccccc1,中毒,8.441496,101.04092,2.863852904,0.574074074,0.425925926,0.22467986,0.364377183,0.55878929,0.382615444,295
O=C(c1nn[nH]c1N(Cc1ccccc1)Cc1ccccc1)c1cccn1CC(F)(F)Br,低毒,4.7253957,64.433624,3.087353716,0.58490566,0.41509434,0.052968568,0.590221187,0.504656577,0.382615444,295
N=[N+]([O-])c1ccc(Cl)cc1C(=O)c1nn[nH]c1N(Cc1ccccc1)Cc1ccccc1,中毒,5.0276203,27.951027,2.966493348,0.563636364,0.436363636,0.063445867,0.480791618,0.60419092,0.382809468,297
O=C(c1nn[nH]c1N(Cc1ccccc1)Cc1ccccc1)c1nnsc1C(F)(F)F,低毒,7.84223,50.808228,3.091495061,0.62,0.38,0.190337602,0.591385332,0.369615832,0.383779589,298
O=C(c1ccnc([N+](=O)[O-])c1)c1nn[nH]c1N(Cc1ccccc1)Cc1ccccc1,低毒,13.773061,18.144299,2.807123704,0.647058824,0.352941176,0.647846333,0.295692666,0.2112922,0.384943733,299
O=C(c1ccc(OCCn2cc(O)cn2)cc1)c1nn[nH]c1N(Cc1ccccc1)Cc1ccccc1,低毒,9.78968,25.414986,2.851798215,0.586206897,0.413793103,0.318393481,0.348079162,0.490104773,0.385525805,300
O=C(c1nn[nH]c1N(Cc1ccccc1)Cc1ccccc1)S(=O)(=O)Cl,高毒,13.811252,69.663536,2.818528034,0.659090909,0.340909091,0.654249127,0.309662398,0.19790454,0.387272022,301
O=C(c1cc(Cl)sc1Br)c1nn[nH]c1N(Cc1ccccc1)Cc1ccccc1,低毒,11.527643,16.437222,2.824595691,0.62,0.38,0.477299185,0.317811409,0.369615832,0.388242142,302
O=C(c1coc(Nc2ccccc2)n1)c1nn[nH]c1N(Cc1ccccc1)Cc1ccccc1,低毒,10.281827,36.07957,2.820137071,0.58490566,0.41509434,0.348079162,0.311990687,0.504656577,0.388242142,302
O=C(c1nn[nH]c1N(Cc1ccccc1)Cc1ccccc1)c1n[nH]c(=S)c2ccccc12,低毒,12.400565,145.83531,2.888899412,0.645833333,0.354166667,0.536088475,0.389988359,0.241559953,0.389212262,304
O=C(c1cnco1)c1nn[nH]c1N(Cc1ccccc1)Cc1ccccc1,高毒,14.704881,54.97219,2.848446346,0.673913043,0.326086957,0.706053551,0.34225844,0.123399302,0.390570431,305
O=C(c1ccn(CCBr)c1)c1nn[nH]c1N(Cc1ccccc1)Cc1ccccc1,中毒,12.6855,40.152443,2.945385921,0.66,0.34,0.570430733,0.457508731,0.145518044,0.391152503,306
O=C(C(Cl)=NBr)c1nn[nH]c1N(Cc1ccccc1)Cc1ccccc1,高毒,8.820913,42.472836,3.029500259,0.617021277,0.382978723,0.243888242,0.543655413,0.388824214,0.392122623,307
O=C(c1ccc2[nH]nnc2c1)c1nn[nH]c1N(Cc1ccccc1)Cc1ccccc1,中毒,15.362902,30.879324,2.890210894,0.717391304,0.282608696,0.734575087,0.392316647,0.05355064,0.393480792,308
O=C(c1nn[nH]c1N(Cc1ccccc1)Cc1ccccc1)c1cccn(-c2ccccc2)c1=O,低毒,15.429382,34.571663,2.684737364,0.64,0.36,0.745052386,0.155995343,0.286379511,0.39580908,309
O=C(c1cc(I)c2[nH]ccc2c1)c1nn[nH]c1N(Cc1ccccc1)Cc1ccccc1,中毒,12.692299,34.50007,2.954060597,0.66,0.34,0.575087311,0.46798603,0.145518044,0.396197128,310
O=C(Sc1ccccn1)c1nn[nH]c1N(Cc1ccccc1)Cc1ccccc1,中毒,11.934584,30.458624,2.741283705,0.591836735,0.408163265,0.502910361,0.213038417,0.474388824,0.396779201,311
O=C(Cc1c(F)cccc1F)c1nn[nH]c1N(Cc1ccccc1)Cc1ccccc1,中毒,14.037337,54.13144,2.624991396,0.604166667,0.395833333,0.672293364,0.094295693,0.423748545,0.396779201,312
O=C(C(=S)c1cc2ccccc2[nH]1)c1nn[nH]c1N(Cc1ccccc1)Cc1ccccc1,中毒,7.475741,66.0139,2.870469753,0.547169811,0.452830189,0.166472643,0.371362049,0.653667055,0.397167249,313
O=C(c1nn[nH]c1N(Cc1ccccc1)Cc1ccccc1)P(=O)(O)Cc1ccccc1,中毒,6.807589,51.01637,3.260697568,0.630434783,0.369565217,0.147264261,0.701979045,0.344004657,0.397749321,314
O=C(Sc1nncs1)c1nn[nH]c1N(Cc1ccccc1)Cc1ccccc1,中毒,6.4703827,28.596737,2.962233865,0.568627451,0.431372549,0.131548312,0.478463329,0.583818393,0.397943345,315
O=C(c1nn[nH]c1N(Cc1ccccc1)Cc1ccccc1)c1ccn[nH]c1=S,低毒,12.6855,98.82907,2.945468541,0.659574468,0.340425532,0.570430733,0.458672875,0.169965076,0.399689562,316
O=C(c1n[nH]c([N+](=O)[O-])n1)c1nn[nH]c1N(Cc1ccccc1)Cc1ccccc1,中毒,8.008091,38.05627,3.164685704,0.62,0.38,0.192083818,0.640279395,0.369615832,0.400659682,317
O=C(c1cnoc1)c1nn[nH]c1N(Cc1ccccc1)Cc1ccccc1,低毒,16.576067,59.86826,2.856404423,0.733333333,0.266666667,0.811990687,0.353899884,0.037252619,0.40104773,318
O=C(c1nn[nH]c1N(Cc1ccccc1)Cc1ccccc1)N1CCCc2ccccc21,中毒,11.074297,30.241766,2.567458585,0.537037037,0.462962963,0.45459837,0.060535506,0.688009313,0.40104773,319
[434H]OCCCCC[n+]1ccc(C(=O)c2nn[nH]c2N(Cc2ccccc2)Cc2ccccc2)cc1,低毒,10.806441,31.436531,3.299538857,0.68627451,0.31372549,0.389988359,0.725261932,0.094295693,0.403181995,320
O=C(c1nn[nH]c1N(Cc1ccccc1)Cc1ccccc1)c1c(O)cccc1Br,中毒,17.132633,17.199223,2.710480929,0.659574468,0.340425532,0.862048894,0.179278231,0.169965076,0.403764067,321
O=C(c1nn[nH]c1N(Cc1ccccc1)Cc1ccccc1)C(O)NO,高毒,6.7121873,83.59449,3.308104253,0.630434783,0.369565217,0.13911525,0.728754366,0.344004657,0.403958091,322
O=C(COc1ccccc1Cl)c1nn[nH]c1N(Cc1ccccc1)Cc1ccccc1,高毒,12.970445,102.96765,2.520155944,0.568627451,0.431372549,0.598370198,0.030267753,0.583818393,0.404152115,323
O=C(ONF)c1nn[nH]c1N(Cc1ccccc1)Cc1ccccc1,高毒,11.058763,34.70963,2.924552817,0.630434783,0.369565217,0.447031432,0.421420256,0.344004657,0.404152115,323
O=C(Oc1cccc2cnccc12)c1nn[nH]c1N(Cc1ccccc1)Cc1ccccc1,低毒,9.694577,24.477404,2.652654546,0.50877193,0.49122807,0.316647264,0.119906868,0.778812573,0.405122235,325
O=C(c1nn[nH]c1N(Cc1ccccc1)Cc1ccccc1)[PH](O)(Cl)Cl,低毒,9.562925,49.524765,3.26843635,0.659090909,0.340909091,0.308498254,0.708963912,0.19790454,0.405122235,325
O=C(c1cccnc1Br)c1nn[nH]c1N(Cc1ccccc1)Cc1ccccc1,中毒,16.21589,20.880424,2.715604469,0.645833333,0.354166667,0.790454016,0.186263097,0.241559953,0.406092355,327
O=C(c1nn[nH]c1N(Cc1ccccc1)Cc1ccccc1)c1csc2ccccc2c1=O,中毒,12.837641,32.407604,2.715098777,0.596153846,0.403846154,0.587310827,0.185098952,0.448195576,0.406868452,328
O=C(CCO[N+](=O)[O-])c1nn[nH]c1N(Cc1ccccc1)Cc1ccccc1,高毒,10.325603,52.825184,2.798402416,0.568627451,0.431372549,0.354481956,0.282887078,0.583818393,0.407062476,329
O=C(c1nn[nH]c1N(Cc1ccccc1)Cc1ccccc1)c1c(F)cc(Br)cc1Br,中毒,12.223096,20.880424,2.804335164,0.607843137,0.392156863,0.520372526,0.293364377,0.408032596,0.4072565,330
O=C(c1c[nH]nc1-c1ccccc1)c1nn[nH]c1N(Cc1ccccc1)Cc1ccccc1,中毒,12.53793,31.01351,2.862812317,0.632653061,0.367346939,0.55355064,0.362048894,0.313154831,0.409584789,331
O=C(c1nn[nH]c1N(Cc1ccccc1)Cc1ccccc1)S(=O)(=O)O,低毒,17.653475,66.38732,2.767493731,0.674418605,0.325581395,0.888242142,0.239813737,0.10419092,0.410748933,332
O=C(c1cc(Cl)ccc1O)c1nn[nH]c1N(Cc1ccccc1)Cc1ccccc1,低毒,17.132633,19.154457,2.558715943,0.632653061,0.367346939,0.862048894,0.057043073,0.313154831,0.410748933,332
O=C(c1nonc1NO)c1nn[nH]c1N(Cc1ccccc1)Cc1ccccc1,微毒,11.376357,19.855677,3.020039039,0.645833333,0.354166667,0.463911525,0.534342258,0.241559953,0.413271246,334
CS(=O)(=O)N(C(=O)c1nn[nH]c1N(Cc1ccccc1)Cc1ccccc1)c1ccccc1,低毒,13.504782,12.952595,2.710706309,0.604166667,0.395833333,0.634458673,0.181606519,0.423748545,0.413271246,335
O=C(c1nn[nH]c1N(Cc1ccccc1)Cc1ccccc1)c1occc1[N+](=O)[O-],低毒,10.806441,58.308685,2.908509577,0.596153846,0.403846154,0.389988359,0.408614668,0.448195576,0.415599534,336
O=C(c1nn[nH]c1N(Cc1ccccc1)Cc1ccccc1)S(=O)(=O)c1ccccc1,中毒,17.033323,64.723854,2.660320627,0.644444444,0.355555556,0.844004657,0.128055879,0.277648428,0.416569655,337
O=C(c1ccccc1SC(F)(F)F)c1nn[nH]c1N(Cc1ccccc1)Cc1ccccc1,中毒,13.315459,34.665947,2.778415458,0.62,0.38,0.625145518,0.258440047,0.369615832,0.417733799,338
O=C(Oc1ccco1)c1nn[nH]c1N(Cc1ccccc1)Cc1ccccc1,低毒,11.058763,25.268124,2.793562688,0.58,0.42,0.447031432,0.273573923,0.533178114,0.417927823,339
O=C(c1nn[nH]c1N(Cc1ccccc1)Cc1ccccc1)C([O-])(O)Cl,低毒,7.246526,80.50812,3.352391188,0.630434783,0.369565217,0.160651921,0.749708964,0.344004657,0.418121847,340
O=C(c1nn[nH]c1N(Cc1ccccc1)Cc1ccccc1)n1nnc2ccccc21,中毒,12.719338,15.41628,2.676791998,0.58,0.42,0.578579744,0.146682189,0.533178114,0.419480016,341
O=C(c1csc(NC2CCC2)n1)c1nn[nH]c1N(Cc1ccccc1)Cc1ccccc1,低毒,8.8918295,23.603157,2.817072053,0.534482759,0.465517241,0.253783469,0.305005821,0.703725262,0.420838184,342
O=C(c1nn[nH]c1N(Cc1ccccc1)Cc1ccccc1)C1CS1,中毒,8.820913,56.60067,3.220179386,0.630434783,0.369565217,0.243888242,0.675203725,0.344004657,0.421032208,343
O=C(Sn1ccnc1)c1nn[nH]c1N(Cc1ccccc1)Cc1ccccc1,高毒,5.7749395,41.86337,3.071925432,0.568627451,0.431372549,0.105355064,0.576251455,0.583818393,0.421808304,344
O=C(c1nn[nH]c1N(Cc1ccccc1)Cc1ccccc1)c1scn[n+]1[O-],低毒,8.02164,19.939602,3.254427057,0.62,0.38,0.197322468,0.698486612,0.369615832,0.421808304,344
O=C(c1csc(Nc2nncs2)n1)c1nn[nH]c1N(Cc1ccccc1)Cc1ccccc1,低毒,4.7253957,23.603157,3.029310904,0.543859649,0.456140351,0.052968568,0.541327125,0.671711292,0.422002328,346
O=C(c1nn[nH]c1N(Cc1ccccc1)Cc1ccccc1)[SH](=O)=O,低毒,13.811252,69.663536,3.021132005,0.69047619,0.30952381,0.654249127,0.535506403,0.080908033,0.423554521,347
N#Cc1ccc2[nH]c(C(=O)c3nn[nH]c3N(Cc3ccccc3)Cc3ccccc3)cc2c1,低毒,10.29152,31.82146,2.823584106,0.563636364,0.436363636,0.350989523,0.316647264,0.60419092,0.423942569,348
O=C(c1ccncc1Br)c1nn[nH]c1N(Cc1ccccc1)Cc1ccccc1,中毒,17.132633,34.50007,2.702385465,0.645833333,0.354166667,0.862048894,0.168800931,0.241559953,0.424136593,349
O=C(OCc1cn[nH]n1)c1nn[nH]c1N(Cc1ccccc1)Cc1ccccc1,高毒,9.562925,34.70963,2.819501594,0.547169811,0.452830189,0.308498254,0.310826542,0.653667055,0.424330617,350
O=C(CN1CCOCC1)c1nn[nH]c1N(Cc1ccccc1)Cc1ccccc1,高毒,12.970445,53.697197,2.614277444,0.568627451,0.431372549,0.598370198,0.09080326,0.583818393,0.424330617,350
O=C(c1ccc(Cl)cc1[N+](=O)[O-])c1nn[nH]c1N(Cc1ccccc1)Cc1ccccc1,中毒,13.110709,25.358694,2.646367261,0.574074074,0.425925926,0.606519208,0.110593714,0.55878929,0.425300737,352
O=C(c1nn[nH]c1N(Cc1ccccc1)Cc1ccccc1)C(O)CS,低毒,8.2911215,83.59449,3.281482714,0.630434783,0.369565217,0.217694994,0.714784633,0.344004657,0.425494761,353
O=C(c1ccn[nH]1)c1nn[nH]c1N(Cc1ccccc1)Cc1ccccc1,低毒,18.950224,56.669506,2.798067116,0.720930233,0.279069767,0.949359721,0.281722934,0.047729919,0.426270858,354
O=C(c1nn[nH]c1N(Cc1ccccc1)Cc1ccccc1)c1cc2ccccc2sc1=O,中毒,12.837641,31.503962,2.769608373,0.596153846,0.403846154,0.587310827,0.244470314,0.448195576,0.426658906,355
O=C(C(=NF)c1cccc2ccccc12)c1nn[nH]c1N(Cc1ccccc1)Cc1ccccc1,高毒,6.54649,45.70164,2.925675228,0.527272727,0.472727273,0.133294529,0.426076834,0.722351572,0.427240978,356
O=C(c1cnc(Cl)cc1Cl)c1nn[nH]c1N(Cc1ccccc1)Cc1ccccc1,中毒,15.429382,18.188808,2.75427138,0.632653061,0.367346939,0.745052386,0.225844005,0.313154831,0.428017074,357
O=C(c1csc(NCCCF)n1)c1nn[nH]c1N(Cc1ccccc1)Cc1ccccc1,低毒,6.5956955,23.603157,2.938256832,0.534482759,0.465517241,0.135040745,0.447031432,0.703725262,0.428599146,358
O=C(c1nn[nH]c1N(Cc1ccccc1)Cc1ccccc1)c1ccc[nH]c1=S,低毒,15.429382,68.47388,2.813698768,0.645833333,0.354166667,0.745052386,0.300349243,0.241559953,0.428987194,359
O=C(c1n[nH]c(=S)o1)c1nn[nH]c1N(Cc1ccccc1)Cc1ccccc1,中毒,11.750876,150.51297,3.054068145,0.645833333,0.354166667,0.489522701,0.562281723,0.241559953,0.431121459,360
O=C(c1cncc(Cl)c1Cl)c1nn[nH]c1N(Cc1ccccc1)Cc1ccccc1,中毒,15.429382,22.491127,2.767200823,0.632653061,0.367346939,0.745052386,0.238649593,0.313154831,0.432285603,361
O=C(c1nn[nH]c1N(Cc1ccccc1)Cc1ccccc1)[PH](F)(F)OF,中毒,6.7121873,48.013813,3.406712975,0.617021277,0.382978723,0.13911525,0.772991851,0.388824214,0.433643772,362
O=C(c1noc(=S)s1)c1nn[nH]c1N(Cc1ccccc1)Cc1ccccc1,微毒,9.184782,247.87025,3.179694974,0.62,0.38,0.278230501,0.653084983,0.369615832,0.433643772,362
O=C(c1nn[nH]c1N(Cc1ccccc1)Cc1ccccc1)C(O)C(F)(F)F,低毒,8.2911215,83.59449,3.249264462,0.617021277,0.382978723,0.217694994,0.697322468,0.388824214,0.434613892,364
O=C(c1nn[nH]c1N(Cc1ccccc1)Cc1ccccc1)c1nnc(Cl)c(O)c1O,低毒,12.736391,57.935555,3.042555908,0.659574468,0.340425532,0.582072177,0.551804424,0.169965076,0.434613892,364
O=C(c1ccc(Cl)nc1Cl)c1nn[nH]c1N(Cc1ccccc1)Cc1ccccc1,中毒,17.205502,15.368224,2.72151329,0.645833333,0.354166667,0.87427241,0.190919674,0.241559953,0.435584012,366
O=C(c1nn[nH]c1N(Cc1ccccc1)Cc1ccccc1)c1cc(Br)cc[n+]1[O-],低毒,9.217758,32.172657,3.073188091,0.596153846,0.403846154,0.281140861,0.579743888,0.448195576,0.436360109,367
O=C(c1nn[nH]c1N(Cc1ccccc1)Cc1ccccc1)C1CSSC1,低毒,10.869423,34.49861,2.980249616,0.617021277,0.382978723,0.4225844,0.500582072,0.388824214,0.437330229,368
Nc1nonc1C(=O)c1nn[nH]c1N(Cc1ccccc1)Cc1ccccc1,微毒,16.576067,30.879324,2.836681841,0.659574468,0.340425532,0.811990687,0.330616997,0.169965076,0.437524253,369
O=C(Nn1ncc2ccccc21)c1nn[nH]c1N(Cc1ccccc1)Cc1ccccc1,低毒,9.386746,19.964197,2.851535022,0.537037037,0.462962963,0.29685681,0.345750873,0.688009313,0.443538999,370
O=C(c1cc(I)ccc1O)c1nn[nH]c1N(Cc1ccccc1)Cc1ccccc1,中毒,17.132633,19.154457,2.685502149,0.632653061,0.367346939,0.862048894,0.158323632,0.313154831,0.444509119,371
O=C(c1cc[n+](CC[PH](=O)[O-])cc1)c1nn[nH]c1N(Cc1ccccc1)Cc1ccccc1,高毒,10.217187,36.120674,3.810758539,0.68,0.32,0.343422584,0.897555297,0.097788126,0.446255336,372
O=C(c1ccc(Nc2cc(Br)c(I)cn2)cc1)c1nn[nH]c1N(Cc1ccccc1)Cc1ccccc1,低毒,11.046027,34.50007,2.910614893,0.586206897,0.413793103,0.440046566,0.409778813,0.490104773,0.446643384,373
O=C(c1nn[nH]c1N(Cc1ccccc1)Cc1ccccc1)C(O)c1ccc(I)cc1,高毒,7.4814405,34.65295,3.162566775,0.58,0.42,0.170547148,0.63911525,0.533178114,0.447613504,374
O=C(c1nn[nH]c1N(Cc1ccccc1)Cc1ccccc1)C(O)c1ccccc1-c1ccccc1,中毒,7.4814405,39.343636,3.086832169,0.568627451,0.431372549,0.170547148,0.589057043,0.583818393,0.447807528,375
O=C(c1cccc2c1S(=O)(=O)N2)c1nn[nH]c1N(Cc1ccccc1)Cc1ccccc1,中毒,10.826503,47.39916,3.015537425,0.607843137,0.392156863,0.407450524,0.530849825,0.408032596,0.448777648,376
O=C(NS(=O)(=O)Cl)c1nn[nH]c1N(Cc1ccccc1)Cc1ccccc1,低毒,14.662009,25.051384,2.776950337,0.617021277,0.382978723,0.70314319,0.256111758,0.388824214,0.449359721,377
O=C(c1ccc2s[nH]c(=O)c2c1)c1nn[nH]c1N(Cc1ccccc1)Cc1ccccc1,中毒,13.22057,56.669506,2.93711968,0.634615385,0.365384615,0.614668219,0.445867288,0.290454016,0.450329841,378
O=C(c1ccc(Cl)c(Cl)c1O)c1nn[nH]c1N(Cc1ccccc1)Cc1ccccc1,低毒,17.132633,19.154457,2.70959169,0.632653061,0.367346939,0.862048894,0.176949942,0.313154831,0.450717889,379
O=C(c1nn[nH]c1N(Cc1ccccc1)Cc1ccccc1)N(F)C(F)F,低毒,11.613709,13.016971,3.008925562,0.630434783,0.369565217,0.483119907,0.525029104,0.344004657,0.450717889,379
O=C(c1nn2cnnc2[nH]1)c1nn[nH]c1N(Cc1ccccc1)Cc1ccccc1,低毒,8.02164,41.86337,3.266879046,0.596153846,0.403846154,0.197322468,0.706635623,0.448195576,0.450717889,379
O=C(c1cc[n+]([O-])cn1)c1nn[nH]c1N(Cc1ccccc1)Cc1ccccc1,低毒,10.806441,56.669506,3.094111075,0.62,0.38,0.389988359,0.594877765,0.369615832,0.451493985,382
O=C(c1nn[nH]c1N(Cc1ccccc1)Cc1ccccc1)C1CCN(c2ccccc2[N+](=O)[O-])CC1,中毒,9.2972555,34.94612,2.731512329,0.475409836,0.524590164,0.295692666,0.201396973,0.859720605,0.452270081,383
O=C(c1cc(I)c(O)c(Br)c1Cl)c1nn[nH]c1N(Cc1ccccc1)Cc1ccccc1,低毒,8.125519,29.908281,3.040603332,0.563636364,0.436363636,0.203725262,0.550640279,0.60419092,0.452852154,384
O=C(OC1CCC1)c1nn[nH]c1N(Cc1ccccc1)Cc1ccccc1,高毒,17.19353,37.091206,2.56750863,0.604166667,0.395833333,0.873108265,0.061699651,0.423748545,0.452852154,385
O=C(c1coc([N+](=O)[O-])n1)c1nn[nH]c1N(Cc1ccccc1)Cc1ccccc1,低毒,8.826847,44.610962,3.106619391,0.58490566,0.41509434,0.249126892,0.605355064,0.504656577,0.453046178,386
O=C(c1cnns1)c1nn[nH]c1N(Cc1ccccc1)Cc1ccccc1,低毒,16.576067,29.36747,2.878364423,0.659574468,0.340425532,0.811990687,0.379511059,0.169965076,0.453822274,387
O=C(c1cn[nH]c1C(F)(F)F)c1nn[nH]c1N(Cc1ccccc1)Cc1ccccc1,中毒,12.53793,61.784237,2.93372825,0.62,0.38,0.55355064,0.440046566,0.369615832,0.454404346,388
O=C(OCc1ccccc1[N+](=O)[O-])c1nn[nH]c1N(Cc1ccccc1)Cc1ccccc1,高毒,12.568776,26.762428,2.599351622,0.527272727,0.472727273,0.560535506,0.082654249,0.722351572,0.455180442,389
O=C(c1nn[nH]c1N(Cc1ccccc1)Cc1ccccc1)c1coc2c(Br)cccc2c1=O,低毒,9.831734,59.342094,2.871477596,0.543859649,0.456140351,0.32363213,0.372526193,0.671711292,0.455956539,390
O=C(Cc1cc([N+](=O)[O-])cs1)c1nn[nH]c1N(Cc1ccccc1)Cc1ccccc1,高毒,7.0929914,68.77203,2.931722165,0.50877193,0.49122807,0.158905704,0.436554133,0.778812573,0.458090803,391
O=C(c1cc[n+]([O-])s1)c1nn[nH]c1N(Cc1ccccc1)Cc1ccccc1,高毒,10.806441,29.36747,3.219619177,0.632653061,0.367346939,0.389988359,0.671711292,0.313154831,0.458284827,392
O=C(O)c1ncoc1C(=O)c1nn[nH]c1N(Cc1ccccc1)Cc1ccccc1,低毒,14.704881,50.57576,2.926563688,0.645833333,0.354166667,0.706053551,0.427240978,0.241559953,0.458284827,392
O=C(Oc1cc(Br)ccc1Br)c1nn[nH]c1N(Cc1ccccc1)Cc1ccccc1,低毒,12.719338,29.31195,2.672720627,0.547169811,0.452830189,0.578579744,0.143189756,0.653667055,0.458478851,394
O=C(c1ccc([N+](=O)[O-])cc1Cl)c1nn[nH]c1N(Cc1ccccc1)Cc1ccccc1,低毒,15.867538,34.312782,2.628880471,0.58490566,0.41509434,0.772991851,0.097788126,0.504656577,0.458478851,394
O=C(c1cscc1[N+](=O)[O-])c1nn[nH]c1N(Cc1ccccc1)Cc1ccccc1,中毒,11.527643,26.548447,2.940465545,0.596153846,0.403846154,0.477299185,0.450523865,0.448195576,0.458672875,396
O=C(N=Cc1ccccc1O)c1nn[nH]c1N(Cc1ccccc1)Cc1ccccc1,高毒,12.252508,37.042847,2.792298294,0.568627451,0.431372549,0.523864959,0.272409779,0.583818393,0.460031044,397
O=C(Sc1cccs1)c1nn[nH]c1N(Cc1ccccc1)Cc1ccccc1,高毒,11.934584,29.393785,2.852941002,0.58,0.42,0.502910361,0.349243306,0.533178114,0.46177726,398
O=C(c1nn[nH]c1N(Cc1ccccc1)Cc1ccccc1)C(O)CNO,低毒,8.2911215,44.787975,3.336768678,0.604166667,0.395833333,0.217694994,0.745052386,0.423748545,0.462165308,399
O=C(c1nnc(I)o1)c1nn[nH]c1N(Cc1ccccc1)Cc1ccccc1,低毒,13.51025,63.712284,3.081522366,0.659574468,0.340425532,0.637951106,0.584400466,0.169965076,0.464105549,400
O=C(c1nn[nH]c1N(Cc1ccccc1)Cc1ccccc1)c1noc2ccccc12,微毒,19.064232,32.03235,2.725921764,0.645833333,0.354166667,0.961001164,0.195576251,0.241559953,0.46604579,401
O=C(C[n+]1ccccc1)c1nn[nH]c1N(Cc1ccccc1)Cc1ccccc1,中毒,15.714015,20.222002,2.801760807,0.630434783,0.369565217,0.766589057,0.287543655,0.344004657,0.46604579,401
O=C(C1=CCc2ccccc2C1)c1nn[nH]c1N(Cc1ccccc1)Cc1ccccc1,中毒,14.497795,60.52652,2.889779556,0.632653061,0.367346939,0.697322468,0.391152503,0.313154831,0.467209934,403
O=C(c1nn[nH]c1N(Cc1ccccc1)Cc1ccccc1)C(O)(F)CBr,高毒,8.2911215,102.96765,3.384758903,0.604166667,0.395833333,0.217694994,0.763678696,0.423748545,0.468374078,404
O=C(C1=NCCCS1)c1nn[nH]c1N(Cc1ccccc1)Cc1ccccc1,中毒,12.4404955,41.518845,3.047339333,0.632653061,0.367346939,0.538998836,0.555296857,0.313154831,0.469150175,405
O=C(Oc1cc(F)ccc1Br)c1nn[nH]c1N(Cc1ccccc1)Cc1ccccc1,低毒,12.719338,17.081175,2.642465242,0.527272727,0.472727273,0.578579744,0.108265425,0.722351572,0.469732247,406
O=C(c1nn[nH]c1N(Cc1ccccc1)Cc1ccccc1)C1(F)CS1,中毒,8.2911215,53.78547,3.392800253,0.604166667,0.395833333,0.217694994,0.768335274,0.423748545,0.469926271,407
O=C(c1ccc([S+]([O-])Cc2ccccc2)cc1)c1nn[nH]c1N(Cc1ccccc1)Cc1ccccc1,低毒,12.656573,35.486233,3.490738124,0.723404255,0.276595745,0.565774156,0.807916182,0.041909197,0.471866511,408
O=C(c1c[nH]nn1)c1nn[nH]c1N(Cc1ccccc1)Cc1ccccc1,低毒,16.576067,34.50007,3.036520385,0.704545455,0.295454545,0.811990687,0.548311991,0.065774156,0.475358945,409
O=C(c1nc2ccsc2c(=O)[nH]1)c1nn[nH]c1N(Cc1ccccc1)Cc1ccccc1,中毒,11.750876,63.745907,2.967915589,0.592592593,0.407407407,0.489522701,0.481955763,0.461001164,0.477493209,410
O=C(c1nn[nH]c1N(Cc1ccccc1)Cc1ccccc1)n1cncn1,高毒,14.143858,29.085104,2.797184423,0.591836735,0.408163265,0.683352736,0.280558789,0.474388824,0.47943345,411
O=C(c1cnn[nH]1)c1nn[nH]c1N(Cc1ccccc1)Cc1ccccc1,低毒,16.576067,34.50007,3.077698846,0.720930233,0.279069767,0.811990687,0.580908033,0.047729919,0.480209546,412
O=C(c1nn[nH]c1N(Cc1ccccc1)Cc1ccccc1)n1cnnn1,高毒,12.719338,39.039207,2.891146154,0.591836735,0.408163265,0.578579744,0.393480792,0.474388824,0.482149787,413
O=C(c1nn[nH]c1N(Cc1ccccc1)Cc1ccccc1)C1CCOCC1,高毒,17.100971,38.260345,2.654502262,0.591836735,0.408163265,0.851571595,0.121071013,0.474388824,0.482343811,414
[N-]=[N+]=NCC(F)(F)C(=O)c1nn[nH]c1N(Cc1ccccc1)Cc1ccccc1,中毒,7.26421,37.68041,3.148406349,0.547169811,0.452830189,0.162398137,0.63096624,0.653667055,0.482343811,414
O=C(c1nn[nH]c1N(Cc1ccccc1)Cc1ccccc1)c1nc2ccccc2sc1=S,中毒,13.106993,135.96582,2.891360316,0.596153846,0.403846154,0.604772992,0.394644936,0.448195576,0.482537835,416
O=C(c1ccccc1SCCN1CCNCC1)c1nn[nH]c1N(Cc1ccccc1)Cc1ccccc1,中毒,10.624681,31.501791,2.858099462,0.525423729,0.474576271,0.367287544,0.355064028,0.739231665,0.487194412,417
O=C(c1cccc(Cc2n[nH]c(=O)c3ccccc23)n1)c1nn[nH]c1N(Cc1ccccc1)Cc1ccccc1,低毒,8.651708,31.989012,2.974959042,0.525423729,0.474576271,0.22991851,0.492433062,0.739231665,0.487194412,417
O=C(Sc1cccc(Cl)c1)c1nn[nH]c1N(Cc1ccccc1)Cc1ccccc1,中毒,14.040698,29.393785,2.695810571,0.557692308,0.442307692,0.675785797,0.164144354,0.622235157,0.487388436,419
O=C(c1nn[nH]c1N(Cc1ccccc1)Cc1ccccc1)c1co[nH]c1=S,低毒,12.416482,84.93682,3.12634338,0.632653061,0.367346939,0.537834692,0.619324796,0.313154831,0.490104773,420
O=C(c1nn[nH]c1N(Cc1ccccc1)Cc1ccccc1)C1(c2cccs2)CCCC1,中毒,10.034172,33.55768,2.91617907,0.527272727,0.472727273,0.335273574,0.415599534,0.722351572,0.491074893,421
O=C(c1nn[nH]c1N(Cc1ccccc1)Cc1ccccc1)C(O)c1ccccn1,高毒,9.562925,38.660896,3.166632348,0.58,0.42,0.308498254,0.641443539,0.533178114,0.494373302,422
O=C(c1cnc(Cl)o1)c1nn[nH]c1N(Cc1ccccc1)Cc1ccccc1,高毒,15.934842,86.57939,2.951201353,0.645833333,0.354166667,0.777066356,0.465657742,0.241559953,0.49476135,423
O=C(c1nn[nH]c1N(Cc1ccccc1)Cc1ccccc1)C(O)c1ccc([N+](=O)[O-])cc1,高毒,7.4814405,35.110603,3.140421687,0.537037037,0.462962963,0.170547148,0.626309662,0.688009313,0.494955374,424
O=C(c1cnsn1)c1nn[nH]c1N(Cc1ccccc1)Cc1ccccc1,低毒,18.950224,34.50007,2.91489577,0.673913043,0.326086957,0.949359721,0.412107101,0.123399302,0.494955374,424
O=C(c1nn[nH]c1N(Cc1ccccc1)Cc1ccccc1)c1[nH][nH]c(=O)c1-c1ccccc1Cl,中毒,12.174841,43.588303,2.954105918,0.58490566,0.41509434,0.514551804,0.469150175,0.504656577,0.496119519,426
O=C(c1ccc2c(c1)OCNO2)c1nn[nH]c1N(Cc1ccccc1)Cc1ccccc1,高毒,12.6855,50.170483,3.053782147,0.622641509,0.377358491,0.570430733,0.561117579,0.358556461,0.496701591,427
O=C(Sc1ccco1)c1nn[nH]c1N(Cc1ccccc1)Cc1ccccc1,低毒,11.998787,29.516987,2.938305042,0.58,0.42,0.508731083,0.448195576,0.533178114,0.496701591,427
O=C(c1ccn(-c2ccc(Cl)cc2)n1)c1nn[nH]c1N(Cc1ccccc1)Cc1ccccc1,低毒,17.851467,106.40436,2.709357092,0.603773585,0.396226415,0.894644936,0.175785797,0.430733411,0.500388048,429
O=C(c1nc2ccc(Cl)cc2s1)c1nn[nH]c1N(Cc1ccccc1)Cc1ccccc1,中毒,14.101627,44.571575,2.744830482,0.563636364,0.436363636,0.682188591,0.217694994,0.60419092,0.501358168,430
O=C(Sc1cccnc1)c1nn[nH]c1N(Cc1ccccc1)Cc1ccccc1,中毒,14.040698,29.393785,2.770103025,0.568627451,0.431372549,0.675785797,0.246798603,0.583818393,0.502134265,431
O=C(c1ccn(-c2ccc(F)cc2)n1)c1nn[nH]c1N(Cc1ccccc1)Cc1ccccc1,低毒,17.851467,76.098465,2.712932169,0.603773585,0.396226415,0.894644936,0.182770664,0.430733411,0.502716337,432
O=C(c1ccncc1OCCCl)c1nn[nH]c1N(Cc1ccccc1)Cc1ccccc1,低毒,12.576244,20.287848,2.846430319,0.563636364,0.436363636,0.563445867,0.341094296,0.60419092,0.502910361,433
O=C(c1c[nH]cc1Br)c1nn[nH]c1N(Cc1ccccc1)Cc1ccccc1,高毒,18.950224,34.50007,2.932336813,0.673913043,0.326086957,0.949359721,0.437718277,0.123399302,0.503492433,434
O=C(c1nn[nH]c1N(Cc1ccccc1)Cc1ccccc1)C(O)SSCO,高毒,8.02164,79.133804,3.583895231,0.591836735,0.408163265,0.197322468,0.840512224,0.474388824,0.504074505,435
O=C(OC1=Nc2ccccc21)c1nn[nH]c1N(Cc1ccccc1)Cc1ccccc1,中毒,12.568776,37.60463,2.866476781,0.568627451,0.431372549,0.560535506,0.370197905,0.583818393,0.504850601,436
O=C(NS(=O)(=O)C(F)(F)F)c1nn[nH]c1N(Cc1ccccc1)Cc1ccccc1,高毒,14.211713,43.502377,2.808055901,0.58,0.42,0.685681024,0.29685681,0.533178114,0.50523865,437
O=C(c1nn[nH]c1N(Cc1ccccc1)Cc1ccccc1)C(O)c1cccnc1,高毒,9.146532,35.110603,3.143019936,0.557692308,0.442307692,0.267753201,0.628637951,0.622235157,0.50620877,438
O=C(c1cc(Cl)ccc1SOc1ccc(F)cc1F)c1nn[nH]c1N(Cc1ccccc1)Cc1ccccc1,低毒,6.0083222,17.04264,3.033498773,0.476923077,0.523076923,0.128055879,0.547147846,0.848079162,0.507760962,439
O=C(c1nn[nH]c1N(Cc1ccccc1)Cc1ccccc1)n1nncc1Cl,中毒,10.842651,18.09417,3.012235875,0.568627451,0.431372549,0.411525029,0.528521537,0.583818393,0.507954986,440
O=C(c1cccc(S(=O)(=O)N2CCOCC2)c1)c1nn[nH]c1N(Cc1ccccc1)Cc1ccccc1,中毒,18.652588,28.608725,2.694744381,0.596491228,0.403508772,0.931315483,0.16298021,0.436554133,0.510283275,441
O=C(c1nn[nH]c1N(Cc1ccccc1)Cc1ccccc1)C(Cl)c1ccsc1,中毒,7.0482006,23.258205,3.293392246,0.547169811,0.452830189,0.157159488,0.720605355,0.653667055,0.510477299,442
O=C(OCc1cccnc1)c1nn[nH]c1N(Cc1ccccc1)Cc1ccccc1,高毒,18.371008,34.70963,2.521156315,0.568627451,0.431372549,0.916181607,0.032596042,0.583818393,0.510865347,443
O=C(c1nn[nH]c1N(Cc1ccccc1)Cc1ccccc1)[SH](Cl)CC(Cl)(Cl)Cl,低毒,7.420611,27.284857,3.837665741,0.591836735,0.408163265,0.164144354,0.903376019,0.474388824,0.513969732,444
O=C(c1nn[nH]c1N(Cc1ccccc1)Cc1ccccc1)c1sccc1-c1cccc(Br)c1,中毒,15.653589,18.074766,2.780922323,0.581818182,0.418181818,0.763678696,0.260768335,0.51862631,0.51435778,445
O=C(c1c[nH]nc1C(F)(F)F)c1nn[nH]c1N(Cc1ccccc1)Cc1ccccc1,中毒,12.53793,61.784237,3.079377342,0.607843137,0.392156863,0.55355064,0.582072177,0.408032596,0.514551804,446
O=C(c1cc[nH]n1)c1nn[nH]c1N(Cc1ccccc1)Cc1ccccc1,低毒,18.950224,56.669506,2.986167116,0.688888889,0.311111111,0.949359721,0.507566938,0.086728754,0.514551804,447
O=C(c1nn[nH]c1N(Cc1ccccc1)Cc1ccccc1)S(=O)(=O)c1ccc(Cl)cc1,中毒,17.033323,64.723854,2.700669769,0.58,0.42,0.844004657,0.166472643,0.533178114,0.514551804,447
O=C(c1nn[nH]c1N(Cc1ccccc1)Cc1ccccc1)S(=O)(=O)c1ccc(F)cc1,中毒,17.033323,46.550915,2.704555722,0.58,0.42,0.844004657,0.174621653,0.533178114,0.517268141,449
O=C(C1=Cc2ccccc2C=c2ccccc2=C1)c1nn[nH]c1N(Cc1ccccc1)Cc1ccccc1,中毒,13.958207,40.924244,3.171849377,0.645833333,0.354166667,0.668218859,0.647264261,0.241559953,0.519014358,450
O=C(C[S+]([O-])P(=O)(O)O)c1nn[nH]c1N(Cc1ccccc1)Cc1ccccc1,中毒,6.807589,31.777111,3.749307017,0.58,0.42,0.147264261,0.877764843,0.533178114,0.519402406,451
O=C(Cc1cccc(S(=O)(=O)N2CCc3ccccc32)c1)c1nn[nH]c1N(Cc1ccccc1)Cc1ccccc1,中毒,10.167218,48.753246,2.820731572,0.446153846,0.553846154,0.341094296,0.313154831,0.906868452,0.520372526,452
O=C(c1cccc(Nc2ncnc3[nH]ccc23)c1)c1nn[nH]c1N(Cc1ccccc1)Cc1ccccc1,低毒,13.569276,23.145391,2.8751263,0.576271186,0.423728814,0.63911525,0.376018626,0.549476135,0.521536671,453
O=C(c1c[nH]nc1Cl)c1nn[nH]c1N(Cc1ccccc1)Cc1ccccc1,中毒,16.576067,31.916294,3.000370396,0.645833333,0.354166667,0.811990687,0.515715949,0.241559953,0.523088863,454
O=C(ON1CCCNCC1)c1nn[nH]c1N(Cc1ccccc1)Cc1ccccc1,高毒,11.058763,28.311388,2.905589331,0.527272727,0.472727273,0.447031432,0.400465658,0.722351572,0.523282887,455
O=C(c1nn[nH]c1N(Cc1ccccc1)Cc1ccccc1)C1CCSC1,低毒,9.414751,32.817757,3.236837879,0.568627451,0.431372549,0.298603027,0.690337602,0.583818393,0.524253007,456
O=C(c1nn[nH]c1N(Cc1ccccc1)Cc1ccccc1)N1CCCO1,低毒,14.4523535,18.477818,2.85498,0.58,0.42,0.691501746,0.351571595,0.533178114,0.525417152,457
O=C(c1cc2c(F)cc(I)cc2[nH]1)c1nn[nH]c1N(Cc1ccccc1)Cc1ccccc1,低毒,11.746033,19.85378,2.971785757,0.563636364,0.436363636,0.48661234,0.48661234,0.60419092,0.5258052,458
O=C(c1nn[nH]c1N(Cc1ccccc1)Cc1ccccc1)c1c(O)csc1C(F)F,中毒,12.273806,31.129118,3.103394974,0.596153846,0.403846154,0.52677532,0.603026775,0.448195576,0.525999224,459
O=C(c1nn[nH]c1N(Cc1ccccc1)Cc1ccccc1)C1CSCCS1,中毒,7.5216007,56.60067,3.444715435,0.557692308,0.442307692,0.174621653,0.785797439,0.622235157,0.527551416,460
O=C(SC1CSS1)c1nn[nH]c1N(Cc1ccccc1)Cc1ccccc1,低毒,8.125519,41.86337,3.59744987,0.58,0.42,0.203725262,0.846332945,0.533178114,0.52774544,461
O=C(c1nn[nH]c1N(Cc1ccccc1)Cc1ccccc1)S(=O)(=O)c1ccc(Br)cc1,中毒,17.033323,64.723854,2.741038833,0.58,0.42,0.844004657,0.210710128,0.533178114,0.529297633,462
O=C(c1nn[nH]c1N(Cc1ccccc1)Cc1ccccc1)c1cc2cnccc2oc1=S,低毒,10.29152,238.56888,3.017871339,0.534482759,0.465517241,0.350989523,0.533178114,0.703725262,0.529297633,462
O=C(c1nn[nH]c1N(Cc1ccccc1)Cc1ccccc1)C1CC1F,高毒,10.869423,32.817757,3.441790611,0.617021277,0.382978723,0.4225844,0.782305006,0.388824214,0.531237873,464
O=C(c1nn[nH]c1N(Cc1ccccc1)Cc1ccccc1)c1oc(Br)cc1Br,中毒,16.07873,39.501667,2.979532504,0.632653061,0.367346939,0.782887078,0.499417928,0.313154831,0.531819946,465
O=C(c1nn[nH]c1N(Cc1ccccc1)Cc1ccccc1)c1[nH]nc[n+]1[O-],低毒,13.950026,41.86337,3.240768333,0.645833333,0.354166667,0.664726426,0.692665891,0.241559953,0.53298409,466
O=C(c1nsnc1Cl)c1nn[nH]c1N(Cc1ccccc1)Cc1ccccc1,低毒,18.950224,18.31347,2.962979027,0.659574468,0.340425532,0.949359721,0.479627474,0.169965076,0.53298409,466
O=C(NOCc1cncnn1)c1nn[nH]c1N(Cc1ccccc1)Cc1ccccc1,低毒,10.102503,25.348381,3.057779456,0.535714286,0.464285714,0.339930151,0.565774156,0.696158324,0.53395421,468
O=C(c1nn[nH]c1N(Cc1ccccc1)Cc1ccccc1)c1c(Cl)c[nH]c(=O)[n+]1[O-],低毒,10.806441,14.101109,3.267832831,0.58490566,0.41509434,0.389988359,0.707799767,0.504656577,0.534148234,469
O=C(Oc1ccncc1S(=O)(=O)O)c1nn[nH]c1N(Cc1ccccc1)Cc1ccccc1,低毒,11.783112,34.80541,2.836795215,0.50877193,0.49122807,0.493015134,0.332945285,0.778812573,0.534924331,470
O=C(c1nn[nH]c1N(Cc1ccccc1)Cc1ccccc1)n1cccn1,高毒,19.253704,14.951705,2.741048654,0.604166667,0.395833333,0.969732247,0.211874272,0.423748545,0.535118355,471
O=C(c1nonc1N1CC1)c1nn[nH]c1N(Cc1ccccc1)Cc1ccccc1,中毒,16.576067,30.879324,2.88772141,0.607843137,0.392156863,0.811990687,0.38766007,0.408032596,0.535894451,472
O=C(C1=NCON=N1)c1nn[nH]c1N(Cc1ccccc1)Cc1ccccc1,中毒,12.382022,35.762074,3.386393272,0.632653061,0.367346939,0.533178114,0.764842841,0.313154831,0.537058595,473
O=C(c1nn[nH]c1N(Cc1ccccc1)Cc1ccccc1)c1[nH]c2csnc2c1Cl,低毒,10.806441,9.427747,3.198366425,0.574074074,0.425925926,0.389988359,0.663562282,0.55878929,0.537446643,474
O=C(c1ccc(N2CCOCC2)c([N+](=O)[O-])c1)c1nn[nH]c1N(Cc1ccccc1)Cc1ccccc1,低毒,14.687765,18.23625,2.759595663,0.540983607,0.459016393,0.704307334,0.232828871,0.679860303,0.538998836,475
O=C(c1cnc(Cl)nc1Cl)c1nn[nH]c1N(Cc1ccccc1)Cc1ccccc1,中毒,19.640398,21.6476,2.821756261,0.632653061,0.367346939,0.989522701,0.31548312,0.313154831,0.539386884,476
O=C(c1csc(Nc2ccc(Cl)c(Cl)c2)n1)c1nn[nH]c1N(Cc1ccccc1)Cc1ccccc1,低毒,12.455163,10.611208,2.803758868,0.508196721,0.491803279,0.540745052,0.2887078,0.793364377,0.540939076,477
O=C(c1nn[nH]c1N(Cc1ccccc1)Cc1ccccc1)c1occ(Br)c1Br,低毒,16.07873,60.39891,3.017449537,0.632653061,0.367346939,0.782887078,0.53201397,0.313154831,0.542685293,478
O=C(Cc1ccc(Cl)o1)c1nn[nH]c1N(Cc1ccccc1)Cc1ccccc1,中毒,15.714015,34.68165,2.796995419,0.568627451,0.431372549,0.766589057,0.279394645,0.583818393,0.543267365,479
O=C(c1nsnc1Br)c1nn[nH]c1N(Cc1ccccc1)Cc1ccccc1,低毒,18.603756,34.50007,3.024290471,0.659574468,0.340425532,0.926076834,0.537834692,0.169965076,0.544625534,480
O=C(c1nn[nH]c1N(Cc1ccccc1)Cc1ccccc1)c1c[nH][nH]c1=S,低毒,16.576067,76.355995,3.080678089,0.645833333,0.354166667,0.811990687,0.583236321,0.241559953,0.545595654,481
O=C(c1csc(Nc2ccccn2)n1)c1nn[nH]c1N(Cc1ccccc1)Cc1ccccc1,低毒,13.41099,10.611208,2.81658094,0.534482759,0.465517241,0.63096624,0.303841676,0.703725262,0.546177726,482
O=C(c1nn[nH]c1N(Cc1ccccc1)Cc1ccccc1)c1[nH]nc2ncsc12,低毒,13.224409,44.41914,3.119417507,0.607843137,0.392156863,0.615832363,0.615832363,0.408032596,0.546565774,483
O=C(C1=NNOC=C1)c1nn[nH]c1N(Cc1ccccc1)Cc1ccccc1,中毒,12.901145,37.381256,3.313405691,0.632653061,0.367346939,0.592549476,0.734575087,0.313154831,0.546759798,484
O=C(ON=Cc1ccsc1)c1nn[nH]c1N(Cc1ccccc1)Cc1ccccc1,中毒,11.058763,35.818108,2.915841708,0.50877193,0.49122807,0.447031432,0.41443539,0.778812573,0.546759798,484
O=C(c1nn[nH]c1N(Cc1ccccc1)Cc1ccccc1)N1CCCCCO1,中毒,14.4523535,18.291927,2.834051326,0.557692308,0.442307692,0.691501746,0.327124563,0.622235157,0.546953822,486
O=C(c1nn[nH]c1N(Cc1ccccc1)Cc1ccccc1)C1CCCO1,低毒,12.901145,41.11201,3.116862687,0.6,0.4,0.592549476,0.614668219,0.434225844,0.547147846,487
O=C(c1nn[nH]c1N(Cc1ccccc1)Cc1ccccc1)c1nsc2c1CCS2,中毒,11.527643,29.423944,3.205134534,0.58490566,0.41509434,0.477299185,0.66589057,0.504656577,0.549282111,488
O=C(c1nn[nH]c1N(Cc1ccccc1)Cc1ccccc1)c1no[n+]([O-])c1NO,中毒,11.376357,21.154076,3.315863423,0.596153846,0.403846154,0.463911525,0.735739232,0.448195576,0.549282111,488
O=C(c1nn[nH]c1N(Cc1ccccc1)Cc1ccccc1)C(S)Cc1ccoc1,低毒,8.820913,56.60067,3.442200705,0.557692308,0.442307692,0.243888242,0.78346915,0.622235157,0.549864183,490
O=C(c1cc(Cl)ccc1OCCCO)c1nn[nH]c1N(Cc1ccccc1)Cc1ccccc1,中毒,17.132633,19.154457,2.652252421,0.543859649,0.456140351,0.862048894,0.11757858,0.671711292,0.550446255,491
O=C(C1=CC=CNC=C1)c1nn[nH]c1N(Cc1ccccc1)Cc1ccccc1,高毒,14.497795,36.587296,3.169099269,0.632653061,0.367346939,0.697322468,0.644935972,0.313154831,0.551804424,492
O=C(c1nn[nH]c1N(Cc1ccccc1)Cc1ccccc1)[N+]([O-])C(=S)Nc1ccccc1,低毒,11.922652,44.515392,2.980422295,0.547169811,0.452830189,0.500582072,0.501746217,0.653667055,0.551998448,493
O=C(c1nn[nH]c1N(Cc1ccccc1)Cc1ccccc1)c1cc2cc[n+]1C(S)=NC2,中毒,5.0276203,53.76879,4.262178897,0.553571429,0.446428571,0.063445867,0.955762515,0.63911525,0.552774544,494
O=C(c1cc(-c2ncccc2F)[nH]n1)c1nn[nH]c1N(Cc1ccccc1)Cc1ccccc1,中毒,11.93654,48.056625,2.971441246,0.543859649,0.456140351,0.50523865,0.485448196,0.671711292,0.554132712,495
O=C(c1nn[nH]c1N(Cc1ccccc1)Cc1ccccc1)C1NS(=O)(=O)c2ccccc21,中毒,8.280583,70.882996,3.473368155,0.547169811,0.452830189,0.214202561,0.798603027,0.653667055,0.555490881,496
O=C(c1nn[nH]c1N(Cc1ccccc1)Cc1ccccc1)C1CCCNC1,中毒,10.869423,21.035542,3.132786612,0.557692308,0.442307692,0.4225844,0.622817229,0.622235157,0.555878929,497
O=C(SSc1ccc([N+](=O)[O-])o1)c1nn[nH]c1N(Cc1ccccc1)Cc1ccccc1,低毒,7.6844206,68.19969,3.222686308,0.5,0.5,0.18451688,0.678696158,0.807916182,0.557043073,498
O=C(c1cn(-c2ccccn2)nn1)c1nn[nH]c1N(Cc1ccccc1)Cc1ccccc1,中毒,16.85373,54.217167,2.845710904,0.58490566,0.41509434,0.832363213,0.339930151,0.504656577,0.558983314,499
O=C(c1nn[nH]c1N(Cc1ccccc1)Cc1ccccc1)C(Cl)I,高毒,14.497795,42.472836,3.260779307,0.644444444,0.355555556,0.697322468,0.70314319,0.277648428,0.559371362,500
O=C(c1nn[nH]c1N(Cc1ccccc1)Cc1ccccc1)c1[nH]ncc1CN1CC1,中毒,18.950224,111.37824,2.832671244,0.607843137,0.392156863,0.949359721,0.324796275,0.408032596,0.56072953,501
O=C(c1nn[nH]c1N(Cc1ccccc1)Cc1ccccc1)P(=S)(OO)SS,中毒,7.5406265,53.32705,3.772822154,0.557692308,0.442307692,0.176949942,0.883585565,0.622235157,0.560923555,502
O=C(c1nn[nH]c1N(Cc1ccccc1)Cc1ccccc1)[SH](=O)=S,低毒,14.059896,105.1035,3.489063922,0.659090909,0.340909091,0.679860303,0.805587893,0.19790454,0.561117579,503
O=C(c1nn[nH]c1N(Cc1ccccc1)Cc1ccccc1)C1NCONO1,中毒,6.7121873,58.265022,3.833321922,0.547169811,0.452830189,0.13911525,0.90104773,0.653667055,0.564610012,504
O=C(c1nn[nH]c1N(Cc1ccccc1)Cc1ccccc1)C1CCCCO1,低毒,12.901145,41.11201,3.124370486,0.588235294,0.411764706,0.592549476,0.616996508,0.487194412,0.565580132,505
O=C(c1nn[nH]c1N(Cc1ccccc1)Cc1ccccc1)c1[nH]c2cc(Cl)cc(I)c2c1CO,中毒,10.233348,39.52488,3.136689082,0.525423729,0.474576271,0.346915017,0.623981374,0.739231665,0.570042685,506
O=C(NC(=Nc1cccc(F)c1)c1ccncc1)c1nn[nH]c1N(Cc1ccccc1)Cc1ccccc1,低毒,10.094118,17.299889,3.003966873,0.476190476,0.523809524,0.338766007,0.521536671,0.850407451,0.570236709,507
O=C(c1nn[nH]c1N(Cc1ccccc1)Cc1ccccc1)C(S)c1c[nH]c2ccccc12,高毒,8.844717,34.020462,3.321373458,0.527272727,0.472727273,0.252619325,0.73806752,0.722351572,0.571012806,508
O=C(c1nonc1N1CCCC1)c1nn[nH]c1N(Cc1ccccc1)Cc1ccccc1,中毒,16.576067,26.370928,2.905021985,0.58490566,0.41509434,0.811990687,0.399301513,0.504656577,0.571982926,509
O=C(c1nn[nH]c1N(Cc1ccccc1)Cc1ccccc1)c1sncc1-n1nccn1,高毒,13.026232,36.47471,3.247422795,0.603773585,0.396226415,0.601862631,0.694994179,0.430733411,0.575863407,510
O=C(c1nn[nH]c1N(Cc1ccccc1)Cc1ccccc1)c1ccnn[n+]1-c1ccccc1,低毒,13.795804,21.410532,3.212508282,0.607843137,0.392156863,0.650174622,0.669383003,0.408032596,0.575863407,510
O=C(C1=CCSO1)c1nn[nH]c1N(Cc1ccccc1)Cc1ccccc1,高毒,16.281225,80.50812,3.243354231,0.645833333,0.354166667,0.792782305,0.693830035,0.241559953,0.576057431,512
O=C(c1c[nH]nc1-c1cccc(Br)c1)c1nn[nH]c1N(Cc1ccccc1)Cc1ccccc1,中毒,12.53793,31.01351,2.984841554,0.543859649,0.456140351,0.55355064,0.50523865,0.671711292,0.576833527,513
O=C(c1nn[nH]c1N(Cc1ccccc1)Cc1ccccc1)C1CCSCO1,低毒,9.554603,98.3049,3.543620347,0.566037736,0.433962264,0.302677532,0.830034924,0.598370198,0.577027551,514
O=C(c1nn[nH]c1N(Cc1ccccc1)Cc1ccccc1)c1n[nH]c2ccc3[nH]ncc3c12,低毒,13.905334,62.66939,3.058152456,0.58490566,0.41509434,0.661233993,0.5669383,0.504656577,0.577609624,515
O=C(c1nn[nH]c1N(Cc1ccccc1)Cc1ccccc1)S(=O)(=O)SCc1ccccc1,低毒,18.518087,68.13849,2.898706911,0.604166667,0.395833333,0.91967404,0.398137369,0.423748545,0.580519984,516
O=C(S[S+]([O-])c1ccccc1Br)c1nn[nH]c1N(Cc1ccccc1)Cc1ccccc1,低毒,7.6844206,42.893295,3.737812208,0.537037037,0.462962963,0.18451688,0.87427241,0.688009313,0.582266201,517
O=C(c1cc(N2CC[S+]([O-])CC2)ccc1Cl)c1nn[nH]c1N(Cc1ccccc1)Cc1ccccc1,低毒,8.271775,21.538471,3.329364142,0.508196721,0.491803279,0.211874272,0.742724098,0.793364377,0.582654249,518
O=C(c1nn[nH]c1N(Cc1ccccc1)Cc1ccccc1)S(=O)(=O)c1cccc([N+](=O)[O-])c1,中毒,13.206232,48.82299,2.858656429,0.50877193,0.49122807,0.61233993,0.357392317,0.778812573,0.582848273,519
O=C(c1nn[nH]c1N(Cc1ccccc1)Cc1ccccc1)c1ccnc2scnc12,中毒,16.721792,20.584297,2.956136647,0.596153846,0.403846154,0.827706636,0.472642608,0.448195576,0.582848273,519
O=C(c1nn[nH]c1N(Cc1ccccc1)Cc1ccccc1)S(=O)(=O)c1cccc(Cl)c1,中毒,17.033323,64.723854,2.772188164,0.547169811,0.452830189,0.844004657,0.25145518,0.653667055,0.583042297,521
O=C(c1nn[nH]c1N(Cc1ccccc1)Cc1ccccc1)C1CCCCCO1,低毒,12.901145,41.11201,3.125079441,0.576923077,0.423076923,0.592549476,0.618160652,0.547729919,0.586146682,522
O=C(c1csc(-c2cccc(O)c2I)n1)c1nn[nH]c1N(Cc1ccccc1)Cc1ccccc1,中毒,12.400565,36.10415,3.005904108,0.534482759,0.465517241,0.536088475,0.522700815,0.703725262,0.587504851,523
O=C(Sc1ccc(=O)[nH]n1)c1nn[nH]c1N(Cc1ccccc1)Cc1ccccc1,低毒,14.040698,41.619003,2.981459872,0.568627451,0.431372549,0.675785797,0.502910361,0.583818393,0.587504851,523
O=C(c1cn2ccnc2s1)c1nn[nH]c1N(Cc1ccccc1)Cc1ccccc1,中毒,16.413984,57.69787,3.0018201,0.596153846,0.403846154,0.799767171,0.516880093,0.448195576,0.588280947,525
O=C(c1nn[nH]c1N(Cc1ccccc1)Cc1ccccc1)c1[nH]nc2c(Br)cccc12,低毒,18.35759,39.49306,2.934254705,0.607843137,0.392156863,0.915017462,0.442374854,0.408032596,0.588474971,526
O=C(c1nn[nH]c1N(Cc1ccccc1)Cc1ccccc1)S(=O)(=O)c1ccco1,低毒,17.29244,42.09225,2.943315943,0.6,0.4,0.877764843,0.454016298,0.434225844,0.588668995,527
O=C(C1=C(O)OCO1)c1nn[nH]c1N(Cc1ccccc1)Cc1ccccc1,中毒,19.24615,71.86216,3.047801916,0.645833333,0.354166667,0.967403958,0.557625146,0.241559953,0.588863019,528
O=C(c1nn[nH]c1N(Cc1ccccc1)Cc1ccccc1)C(O)SCCc1ccccc1,微毒,13.106993,57.782154,3.234075599,0.591836735,0.408163265,0.604772992,0.688009313,0.474388824,0.589057043,529
O=C(c1nn[nH]c1N(Cc1ccccc1)Cc1ccccc1)C(O)c1sccc1Cl,高毒,9.981115,38.660896,3.377420074,0.537037037,0.462962963,0.328288708,0.761350407,0.688009313,0.592549476,530
O=C(C(=NNc1ccnc2cc(Cl)ccc12)C(F)(F)F)c1nn[nH]c1N(Cc1ccccc1)Cc1ccccc1,中毒,7.819879,48.905144,3.174991968,0.420289855,0.579710145,0.188591385,0.648428405,0.940628638,0.592549476,530
O=C(Sc1conc1Br)c1nn[nH]c1N(Cc1ccccc1)Cc1ccccc1,中毒,10.914922,30.779434,3.189893881,0.537037037,0.462962963,0.434225844,0.656577416,0.688009313,0.592937524,532
O=C(c1nsnc1NO)c1nn[nH]c1N(Cc1ccccc1)Cc1ccccc1,低毒,18.950224,20.880424,3.093101121,0.645833333,0.354166667,0.949359721,0.592549476,0.241559953,0.594489717,533
O=C(c1nn[nH]c1N(Cc1ccccc1)Cc1ccccc1)C1COCCO1,高毒,13.195499,70.70963,3.235506723,0.588235294,0.411764706,0.610011641,0.689173458,0.487194412,0.595459837,534
O=C(C1=CSCCSC1)c1nn[nH]c1N(Cc1ccccc1)Cc1ccccc1,中毒,15.026681,36.587296,3.195823956,0.607843137,0.392156863,0.717112922,0.661233993,0.408032596,0.595459837,534
O=C(c1nn[nH]c1N(Cc1ccccc1)Cc1ccccc1)S(=O)(=O)c1ccccc1CO,中毒,17.033323,52.928974,2.859348414,0.568627451,0.431372549,0.844004657,0.359720605,0.583818393,0.595847885,536
O=C(c1cc(-c2ccco2)n[nH]1)c1nn[nH]c1N(Cc1ccccc1)Cc1ccccc1,中毒,18.021437,94.41073,2.882563524,0.58490566,0.41509434,0.902211874,0.381839348,0.504656577,0.596235933,537
O=C(c1nn[nH]c1N(Cc1ccccc1)Cc1ccccc1)C(Cl)c1ccc(O)cc1Cl,高毒,10.325603,51.76034,3.278752104,0.527272727,0.472727273,0.354481956,0.713620489,0.722351572,0.596818005,538
O=C(c1nn[nH]c1N(Cc1ccccc1)Cc1ccccc1)S(=O)(=O)NCCF,低毒,13.811252,45.95731,3.047554634,0.568627451,0.431372549,0.654249127,0.556461001,0.583818393,0.598176174,539
O=C(Oc1cc2ocnc2n2cccc12)c1nn[nH]c1N(Cc1ccccc1)Cc1ccccc1,低毒,9.175912,9.091128,3.115518057,0.446153846,0.553846154,0.277066356,0.61233993,0.906868452,0.598758246,540
O=C(C1=NNN=C2CC=CN21)c1nn[nH]c1N(Cc1ccccc1)Cc1ccccc1,中毒,10.609067,39.280575,3.539556379,0.563636364,0.436363636,0.365541327,0.826542491,0.60419092,0.598758246,540
O=C(c1nn[nH]c1N(Cc1ccccc1)Cc1ccccc1)S(=O)(=O)Nc1ccc(F)c(Br)c1,低毒,12.307924,27.940649,2.93274049,0.491525424,0.508474576,0.529685681,0.438882421,0.831199069,0.59992239,542
O=C(c1nn[nH]c1N(Cc1ccccc1)Cc1ccccc1)c1ncnc2c1cnn2-c1cccc(Cl)c1,低毒,12.543434,106.40436,2.923342698,0.492063492,0.507936508,0.55878929,0.420256112,0.821303842,0.600116414,543
O=C(Nc1ccc([N+](=O)[O-])o1)Nc1nc(C(=O)c2nn[nH]c2N(Cc2ccccc2)Cc2ccccc2)cs1,中毒,8.991776,41.727467,3.175733082,0.455882353,0.544117647,0.263096624,0.649592549,0.888242142,0.600310438,544
O=C(c1nn[nH]c1N(Cc1ccccc1)Cc1ccccc1)S(=O)(=O)c1cccnc1,中毒,17.033323,64.723854,2.841500627,0.557692308,0.442307692,0.844004657,0.337601863,0.622235157,0.601280559,545
O=C(c1nn[nH]c1N(Cc1ccccc1)Cc1ccccc1)N(c1cc[nH]n1)c1cc(Cl)ccc1Cl,中毒,9.44822,28.172316,3.193863044,0.483333333,0.516666667,0.301513388,0.660069849,0.844586729,0.602056655,546
O=C(c1ccc(F)cc1-[n+]1ccc(I)cc1)c1nn[nH]c1N(Cc1ccccc1)Cc1ccccc1,中毒,10.910183,18.810434,3.21974612,0.534482759,0.465517241,0.4330617,0.672875437,0.703725262,0.603220799,547
O=C(c1nn[nH]c1N(Cc1ccccc1)Cc1ccccc1)C1CSc2ccccc21,中毒,11.014306,39.408356,3.289260955,0.547169811,0.452830189,0.438882421,0.719441211,0.653667055,0.603996896,548
O=C(c1nn[nH]c1N(Cc1ccccc1)Cc1ccccc1)C12CC3CC(CC(C3)C1)C2,高毒,10.869423,10.310754,3.916990008,0.591836735,0.408163265,0.4225844,0.916181607,0.474388824,0.604384944,549
O=C(c1nn[nH]c1N(Cc1ccccc1)Cc1ccccc1)C(Br)c1cc2ccccc2o1,中毒,10.66122,73.68305,3.297446733,0.527272727,0.472727273,0.36903376,0.722933644,0.722351572,0.604772992,550
O=C(c1cc(OO)[nH]n1)c1nn[nH]c1N(Cc1ccccc1)Cc1ccccc1,低毒,18.950224,24.87028,3.140451709,0.645833333,0.354166667,0.949359721,0.627473807,0.241559953,0.60613116,551
N#CC(C(=O)c1nn[nH]c1N(Cc1ccccc1)Cc1ccccc1)c1cc[nH]n1,中毒,8.820913,43.504787,3.605770985,0.527272727,0.472727273,0.243888242,0.853317811,0.722351572,0.606519208,552
O=C(c1csc(C2=CC=[N+]N2)n1)c1nn[nH]c1N(Cc1ccccc1)Cc1ccccc1,低毒,9.217758,33.61609,3.56391235,0.534482759,0.465517241,0.281140861,0.835855646,0.703725262,0.606907256,553
O=C(c1nn[nH]c1N(Cc1ccccc1)Cc1ccccc1)C1C2CC3CC(C2)CC1C3,高毒,10.869423,22.30062,3.971231951,0.591836735,0.408163265,0.4225844,0.924330617,0.474388824,0.607101281,554
O=C(c1nn[nH]c1N(Cc1ccccc1)Cc1ccccc1)c1sc(F)c(C(F)(F)F)c1Cl,中毒,15.228178,30.306967,3.169339805,0.592592593,0.407407407,0.727590221,0.646100116,0.461001164,0.611563834,555
O=C(O)c1ccc(-c2s[nH]c2C(=O)c2nn[nH]c2N(Cc2ccccc2)Cc2ccccc2)cc1I,低毒,11.238054,17.309227,3.219904299,0.534482759,0.465517241,0.457508731,0.674039581,0.703725262,0.611757858,556
O=C(c1nn[nH]c1N(Cc1ccccc1)Cc1ccccc1)C(c1cn[nH]c1)C(F)(F)F,高毒,8.820913,41.393444,3.578161636,0.517857143,0.482142857,0.243888242,0.838183935,0.753783469,0.611951882,557
O=C(c1nn[nH]c1N(Cc1ccccc1)Cc1ccccc1)C1CCCc2ccccc21,高毒,12.528493,23.10993,3.106388052,0.537037037,0.462962963,0.547147846,0.60419092,0.688009313,0.613116026,558
O=C(Sc1cccnc1Cl)c1nn[nH]c1N(Cc1ccccc1)Cc1ccccc1,中毒,16.614727,18.0928,2.865890117,0.547169811,0.452830189,0.819557625,0.367869616,0.653667055,0.613698099,559
O=C(c1ccnc(NCc2cc[nH]n2)n1)c1nn[nH]c1N(Cc1ccccc1)Cc1ccccc1,低毒,10.841143,68.10966,3.212318649,0.516666667,0.483333333,0.409778813,0.668218859,0.765424913,0.614474195,560
O=C(c1cc2sccc2o1)c1nn[nH]c1N(Cc1ccccc1)Cc1ccccc1,中毒,19.22628,59.29613,2.929494949,0.596153846,0.403846154,0.966239814,0.430733411,0.448195576,0.615056267,561
O=C(c1nn[nH]c1N(Cc1ccccc1)Cc1ccccc1)C(Cl)CCl,高毒,16.389416,56.60067,3.264247022,0.630434783,0.369565217,0.797438882,0.704307334,0.344004657,0.615250291,562
O=C(c1nn[nH]c1N(Cc1ccccc1)Cc1ccccc1)[S+]([O-])c1ccccc1,中毒,14.65667,28.241728,3.475366964,0.630434783,0.369565217,0.701979045,0.800931315,0.344004657,0.615638339,563
O=C(c1nn[nH]c1N(Cc1ccccc1)Cc1ccccc1)C1CNCCO1,中毒,12.901145,55.22629,3.268929337,0.576923077,0.423076923,0.592549476,0.710128056,0.547729919,0.616802484,564
O=C(c1cn(-c2ccccc2Cl)nc1-c1ccccc1)c1nn[nH]c1N(Cc1ccccc1)Cc1ccccc1,中毒,17.84168,62.419464,2.774736617,0.534482759,0.465517241,0.892898719,0.253783469,0.703725262,0.616802484,564
O=C(c1n[nH]c(CC=CBr)n1)c1nn[nH]c1N(Cc1ccccc1)Cc1ccccc1,低毒,12.574484,26.708387,3.311165411,0.574074074,0.425925926,0.562281723,0.733410943,0.55878929,0.618160652,566
O=C(Oc1ccccc1CN1CCCC1)c1nn[nH]c1N(Cc1ccccc1)Cc1ccccc1,低毒,19.845438,34.70963,2.60299069,0.50877193,0.49122807,0.993597206,0.084982538,0.778812573,0.619130772,567
O=C(OCc1csc(SCc2ncccn2)n1)c1nn[nH]c1N(Cc1ccccc1)Cc1ccccc1,低毒,11.750876,33.5181,2.972652469,0.46031746,0.53968254,0.489522701,0.488940629,0.881839348,0.620100893,568
O=C(c1csc(N=CNN=Cc2ccn3cccc3c2)n1)c1nn[nH]c1N(Cc1ccccc1)Cc1ccccc1,低毒,5.243576,41.392582,3.559626881,0.413333333,0.586666667,0.069266589,0.834691502,0.956344587,0.620100893,568
Cc1c(C(=O)c2nn[nH]c2N(Cc2ccccc2)Cc2ccccc2)cc(C(F)(F)F)cc1[N+](=O)[O-],中毒,15.300411,23.433012,2.864851702,0.516666667,0.483333333,0.731082654,0.365541327,0.765424913,0.620682965,570
O=C(c1nn[nH]c1N(Cc1ccccc1)Cc1ccccc1)c1oc2ccccc2c1C(F)(F)F,低毒,17.854982,57.14756,2.908394794,0.574074074,0.425925926,0.896391153,0.407450524,0.55878929,0.620876989,571
O=C(Oc1ccc(S(=O)(=O)NF)cc1O)c1nn[nH]c1N(Cc1ccccc1)Cc1ccccc1,低毒,11.783112,41.341484,2.98939637,0.475409836,0.524590164,0.493015134,0.509895227,0.859720605,0.620876989,571
O=C(c1nn[nH]c1N(Cc1ccccc1)Cc1ccccc1)C1CCCc2c(Br)cccc21,中毒,9.605489,24.365522,3.286528256,0.491525424,0.508474576,0.31548312,0.717112922,0.831199069,0.621265037,573
O=C(c1nn[nH]c1N(Cc1ccccc1)Cc1ccccc1)C12CCC(CC1)C2,高毒,10.869423,10.310754,3.649226373,0.568627451,0.431372549,0.4225844,0.859138533,0.583818393,0.621847109,574
O=C(S[N+]([O-])=NCc1cccs1)c1nn[nH]c1N(Cc1ccccc1)Cc1ccccc1,低毒,9.219413,41.86337,3.32859022,0.491525424,0.508474576,0.293364377,0.741559953,0.831199069,0.622041133,575
O=C(c1cc(I)c(ON(C(F)(F)F)C(F)(F)F)cc1Br)c1nn[nH]c1N(Cc1ccccc1)Cc1ccccc1,中毒,9.217758,84.037415,3.470082619,0.508196721,0.491803279,0.281140861,0.793946449,0.793364377,0.622817229,576
O=C(c1nn[nH]c1N(Cc1ccccc1)Cc1ccccc1)C(OCc1ccccc1)P(=O)(O)O,中毒,11.783293,32.051662,3.356107157,0.557692308,0.442307692,0.495343423,0.752037253,0.622235157,0.623205277,577
O=C(c1nn[nH]c1N(Cc1ccccc1)Cc1ccccc1)C(O)c1ccco1,中毒,15.033959,26.69869,3.222205097,0.591836735,0.408163265,0.719441211,0.677532014,0.474388824,0.62378735,578
O=C(c1nn[nH]c1N(Cc1ccccc1)Cc1ccccc1)c1occ(NC2COC2)c1F,中毒,11.656352,58.669834,3.178906911,0.525423729,0.474576271,0.484284051,0.651920838,0.739231665,0.625145518,579
O=C(Oc1ccc2sc(N3CCOCC3)cc2c1)c1nn[nH]c1N(Cc1ccccc1)Cc1ccccc1,中毒,11.35661,18.170855,2.977736103,0.432835821,0.567164179,0.461001164,0.497089639,0.922002328,0.626697711,580
O=C(c1ccc2nc[nH]c2c1Cl)c1nn[nH]c1N(Cc1ccccc1)Cc1ccccc1,中毒,17.911333,32.35644,2.924752413,0.574074074,0.425925926,0.898719441,0.4225844,0.55878929,0.626697711,580
O=C(c1ccc(F)cc1NS(=O)(=O)c1ccc(Cl)cc1)c1nn[nH]c1N(Cc1ccccc1)Cc1ccccc1,中毒,17.654799,21.910707,2.728440262,0.508196721,0.491803279,0.889406286,0.199068685,0.793364377,0.627279783,582
O=C(Oc1csc2c1oc1ccccc12)c1nn[nH]c1N(Cc1ccccc1)Cc1ccccc1,中毒,12.385757,12.434012,2.975325749,0.475409836,0.524590164,0.534342258,0.493597206,0.859720605,0.629220023,583
O=C(c1cnn(-c2ccccc2)c1CNC(F)(F)F)c1nn[nH]c1N(Cc1ccccc1)Cc1ccccc1,中毒,12.53793,31.966595,3.065906125,0.516666667,0.483333333,0.55355064,0.573923166,0.765424913,0.63096624,584
O=C(c1nn[nH]c1N(Cc1ccccc1)Cc1ccccc1)c1cc2cccnc2n(CCc2cccc3ccccc23)c1=O,中毒,12.2217,15.171299,2.973258331,0.455882353,0.544117647,0.518044237,0.491268917,0.888242142,0.632518432,585
O=C(c1nn[nH]c1N(Cc1ccccc1)Cc1ccccc1)C1(C(F)(F)F)CC[S+]([O-])CC1,中毒,9.446424,9.744929,3.593473615,0.517857143,0.482142857,0.300349243,0.845168801,0.753783469,0.633100504,586
O=C(c1nn[nH]c1N(Cc1ccccc1)Cc1ccccc1)C(c1ccccc1)P(=O)(O)O,中毒,15.153864,37.440536,3.25667108,0.591836735,0.408163265,0.726426077,0.700814901,0.474388824,0.633876601,587
O=C(c1nn[nH]c1N(Cc1ccccc1)Cc1ccccc1)[n+]1ccccc1Br,中毒,17.762047,23.78606,3.02726836,0.591836735,0.408163265,0.890570431,0.538998836,0.474388824,0.634652697,588
O=C(c1cn(-c2cccc3cnccc23)nn1)c1nn[nH]c1N(Cc1ccccc1)Cc1ccccc1,中毒,13.697946,64.433624,2.944106735,0.5,0.5,0.642607683,0.455180442,0.807916182,0.635234769,589
O=C(c1ncc(-c2cnc3ccccc3n2)s1)c1nn[nH]c1N(Cc1ccccc1)Cc1ccccc1,中毒,16.102814,61.583515,2.968167574,0.553571429,0.446428571,0.784633295,0.483119907,0.63911525,0.635622817,590
O=C(Oc1cccc([I+](=O)[O-])c1)c1nn[nH]c1N(Cc1ccccc1)Cc1ccccc1,低毒,11.058763,34.70963,3.274101693,0.517857143,0.482142857,0.447031432,0.7112922,0.753783469,0.637369034,591
O=C(c1nn[nH]c1N(Cc1ccccc1)Cc1ccccc1)S(=O)(=O)c1n[nH]s1,中毒,16.28776,45.024048,3.168840269,0.591836735,0.408163265,0.794528522,0.643771828,0.474388824,0.637563058,592
O=C(c1nn[nH]c1N(Cc1ccccc1)Cc1ccccc1)C(O)CI,低毒,18.0341,80.90046,3.31111533,0.644444444,0.355555556,0.904540163,0.732246799,0.277648428,0.63814513,593
O=C(c1coc(=O)nc1O)c1nn[nH]c1N(Cc1ccccc1)Cc1ccccc1,低毒,18.704037,50.153683,3.064603476,0.607843137,0.392156863,0.937136205,0.572759022,0.408032596,0.639309274,594
O=C(c1nn[nH]c1N(Cc1ccccc1)Cc1ccccc1)N(Cc1ccc(OC(F)(F)F)cc1)c1ccco1,中毒,12.357439,21.310154,2.993552642,0.467741935,0.532258065,0.53201397,0.512223516,0.873690338,0.639309274,595
O=C(c1ccc2nc3n(c2n1)CCCC3)c1nn[nH]c1N(Cc1ccccc1)Cc1ccccc1,低毒,14.205337,9.361116,2.957466873,0.516666667,0.483333333,0.68451688,0.473806752,0.765424913,0.641249515,596
O=C(c1nn[nH]c1N(Cc1ccccc1)Cc1ccccc1)C1(O)CC2CCC1C2,中毒,8.672613,27.173529,4.563298765,0.527272727,0.472727273,0.232828871,0.970896391,0.722351572,0.642025611,597
N#Cc1nocc1C(=O)c1nn[nH]c1N(Cc1ccccc1)Cc1ccccc1,低毒,19.010164,51.347263,3.003404107,0.596153846,0.403846154,0.958090803,0.520372526,0.448195576,0.642219635,598
O=C(c1nn[nH]c1N(Cc1ccccc1)Cc1ccccc1)n1nnc(Cl)n1,高毒,16.876514,27.045012,3.057161578,0.58,0.42,0.833527357,0.563445867,0.533178114,0.64338378,599
O=C(c1nn[nH]c1N(Cc1ccccc1)Cc1ccccc1)C1(c2cccc(Br)c2)CC1,高毒,19.267376,43.6451,2.765152809,0.527272727,0.472727273,0.972642608,0.235157159,0.722351572,0.64338378,600
O=C(c1nn[nH]c1N(Cc1ccccc1)Cc1ccccc1)c1ccnn1-c1cccc(O)c1,低毒,18.55246,88.8869,2.872027246,0.553571429,0.446428571,0.923166473,0.373690338,0.63911525,0.64532402,601
O=C(c1nn[nH]c1N(Cc1ccccc1)Cc1ccccc1)S(=O)(=O)c1nc2ccccc2s1,中毒,16.28776,46.861023,2.921164309,0.527272727,0.472727273,0.794528522,0.419091967,0.722351572,0.64532402,601
O=C(c1nn[nH]c1N(Cc1ccccc1)Cc1ccccc1)C1c2ccccc2CCC1(Cl)Cl,中毒,10.444769,30.050982,3.471175072,0.50877193,0.49122807,0.362048894,0.795110594,0.778812573,0.64532402,601
O=C(c1cc2nc[nH]c(=O)c2s1)c1nn[nH]c1N(Cc1ccccc1)Cc1ccccc1,中毒,16.173136,36.120674,2.995756669,0.553571429,0.446428571,0.789289872,0.51338766,0.63911525,0.647264261,604
O=C(c1nn[nH]c1N(Cc1ccccc1)Cc1ccccc1)C(Cl)CO,中毒,18.032986,50.01052,3.24812456,0.630434783,0.369565217,0.903376019,0.696158324,0.344004657,0.647846333,605
O=C(c1nsnc1N1CCCC1)c1nn[nH]c1N(Cc1ccccc1)Cc1ccccc1,低毒,18.950224,55.06953,2.972750082,0.58490566,0.41509434,0.949359721,0.490104773,0.504656577,0.648040357,606
O=C(c1nn[nH]c1N(Cc1ccccc1)Cc1ccccc1)c1c(Cl)cc(Cl)cc1OC(F)(F)F,中毒,17.132633,16.61195,2.913251126,0.543859649,0.456140351,0.862048894,0.410942957,0.671711292,0.648234381,607
O=C(c1nn[nH]c1N(Cc1ccccc1)Cc1ccccc1)c1onnc1-c1c[nH]c2ccccc12,中毒,13.624677,44.304943,3.100580402,0.534482759,0.465517241,0.641443539,0.599534342,0.703725262,0.648234381,608
NC(=O)c1c(C(=O)c2nn[nH]c2N(Cc2ccccc2)Cc2ccccc2)sc2c1CCCC2,中毒,18.33461,32.06942,2.951299974,0.571428571,0.428571429,0.912689173,0.466821886,0.568684517,0.649398525,609
O=C(c1nn[nH]c1N(Cc1ccccc1)Cc1ccccc1)C(Cl)C(Cl)(Cl)Cl,低毒,16.389416,56.60067,3.377606039,0.617021277,0.382978723,0.797438882,0.762514552,0.388824214,0.649592549,610
O=C(c1nn[nH]c1N(Cc1ccccc1)Cc1ccccc1)[P+](=O)Cc1ccc2ncccc2c1,中毒,9.576353,65.38614,3.476352757,0.491525424,0.508474576,0.314318976,0.803259604,0.831199069,0.649592549,610
O=C(OC(=S)NCc1ccc(Cl)cc1[N+](=O)[O-])c1nn[nH]c1N(Cc1ccccc1)Cc1ccccc1,低毒,11.364195,46.334694,3.04499259,0.426470588,0.573529412,0.462165308,0.554132712,0.932479627,0.649592549,612
O=C(c1nn[nH]c1N(Cc1ccccc1)Cc1ccccc1)c1c(Cl)sc[n+]1CS(=O)(=O)c1ccc(Cl)cc1,中毒,10.972657,30.251978,3.309623694,0.508196721,0.491803279,0.436554133,0.72991851,0.793364377,0.653279007,613
O=C(c1nn[nH]c1N(Cc1ccccc1)Cc1ccccc1)c1coc2cccnc2c1=O,低毒,18.686287,39.433178,2.887957302,0.553571429,0.446428571,0.933643772,0.388824214,0.63911525,0.653861079,614
O=C(c1nn[nH]c1N(Cc1ccccc1)Cc1ccccc1)C1CNCCNCCSC1,中毒,9.073158,30.78599,3.923792824,0.50877193,0.49122807,0.266589057,0.918509895,0.778812573,0.654637175,615
O=C(c1nn[nH]c1N(Cc1ccccc1)Cc1ccccc1)C(Sn1cnc[n+]1[O-])c1ccccc1,中毒,8.162897,37.194077,3.81929632,0.475409836,0.524590164,0.206053551,0.898719441,0.859720605,0.654831199,616
O=C(C(F)=CC(F)(F)I)c1nn[nH]c1N(Cc1ccccc1)Cc1ccccc1,高毒,15.294924,50.39157,3.181975053,0.568627451,0.431372549,0.72991851,0.654249127,0.583818393,0.655995343,617
O=C(SCNc1cccc[n+]1[O-])c1nn[nH]c1N(Cc1ccccc1)Cc1ccccc1,低毒,11.442154,26.098589,3.301942266,0.50877193,0.49122807,0.471478463,0.727590221,0.778812573,0.659293752,618
O=C(c1n[nH]nc1-c1cnc2ccccc2n1)c1nn[nH]c1N(Cc1ccccc1)Cc1ccccc1,中毒,17.45666,32.46234,3.029440581,0.574074074,0.425925926,0.880093132,0.542491269,0.55878929,0.660457897,619
O=C(c1csc(-c2c[nH]nn2)n1)c1nn[nH]c1N(Cc1ccccc1)Cc1ccccc1,中毒,15.116421,12.931412,3.192463767,0.563636364,0.436363636,0.723515716,0.658905704,0.60419092,0.662204113,620
O=C(c1nn[nH]c1N(Cc1ccccc1)Cc1ccccc1)S(=S)c1ccccc1,中毒,19.093643,48.29879,3.367091614,0.644444444,0.355555556,0.962747381,0.75669383,0.277648428,0.665696546,621
O=C(c1nn[nH]c1N(Cc1ccccc1)Cc1ccccc1)c1noc2c(Cl)cc(Cl)cc12,中毒,19.064232,32.03235,2.930329507,0.563636364,0.436363636,0.961001164,0.431897555,0.60419092,0.665696546,622
O=C(O)c1cc(Cc2ccc3c(c2)CCON3C(=O)c2ccccc2C(=O)O)cc(C(=O)c2nn[nH]c2N(Cc2ccccc2)Cc2ccccc2)n1,中毒,8.651708,31.60988,3.527027243,0.418918919,0.581081081,0.22991851,0.821885914,0.945285215,0.665696546,622
CSCc1c[nH]nc1-c1n[nH]cc1C(=O)c1nn[nH]c1N(Cc1ccccc1)Cc1ccccc1,低毒,12.174841,28.441448,3.500197857,0.543859649,0.456140351,0.514551804,0.814901048,0.671711292,0.667054715,624
O=C(c1nn[nH]c1N(Cc1ccccc1)Cc1ccccc1)C1CC2CCC1C2,中毒,10.869423,22.30062,4.300321781,0.557692308,0.442307692,0.4225844,0.956926659,0.622235157,0.667248739,625
O=C(c1ccncc1-c1ccc2nc[nH]c2c1)c1nn[nH]c1N(Cc1ccccc1)Cc1ccccc1,中毒,15.850709,32.831234,2.92539177,0.5,0.5,0.770663562,0.423748545,0.807916182,0.667442763,626
O=C(c1nn[nH]c1N(Cc1ccccc1)Cc1ccccc1)C1CC=CCC1,高毒,16.12268,22.30062,3.232096899,0.58,0.42,0.786379511,0.686845169,0.533178114,0.668800931,627
O=C(c1c[nH]nc1-c1ccc[n+]([O-])c1)c1nn[nH]c1N(Cc1ccccc1)Cc1ccccc1,中毒,12.53793,37.583416,3.283350785,0.525423729,0.474576271,0.55355064,0.715948778,0.739231665,0.669577028,628
O=C(c1nn[nH]c1N(Cc1ccccc1)Cc1ccccc1)c1ncnn1Cc1ccc(Cl)cc1Cl,低毒,15.439766,20.206976,2.94852634,0.508196721,0.491803279,0.752037253,0.463329453,0.793364377,0.669577028,628
O=C(C1=C(c2cc3c(cc2Cl)OCO3)CCC1)c1nn[nH]c1N(Cc1ccccc1)Cc1ccccc1,中毒,13.312134,13.107708,3.07208036,0.5,0.5,0.623981374,0.5774156,0.807916182,0.669771052,630
O=C(c1nn[nH]c1N(Cc1ccccc1)Cc1ccccc1)c1scc[n+]1CSCc1sccc1F,中毒,10.057922,69.663536,3.584934758,0.484375,0.515625,0.33701979,0.841676368,0.839930151,0.672875437,631
O=C(c1ccc2c(c1)C(F)C=C2Cl)c1nn[nH]c1N(Cc1ccccc1)Cc1ccccc1,中毒,15.847002,31.313189,3.51200902,0.6,0.4,0.769499418,0.817229336,0.434225844,0.673651533,632
O=C(c1nn[nH]c1N(Cc1ccccc1)Cc1ccccc1)C12CC3CC(C1)C(C3)C2,中毒,10.869423,10.310754,4.655056651,0.557692308,0.442307692,0.4225844,0.976717113,0.622235157,0.673845557,633
O=C(c1ccnc(Nc2cccc(Cl)c2)n1)c1nn[nH]c1N(Cc1ccccc1)Cc1ccccc1,低毒,19.30661,34.571663,2.770959867,0.508196721,0.491803279,0.979627474,0.249126892,0.793364377,0.674039581,634
O=C(c1nn[nH]c1N(Cc1ccccc1)Cc1ccccc1)S(=O)(=O)c1cc(O)c(O)cc1[N+](=O)[O-],中毒,13.206232,36.43664,3.102952083,0.5,0.5,0.61233993,0.601862631,0.807916182,0.674039581,635
O=C(c1nn[nH]c1N(Cc1ccccc1)Cc1ccccc1)C(O)c1ccoc1,高毒,15.467282,35.110603,3.321359848,0.58,0.42,0.754365541,0.736903376,0.533178114,0.674815677,636
O=C(c1nn[nH]c1N(Cc1ccccc1)Cc1ccccc1)C(Br)c1ccco1,中毒,15.033959,41.4148,3.297637314,0.568627451,0.431372549,0.719441211,0.724097788,0.583818393,0.675785797,637
O=C(c1nn[nH]c1N(Cc1ccccc1)Cc1ccccc1)P(=O)(O)SC=CP(=O)(O)O,中毒,11.783293,46.07614,3.888586352,0.557692308,0.442307692,0.495343423,0.912689173,0.622235157,0.676755918,638
O=C(c1cnn(C2CN2)c1)c1nn[nH]c1N(Cc1ccccc1)Cc1ccccc1,低毒,18.950224,45.20322,3.462392488,0.634615385,0.365384615,0.949359721,0.791618161,0.290454016,0.677143966,639
O=C(c1nn[nH]c1N(Cc1ccccc1)Cc1ccccc1)c1c(O)c[n+]([O-])cc1Br,中毒,17.132633,19.154457,3.20598564,0.58490566,0.41509434,0.862048894,0.667054715,0.504656577,0.677920062,640
O=C(c1nn[nH]c1N(Cc1ccccc1)Cc1ccccc1)C(CN1CCNCC1)SCOCBr,中毒,8.820913,33.101807,3.778571279,0.446153846,0.553846154,0.243888242,0.885913853,0.906868452,0.678890182,641
O=C(c1nn[nH]c1N(Cc1ccccc1)Cc1ccccc1)C(c1cscc1CSCl)[N+](=O)[O-],中毒,8.597657,24.28819,3.893120898,0.453125,0.546875,0.228172293,0.913853318,0.895227008,0.679084206,642
O=C(C1=NN2C3=CC=CC(=C1)C2C=CC=C3)c1nn[nH]c1N(Cc1ccccc1)Cc1ccccc1,中毒,8.7797575,26.336575,5.028522746,0.5,0.5,0.239813737,0.993015134,0.807916182,0.680248351,643
O=C(C1=NN=C(CF)C2=NSN=C1C2)c1nn[nH]c1N(Cc1ccccc1)Cc1ccccc1,中毒,10.793987,22.285797,4.439006522,0.534482759,0.465517241,0.373690338,0.966239814,0.703725262,0.681218471,644
O=C(c1nn[nH]c1N(Cc1ccccc1)Cc1ccccc1)N1CCc2ncn(Cc3ccncc3)c2CC1,中毒,13.510158,26.759102,2.987272742,0.446153846,0.553846154,0.636786962,0.508731083,0.906868452,0.684128832,645
O=C(c1nn[nH]c1N(Cc1ccccc1)Cc1ccccc1)c1c[nH]c2ccnn12,低毒,19.532148,38.41375,3.140278527,0.596153846,0.403846154,0.987194412,0.625145518,0.448195576,0.686845169,646
O=C(c1nn[nH]c1N(Cc1ccccc1)Cc1ccccc1)C(c1ccco1)[N+](=O)[O-],中毒,12.640953,42.178818,3.420385236,0.527272727,0.472727273,0.564610012,0.77532014,0.722351572,0.687427241,647
O=C(c1nn[nH]c1N(Cc1ccccc1)Cc1ccccc1)[SH](c1cccnc1)c1cc([N+](=O)[O-])cc([N+](=O)[O-])c1,低毒,8.9651985,29.50695,3.991865699,0.46031746,0.53968254,0.254947614,0.92782305,0.881839348,0.688203337,648
O=C(c1nn[nH]c1N(Cc1ccccc1)Cc1ccccc1)C1CC=C(c2c[nH]c3ncncc23)CC1,中毒,9.06018,21.020603,3.608527009,0.414285714,0.585714286,0.265424913,0.854481956,0.950523865,0.690143578,649
O=C(C(F)=CCNc1ccon1)c1nn[nH]c1N(Cc1ccccc1)Cc1ccccc1,高毒,12.537953,50.495193,3.218399877,0.483333333,0.516666667,0.557625146,0.670547148,0.844586729,0.690919674,650
O=C(c1nn[nH]c1N(Cc1ccccc1)Cc1ccccc1)S(=O)(=O)c1ccsc1,中毒,19.250513,62.87364,2.969198701,0.557692308,0.442307692,0.968568102,0.484284051,0.622235157,0.69169577,651
NS(=O)(=O)c1ccc(Nc2nc(C(=O)c3nn[nH]c3N(Cc3ccccc3)Cc3ccccc3)cs2)c(F)c1,中毒,14.863919,26.277933,2.958574243,0.455882353,0.544117647,0.7112922,0.476135041,0.888242142,0.691889794,652
O=C(c1nn[nH]c1N(Cc1ccccc1)Cc1ccccc1)C1ON=CC1CF,中毒,11.829852,52.276863,3.965439871,0.547169811,0.452830189,0.499417928,0.923166473,0.653667055,0.692083818,653
O=C(c1nn[nH]c1N(Cc1ccccc1)Cc1ccccc1)N(Cc1ccco1)S(=O)(=O)CO,高毒,14.6451435,21.840267,3.102322694,0.50877193,0.49122807,0.700814901,0.600698487,0.778812573,0.693441987,654
O=C(NSCc1ccncc1Br)c1nn[nH]c1N(Cc1ccccc1)Cc1ccccc1,高毒,13.725263,12.976943,3.114195785,0.491525424,0.508474576,0.644935972,0.610011641,0.831199069,0.695382227,655
O=C(c1nn[nH]c1N(Cc1ccccc1)Cc1ccccc1)P(=O)(O)C(F)Br,中毒,14.037337,51.01637,3.76248196,0.58,0.42,0.672293364,0.881257276,0.533178114,0.695576251,656
O=C(c1nn[nH]c1N(Cc1ccccc1)Cc1ccccc1)C1CCSc2ncccc21,中毒,11.20721,40.621,3.47494206,0.491525424,0.508474576,0.456344587,0.799767171,0.831199069,0.695770276,657
O=C(c1nn[nH]c1N(Cc1ccccc1)Cc1ccccc1)C12CCC3CC(CC(C3)C1)C2,高毒,10.869423,10.310754,4.669984673,0.537037037,0.462962963,0.4225844,0.977881257,0.688009313,0.696158324,658
O=C(c1nn[nH]c1N(Cc1ccccc1)Cc1ccccc1)C1COS1,中毒,16.666725,47.453873,3.456950577,0.591836735,0.408163265,0.824796275,0.790454016,0.474388824,0.696546372,659
O=C(c1nc(-n2nnnc2-c2ccccc2)cs1)c1nn[nH]c1N(Cc1ccccc1)Cc1ccccc1,中毒,15.73871,114.45946,3.082796552,0.525423729,0.474576271,0.768335274,0.58556461,0.739231665,0.697710516,660
O=C(c1nn2c(C3CCNC3)nnc2s1)c1nn[nH]c1N(Cc1ccccc1)Cc1ccccc1,中毒,10.8373375,28.272287,3.663498495,0.492063492,0.507936508,0.408614668,0.863795111,0.821303842,0.69790454,661
O=C(c1nn[nH]c1N(Cc1ccccc1)Cc1ccccc1)n1cnc2c(Br)cc(Br)cc21,中毒,15.583277,20.829964,3.014170853,0.5,0.5,0.75669383,0.529685681,0.807916182,0.698098564,662
O=C(c1nn[nH]c1N(Cc1ccccc1)Cc1ccccc1)[SH](c1ccc(I)cc1)c1cc([N+](=O)[O-])ccc1C[SH](=O)=O,低毒,7.778932,23.547396,4.303809598,0.414285714,0.585714286,0.187427241,0.958090803,0.950523865,0.698680636,663
O=C(c1cc2ncc(C(F)(F)F)nc2s1)c1nn[nH]c1N(Cc1ccccc1)Cc1ccccc1,中毒,15.8944,27.352291,3.051849173,0.516666667,0.483333333,0.774155995,0.559953434,0.765424913,0.699844781,664
O=C(c1nsnc1COc1ccccc1F)c1nn[nH]c1N(Cc1ccccc1)Cc1ccccc1,低毒,18.55246,34.595528,2.98570457,0.543859649,0.456140351,0.923166473,0.506402794,0.671711292,0.700426853,665
O=C(c1nn[nH]c1N(Cc1ccccc1)Cc1ccccc1)C1CC=CCS1,中毒,14.497795,56.660545,3.532268169,0.568627451,0.431372549,0.697322468,0.823050058,0.583818393,0.701396973,666
O=C(c1nn[nH]c1N(Cc1ccccc1)Cc1ccccc1)S(=O)(=O)c1c(F)cc(C2CC2)c(F)c1F,中毒,13.206232,27.936745,3.149273572,0.475409836,0.524590164,0.61233993,0.632130384,0.859720605,0.701396973,666
O=C(c1nn[nH]c1N(Cc1ccccc1)Cc1ccccc1)C(CO)Cc1c[nH]cn1,中毒,12.528493,29.681398,3.491782092,0.517857143,0.482142857,0.547147846,0.809080326,0.753783469,0.703337214,668
O=C(c1nn[nH]c1N(Cc1ccccc1)Cc1ccccc1)C1CN(CCF)CC([N+](=O)[O-])S1,中毒,9.414751,23.279589,4.131026692,0.46875,0.53125,0.298603027,0.941792782,0.869615832,0.703337214,668
O=C(c1nn(-c2ccccc2Cl)cc1S(=O)(=O)c1ccccn1)c1nn[nH]c1N(Cc1ccccc1)Cc1ccccc1,中毒,13.186038,147.43402,3.154481407,0.46969697,0.53030303,0.608847497,0.635622817,0.868451688,0.704307334,670
NC(=O)c1ccc2oc(C(O)=CC(=O)c3nn[nH]c3N(Cc3ccccc3)Cc3ccccc3)nc2c1,中毒,14.328663,45.65333,3.072157836,0.476190476,0.523809524,0.688009313,0.578579744,0.850407451,0.705665503,671
O=C(OCN1CC(O[N+](=O)[O-])CN(c2cnccn2)C1)c1nn[nH]c1N(Cc1ccccc1)Cc1ccccc1,中毒,8.756299,11.805491,3.827469394,0.381578947,0.618421053,0.238649593,0.899883586,0.978463329,0.705665503,671
O=C(c1nn[nH]c1N(Cc1ccccc1)Cc1ccccc1)C1(NS(=O)(=O)c2ccc(F)c(Cl)c2)Cc2ccccc21,中毒,9.876258,50.261467,3.566020873,0.408450704,0.591549296,0.324796275,0.83701979,0.95983702,0.707217695,673
O=C(c1cc(-c2cn3c(F)c(Br)sc3n2)n[nH]1)c1nn[nH]c1N(Cc1ccccc1)Cc1ccccc1,中毒,12.174841,23.626753,3.393921304,0.484375,0.515625,0.514551804,0.770663562,0.839930151,0.708381839,674
O=C(c1nn[nH]c1N(Cc1ccccc1)Cc1ccccc1)C(CBr)c1ccoc1,高毒,13.904636,57.181202,3.495900181,0.547169811,0.452830189,0.660069849,0.811408615,0.653667055,0.708381839,674
O=C(c1nn[nH]c1N(Cc1ccccc1)Cc1ccccc1)c1c(C(Cl)(Cl)Cl)no[n+]1[O-],中毒,16.576067,38.534748,3.36436749,0.574074074,0.425925926,0.811990687,0.755529686,0.55878929,0.708769887,676
O=C(c1nn[nH]c1N(Cc1ccccc1)Cc1ccccc1)C(c1cccnc1)S(=O)(=O)c1ccccc1,中毒,13.297835,36.92061,3.299898497,0.50877193,0.49122807,0.622235157,0.726426077,0.778812573,0.709157936,677
O=C(c1nn[nH]c1N(Cc1ccccc1)Cc1ccccc1)C1CCCc2[nH]ncc21,中毒,12.528493,18.804382,3.476161457,0.50877193,0.49122807,0.547147846,0.80209546,0.778812573,0.70935196,678
O=C(c1nn[nH]c1N(Cc1ccccc1)Cc1ccccc1)C1NCCc2ccccc21,中毒,15.638494,67.254944,3.223646028,0.537037037,0.462962963,0.762514552,0.679860303,0.688009313,0.710128056,679
O=C(c1ccc(N2CCOCC2CO)cc1)c1nn[nH]c1N(Cc1ccccc1)Cc1ccccc1,中毒,18.932137,28.352098,3.255262793,0.586206897,0.413793103,0.942956927,0.699650757,0.490104773,0.710904152,680
O=C(c1nn[nH]c1N(Cc1ccccc1)Cc1ccccc1)S(=O)(=O)c1ccc2nonc2c1,中毒,17.033323,71.21408,3.022515358,0.517857143,0.482142857,0.844004657,0.536670547,0.753783469,0.711486224,681
O=C(c1nn[nH]c1N(Cc1ccccc1)Cc1ccccc1)[SH](Oc1ccccc1)c1ccccc1,中毒,15.454063,21.95457,3.598686205,0.58,0.42,0.753201397,0.848661234,0.533178114,0.711680248,682
O=C(c1ccn(-c2nccc(O)n2)n1)c1nn[nH]c1N(Cc1ccccc1)Cc1ccccc1,低毒,19.896187,27.938585,3.064146785,0.571428571,0.428571429,0.997089639,0.571594878,0.568684517,0.712456345,683
O=C(c1cn(-c2cc(Cl)c(OCC(F)(F)F)c(Br)c2)nc1Cl)c1nn[nH]c1N(Cc1ccccc1)Cc1ccccc1,中毒,11.999475,57.48542,3.265089484,0.430555556,0.569444444,0.509895227,0.705471478,0.926658906,0.714008537,684
O=C(c1nn[nH]c1N(Cc1ccccc1)Cc1ccccc1)n1nn[n+]([O-])c1-c1cccs1,中毒,12.512059,11.531792,3.32552574,0.475409836,0.524590164,0.543655413,0.739231665,0.859720605,0.714202561,685
NS(=O)(=O)CN(CCl)C(=O)c1nn[nH]c1N(Cc1ccccc1)Cc1ccccc1,高毒,19.273539,25.051384,3.038987698,0.557692308,0.442307692,0.976135041,0.549476135,0.622235157,0.715948778,686
O=C(C1=CC=C[N+]=NN1)c1nn[nH]c1N(Cc1ccccc1)Cc1ccccc1,低毒,18.650099,36.587296,3.603082811,0.62,0.38,0.929569267,0.850989523,0.369615832,0.716724874,687
O=C(C1=CSC2=NC(c3ccc(Cl)nc3)=CC(=C1)N[S+]2[O-])c1nn[nH]c1N(Cc1ccccc1)Cc1ccccc1,中毒,8.556069,15.085933,5.12490638,0.430555556,0.569444444,0.227008149,0.996507567,0.926658906,0.716724874,688
CC12CC3CC(C1)CC(C(=O)c1nn[nH]c1N(Cc1ccccc1)Cc1ccccc1)(C3)C2,高毒,10.869423,10.310754,4.777098728,0.517857143,0.482142857,0.4225844,0.982537835,0.753783469,0.719635235,689
O=C(c1nn[nH]c1N(Cc1ccccc1)Cc1ccccc1)C1C=C(Br)C1,中毒,18.68837,34.378227,3.359163944,0.591836735,0.408163265,0.934807916,0.754365541,0.474388824,0.721187427,690
O=C(Cn1c2ccccc2c2ccc(OCc3cc4ccncc4s3)cc21)c1nn[nH]c1N(Cc1ccccc1)Cc1ccccc1,中毒,12.33012,13.331708,3.178066985,0.371794872,0.628205128,0.530849825,0.650756694,0.984866123,0.722157548,691
O=C(c1nn[nH]c1N(Cc1ccccc1)Cc1ccccc1)C(Cl)c1c[nH]c2cncnc12,中毒,11.662971,43.922756,3.536996614,0.475409836,0.524590164,0.485448196,0.824214203,0.859720605,0.723127668,692
O=C(c1nn[nH]c1N(Cc1ccccc1)Cc1ccccc1)C1CCOC1,高毒,19.267376,25.981432,3.116519994,0.568627451,0.431372549,0.972642608,0.613504075,0.583818393,0.723321692,693
O=C(c1nn[nH]c1N(Cc1ccccc1)Cc1ccccc1)C1CN2CCC1CC2,中毒,12.986461,21.035542,3.96486617,0.547169811,0.452830189,0.600698487,0.922002328,0.653667055,0.725455957,694
O=C(c1cccc(CCc2coc3c(Br)nc(NN=Cc4ccncc4)cc23)c1)c1nn[nH]c1N(Cc1ccccc1)Cc1ccccc1,中毒,11.408316,54.259506,3.433997088,0.430379747,0.569620253,0.469150175,0.778812573,0.928987194,0.725649981,695
O=C(c1ccc2oc(N3CCC=N3)nc2c1)c1nn[nH]c1N(Cc1ccccc1)Cc1ccccc1,低毒,16.480734,102.33306,3.197396074,0.532258065,0.467741935,0.802677532,0.662398137,0.712456345,0.725844005,696
CC12CCC3CC1CC(C(=O)c1nn[nH]c1N(Cc1ccccc1)Cc1ccccc1)(C3)C2=O,中毒,10.869423,10.310754,5.107769478,0.516666667,0.483333333,0.4225844,0.995343423,0.765424913,0.727784245,697
O=C(c1cnn(S(=O)(=O)c2ccc(Cl)cc2)n1)c1nn[nH]c1N(Cc1ccccc1)Cc1ccccc1,中毒,17.239237,15.368224,3.063947196,0.525423729,0.474576271,0.876600698,0.570430733,0.739231665,0.728754366,698
O=C(c1nn[nH]c1N(Cc1ccccc1)Cc1ccccc1)[SH](NN=Cc1cc(I)c(O)c(I)c1)OO,低毒,10.320248,36.67163,4.079958361,0.453125,0.546875,0.352735739,0.938300349,0.895227008,0.728754366,698
O=C(c1cc[n+](Cc2ccc(Cl)c(Cl)c2)s1)c1nn[nH]c1N(Cc1ccccc1)Cc1ccccc1,低毒,15.362902,41.419765,3.275100406,0.525423729,0.474576271,0.734575087,0.712456345,0.739231665,0.728754366,698
O=C(NN=Cc1ccccc1-c1cc2c(cn1)N2c1ccccc1[N+](=O)[O-])c1nn[nH]c1N(Cc1ccccc1)Cc1ccccc1,中毒,12.226539,25.937601,3.225430391,0.371794872,0.628205128,0.522700815,0.682188591,0.984866123,0.72991851,701
O=C(c1cc([N+](=O)[O-])sc1CO)c1nn[nH]c1N(Cc1ccccc1)Cc1ccccc1,中毒,19.318157,18.234488,3.069164084,0.553571429,0.446428571,0.98137369,0.575087311,0.63911525,0.73185875,702
O=C(c1nn[nH]c1N(Cc1ccccc1)Cc1ccccc1)C(Br)C(O[N+](=O)[O-])c1ccncc1,中毒,10.969281,49.662857,3.833765427,0.475409836,0.524590164,0.435389988,0.902211874,0.859720605,0.732440823,703
O=C(c1nn[nH]c1N(Cc1ccccc1)Cc1ccccc1)C1CCS(=O)(=O)C1,高毒,17.928377,32.817757,3.224998762,0.557692308,0.442307692,0.899883586,0.681024447,0.622235157,0.734381063,704
O=C(c1nn[nH]c1N(Cc1ccccc1)Cc1ccccc1)[SH](CCl)S(=O)(=O)[O-],低毒,15.116421,10.82289,3.810361801,0.568627451,0.431372549,0.723515716,0.896391153,0.583818393,0.734575087,705
O=C(c1nn[nH]c1N(Cc1ccccc1)Cc1ccccc1)C1CCCc2nnsc21,中毒,12.528493,18.449442,3.599476507,0.5,0.5,0.547147846,0.849825378,0.807916182,0.734963135,706
O=C(c1nn[nH]c1N(Cc1ccccc1)Cc1ccccc1)c1c(F)cc2cc(OCCON3CCCC3)ccc2c1Cl,中毒,12.815021,15.482069,3.226904677,0.424657534,0.575342466,0.58556461,0.683352736,0.936554133,0.735157159,707
O=C(c1nn[nH]c1N(Cc1ccccc1)Cc1ccccc1)[SH](C=NCl)c1ccccn1,中毒,11.934584,34.08825,3.983020132,0.50877193,0.49122807,0.502910361,0.926658906,0.778812573,0.73612728,708
O=C(c1nn[nH]c1N(Cc1ccccc1)Cc1ccccc1)c1c(Oc2ccccc2Cl)oc2cccnc12,低毒,16.480734,13.634651,3.058755649,0.484375,0.515625,0.802677532,0.568102445,0.839930151,0.736903376,709
O=C(c1nn[nH]c1N(Cc1ccccc1)Cc1ccccc1)n1nnnc1-c1c(F)c(Cl)cc2ccccc12,中毒,14.385443,27.12576,3.115258634,0.439393939,0.560606061,0.689173458,0.611175786,0.916181607,0.738843617,710
O=C1OCC(=S)N(C(=O)c2nn[nH]c2N(Cc2ccccc2)Cc2ccccc2)O1,低毒,15.151801,63.511505,3.327459179,0.517857143,0.482142857,0.725261932,0.740395809,0.753783469,0.739813737,711
O=C(c1nn[nH]c1N(Cc1ccccc1)Cc1ccccc1)C1CCC=C(Br)C1,中毒,16.12268,21.076826,3.436377404,0.547169811,0.452830189,0.786379511,0.779976717,0.653667055,0.740007761,712
O=C(c1cnoc1-n1cnnn1)c1nn[nH]c1N(Cc1ccccc1)Cc1ccccc1,低毒,19.28921,44.855484,3.152715103,0.561403509,0.438596491,0.977881257,0.633294529,0.610011641,0.740395809,713
O=C1CN(C(=O)c2nn[nH]c2N(Cc2ccccc2)Cc2ccccc2)N=CS1,中毒,17.502916,22.916853,3.231578949,0.547169811,0.452830189,0.883585565,0.685681024,0.653667055,0.740977881,714
O=C(c1cc(S(=O)(=O)Nc2nnns2)ccc1F)c1nn[nH]c1N(Cc1ccccc1)Cc1ccccc1,中毒,16.12872,20.081724,3.083059184,0.476923077,0.523076923,0.788125728,0.586728754,0.848079162,0.740977881,714
O=C(c1nn[nH]c1N(Cc1ccccc1)Cc1ccccc1)S(=O)(=O)P(=O)(O)OCc1ccccc1,中毒,15.99479,41.051647,3.481069441,0.547169811,0.452830189,0.779394645,0.804423749,0.653667055,0.745828483,716
O=C(c1nn[nH]c1N(Cc1ccccc1)Cc1ccccc1)C1C=Nc2ccccc2C=CC1,高毒,12.878783,21.504103,3.589625824,0.5,0.5,0.589057043,0.844004657,0.807916182,0.746992627,717
O=C(C1=C2C3=CC=CN2C=CC3=NC=C1)c1nn[nH]c1N(Cc1ccccc1)Cc1ccccc1,中毒,11.41407,19.633484,4.670932146,0.508196721,0.491803279,0.470314319,0.979045402,0.793364377,0.747574699,718
O=C(c1nn[nH]c1N(Cc1ccccc1)Cc1ccccc1)C12Cc3c(ccc4[nH]ccc34)[SH]1C=N2,中毒,10.720197,51.41935,4.415409544,0.446153846,0.553846154,0.371362049,0.965075669,0.906868452,0.747768723,719
O=C(c1nn[nH]c1N(Cc1ccccc1)Cc1ccccc1)C1C=CC(O)C1,中毒,17.100971,20.387478,3.674856111,0.58,0.42,0.851571595,0.867287544,0.533178114,0.750679084,720
O=C(c1nn[nH]c1N(Cc1ccccc1)Cc1ccccc1)S(=O)(=O)Nc1cc(Cl)cc(C(F)(F)F)c1,低毒,16.891651,72.27336,3.03229088,0.467741935,0.532258065,0.835273574,0.545983702,0.873690338,0.751649205,721
O=C(c1nn[nH]c1N(Cc1ccccc1)Cc1ccccc1)c1nc[n+]([O-])c2cc([SH](F)(F)(F)F)ccc2c1=O,低毒,11.786728,36.893288,4.025709058,0.484375,0.515625,0.497089639,0.931315483,0.839930151,0.756111758,722
O=C(c1nn[nH]c1N(Cc1ccccc1)Cc1ccccc1)S(=O)(=O)c1cccc2cscc12,中毒,17.934113,64.723854,3.097774099,0.50877193,0.49122807,0.90104773,0.597206054,0.778812573,0.759022119,723
O=C(c1nn[nH]c1N(Cc1ccccc1)Cc1ccccc1)N(c1ccc(OCl)cc1)c1ccc(-c2csnn2)cc1O,低毒,12.742528,25.926903,3.338248633,0.414285714,0.585714286,0.583236321,0.746216531,0.950523865,0.759992239,724
O=C(O)C1=CCN(S(=O)(=O)c2ccccc2F)C1(NS(=O)(=O)c1ccccn1)C(=O)c1nn[nH]c1N(Cc1ccccc1)Cc1ccccc1,中毒,10.6748295,17.788555,4.044934546,0.381578947,0.618421053,0.370197905,0.933643772,0.978463329,0.760768335,725
O=C(c1nn[nH]c1N(Cc1ccccc1)Cc1ccccc1)C1CCCCC1c1c[nH]cn1,中毒,12.528493,20.505808,3.840593552,0.491525424,0.508474576,0.547147846,0.904540163,0.831199069,0.760962359,726
O=C(O)C(C(=O)c1nn[nH]c1N(Cc1ccccc1)Cc1ccccc1)c1noc2cccc(Br)c12,中毒,12.967255,36.678726,3.540084885,0.475409836,0.524590164,0.596041909,0.827706636,0.859720605,0.761156383,727
O=C(c1nn[nH]c1N(Cc1ccccc1)Cc1ccccc1)N(O)C1CSCCS1,中毒,14.4523535,13.176038,3.710326754,0.527272727,0.472727273,0.691501746,0.870779977,0.722351572,0.761544432,728
O=C1CC2CC3C(CC3(C(=O)c3nn[nH]c3N(Cc3ccccc3)Cc3ccccc3)C1)O2,中毒,10.861907,11.128978,5.03044623,0.46031746,0.53968254,0.413271246,0.994179278,0.881839348,0.763096624,729
O=C(c1nn[nH]c1N(Cc1ccccc1)Cc1ccccc1)C(NC(=S)Nc1ccccc1F)C(F)(F)F,中毒,13.856314,48.05892,3.395760833,0.475409836,0.524590164,0.65774156,0.771827707,0.859720605,0.763096624,729
O=C(C1=CC=[N+]NCCN1)c1nn[nH]c1N(Cc1ccccc1)Cc1ccccc1,高毒,18.650099,56.60067,3.645057957,0.58490566,0.41509434,0.929569267,0.857974389,0.504656577,0.764066744,731
O=C(c1nn[nH]c1N(Cc1ccccc1)Cc1ccccc1)C1CON(C2CC2Br)C1,中毒,12.001227,26.930273,4.192066769,0.491525424,0.508474576,0.511059371,0.951105937,0.831199069,0.764454792,732
O=C(c1nn[nH]c1N(Cc1ccccc1)Cc1ccccc1)S(=O)(=O)c1nc2ccsc2[nH]1,中毒,16.460817,30.240389,3.294507872,0.50877193,0.49122807,0.800931315,0.721769499,0.778812573,0.767171129,733
O=C(c1nn[nH]c1N(Cc1ccccc1)Cc1ccccc1)c1occc1C12CC3CC(CC(C3)C1)C2,低毒,14.3109,41.305355,4.190066741,0.543859649,0.456140351,0.686845169,0.949941793,0.671711292,0.769499418,734
O=C(c1cnc2c(Cl)scc2c1O)c1nn[nH]c1N(Cc1ccccc1)Cc1ccccc1,中毒,19.896187,16.155859,3.108388161,0.534482759,0.465517241,0.997089639,0.607683353,0.703725262,0.769499418,734
O=C(C1=C[P+](Cl)(c2cccc(I)c2)OO1)c1nn[nH]c1N(Cc1ccccc1)Cc1ccccc1,中毒,13.392417,16.764952,4.127341568,0.525423729,0.474576271,0.629802095,0.940628638,0.739231665,0.769887466,736
O=C(c1csc2c1C1CCC(C2)NSN1)c1nn[nH]c1N(Cc1ccccc1)Cc1ccccc1,中毒,11.793087,20.7544,4.945487271,0.492063492,0.507936508,0.498253783,0.990686845,0.821303842,0.77008149,737
O=C(C1=C(N2CCOCC2)CCCN(Cc2c[nH]cn2)C1)c1nn[nH]c1N(Cc1ccccc1)Cc1ccccc1,中毒,13.509119,37.13638,3.369444283,0.436619718,0.563380282,0.635622817,0.757857974,0.918509895,0.770663562,738
O=C(c1nn[nH]c1N(Cc1ccccc1)Cc1ccccc1)C1C=CCC(c2c[nH]c3ccccc23)C1,中毒,12.304269,25.028572,3.785073507,0.453125,0.546875,0.528521537,0.889406286,0.895227008,0.77105161,739
O=C(c1coc(NC(=S)Nc2cc(F)ccc2[N+](=O)[O-])n1)c1nn[nH]c1N(Cc1ccccc1)Cc1ccccc1,中毒,15.511888,57.303272,3.166724818,0.430555556,0.569444444,0.755529686,0.642607683,0.926658906,0.774932092,740
N#CN1CCCC1C(=O)c1nn[nH]c1N(Cc1ccccc1)Cc1ccccc1,中毒,16.389416,25.851242,3.40819478,0.517857143,0.482142857,0.797438882,0.774155995,0.753783469,0.775126116,741
O=C(c1c[nH]nc1-c1cocn1)c1nn[nH]c1N(Cc1ccccc1)Cc1ccccc1,中毒,18.55246,30.879324,3.30969405,0.543859649,0.456140351,0.923166473,0.731082654,0.671711292,0.77532014,742
NCCOc1ccc(C[n+]2cccc(Nn3cnsc3=S(Cc3cccnc3)C(=O)c3nn[nH]c3N(Cc3ccccc3)Cc3ccccc3)c2CCl)cc1,中毒,10.376134,24.802319,4.547564086,0.298969072,0.701030928,0.36088475,0.967403958,1,0.776096236,743
O=C(c1nn[nH]c1N(Cc1ccccc1)Cc1ccccc1)C1(S(=O)(=O)c2ccccc2)CCNC1,中毒,15.852849,11.888554,3.4334404,0.50877193,0.49122807,0.771827707,0.777648428,0.778812573,0.776096236,744
O=C(c1nn[nH]c1N(Cc1ccccc1)Cc1ccccc1)C1([N+](=O)[O-])CC2(O)CSc3nn(S(=O)(=O)O)n3CN2c2ccccc21,中毒,10.368634,10.292379,4.793092772,0.353658537,0.646341463,0.359720605,0.983701979,0.993015134,0.778812573,745
O=C(c1nn[nH]c1N(Cc1ccccc1)Cc1ccccc1)[SH](c1cccnc1Cl)[N+](=O)[O-],中毒,13.58877,17.36974,3.800922578,0.5,0.5,0.640279395,0.892898719,0.807916182,0.780364765,746
O=C(c1cc2ccccc2nc1CCCOc1ccccc1N1CCN(Cc2ccn[nH]2)CC1)c1nn[nH]c1N(Cc1ccccc1)Cc1ccccc1,中毒,13.274667,21.23448,3.339589812,0.382716049,0.617283951,0.619324796,0.747380675,0.976717113,0.781140861,747
O=C(c1nn[nH]c1N(Cc1ccccc1)Cc1ccccc1)C1(Br)CSC(n2nnc3ccsc32)=NN1,中毒,11.309305,8.488666,4.134160001,0.420289855,0.579710145,0.45983702,0.942956927,0.940628638,0.781140861,747
O=C(C1=Nc2ccccc2C=CC=C1N1CCCCC1)c1nn[nH]c1N(Cc1ccccc1)Cc1ccccc1,中毒,17.002857,14.075265,3.227460351,0.492063492,0.507936508,0.838183935,0.68451688,0.821303842,0.781334886,749
O=C(c1nn[nH]c1N(Cc1ccccc1)Cc1ccccc1)C1OC1c1ccncc1-c1cccnc1,中毒,13.358151,44.86334,3.724166794,0.483333333,0.516666667,0.628637951,0.871944121,0.844586729,0.781722934,750
O=C(C1=CC(C(F)=Cc2cc3cc4c(=NOCCO)c(nc3[nH]2)=CN=4)=CCOCC1=NC1CC1)c1nn[nH]c1N(Cc1ccccc1)Cc1ccccc1,中毒,10.283126,8.409181,5.283634406,0.31,0.69,0.349243306,0.998835856,0.998835856,0.782305006,751
O=C(c1nn[nH]c1N(Cc1ccccc1)Cc1ccccc1)C(c1cc(F)c(F)c(F)c1)C(F)(F)F,中毒,16.666725,44.696934,3.492021186,0.527272727,0.472727273,0.824796275,0.81024447,0.722351572,0.785797439,752
O=C(c1nn[nH]c1N(Cc1ccccc1)Cc1ccccc1)C1CCN1C(=S)Nc1ccccc1N1CCOCC1,中毒,13.317243,33.252056,3.437927573,0.414285714,0.585714286,0.626309662,0.781140861,0.950523865,0.785991463,753
O=C(c1nn[nH]c1N(Cc1ccccc1)Cc1ccccc1)C(Cl)c1csc(Cl)n1,中毒,18.183697,31.825802,3.522411586,0.555555556,0.444444444,0.90919674,0.819557625,0.634458673,0.787737679,754
O=C(c1nn[nH]c1N(Cc1ccccc1)Cc1ccccc1)P(=O)(Oc1ccccc1)SC(F)Cl,中毒,13.77241,37.94758,3.868309524,0.5,0.5,0.646100116,0.90919674,0.807916182,0.787737679,755
O=C(c1nn[nH]c1N(Cc1ccccc1)Cc1ccccc1)C12COC1c1ccccc12,中毒,15.270563,44.078316,3.769514897,0.517857143,0.482142857,0.728754366,0.88242142,0.753783469,0.788319752,756
O=C(Oc1cc(CO[N+](=O)[O-])cc([N+](=O)[O-])c1)c1nn[nH]c1N(Cc1ccccc1)Cc1ccccc1,低毒,19.845438,14.65498,2.979364434,0.467741935,0.532258065,0.993597206,0.498253783,0.873690338,0.788513776,757
O=C(c1nn[nH]c1N(Cc1ccccc1)Cc1ccccc1)c1sc(CCOP(=O)(O)O)cc1F,中毒,19.750269,30.788603,3.201032063,0.533333333,0.466666667,0.990686845,0.664726426,0.7112922,0.788901824,758
O=C(c1cnn(-c2cnn(CBr)c2)c1-n1cccn1)c1nn[nH]c1N(Cc1ccccc1)Cc1ccccc1,中毒,15.065524,33.28982,3.393748291,0.462686567,0.537313433,0.721769499,0.769499418,0.877764843,0.78967792,759
O=C(c1nn[nH]c1N(Cc1ccccc1)Cc1ccccc1)N(Nc1ccc2ccccc2c1)c1cc(I)cc(Cl)c1O,中毒,15.630721,9.466301,3.221029345,0.426470588,0.573529412,0.760186263,0.67636787,0.932479627,0.78967792,759
O=C(C1=[N+]c2cccc([N+](=O)[O-])c2S1)c1nn[nH]c1N(Cc1ccccc1)Cc1ccccc1,中毒,16.642693,17.723095,3.48919368,0.525423729,0.474576271,0.823050058,0.806752037,0.739231665,0.78967792,759
O=C(c1nc(C2=CC(F)C2)n[nH]1)c1nn[nH]c1N(Cc1ccccc1)Cc1ccccc1,中毒,19.331036,38.702,3.699686153,0.581818182,0.418181818,0.982537835,0.869615832,0.51862631,0.790259992,762
O=C(C1=CC=C=C(Br)C=C1OCc1cnc2[nH]ccc2c1F)c1nn[nH]c1N(Cc1ccccc1)Cc1ccccc1,中毒,11.976424,35.050114,3.85957872,0.413333333,0.586666667,0.507566938,0.906868452,0.956344587,0.790259992,762
O=C(c1nn[nH]c1N(Cc1ccccc1)Cc1ccccc1)S(=O)(=O)c1nc(-c2csc(NC3CC3)n2)ns1,中毒,14.878092,22.417645,3.374541795,0.449275362,0.550724638,0.713620489,0.759022119,0.900465658,0.791036088,764
O=C(OC(c1ncsn1)c1ccco1)c1nn[nH]c1N(Cc1ccccc1)Cc1ccccc1,低毒,13.352694,26.833515,3.693181345,0.46031746,0.53968254,0.627473807,0.868451688,0.881839348,0.792588281,765
O=C(OC1CN2OC3CN(S(=O)(=O)O)CCC3NC12)c1nn[nH]c1N(Cc1ccccc1)Cc1ccccc1,中毒,11.006856,25.240997,4.618154449,0.397260274,0.602739726,0.437718277,0.97322468,0.966821886,0.792588281,765
O=C(c1nn[nH]c1N(Cc1ccccc1)Cc1ccccc1)[S+]([O-])Cn1ccnc1[N+](=O)[O-],中毒,13.18576,33.353508,3.886714805,0.475409836,0.524590164,0.607683353,0.910360885,0.859720605,0.792588281,767
O=C(c1nn[nH]c1N(Cc1ccccc1)Cc1ccccc1)C1COc2ccccc2-c2c1ccc1sccc21,中毒,13.265946,19.050045,3.523845646,0.420289855,0.579710145,0.618160652,0.820721769,0.940628638,0.793170353,768
O=C(c1cc(Sc2nnc[nH]2)c(O)cc1S)c1nn[nH]c1N(Cc1ccccc1)Cc1ccccc1,低毒,16.009144,26.775206,3.471929417,0.5,0.5,0.781140861,0.796274738,0.807916182,0.795110594,769
O=C(O)c1nnn(SNC(=O)c2nn[nH]c2N(Cc2ccccc2)Cc2ccccc2)n1,低毒,17.211199,21.670536,3.375474894,0.517857143,0.482142857,0.875436554,0.760186263,0.753783469,0.796468762,770
O=C(c1nn[nH]c1N(Cc1ccccc1)Cc1ccccc1)[SH]1SC([N+](=O)[O-])N=C1NNO,中毒,12.455163,32.37445,4.605952094,0.46031746,0.53968254,0.540745052,0.972060536,0.881839348,0.798214979,771
NC(C(=O)c1nn[nH]c1N(Cc1ccccc1)Cc1ccccc1)c1cccc2ccsc12,高毒,18.526964,37.194077,3.357411999,0.526315789,0.473684211,0.920838184,0.753201397,0.732246799,0.80209546,772
O=C(c1nn[nH]c1N(Cc1ccccc1)Cc1ccccc1)C1COCSC1,高毒,18.07238,38.401184,3.4985703,0.537037037,0.462962963,0.906868452,0.812572759,0.688009313,0.802483508,773
O=C(c1nn[nH]c1N(Cc1ccccc1)Cc1ccccc1)C(F)(F)OC1CCS(=O)(=O)CC1,高毒,19.10288,98.95927,3.161944296,0.5,0.5,0.965075669,0.637951106,0.807916182,0.803647652,774
O=C(c1nn[nH]c1N(Cc1ccccc1)Cc1ccccc1)C1CC(O)C([N+](=O)[O-])=N1,中毒,15.417523,24.861216,3.952710143,0.517857143,0.482142857,0.73806752,0.920838184,0.753783469,0.804229724,775
O=C(c1nn[nH]c1N(Cc1ccccc1)Cc1ccccc1)C1CSCN1S(=O)(=O)c1ccoc1,中毒,13.944413,59.919422,3.665322564,0.453125,0.546875,0.663562282,0.864959255,0.895227008,0.807916182,776
O=C(c1nn[nH]c1N(Cc1ccccc1)Cc1ccccc1)P(=O)(NO)OCc1cnccn1,中毒,14.484689,20.710722,3.727303744,0.475409836,0.524590164,0.693830035,0.873108265,0.859720605,0.808886302,777
O=C(c1nn[nH]c1N(Cc1ccccc1)Cc1ccccc1)C1CCCCS1=CC(F)F,中毒,13.471501,14.387409,4.230319708,0.483333333,0.516666667,0.632130384,0.952270081,0.844586729,0.809662398,778
O=C(C1=C(Br)Sc2ncnn2S1)c1nn[nH]c1N(Cc1ccccc1)Cc1ccccc1,低毒,18.661308,62.727425,3.538682037,0.543859649,0.456140351,0.932479627,0.825378347,0.671711292,0.809856422,779
O=C(NC1c2ccccc2CC1O)C(C(=O)c1nn[nH]c1N(Cc1ccccc1)Cc1ccccc1)C1CCCCC1,中毒,12.801671,9.244489,3.972489928,0.432835821,0.567164179,0.584400466,0.925494761,0.922002328,0.810632518,780
O=C(c1nn[nH]c1N(Cc1ccccc1)Cc1ccccc1)c1cccn1C(c1cccc2ccccc12)P(=O)(O)O,低毒,15.666411,26.606503,3.652788656,0.5,0.5,0.764842841,0.860302678,0.807916182,0.811020567,781
O=C(C1=NNc2ccc(OCS(=O)(=O)O)cc2SC1=S)c1nn[nH]c1N(Cc1ccccc1)Cc1ccccc1,中毒,14.937406,78.40149,3.546605881,0.455882353,0.544117647,0.714784633,0.831199069,0.888242142,0.811408615,782
O=C(ON1C=CS(=O)(=O)C1O)c1nn[nH]c1N(Cc1ccccc1)Cc1ccccc1,中毒,15.918771,31.537678,3.847198996,0.517857143,0.482142857,0.77532014,0.905704307,0.753783469,0.811602639,783
O=C(c1nn[nH]c1N(Cc1ccccc1)Cc1ccccc1)C1(c2ccccc2)ON=C1c1ccccc1COC(F)F,中毒,13.297835,37.990963,3.809738517,0.432835821,0.567164179,0.622235157,0.895227008,0.922002328,0.813154831,784
O=C(C(=CCO)c1cccnc1N1CC=CCS1)c1nn[nH]c1N(Cc1ccccc1)Cc1ccccc1,中毒,13.933665,32.85536,3.598115225,0.420289855,0.579710145,0.662398137,0.84749709,0.940628638,0.816841288,785
O=C(c1nn[nH]c1N(Cc1ccccc1)Cc1ccccc1)c1c(OC(F)Cl)c(Cl)nn(-c2ccc(F)c(F)c2)c1=O,中毒,13.8626585,26.97778,3.799099213,0.449275362,0.550724638,0.658905704,0.891734575,0.900465658,0.817035312,786
O=C(O)C1C2CCC(O2)C1C(=O)c1nn[nH]c1N(Cc1ccccc1)Cc1ccccc1,低毒,17.115923,36.986286,4.626858821,0.557692308,0.442307692,0.854481956,0.974388824,0.622235157,0.817035312,787
O=C(SC(=Nc1ccccc1N1CCOCC1)Nc1cc2ccccc2cc1Cl)c1nn[nH]c1N(Cc1ccccc1)Cc1ccccc1,中毒,14.959062,57.86043,3.353476451,0.371794872,0.628205128,0.715948778,0.750873108,0.984866123,0.817229336,788
O=C(c1nn[nH]c1N(Cc1ccccc1)Cc1ccccc1)N1SNCC1Br,中毒,18.40334,24.254847,3.750922435,0.537037037,0.462962963,0.917345751,0.878928987,0.688009313,0.828094684,789
O=C(c1nn[nH]c1N(Cc1ccccc1)Cc1ccccc1)S(=O)(=O)C=C(Cl)SP(=O)(O)O,中毒,17.908615,44.039932,3.504374992,0.50877193,0.49122807,0.897555297,0.816065192,0.778812573,0.830811021,790
N#CN1CCC(C(=O)c2nn[nH]c2N(Cc2ccccc2)Cc2ccccc2)C1,中毒,19.267376,20.262547,3.39052383,0.517857143,0.482142857,0.972642608,0.767171129,0.753783469,0.831199069,791
O=C(c1nn[nH]c1N(Cc1ccccc1)Cc1ccccc1)C1CSCN1C1CC1,中毒,18.981178,58.01186,3.444656824,0.517857143,0.482142857,0.956926659,0.784633295,0.753783469,0.831781141,792
O=C(c1nn[nH]c1N(Cc1ccccc1)Cc1ccccc1)C1CC(c2ccc3ccccc3c2I)[S+]([O-])C1,中毒,13.238414,72.08576,4.332577732,0.432835821,0.567164179,0.616996508,0.960419092,0.922002328,0.833139309,793
O=C(c1nn[nH]c1N(Cc1ccccc1)Cc1ccccc1)C12CC3CC1CN(C3)C2,中毒,14.021876,8.471967,5.202957762,0.491525424,0.508474576,0.670547148,0.997671711,0.831199069,0.833139309,794
O=C(c1nn[nH]c1N(Cc1ccccc1)Cc1ccccc1)N1N=C(CBr)C1c1cccs1,中毒,16.267395,13.07625,3.610496852,0.475409836,0.524590164,0.791618161,0.8556461,0.859720605,0.835661622,795
O=C(c1nn[nH]c1N(Cc1ccccc1)Cc1ccccc1)C(c1ccc(Cl)c(Cl)c1F)N1c2ccccc2CC1F,中毒,13.291125,25.00937,4.00185823,0.408450704,0.591549296,0.620488941,0.928987194,0.95983702,0.836437718,796
O=C(c1nn[nH]c1N(Cc1ccccc1)Cc1ccccc1)c1cccc[n+]1CCN1CCCC(OF)(c2ccccc2Oc2ccccc2)CC1,中毒,13.028688,23.371883,4.032431558,0.3875,0.6125,0.603026775,0.932479627,0.974388824,0.836631742,797
O=C(c1nn[nH]c1N(Cc1ccccc1)Cc1ccccc1)[n+]1coc2cccnc2c1=S,中毒,18.779087,61.61067,3.341300363,0.491525424,0.508474576,0.938300349,0.74854482,0.831199069,0.839348079,798
O=C(c1nn[nH]c1N(Cc1ccccc1)Cc1ccccc1)S(CSC1NC=Nc2cccc(Cl)c21)=NC1CCNC1,中毒,12.490036,10.493414,4.879141383,0.3625,0.6375,0.542491269,0.986030268,0.991268917,0.839930151,799
O=C(c1nn[nH]c1N(Cc1ccccc1)Cc1ccccc1)C1(Sc2ccns2)CS1,中毒,16.499355,46.432095,3.919013537,0.5,0.5,0.804423749,0.917345751,0.807916182,0.84322856,800
O=C(c1nn[nH]c1N(Cc1ccccc1)Cc1ccccc1)C1CCN(C(Cl)Cl)C(=O)C1,中毒,18.870733,13.39559,3.467630198,0.5,0.5,0.940046566,0.792782305,0.807916182,0.846915017,801
O=C1ON2C=CC=CC2=[N+]([O-])C(O)=C1C(=O)c1nn[nH]c1N(Cc1ccccc1)Cc1ccccc1,中毒,16.891651,24.79592,3.777346459,0.492063492,0.507936508,0.835273574,0.884749709,0.821303842,0.847109042,802
O=C(c1nn[nH]c1N(Cc1ccccc1)Cc1ccccc1)S(=O)(=O)c1ccc(N2CCC(n3c(=O)[nH]c4cc(I)ccc43)CC2)cc1,中毒,17.033323,35.548767,3.287156569,0.371794872,0.628205128,0.844004657,0.718277066,0.984866123,0.849049282,803
O=C(c1cncc(Br)c1OPCI)c1nn[nH]c1N(Cc1ccccc1)Cc1ccccc1,中毒,18.603756,41.16868,3.797239789,0.525423729,0.474576271,0.926076834,0.890570431,0.739231665,0.851959643,804
O=C(c1nn[nH]c1N(Cc1ccccc1)Cc1ccccc1)N1CN(OCC=Cc2ccco2)CNC(S)=N1,中毒,14.770642,22.023348,3.742398057,0.391891892,0.608108108,0.708963912,0.876600698,0.972060536,0.852541715,805
O=C(C1=CC=CN2C=CN=C1C2)c1nn[nH]c1N(Cc1ccccc1)Cc1ccccc1,中毒,19.267376,10.849848,4.170068095,0.553571429,0.446428571,0.972642608,0.947613504,0.63911525,0.853123787,806
O=C(c1nn[nH]c1N(Cc1ccccc1)Cc1ccccc1)c1c(-n2ccnc2)c2ccccc2n1-c1onc2cc(O)ccc12,中毒,16.679708,18.004591,3.448614618,0.418918919,0.581081081,0.826542491,0.788125728,0.945285215,0.853317811,807
O=C(c1nn[nH]c1N(Cc1ccccc1)Cc1ccccc1)C12CC3CC(C1)OC(C3)C2,中毒,17.100971,11.312037,4.881807777,0.527272727,0.472727273,0.851571595,0.987194412,0.722351572,0.85370586,808
O=C(c1nn[nH]c1N(Cc1ccccc1)Cc1ccccc1)C1CCCc2cc(Cl)nc(N3CCOCC3)c2C1,中毒,15.637751,9.064924,3.549270979,0.391891892,0.608108108,0.761350407,0.832363213,0.972060536,0.855258052,809
NC1CCC(N)N(CNC(=O)C(=O)c2nn[nH]c2N(Cc2ccccc2)Cc2ccccc2)C1CO,中毒,15.033959,32.241837,4.253226283,0.453125,0.546875,0.719441211,0.95459837,0.895227008,0.856422196,810
O=C(SCNc1cc([N+](=O)[O-])sc1C(=O)SS)c1nn[nH]c1N(Cc1ccccc1)Cc1ccccc1,中毒,15.934842,18.536156,3.653440921,0.426470588,0.573529412,0.777066356,0.861466822,0.932479627,0.857004269,811
O=C(c1nn[nH]c1N(Cc1ccccc1)Cc1ccccc1)N(Cl)c1ccc(C2(C(F)(F)F)CCC(F)C2)cc1,高毒,14.719375,37.66503,4.146944678,0.432835821,0.567164179,0.707799767,0.945285215,0.922002328,0.858362437,812
O=C(c1nn[nH]c1N(Cc1ccccc1)Cc1ccccc1)C(O)Nc1ccc2nsnc2c1,中毒,19.097925,52.531105,3.448298625,0.491525424,0.508474576,0.963911525,0.786961583,0.831199069,0.860690726,813
O=C(c1cc(C2CCCCS2(=O)=O)n(-c2nsc(Cl)n2)n1)c1nn[nH]c1N(Cc1ccccc1)Cc1ccccc1,中毒,14.805283,34.700733,4.067174281,0.418918919,0.581081081,0.710128056,0.935972061,0.945285215,0.863795111,814
O=C(O)C[n+]1cn(N=Cc2c[nH]c3c2OCOC3)c(C(=O)c2nn[nH]c2N(Cc2ccccc2)Cc2ccccc2)n1,中毒,14.864715,52.94253,3.933743448,0.402597403,0.597402597,0.712456345,0.91967404,0.964493597,0.865541327,815
O=CN(O)C1C(CO)=[S+]([O-])C(c2ccccc2)CC1C(=O)c1nn[nH]c1N(Cc1ccccc1)Cc1ccccc1,中毒,14.08831,43.709972,4.795768944,0.426470588,0.573529412,0.681024447,0.984866123,0.932479627,0.866123399,816
O=C(c1nn[nH]c1N(Cc1ccccc1)Cc1ccccc1)c1nnn(-c2ccccc2Cl)c(=S)c1SCCc1nc2ccccc2s1,中毒,17.151054,82.09398,3.389165901,0.402597403,0.597402597,0.870779977,0.766006985,0.964493597,0.86709352,817
O=C(c1nn[nH]c1N(Cc1ccccc1)Cc1ccccc1)C(c1ccc(Cl)c(Cl)c1O)N1CCOCC1,中毒,17.55994,31.952164,3.499560297,0.446153846,0.553846154,0.884749709,0.813736903,0.906868452,0.868451688,818
CC1=NC(c2ccc[nH]2)N(C2CCSCC2)CCN1C(C(=O)c1nn[nH]c1N(Cc1ccccc1)Cc1ccccc1)c1cccc2sccc12,中毒,13.707014,57.181202,4.560718712,0.325842697,0.674157303,0.643771828,0.969732247,0.997089639,0.870197905,819
O=C(c1nn[nH]c1N(Cc1ccccc1)Cc1ccccc1)C12Cc3cnn(-c4cccs4)c3C1CCN(CCO)C2,中毒,13.953361,17.563566,4.236163927,0.3625,0.6375,0.667054715,0.953434226,0.991268917,0.870585953,820
O=C(c1cc(F)cc(Br)c1N=CC1CS1)c1nn[nH]c1N(Cc1ccccc1)Cc1ccccc1,中毒,18.30462,46.114365,3.760222922,0.492063492,0.507936508,0.911525029,0.880093132,0.821303842,0.870974001,821
N#CN(c1ccncc1)C(C(=O)c1nn[nH]c1N(Cc1ccccc1)Cc1ccccc1)c1ccco1,中毒,17.602901,23.96769,3.634819423,0.467741935,0.532258065,0.885913853,0.856810244,0.873690338,0.872138145,822
O=C(c1nn[nH]c1N(Cc1ccccc1)Cc1ccccc1)S(=O)(=O)c1c(F)c(F)c(F)c2[nH]c(=O)c(Cl)nc12,中毒,18.341461,53.031006,3.473044651,0.446153846,0.553846154,0.913853318,0.797438882,0.906868452,0.872720217,823
O=C(c1nn[nH]c1N(Cc1ccccc1)Cc1ccccc1)C12CC3CC(C1)NC(C3)C2,中毒,18.870733,21.612333,4.977410368,0.537037037,0.462962963,0.940046566,0.99185099,0.688009313,0.873302289,824
O=C1C(C(=O)c2nn[nH]c2N(Cc2ccccc2)Cc2ccccc2)=COc2cccnc2C(OCc2cccc(Cl)c2)c2ccncc21,中毒,14.055231,28.474539,4.386897759,0.37804878,0.62195122,0.678696158,0.963911525,0.980209546,0.87427241,825
O=C(c1nn[nH]c1N(Cc1ccccc1)Cc1ccccc1)[N+]([O-])=NNCc1noc2ccccc12,低毒,19.55234,11.3553915,3.333681928,0.453125,0.546875,0.988358556,0.743888242,0.895227008,0.875824602,826
O=C(c1nn[nH]c1N(Cc1ccccc1)Cc1ccccc1)C1(Cl)OC(Cl)C1c1ccc(Cl)c(Cl)c1,中毒,16.638714,46.46917,4.073538158,0.467741935,0.532258065,0.821885914,0.937136205,0.873690338,0.877570819,827
O=C(c1nn[nH]c1N(Cc1ccccc1)Cc1ccccc1)S(S)=Cc1ccccc1C(F)C(F)(F)F,低毒,17.615337,41.139397,4.142133627,0.5,0.5,0.887077998,0.944121071,0.807916182,0.879705083,828
O=C(c1nn[nH]c1N(Cc1ccccc1)Cc1ccccc1)c1c(Cl)cc(Cl)n1-c1sc(C(F)(F)F)c(CO)c1Cl,中毒,18.115843,10.597783,3.603490568,0.455882353,0.544117647,0.908032596,0.852153667,0.888242142,0.882809468,829
O=C(c1nn[nH]c1N(Cc1ccccc1)Cc1ccccc1)C12CC(=CO1)N=C(O)NC1=CC=C12,中毒,15.99479,10.263556,4.903865533,0.46031746,0.53968254,0.779394645,0.988358556,0.881839348,0.883197516,830
O=C(c1nn[nH]c1N(Cc1ccccc1)Cc1ccccc1)C1C=CN(S(=O)(=O)N2CCNCC2)CC1,中毒,17.100971,30.947563,3.860688477,0.453125,0.546875,0.851571595,0.908032596,0.895227008,0.884943733,831
O=C(c1csc(NCCCn2cnc3ccnc[n+]32)n1)c1nn[nH]c1N(Cc1ccccc1)Cc1ccccc1,低毒,16.925997,18.984915,3.674089569,0.413333333,0.586666667,0.83701979,0.866123399,0.956344587,0.886495925,832
O=C(c1nn[nH]c1N(Cc1ccccc1)Cc1ccccc1)N(C1C=COCC1)S(=O)(=O)n1ccnc1Br,低毒,15.6024685,12.578119,4.108125192,0.402777778,0.597222222,0.758440047,0.939464494,0.962747381,0.886883974,833
O=C(c1nn[nH]c1N(Cc1ccccc1)Cc1ccccc1)C1CCCCN1c1coc(C2CC2)n1,低毒,18.06091,9.71746,3.578255681,0.439393939,0.560606061,0.905704307,0.839348079,0.916181607,0.887077998,834
O=C(c1nn[nH]c1N(Cc1ccccc1)Cc1ccccc1)[SH]1(=O)c2ccccc2C1c1cccnc1,中毒,17.791334,12.414308,3.887040453,0.475409836,0.524590164,0.891734575,0.911525029,0.859720605,0.88766007,835
O=Cc1cccc2c1cc1n2C2CC(NC(=O)c3nn[nH]c3N(Cc3ccccc3)Cc3ccccc3)C2C1,中毒,15.6024685,16.255348,4.161918446,0.397260274,0.602739726,0.758440047,0.94644936,0.966821886,0.890570431,836
O=C(c1nn[nH]c1N(Cc1ccccc1)Cc1ccccc1)[n+]1cc2sccc2c(=S)n1-c1ccccn1,中毒,18.958096,67.732475,3.451087615,0.426470588,0.573529412,0.955762515,0.789289872,0.932479627,0.892510671,837
O=C(c1nn[nH]c1N(Cc1ccccc1)Cc1ccccc1)[S+](NN1c2ccccc2S1(=O)=O)C1CC1,中毒,17.381544,28.212355,4.017223955,0.467741935,0.532258065,0.878928987,0.930151339,0.873690338,0.894256888,838
O=C(C(Cl)=C(NC(=S)NC(=O)c1c(Cl)cccc1Cl)c1ccc2[nH]cnc2c1)c1nn[nH]c1N(Cc1ccccc1)Cc1ccccc1,中毒,18.233843,75.288994,3.515034912,0.394736842,0.605263158,0.910360885,0.818393481,0.968568102,0.899107489,839
O=C(c1nn[nH]c1N(Cc1ccccc1)Cc1ccccc1)N1CCOP(=O)(Nc2ccccn2)O1,中毒,17.489052,15.995259,3.916020848,0.439393939,0.560606061,0.88242142,0.915017462,0.916181607,0.904540163,840
O=C(c1csc(CCN(C(=O)c2ccccc2F)c2ccc3ccccn23)n1)c1nn[nH]c1N(Cc1ccccc1)Cc1ccccc1,中毒,19.30661,21.1228,3.429512219,0.407894737,0.592105263,0.979627474,0.776484284,0.961583236,0.905898331,841
O=C(C1=NC(Cc2ccc3scnc3c2Cl)=NC12CCNCC2)c1nn[nH]c1N(Cc1ccccc1)Cc1ccccc1,中毒,16.632706,14.3937645,4.175656455,0.413333333,0.586666667,0.820721769,0.948777648,0.956344587,0.908614668,842
O=C(c1ccc(S(=O)(=O)c2cccc(N3CCNC3=O)c2OCl)[nH]1)c1nn[nH]c1N(Cc1ccccc1)Cc1ccccc1,中毒,19.04304,25.726233,3.559321742,0.424657534,0.575342466,0.959254948,0.833527357,0.936554133,0.909778813,843
O=C(c1nn[nH]c1N(Cc1ccccc1)Cc1ccccc1)n1c2c(sc1=S)CCN(Cc1ccc(-n3cnc(-c4ncco4)c3F)cc1)CC2,中毒,17.13649,108.1768,3.738469138,0.325842697,0.674157303,0.869615832,0.875436554,0.997089639,0.914047342,844
O=C(SN1CC1c1sccc1-c1c[nH]c2ccccc12)c1nn[nH]c1N(Cc1ccccc1)Cc1ccccc1,中毒,17.479357,17.58553,4.053427984,0.414285714,0.585714286,0.881257276,0.934807916,0.950523865,0.922196352,845
O=C(c1nn[nH]c1N(Cc1ccccc1)Cc1ccccc1)N1CCC(c2cc[nH]n2)C(F)(F)C1,中毒,19.273539,13.587211,3.782408084,0.446153846,0.553846154,0.976135041,0.887077998,0.906868452,0.923360497,846
O=C(c1nn[nH]c1N(Cc1ccccc1)Cc1ccccc1)C1CCCc2cc(Oc3scnc3Cl)ccc21,中毒,18.698765,20.54192,3.653456981,0.391891892,0.608108108,0.935972061,0.862630966,0.972060536,0.923554521,847
O=C(SOc1cc2cn[nH]c2cc1C1CCN1)c1nn[nH]c1N(Cc1ccccc1)Cc1ccccc1,中毒,18.877516,23.679771,3.808789359,0.420289855,0.579710145,0.941792782,0.894062864,0.940628638,0.925494761,848
O=C(c1nn[nH]c1N(Cc1ccccc1)Cc1ccccc1)C1COC(n2cnc3c4[nH]nnc4nc-3c2Br)=N1,中毒,17.153404,14.911535,4.332499792,0.414285714,0.585714286,0.871944121,0.959254948,0.950523865,0.927240978,849
O=C(c1nn[nH]c1N(Cc1ccccc1)Cc1ccccc1)C(Nc1ccccn1)C(Br)(NCCl)OC[n+]1cncnc1Cl,中毒,16.796028,35.855057,4.652251577,0.367088608,0.632911392,0.82887078,0.975552969,0.988940629,0.931121459,850
O=C(c1nn[nH]c1N(Cc1ccccc1)Cc1ccccc1)C12COCON1c1ccoc1[SH]2c1cccnc1Cl,中毒,16.819979,34.717995,4.740830537,0.371794872,0.628205128,0.830616997,0.980209546,0.984866123,0.931897555,851
O=C(c1ccn(-c2cc(Cl)cc(Cl)c2COC2CCN2)n1)c1nn[nH]c1N(Cc1ccccc1)Cc1ccccc1,低毒,19.9696,97.86035,3.783360706,0.444444444,0.555555556,0.998835856,0.888242142,0.912689173,0.933255724,852
O=C(OCc1nn2cnc3ccoc3c2c1C(=O)NS(=O)(=O)c1ccc(I)cc1)c1nn[nH]c1N(Cc1ccccc1)Cc1ccccc1,中毒,19.41448,22.093384,3.543354334,0.34939759,0.65060241,0.983701979,0.82887078,0.994179278,0.935584012,853
O=C(c1nn[nH]c1N(Cc1ccccc1)Cc1ccccc1)N1CCS(=O)(=O)c2nc(CCCc3ccccc3)c(-c3ccoc3)n2C(=O)C1,中毒,19.504885,18.740925,3.587093312,0.376623377,0.623376623,0.984866123,0.842840512,0.98137369,0.936360109,854
O=C(NC1SC(Cl)OC1(OCCO)C1=NN2c3ccccc3-c3cccc1c3C2(F)F)c1nn[nH]c1N(Cc1ccccc1)Cc1ccccc1,中毒,16.819979,13.503714,5.61755851,0.337209302,0.662790698,0.830616997,1,0.995343423,0.941986806,855
O=C(OC1C(O)SC1n1cnc2c(NC3COC3)ncnc21)c1nn[nH]c1N(Cc1ccccc1)Cc1ccccc1,中毒,18.642263,24.03849,4.349320322,0.367088608,0.632911392,0.92782305,0.961583236,0.988940629,0.959448972,856
O=C(C1=NOC(COP2(=O)COCO2)(C(F)(F)F)O1)c1nn[nH]c1N(Cc1ccccc1)Cc1ccccc1,中毒,19.528627,60.40584,4.744602986,0.442857143,0.557142857,0.986030268,0.98137369,0.913853318,0.960419092,857
O=C(c1nn[nH]c1N(Cc1ccccc1)Cc1ccccc1)C1CC2C=CC1N2Cc1ncn[nH]1,中毒,19.878538,32.49456,4.942530699,0.446153846,0.553846154,0.995343423,0.989522701,0.906868452,0.963911525,858
O=C(C1=CC=C(c2cocc2Br)N(C2CCCc3c[nH]cc32)C=C1)c1nn[nH]c1N(Cc1ccccc1)Cc1ccccc1,中毒,19.772627,20.779789,4.382990154,0.392405063,0.607594937,0.99185099,0.962747381,0.969732247,0.974776872,859
O=C(c1nn[nH]c1N(Cc1ccccc1)Cc1ccccc1)C1c2ccccc2CN2C1C(c1ccc(Cl)cc1)Nc1nnc(O)n12,中毒,19.986195,11.666832,4.549526834,0.386666667,0.613333333,1,0.968568102,0.975552969,0.98137369,860
