smiles,toxicity,aureus_MIC,ecoli_MIC
O=C(c1nn[nH]c1N(Cc1ccccc1)Cc1ccccc1)C1SCCS1,中毒,17.059893,42.01063
O=C(c1nn[nH]c1N(Cc1ccccc1)Cc1ccccc1)N1Sc2ccc(F)c3c2C1CNO3,中毒,14.53551,29.806166
O=C(c1nn[nH]c1N(Cc1ccccc1)Cc1ccccc1)C(F)(F)Cl,高毒,3.9451709,56.60067
O=C(c1ccn(-c2ccc(Cl)cc2)n1)c1nn[nH]c1N(Cc1ccccc1)Cc1ccccc1,低毒,6.371875,106.40436
O=C(c1cc2[nH]ccc2o1)c1nn[nH]c1N(Cc1ccccc1)Cc1ccccc1,低毒,34.715908,64.433624
O=C(c1nn[nH]c1N(Cc1ccccc1)Cc1ccccc1)C(c1cc[nH]n1)c1ccc(I)cc1Br,中毒,12.520198,80.76574
O=C(C1=NCON=N1)c1nn[nH]c1N(Cc1ccccc1)Cc1ccccc1,中毒,6.088357,35.762074
O=C(c1nn[nH]c1N(Cc1ccccc1)Cc1ccccc1)N1CCOCC1,中毒,8.732165,26.523224
O=C(c1nn[nH]c1N(Cc1ccccc1)Cc1ccccc1)c1cccc2ccccc12,中毒,6.383442,34.50007
O=C(c1nn[nH]c1N(Cc1ccccc1)Cc1ccccc1)N1CCNCC1,中毒,8.732165,21.591461
O=C(c1nn[nH]c1N(Cc1ccccc1)Cc1ccccc1)[N+](=O)[O-],低毒,16.005756,24.885092
O=C(c1c[nH]cn1)c1nn[nH]c1N(Cc1ccccc1)Cc1ccccc1,低毒,5.037307,54.16356
O=C(c1ccc2nsnc2c1)c1nn[nH]c1N(Cc1ccccc1)Cc1ccccc1,低毒,27.375433,34.50007
O=C(c1nn[nH]c1N(Cc1ccccc1)Cc1ccccc1)S(=O)(=O)c1ccccc1,中毒,7.1028624,64.723854
O=C(c1nn[nH]c1N(Cc1ccccc1)Cc1ccccc1)C1CCCP2(=O)N1OP2(=O)Br,中毒,21.52339,30.503714
O=C(c1nn[nH]c1N(Cc1ccccc1)Cc1ccccc1)n1nnc2ccccc21,中毒,16.032082,15.41628
O=C(c1nn[nH]c1N(Cc1ccccc1)Cc1ccccc1)c1nsc2ccccc12,中毒,6.550082,34.579483
O=C(c1nn[nH]c1N(Cc1ccccc1)Cc1ccccc1)C1CC1,高毒,6.35907,32.817757
O=C(c1nn[nH]c1N(Cc1ccccc1)Cc1ccccc1)C1CCCc2c(Br)cccc21,中毒,11.428651,24.365522
O=C(c1ccc[nH]1)c1nn[nH]c1N(Cc1ccccc1)Cc1ccccc1,低毒,5.037307,34.50007
O=C(OCCC(Br)c1cccc([N+](=O)[O-])c1O)c1nn[nH]c1N(Cc1ccccc1)Cc1ccccc1,低毒,14.565209,68.58584
O=C(c1ccc(Br)o1)c1nn[nH]c1N(Cc1ccccc1)Cc1ccccc1,低毒,18.123169,37.892868
O=C(c1nn[nH]c1N(Cc1ccccc1)Cc1ccccc1)c1c[nH]c2ccccc12,中毒,17.915283,21.234655
O=C(c1nn[nH]c1N(Cc1ccccc1)Cc1ccccc1)c1c(O)ccc2c(Br)cccc12,中毒,5.943993,14.9330225
O=C(c1ccsc1)c1nn[nH]c1N(Cc1ccccc1)Cc1ccccc1,高毒,7.1555886,30.313057
O=C(c1nn[nH]c1N(Cc1ccccc1)Cc1ccccc1)C(c1ccccc1Br)N1CCOC1=O,中毒,6.973339,33.790993
O=C(c1cnn(-c2ccccc2)c1CNC(F)(F)F)c1nn[nH]c1N(Cc1ccccc1)Cc1ccccc1,中毒,12.169352,31.966595
O=C(c1cc(O)ccc1Cl)c1nn[nH]c1N(Cc1ccccc1)Cc1ccccc1,中毒,6.295896,32.390194
O=C(c1nn[nH]c1N(Cc1ccccc1)Cc1ccccc1)[SH](C1=NOC2(CCCC2)N1c1ccccc1)c1nsnc1N1CCOCC1,中毒,9.41612,21.192566
O=C(c1nn[nH]c1N(Cc1ccccc1)Cc1ccccc1)C(Cl)Cl,高毒,12.285367,56.60067
O=C(c1cc(C2CCCCS2(=O)=O)n(-c2nsc(Cl)n2)n1)c1nn[nH]c1N(Cc1ccccc1)Cc1ccccc1,中毒,5.5913577,34.700733
O=C(c1nn[nH]c1N(Cc1ccccc1)Cc1ccccc1)c1cn(C2CC2)c2cc(-n3ncc(OC(F)F)cc3=O)ccc12,中毒,7.1165624,12.816132
O=C(c1cnco1)c1nn[nH]c1N(Cc1ccccc1)Cc1ccccc1,高毒,3.4502869,54.97219
O=C(c1cnccn1)c1nn[nH]c1N(Cc1ccccc1)Cc1ccccc1,低毒,5.037307,34.579483
O=C(c1nn[nH]c1N(Cc1ccccc1)Cc1ccccc1)C(F)(Cl)Cl,高毒,4.9531636,56.60067
O=C(c1cscc1Cl)c1nn[nH]c1N(Cc1ccccc1)Cc1ccccc1,中毒,4.389569,30.13742
O=C(c1nn[nH]c1N(Cc1ccccc1)Cc1ccccc1)C(F)(F)F,高毒,5.056891,56.60067
O=C(c1ncns1)c1nn[nH]c1N(Cc1ccccc1)Cc1ccccc1,低毒,5.9809318,30.845133
O=C(c1ccccc1-c1cccc2cccnc12)c1nn[nH]c1N(Cc1ccccc1)Cc1ccccc1,中毒,6.4928164,32.179115
O=C(c1ccc(C(F)(F)F)cc1)c1nn[nH]c1N(Cc1ccccc1)Cc1ccccc1,低毒,4.7763376,31.501791
O=C(c1ccc(Cl)cc1)c1nn[nH]c1N(Cc1ccccc1)Cc1ccccc1,低毒,6.273191,34.50007
O=C(c1nn[nH]c1N(Cc1ccccc1)Cc1ccccc1)c1snc(F)c1I,中毒,4.9793983,20.081724
O=C(c1nn[nH]c1N(Cc1ccccc1)Cc1ccccc1)C(Cl)(Cl)Cl,低毒,12.285367,56.60067
O=C(c1n[nH]c(CC=CBr)n1)c1nn[nH]c1N(Cc1ccccc1)Cc1ccccc1,低毒,8.127022,26.708387
O=C(Nc1ncc2n1COCCO2)C(=O)c1nn[nH]c1N(Cc1ccccc1)Cc1ccccc1,中毒,8.238738,20.02914
O=C(C(=O)c1nn[nH]c1N(Cc1ccccc1)Cc1ccccc1)c1ccccn1,高毒,3.915215,45.099583
O=C(c1ccc(OCCCOc2ccccc2I)cc1)c1nn[nH]c1N(Cc1ccccc1)Cc1ccccc1,高毒,5.037307,48.35956
O=C(c1nn[nH]c1N(Cc1ccccc1)Cc1ccccc1)N1CCN(c2ccc([N+](=O)[O-])cc2)CC1,中毒,8.234413,12.11019
Nc1nonc1C(=O)c1nn[nH]c1N(Cc1ccccc1)Cc1ccccc1,微毒,5.037307,30.879324
O=C(c1ccc2c(c1)OCCO2)c1nn[nH]c1N(Cc1ccccc1)Cc1ccccc1,高毒,10.612266,32.818672
O=C(c1n[nH]nc1-c1cnc2ccccc2n1)c1nn[nH]c1N(Cc1ccccc1)Cc1ccccc1,中毒,10.256438,32.46234
O=C(C(F)=CCNc1ccon1)c1nn[nH]c1N(Cc1ccccc1)Cc1ccccc1,高毒,6.8352427,50.495193
O=C(c1nc2ccccc2s1)c1nn[nH]c1N(Cc1ccccc1)Cc1ccccc1,中毒,6.9044075,51.940323
NC(=S)ONC1CSC([O-])C(C(O[N+](=O)[O-])C(=O)c2nn[nH]c2N(Cc2ccccc2)Cc2ccccc2)=CO1,中毒,10.962882,98.6666
O=C(c1ccncc1)c1nn[nH]c1N(Cc1ccccc1)Cc1ccccc1,低毒,5.037307,34.50007
O=C(c1cscn1)c1nn[nH]c1N(Cc1ccccc1)Cc1ccccc1,低毒,5.037307,33.37947
O=C(c1ccsc1Cl)c1nn[nH]c1N(Cc1ccccc1)Cc1ccccc1,中毒,4.637418,30.13742
O=C(c1nn[nH]c1N(Cc1ccccc1)Cc1ccccc1)c1ncsc1Br,低毒,5.037307,57.25769
O=C(c1ccccc1)c1nn[nH]c1N(Cc1ccccc1)Cc1ccccc1,低毒,5.037307,34.50007
O=C1OCC(=S)N(C(=O)c2nn[nH]c2N(Cc2ccccc2)Cc2ccccc2)O1,低毒,9.030694,63.511505
O=C(c1nn[nH]c1N(Cc1ccccc1)Cc1ccccc1)S(=O)(=O)c1cccc(Cl)c1,中毒,7.1028624,64.723854
O=C(c1nn[nH]c1N(Cc1ccccc1)Cc1ccccc1)C(O)c1ccoc1,高毒,4.5691423,35.110603
O=C(c1ccc(C(F)(F)F)cc1Cl)c1nn[nH]c1N(Cc1ccccc1)Cc1ccccc1,中毒,3.321266,30.202047
O=C(c1coc(NC(=S)Nc2cc(F)ccc2[N+](=O)[O-])n1)c1nn[nH]c1N(Cc1ccccc1)Cc1ccccc1,中毒,9.640367,57.303272
O=C(c1nn[nH]c1N(Cc1ccccc1)Cc1ccccc1)C(c1cccnc1)N1CCOC1=O,中毒,4.519293,43.440685
O=C(c1ccc(O)cc1)c1nn[nH]c1N(Cc1ccccc1)Cc1ccccc1,高毒,5.037307,28.805965
O=C(c1nn[nH]c1N(Cc1ccccc1)Cc1ccccc1)C(Cl)CO,中毒,6.550082,50.01052
O=C(c1cc(F)ccc1F)c1nn[nH]c1N(Cc1ccccc1)Cc1ccccc1,中毒,16.313023,20.880424
O=C(c1cc[n+]([O-])cn1)c1nn[nH]c1N(Cc1ccccc1)Cc1ccccc1,低毒,5.037307,56.669506
O=C(c1ncc(-c2cnc3ccccc3n2)s1)c1nn[nH]c1N(Cc1ccccc1)Cc1ccccc1,中毒,26.475252,61.583515
O=C(c1cccs1)c1nn[nH]c1N(Cc1ccccc1)Cc1ccccc1,低毒,5.02923,21.606764
O=C(c1coc(Cl)n1)c1nn[nH]c1N(Cc1ccccc1)Cc1ccccc1,低毒,10.612266,62.754444
O=C(c1nn[nH]c1N(Cc1ccccc1)Cc1ccccc1)c1cccc[n+]1CCN1CCCC(OF)(c2ccccc2Oc2ccccc2)CC1,中毒,31.426859,23.371883
O=C(c1ccc(CN2CCc3ccccc3C2)o1)c1nn[nH]c1N(Cc1ccccc1)Cc1ccccc1,中毒,16.87103,35.060253
O=C(c1cnc(Cl)nc1Cl)c1nn[nH]c1N(Cc1ccccc1)Cc1ccccc1,中毒,3.548662,21.6476
O=C(c1nn[nH]c1N(Cc1ccccc1)Cc1ccccc1)C(O)SCCc1ccccc1,微毒,46.384094,57.782154
O=C1ON2C=CC=CC2=[N+]([O-])C(O)=C1C(=O)c1nn[nH]c1N(Cc1ccccc1)Cc1ccccc1,中毒,6.6203346,24.79592
O=C(c1ccco1)c1nn[nH]c1N(Cc1ccccc1)Cc1ccccc1,低毒,6.295896,64.433624
O=C(c1cccnc1)c1nn[nH]c1N(Cc1ccccc1)Cc1ccccc1,中毒,5.8860874,20.880424
O=C(c1nn[nH]c1N(Cc1ccccc1)Cc1ccccc1)c1[nH]nc2ccsc12,低毒,25.132898,56.669506
O=C(c1ccccc1Cl)c1nn[nH]c1N(Cc1ccccc1)Cc1ccccc1,低毒,3.4502869,34.049644
O=C(c1cccc(Nc2ncnc3[nH]ccc23)c1)c1nn[nH]c1N(Cc1ccccc1)Cc1ccccc1,低毒,14.203769,23.145391
O=C(c1nn[nH]c1N(Cc1ccccc1)Cc1ccccc1)C1CC2C=CC1N2Cc1ncn[nH]1,中毒,10.081876,32.49456
O=C(c1ccc([N+](=O)[O-])c(Nc2ccccc2)c1O)c1nn[nH]c1N(Cc1ccccc1)Cc1ccccc1,低毒,23.029446,15.926857
O=C(c1ccncn1)c1nn[nH]c1N(Cc1ccccc1)Cc1ccccc1,低毒,5.037307,56.669506
O=C(c1nn[nH]c1N(Cc1ccccc1)Cc1ccccc1)S(=Cc1cccnc1)C(Cl)C(Cl)Cl,低毒,11.132793,29.571793
O=C(c1nn[nH]c1N(Cc1ccccc1)Cc1ccccc1)c1c(C(Cl)(Cl)Cl)no[n+]1[O-],中毒,5.2192693,38.534748
O=C(c1ccc(Cl)s1)c1nn[nH]c1N(Cc1ccccc1)Cc1ccccc1,低毒,5.02923,32.00644
O=C(OCc1cc2c(Br)ccc(NS(=O)(=O)c3ccoc3)c2s1)c1nn[nH]c1N(Cc1ccccc1)Cc1ccccc1,中毒,36.651775,21.714342
O=C(c1nn[nH]c1N(Cc1ccccc1)Cc1ccccc1)C1C2CC3CC(C2)CC1C3,高毒,10.627377,22.30062
O=C(c1ccc(Oc2ccc3ccccc3c2)cc1)c1nn[nH]c1N(Cc1ccccc1)Cc1ccccc1,高毒,7.0350223,20.539291
O=C(c1cn[nH]c1)c1nn[nH]c1N(Cc1ccccc1)Cc1ccccc1,低毒,5.037307,32.37407
O=C(c1nn[nH]c1N(Cc1ccccc1)Cc1ccccc1)S(=O)(=O)c1cccc([N+](=O)[O-])c1,中毒,7.1603336,48.82299
O=C(c1ccnc(Br)c1)c1nn[nH]c1N(Cc1ccccc1)Cc1ccccc1,低毒,5.037307,34.50007
O=C(c1coc(F)c1F)c1nn[nH]c1N(Cc1ccccc1)Cc1ccccc1,中毒,9.263896,50.879738
O=C(c1nn[nH]c1N(Cc1ccccc1)Cc1ccccc1)S(=O)(=O)c1ccccn1,中毒,6.7066283,48.96392
O=C(C(=S)c1ccccn1)c1nn[nH]c1N(Cc1ccccc1)Cc1ccccc1,中毒,8.076448,66.0139
O=C(c1cc(F)ccc1O)c1nn[nH]c1N(Cc1ccccc1)Cc1ccccc1,中毒,5.415689,19.154457
O=C(c1nn[nH]c1N(Cc1ccccc1)Cc1ccccc1)C(Cl)c1csc(Cl)n1,中毒,10.544879,31.825802
O=C(c1cccc(F)c1)c1nn[nH]c1N(Cc1ccccc1)Cc1ccccc1,中毒,5.8860874,20.880424
O=C(c1csc(-c2c[nH]nn2)n1)c1nn[nH]c1N(Cc1ccccc1)Cc1ccccc1,中毒,5.276667,12.931412
O=C(c1c[nH]nc1S(=O)(=O)c1cc2nc[nH]c2c(F)c1F)c1nn[nH]c1N(Cc1ccccc1)Cc1ccccc1,中毒,17.161053,26.274765
O=C(c1ccc2ccccc2c1)c1nn[nH]c1N(Cc1ccccc1)Cc1ccccc1,低毒,6.383442,34.50007
O=C(c1ccoc1)c1nn[nH]c1N(Cc1ccccc1)Cc1ccccc1,低毒,10.612266,64.433624
O=C(S[N+]([O-])=NCc1cccs1)c1nn[nH]c1N(Cc1ccccc1)Cc1ccccc1,低毒,31.02722,41.86337
O=C(c1cc(Cl)ccc1F)c1nn[nH]c1N(Cc1ccccc1)Cc1ccccc1,中毒,16.313023,20.880424
O=C(C=NO)c1nn[nH]c1N(Cc1ccccc1)Cc1ccccc1,高毒,6.273191,42.472836
O=C(Oc1ccc(Br)cc1)c1nn[nH]c1N(Cc1ccccc1)Cc1ccccc1,低毒,10.256438,34.70963
CSCc1c[nH]nc1-c1n[nH]cc1C(=O)c1nn[nH]c1N(Cc1ccccc1)Cc1ccccc1,低毒,7.6939373,28.441448
O=C(NS(=O)(=O)c1ccccc1)c1nn[nH]c1N(Cc1ccccc1)Cc1ccccc1,中毒,24.685646,23.091864
O=C(c1cn(-c2cccc3cnccc23)nn1)c1nn[nH]c1N(Cc1ccccc1)Cc1ccccc1,中毒,11.198261,64.433624
O=C(OC1=CC=C(Cc2c[nH]c3ccc(F)cc23)C[N+]N(c2cnc[nH]2)S1)c1nn[nH]c1N(Cc1ccccc1)Cc1ccccc1,中毒,5.16909,11.956418
O=C(c1nn[nH]c1N(Cc1ccccc1)Cc1ccccc1)C([N+]F)c1ccc([N+](=O)[O-])cc1,高毒,7.3604026,73.095825
O=C(c1nn[nH]c1N(Cc1ccccc1)Cc1ccccc1)C1(C(F)(F)F)CC[S+]([O-])CC1,中毒,7.487235,9.744929
O=C(c1cc2occc2s1)c1nn[nH]c1N(Cc1ccccc1)Cc1ccccc1,中毒,11.249224,23.11524
O=C(c1cc2ccccc2o1)c1nn[nH]c1N(Cc1ccccc1)Cc1ccccc1,低毒,9.807893,59.342094
O=C(C1=CSC1=S)c1nn[nH]c1N(Cc1ccccc1)Cc1ccccc1,中毒,3.5289395,129.39316
O=C(c1nn[nH]c1N(Cc1ccccc1)Cc1ccccc1)c1n[nH]c2cccc(Cl)c12,低毒,14.610249,32.717667
O=C(c1nn[nH]c1N(Cc1ccccc1)Cc1ccccc1)C1(S#Cc2ccc(F)cc2)NN(c2ccccc2)CCO1,中毒,15.373346,9.088881
O=C(c1nn[nH]c1N(Cc1ccccc1)Cc1ccccc1)C1CCS(=O)(=O)C1,高毒,8.619859,32.817757
O=C(c1nn[nH]c1N(Cc1ccccc1)Cc1ccccc1)c1c[nH]c2cccc[n+]12,中毒,11.532878,33.505077
O=C(Nc1ccccc1)c1nn[nH]c1N(Cc1ccccc1)Cc1ccccc1,高毒,7.905521,22.836445
O=C(c1nn[nH]c1N(Cc1ccccc1)Cc1ccccc1)C(c1c[nH]c(-n2nnc(Cl)n2)n1)c1ccsc1F,中毒,9.405783,19.74883
O=C(c1nn[nH]c1N(Cc1ccccc1)Cc1ccccc1)C1CCOC1,高毒,6.35907,25.981432
O=C(c1ccccn1)c1nn[nH]c1N(Cc1ccccc1)Cc1ccccc1,低毒,5.037307,34.285435
O=C(C(=S)c1cc2ccccc2[nH]1)c1nn[nH]c1N(Cc1ccccc1)Cc1ccccc1,中毒,5.8182015,66.0139
O=C(c1cc(Cl)sc1Br)c1nn[nH]c1N(Cc1ccccc1)Cc1ccccc1,低毒,5.753842,16.437222
O=C(c1nn[nH]c1N(Cc1ccccc1)Cc1ccccc1)c1ccnn1Cc1ccccc1Cl,低毒,16.226608,57.103924
O=C(c1nn[nH]c1N(Cc1ccccc1)Cc1ccccc1)C1CCOCC1,高毒,6.35907,38.260345
O=C(c1nn[nH]c1N(Cc1ccccc1)Cc1ccccc1)C(S)Cc1ccoc1,低毒,7.599869,56.60067
O=C(c1nn[nH]c1N(Cc1ccccc1)Cc1ccccc1)c1ccnn1-c1ccccn1,低毒,9.216318,112.88969
O=C(c1cc2ccccc2s1)c1nn[nH]c1N(Cc1ccccc1)Cc1ccccc1,中毒,7.8632665,34.65899
O=C(c1cc(I)c(-n2nccn2)cc1I)c1nn[nH]c1N(Cc1ccccc1)Cc1ccccc1,低毒,14.627226,22.838451
O=C(c1nn[nH]c1N(Cc1ccccc1)Cc1ccccc1)c1c[nH]c2cc(Cl)ccc12,中毒,15.636305,22.491127
O=C(c1nn[nH]c1N(Cc1ccccc1)Cc1ccccc1)c1n[nH]c(=S)c2ccccc12,低毒,22.028288,145.83531
O=C(c1nc2ccccc2o1)c1nn[nH]c1N(Cc1ccccc1)Cc1ccccc1,低毒,23.779917,52.4347
O=C(c1nn[nH]c1N(Cc1ccccc1)Cc1ccccc1)N1C=Cc2ccc3ccnc(c3c2F)C1=O,中毒,6.7633185,10.509729
O=C(c1cc([N+](=O)[O-])c2[nH]ncc2c1)c1nn[nH]c1N(Cc1ccccc1)Cc1ccccc1,中毒,41.841217,29.353004
O=C(c1nn[nH]c1N(Cc1ccccc1)Cc1ccccc1)S(=O)(=O)c1ccc(N2CCC(n3c(=O)[nH]c4cc(I)ccc43)CC2)cc1,中毒,19.674328,35.548767
O=C(c1nnc[nH]1)c1nn[nH]c1N(Cc1ccccc1)Cc1ccccc1,低毒,7.140232,41.86337
O=C(c1cc(N2CC[S+]([O-])CC2)ccc1Cl)c1nn[nH]c1N(Cc1ccccc1)Cc1ccccc1,低毒,11.938512,21.538471
O=C(c1nn[nH]c1N(Cc1ccccc1)Cc1ccccc1)c1noc2ccccc12,微毒,11.777452,32.03235
O=C(c1nn[nH]c1N(Cc1ccccc1)Cc1ccccc1)c1sccc1Cc1c[nH]cn1,中毒,6.981647,40.160202
O=C(c1cc2ncc(C(F)(F)F)nc2s1)c1nn[nH]c1N(Cc1ccccc1)Cc1ccccc1,中毒,33.63709,27.352291
O=C(C1=CCCC1)c1nn[nH]c1N(Cc1ccccc1)Cc1ccccc1,高毒,8.3174095,22.30062
O=C(c1nsnc1COc1ccccc1F)c1nn[nH]c1N(Cc1ccccc1)Cc1ccccc1,低毒,7.144753,34.595528
O=C1CCN(C(=O)c2nn[nH]c2N(Cc2ccccc2)Cc2ccccc2)C1,中毒,25.021065,41.819942
O=C(c1nn[nH]c1N(Cc1ccccc1)Cc1ccccc1)N1CCNc2ccccc21,中毒,18.02155,20.145674
O=C(c1nn[nH]c1N(Cc1ccccc1)Cc1ccccc1)N1CCCNCC1,中毒,8.732165,21.591461
O=C(c1ccnc(Nc2cccc(Cl)c2)n1)c1nn[nH]c1N(Cc1ccccc1)Cc1ccccc1,低毒,7.890244,34.571663
O=C(c1nn[nH]c1N(Cc1ccccc1)Cc1ccccc1)S(=O)(=O)c1ccccc1-n1cccn1,中毒,7.5783124,40.09689
O=C(c1cc(Cl)sc1N=CN1CCN1)c1nn[nH]c1N(Cc1ccccc1)Cc1ccccc1,中毒,20.997538,24.330715
O=C(c1cc[nH]n1)c1nn[nH]c1N(Cc1ccccc1)Cc1ccccc1,低毒,6.4241095,56.669506
O=C(c1nn[nH]c1N(Cc1ccccc1)Cc1ccccc1)c1c(F)cc(Br)cc1Br,中毒,50.41282,20.880424
O=C1Nc2nonc2-c2c(Br)c1cc(C(=O)c1nn[nH]c1N(Cc1ccccc1)Cc1ccccc1)c2Br,中毒,7.897817,29.770737
O=C(c1nn[nH]c1N(Cc1ccccc1)Cc1ccccc1)C12CC3CC(CC(C3)C1)C2,高毒,10.166119,10.310754
O=C(c1cc([N+](=O)[O-])ccc1Oc1ccccc1)c1nn[nH]c1N(Cc1ccccc1)Cc1ccccc1,低毒,13.314962,19.882467
O=C(c1nn[nH]c1N(Cc1ccccc1)Cc1ccccc1)C1CNCCO1,中毒,6.9044075,55.22629
O=C(NS(=O)(=O)C(F)(F)F)c1nn[nH]c1N(Cc1ccccc1)Cc1ccccc1,高毒,25.021065,43.502377
O=C(c1nn[nH]c1N(Cc1ccccc1)Cc1ccccc1)C1CCCCC1,高毒,10.627377,22.30062
O=C(c1nn[nH]c1N(Cc1ccccc1)Cc1ccccc1)c1[nH]nc2c(Br)cccc12,低毒,14.375973,39.49306
O=C(c1nn[nH]c1N(Cc1ccccc1)Cc1ccccc1)N1CCN(c2ncccn2)CC1,中毒,8.732165,33.614918
O=C(c1ccn(CCBr)c1)c1nn[nH]c1N(Cc1ccccc1)Cc1ccccc1,中毒,12.285367,40.152443
O=C(C[S+]([O-])P(=O)(O)O)c1nn[nH]c1N(Cc1ccccc1)Cc1ccccc1,中毒,38.823082,31.777111
O=C(c1nn[nH]c1N(Cc1ccccc1)Cc1ccccc1)C1CC(O)C([N+](=O)[O-])=N1,中毒,22.518536,24.861216
N#CC(c1cc2cc(Cl)sc2nc1F)C(C(=O)c1nn[nH]c1N(Cc1ccccc1)Cc1ccccc1)c1ccnnc1,中毒,8.018637,40.855667
O=C(c1nn[nH]c1N(Cc1ccccc1)Cc1ccccc1)[PH](c1ccccc1)(c1ccccc1)c1ccccc1Br,中毒,9.1944475,33.61609
O=C(c1ccc2nonc2c1)c1nn[nH]c1N(Cc1ccccc1)Cc1ccccc1,低毒,17.510033,34.579483
O=C(c1nn[nH]c1N(Cc1ccccc1)Cc1ccccc1)C1OC2OC(CO)C(O)C(O)C21,中毒,9.206666,34.49402
O=C(c1ccc([N+](=O)[O-])cc1[N+](=O)[O-])c1nn[nH]c1N(Cc1ccccc1)Cc1ccccc1,中毒,9.756077,25.358694
O=C(Sc1ccncn1)c1nn[nH]c1N(Cc1ccccc1)Cc1ccccc1,中毒,5.1171713,30.458624
O=C(c1ccccc1C=Cc1cc2cc(Cl)ccc2[nH]1)c1nn[nH]c1N(Cc1ccccc1)Cc1ccccc1,中毒,14.382698,36.154747
O=C(c1nn[nH]c1N(Cc1ccccc1)Cc1ccccc1)S(=O)(=O)c1cccs1,中毒,10.45257,44.452656
O=C(c1nc[nH]n1)c1nn[nH]c1N(Cc1ccccc1)Cc1ccccc1,低毒,7.140232,41.86337
O=C(c1nn[nH]c1N(Cc1ccccc1)Cc1ccccc1)C1COCCO1,高毒,13.580291,70.70963
[434H]OCCCCC[n+]1ccc(C(=O)c2nn[nH]c2N(Cc2ccccc2)Cc2ccccc2)cc1,低毒,5.037307,31.436531
O=C(C(=NF)c1cccc2ccccc12)c1nn[nH]c1N(Cc1ccccc1)Cc1ccccc1,高毒,9.455295,45.70164
O=C(ON1CCCNCC1)c1nn[nH]c1N(Cc1ccccc1)Cc1ccccc1,高毒,6.4241095,28.311388
O=C(c1nn[nH]c1N(Cc1ccccc1)Cc1ccccc1)C1CSCN1C1CC1,中毒,3.4648993,58.01186
O=C(c1nn[nH]c1N(Cc1ccccc1)Cc1ccccc1)S(=O)(=S)Cc1n[nH]c(=S)o1,中毒,17.4185,153.51414
O=C(c1ccccc1-c1cc(F)c(F)cc1F)c1nn[nH]c1N(Cc1ccccc1)Cc1ccccc1,中毒,4.1356435,20.039776
O=C(c1nn[nH]c1N(Cc1ccccc1)Cc1ccccc1)c1nnsc1C(F)(F)F,低毒,19.70972,50.808228
O=C(c1nn[nH]c1N(Cc1ccccc1)Cc1ccccc1)N1CCCSC1,中毒,12.458652,25.051384
O=C(c1c[nH]nc1-c1ccc[n+]([O-])c1)c1nn[nH]c1N(Cc1ccccc1)Cc1ccccc1,中毒,30.381845,37.583416
O=C(c1cncs1)c1nn[nH]c1N(Cc1ccccc1)Cc1ccccc1,低毒,14.741399,34.65899
O=C(c1ccc2c(c1)NNC=N2)c1nn[nH]c1N(Cc1ccccc1)Cc1ccccc1,低毒,15.60464,11.872601
O=C(Cc1cccc(S(=O)(=O)N2CCc3ccccc32)c1)c1nn[nH]c1N(Cc1ccccc1)Cc1ccccc1,中毒,5.8783913,48.753246
O=C(c1nn[nH]c1N(Cc1ccccc1)Cc1ccccc1)c1cccc2ncccc12,中毒,16.020447,36.282906
O=C(OCc1cn[nH]n1)c1nn[nH]c1N(Cc1ccccc1)Cc1ccccc1,高毒,7.140232,34.70963
O=C(c1nn[nH]c1N(Cc1ccccc1)Cc1ccccc1)C(F)(F)C(F)F,高毒,8.740965,58.01186
O=C(c1nn[nH]c1N(Cc1ccccc1)Cc1ccccc1)c1nc2nsnc2n1-c1ccco1,中毒,5.598315,26.229519
O=C(c1nn[nH]c1N(Cc1ccccc1)Cc1ccccc1)c1oc2ccccc2c1C(F)(F)F,低毒,8.865499,57.14756
O=C(c1nn[nH]c1N(Cc1ccccc1)Cc1ccccc1)c1csc2ccccc12,中毒,9.179054,39.76604
O=C(c1nn[nH]c1N(Cc1ccccc1)Cc1ccccc1)c1ccnc2cc(I)ccc12,中毒,16.020447,36.282906
O=C(c1nn[nH]c1N(Cc1ccccc1)Cc1ccccc1)N1CCCCCCC1,中毒,25.021065,21.923925
O=C(C1=NCCCS1)c1nn[nH]c1N(Cc1ccccc1)Cc1ccccc1,中毒,15.984173,41.518845
O=C(Cc1c(F)cccc1F)c1nn[nH]c1N(Cc1ccccc1)Cc1ccccc1,中毒,4.5691423,54.13144
O=C(c1cnn[nH]1)c1nn[nH]c1N(Cc1ccccc1)Cc1ccccc1,低毒,5.037307,34.50007
O=C(C1=CC=[N+]NCCN1)c1nn[nH]c1N(Cc1ccccc1)Cc1ccccc1,高毒,2.9952712,56.60067
O=C(c1ccon1)c1nn[nH]c1N(Cc1ccccc1)Cc1ccccc1,微毒,5.037307,29.762762
O=C(c1ccncc1[18F])c1nn[nH]c1N(Cc1ccccc1)Cc1ccccc1,中毒,19.373323,34.50007
O=C(c1nn[nH]c1N(Cc1ccccc1)Cc1ccccc1)c1c(F)cc2cc(OCCON3CCCC3)ccc2c1Cl,中毒,15.749705,15.482069
O=C(c1nn[nH]c1N(Cc1ccccc1)Cc1ccccc1)C(c1ccc(Cl)c(Cl)c1F)N1c2ccccc2CC1F,中毒,5.9949594,25.00937
O=C(c1cnn(S(=O)(=O)C(O)=NO)c1-n1c(F)cc(F)c1F)c1nn[nH]c1N(Cc1ccccc1)Cc1ccccc1,中毒,14.39041,16.729147
O=C(c1nn[nH]c1N(Cc1ccccc1)Cc1ccccc1)S(=O)(=O)c1ccco1,低毒,24.13902,42.09225
O=C(O)c1ccc(-c2s[nH]c2C(=O)c2nn[nH]c2N(Cc2ccccc2)Cc2ccccc2)cc1I,低毒,5.2378526,17.309227
O=C(NN1C(=O)C(c2csc(Cl)n2)CC1Cn1ccnc1)c1nn[nH]c1N(Cc1ccccc1)Cc1ccccc1,中毒,8.169991,17.421562
O=C(c1nn[nH]c1N(Cc1ccccc1)Cc1ccccc1)c1cn(CC2CCCC2)c2cccc(Cc3cc(F)c4ccccc4n3)c2c1=O,中毒,14.062934,12.570087
O=C(c1ncc(SC(F)(F)c2ccc(F)cc2)s1)c1nn[nH]c1N(Cc1ccccc1)Cc1ccccc1,中毒,6.380458,47.578785
O=C(OCCO)c1nn[nH]c1N(Cc1ccccc1)Cc1ccccc1,高毒,6.4241095,37.091206
O=C(c1nn[nH]c1N(Cc1ccccc1)Cc1ccccc1)c1c(Cl)cnn1Cl,低毒,3.8245347,23.173279
O=C(c1cc(I)c(Br)cc1Br)c1nn[nH]c1N(Cc1ccccc1)Cc1ccccc1,中毒,5.037307,34.50007
O=C(c1nn[nH]c1N(Cc1ccccc1)Cc1ccccc1)c1cn(-c2ccc(F)cc2)c2ccc(Cl)cc12,中毒,9.002374,18.638416
NS(=O)(=O)c1ccc(Nc2nc(C(=O)c3nn[nH]c3N(Cc3ccccc3)Cc3ccccc3)cs2)c(F)c1,中毒,13.781131,26.277933
O=C(c1cc(-c2ccco2)n[nH]1)c1nn[nH]c1N(Cc1ccccc1)Cc1ccccc1,中毒,4.9574857,94.41073
O=C(c1nn[nH]c1N(Cc1ccccc1)Cc1ccccc1)P(O)O,微毒,19.373323,45.30162
O=C(c1ccno1)c1nn[nH]c1N(Cc1ccccc1)Cc1ccccc1,低毒,3.4502869,50.920006
O=C(c1nn[nH]c1N(Cc1ccccc1)Cc1ccccc1)C(O)CNO,低毒,10.961236,44.787975
O=C(c1nn[nH]c1N(Cc1ccccc1)Cc1ccccc1)S(=O)(=O)c1ccncc1-c1ccccc1,中毒,13.684105,48.10254
O=C(c1nn[nH]c1N(Cc1ccccc1)Cc1ccccc1)N1CCNCC1S,中毒,10.562039,14.395053
O=C(c1c[nH]nc1-c1cnccn1)c1nn[nH]c1N(Cc1ccccc1)Cc1ccccc1,中毒,7.4146857,25.665722
O=C(Oc1cccc([I+](=O)[O-])c1)c1nn[nH]c1N(Cc1ccccc1)Cc1ccccc1,低毒,10.256438,34.70963
O=C(c1ncco1)c1nn[nH]c1N(Cc1ccccc1)Cc1ccccc1,低毒,13.8679495,49.112568
O=C(c1c[nH]nc1-c1ccccc1)c1nn[nH]c1N(Cc1ccccc1)Cc1ccccc1,中毒,5.037307,31.01351
O=C(c1ccc(Cl)cc1Cl)c1nn[nH]c1N(Cc1ccccc1)Cc1ccccc1,低毒,3.7705069,34.049644
O=C(c1nn[nH]c1N(Cc1ccccc1)Cc1ccccc1)P(=S)(OO)SS,中毒,12.551094,53.32705
O=C(c1n[nH]c(=S)[nH]1)c1nn[nH]c1N(Cc1ccccc1)Cc1ccccc1,低毒,7.140232,115.43383
O=C(c1nn[nH]c1N(Cc1ccccc1)Cc1ccccc1)S(=O)(=O)Nc1cc(Cl)cc(C(F)(F)F)c1,低毒,11.2865925,72.27336
O=C(c1nnc(N2CCCC2C=NNc2ccncn2)s1)c1nn[nH]c1N(Cc1ccccc1)Cc1ccccc1,低毒,28.162613,37.183544
O=C(c1nsnc1O)c1nn[nH]c1N(Cc1ccccc1)Cc1ccccc1,低毒,13.407048,27.645193
O=C(c1cc([N+](=O)[O-])ccc1Cl)c1nn[nH]c1N(Cc1ccccc1)Cc1ccccc1,低毒,6.9906516,22.320736
O=C(c1cc(Cl)sc1Cl)c1nn[nH]c1N(Cc1ccccc1)Cc1ccccc1,中毒,4.637418,30.13742
O=C(c1ncn[nH]1)c1nn[nH]c1N(Cc1ccccc1)Cc1ccccc1,低毒,7.140232,41.86337
O=C(Nc1ccccc1Nc1c(Cl)ncnc1Cl)c1nn[nH]c1N(Cc1ccccc1)Cc1ccccc1,低毒,22.535984,22.05256
O=C(c1nn[nH]c1N(Cc1ccccc1)Cc1ccccc1)C1C=CC(O)C1,中毒,7.0541162,20.387478
O=C(c1cc(F)cc(Cl)c1)c1nn[nH]c1N(Cc1ccccc1)Cc1ccccc1,中毒,5.8860874,20.880424
O=C(c1nn[nH]c1N(Cc1ccccc1)Cc1ccccc1)c1n[nH]c(=O)c2ccccc12,低毒,22.028288,62.66939
O=C(C1=C(Br)C(C(F)(F)F)=CI(c2c[nH]cn2)C=C1)c1nn[nH]c1N(Cc1ccccc1)Cc1ccccc1,中毒,7.9255342,13.04225
O=C(c1nn[nH]c1N(Cc1ccccc1)Cc1ccccc1)c1[nH]nnc1-c1cc[nH]n1,中毒,5.7064757,21.411777
O=C(c1nn[nH]c1N(Cc1ccccc1)Cc1ccccc1)c1[nH]nnc1OCc1csc2cccc(Cl)c12,中毒,16.69482,19.231985
O=C(c1csc(NCCCF)n1)c1nn[nH]c1N(Cc1ccccc1)Cc1ccccc1,低毒,6.314196,23.603157
O=C(c1nn[nH]c1N(Cc1ccccc1)Cc1ccccc1)[S+]([O-])Cn1ccnc1[N+](=O)[O-],中毒,20.627108,33.353508
O=C1COCCN1C(=O)c1nn[nH]c1N(Cc1ccccc1)Cc1ccccc1,中毒,8.732165,27.578505
O=C(c1cn2ccnc2s1)c1nn[nH]c1N(Cc1ccccc1)Cc1ccccc1,中毒,14.168839,57.69787
O=C(c1nn[nH]c1N(Cc1ccccc1)Cc1ccccc1)C(c1cn[nH]c1)C(F)(F)F,高毒,4.0294,41.393444
O=C(c1nn[nH]c1N(Cc1ccccc1)Cc1ccccc1)c1c[nH]c2c(C(F)(F)F)cc(Cl)cc12,中毒,16.382872,20.286806
O=C(OCBr)c1nn[nH]c1N(Cc1ccccc1)Cc1ccccc1,高毒,6.4241095,35.818108
O=C(c1ccccc1C(F)(F)F)c1nn[nH]c1N(Cc1ccccc1)Cc1ccccc1,中毒,5.2192693,42.20913
O=C(OS(=O)(=O)O)c1nn[nH]c1N(Cc1ccccc1)Cc1ccccc1,中毒,7.1555886,35.42031
O=C(c1cncc(Br)c1)c1nn[nH]c1N(Cc1ccccc1)Cc1ccccc1,中毒,7.866942,20.880424
O=C(c1nn[nH]c1N(Cc1ccccc1)Cc1ccccc1)C(Cl)c1ccsc1,中毒,5.911282,23.258205
O=C(C1=C2C3=CC=CN2C=CC3=NC=C1)c1nn[nH]c1N(Cc1ccccc1)Cc1ccccc1,中毒,11.029702,19.633484
O=C(c1nn[nH]c1N(Cc1ccccc1)Cc1ccccc1)N1CCCNC1,中毒,8.732165,22.349182
O=C(c1nn[nH]c1N(Cc1ccccc1)Cc1ccccc1)C12CC(=CO1)N=C(O)NC1=CC=C12,中毒,26.333712,10.263556
O=C(c1nn[nH]c1N(Cc1ccccc1)Cc1ccccc1)n1c2c(sc1=S)CCN(Cc1ccc(-n3cnc(-c4ncco4)c3F)cc1)CC2,中毒,8.469372,108.1768
O=C(c1nn[nH]c1N(Cc1ccccc1)Cc1ccccc1)C1CCSc2ncccc21,中毒,4.765836,40.621
O=C(c1nn[nH]c1N(Cc1ccccc1)Cc1ccccc1)c1nc2ccccc2sc1=S,中毒,6.273191,135.96582
O=C(C(=O)c1nn[nH]c1N(Cc1ccccc1)Cc1ccccc1)C1=[N+]2OC(F)(F)OC2=Cc2ccccc2S1,中毒,6.910856,40.298187
O=C(Nc1ccccc1C(F)(F)Br)c1nn[nH]c1N(Cc1ccccc1)Cc1ccccc1,中毒,22.535984,20.273445
O=C(c1nn[nH]c1N(Cc1ccccc1)Cc1ccccc1)c1c(Cl)sc2nc[nH]c12,中毒,14.7472105,24.659214
O=C(c1cccc(Cl)c1)c1nn[nH]c1N(Cc1ccccc1)Cc1ccccc1,低毒,5.037307,34.50007
O=C(c1nsnc1N1CCCC1)c1nn[nH]c1N(Cc1ccccc1)Cc1ccccc1,低毒,16.60008,55.06953
O=C(OC(F)(Cl)Cl)c1nn[nH]c1N(Cc1ccccc1)Cc1ccccc1,低毒,6.4241095,24.496613
O=C(c1nccnc1Nc1ccccc1)c1nn[nH]c1N(Cc1ccccc1)Cc1ccccc1,低毒,7.0350223,34.579483
O=CN(O)C1C(CO)=[S+]([O-])C(c2ccccc2)CC1C(=O)c1nn[nH]c1N(Cc1ccccc1)Cc1ccccc1,中毒,9.073842,43.709972
O=C(c1nn[nH]c1N(Cc1ccccc1)Cc1ccccc1)N1CCN(CCO)CC1,中毒,8.732165,19.434464
O=C(C1=COC=CN(c2cccn3cnnc23)C1)c1nn[nH]c1N(Cc1ccccc1)Cc1ccccc1,中毒,6.752278,11.744189
O=C(c1nn[nH]c1N(Cc1ccccc1)Cc1ccccc1)[SH](c1ccc(F)cc1)P(=O)(O)OCCOCc1c(Cl)cccc1Cl,中毒,10.257086,13.401106
O=C(c1nn[nH]c1N(Cc1ccccc1)Cc1ccccc1)[N+]([O-])=NNCc1noc2ccccc12,低毒,11.671896,11.3553915
O=C(c1cocn1)c1nn[nH]c1N(Cc1ccccc1)Cc1ccccc1,低毒,10.612266,62.754444
O=C(c1nn[nH]c1N(Cc1ccccc1)Cc1ccccc1)c1c(Br)coc1Br,低毒,23.983845,37.023136
O=C(SC(F)(F)F)c1nn[nH]c1N(Cc1ccccc1)Cc1ccccc1,高毒,5.190756,32.175953
O=C(c1nn[nH]c1N(Cc1ccccc1)Cc1ccccc1)C(O)C(F)(F)F,低毒,6.1503696,83.59449
O=C(c1ccc(I)cc1Cl)c1nn[nH]c1N(Cc1ccccc1)Cc1ccccc1,低毒,4.1356435,22.11593
O=C(c1cscc1O)c1nn[nH]c1N(Cc1ccccc1)Cc1ccccc1,中毒,5.753842,17.286322
O=C(c1nn[nH]c1N(Cc1ccccc1)Cc1ccccc1)C1CCN(c2ccccc2[N+](=O)[O-])CC1,中毒,22.831984,34.94612
O=C(c1ccccc1Oc1c(Br)[nH]c2ccc(Cl)nc12)c1nn[nH]c1N(Cc1ccccc1)Cc1ccccc1,低毒,6.2834067,27.355776
O=C(c1nn[nH]c1N(Cc1ccccc1)Cc1ccccc1)N1CCn2cccc2C1O,中毒,8.673359,20.765152
O=C(c1nn[nH]c1N(Cc1ccccc1)Cc1ccccc1)C1CCCO1,低毒,6.5279627,41.11201
O=C(c1nn[nH]c1N(Cc1ccccc1)Cc1ccccc1)S(=O)(=O)C=CN1CCCCC1,中毒,17.651392,52.269203
O=C(c1cc2c(F)cc(I)cc2[nH]1)c1nn[nH]c1N(Cc1ccccc1)Cc1ccccc1,低毒,17.915283,19.85378
CC12CC3CC(C1)CC(C(=O)c1nn[nH]c1N(Cc1ccccc1)Cc1ccccc1)(C3)C2,高毒,10.166119,10.310754
O=C(SOc1cc2cn[nH]c2cc1C1CCN1)c1nn[nH]c1N(Cc1ccccc1)Cc1ccccc1,中毒,39.254124,23.679771
O=C(c1cccnc1F)c1nn[nH]c1N(Cc1ccccc1)Cc1ccccc1,中毒,7.485112,38.285244
O=C(c1ccccc1[S+])c1nn[nH]c1N(Cc1ccccc1)Cc1ccccc1,中毒,12.595518,32.63324
O=C(c1ccc(F)cc1-[n+]1ccc(I)cc1)c1nn[nH]c1N(Cc1ccccc1)Cc1ccccc1,中毒,4.737225,18.810434
O=C(c1nn[nH]c1N(Cc1ccccc1)Cc1ccccc1)c1cccn1-c1cccnc1,低毒,9.263896,29.762762
O=C(Cc1ccc(Cl)o1)c1nn[nH]c1N(Cc1ccccc1)Cc1ccccc1,中毒,8.99911,34.68165
O=C(c1nn[nH]c1N(Cc1ccccc1)Cc1ccccc1)C(Br)c1ccco1,中毒,8.99911,41.4148
O=C(Sc1ccccn1)c1nn[nH]c1N(Cc1ccccc1)Cc1ccccc1,中毒,5.262189,30.458624
O=C(c1nn[nH]c1N(Cc1ccccc1)Cc1ccccc1)n1ccnc1,高毒,6.273191,41.60291
O=C(c1nn[nH]c1N(Cc1ccccc1)Cc1ccccc1)c1ccnn1-c1cccc(O)c1,低毒,10.383165,88.8869
O=C(c1nn[nH]c1N(Cc1ccccc1)Cc1ccccc1)C(OCc1ccccc1)P(=O)(O)O,中毒,13.323265,32.051662
O=C(c1cc(Br)ccn1)c1nn[nH]c1N(Cc1ccccc1)Cc1ccccc1,低毒,5.037307,34.285435
O=C(c1cscc1[N+](=O)[O-])c1nn[nH]c1N(Cc1ccccc1)Cc1ccccc1,中毒,27.587673,26.548447
O=C(c1nn[nH]c1N(Cc1ccccc1)Cc1ccccc1)c1onc2c(Cl)c-2ccc1Br,中毒,7.5981646,33.737434
O=C(c1nn[nH]c1N(Cc1ccccc1)Cc1ccccc1)c1c2sc3ccccc3nc-2c2c(OCCN3CCNC3=O)cccc2c1=O,中毒,18.213478,21.726702
O=C(c1nn[nH]c1N(Cc1ccccc1)Cc1ccccc1)c1c(SCc2ccccc2OC(F)F)nsc1Cl,中毒,3.915215,57.913963
O=C(c1nn[nH]c1N(Cc1ccccc1)Cc1ccccc1)N1CCCC2=C(CON2)CC(N2CCOCC2)CC1,中毒,10.774761,39.075317
O=C(c1nn[nH]c1N(Cc1ccccc1)Cc1ccccc1)[n+]1ccccc1Br,中毒,5.9663353,23.78606
O=C(NC(Cc1cscn1)C(=O)c1nn[nH]c1N(Cc1ccccc1)Cc1ccccc1)c1ncccc1F,中毒,4.8280764,22.46335
O=C(c1nn[nH]c1N(Cc1ccccc1)Cc1ccccc1)c1nsc2c1CCS2,中毒,5.2946653,29.423944
O=C(c1nn[nH]c1N(Cc1ccccc1)Cc1ccccc1)P(=O)(O)SC=CP(=O)(O)O,中毒,42.831142,46.07614
O=C(c1nn[nH]c1N(Cc1ccccc1)Cc1ccccc1)C(O)c1ccccn1,高毒,3.9739645,38.660896
O=C(c1ccc([N+](=O)[O-])s1)c1nn[nH]c1N(Cc1ccccc1)Cc1ccccc1,中毒,14.578729,9.519632
NC1C2C3C=CC(CC12C(=O)c1nn[nH]c1N(Cc1ccccc1)Cc1ccccc1)O3,中毒,26.425592,12.3704405
O=C(c1nn[nH]c1N(Cc1ccccc1)Cc1ccccc1)c1nssc1=S,中毒,5.7687135,100.19464
O=C(c1cc[n+]([O-])cc1)c1nn[nH]c1N(Cc1ccccc1)Cc1ccccc1,中毒,15.387692,34.50007
O=C(c1nn[nH]c1N(Cc1ccccc1)Cc1ccccc1)S(=O)(=O)c1ccccc1CO,中毒,9.699587,52.928974
Nc1ccc2c(c1)c(C(=O)c1nn[nH]c1N(Cc1ccccc1)Cc1ccccc1)nn2Cc1ccc(F)cc1,低毒,12.667156,61.469467
O=C(c1ccc(I)o1)c1nn[nH]c1N(Cc1ccccc1)Cc1ccccc1,低毒,7.6808786,99.39865
O=C(c1ccc(Cl)c(Cl)c1)c1nn[nH]c1N(Cc1ccccc1)Cc1ccccc1,低毒,10.87335,20.880424
O=C(c1nn[nH]c1N(Cc1ccccc1)Cc1ccccc1)C1CC2CCC1C2,中毒,10.627377,22.30062
O=C(c1ccccc1Br)c1nn[nH]c1N(Cc1ccccc1)Cc1ccccc1,中毒,5.037307,34.50007
O=C(c1nn[nH]c1N(Cc1ccccc1)Cc1ccccc1)C1CSSC1,低毒,3.9491136,34.49861
O=C(Sc1cccnc1)c1nn[nH]c1N(Cc1ccccc1)Cc1ccccc1,中毒,6.6162024,29.393785
O=C(c1coc(=O)nc1O)c1nn[nH]c1N(Cc1ccccc1)Cc1ccccc1,低毒,23.78051,50.153683
O=C(c1ccc(F)c(Cl)n1)c1nn[nH]c1N(Cc1ccccc1)Cc1ccccc1,低毒,7.2023005,34.285435
O=C(c1nn[nH]c1N(Cc1ccccc1)Cc1ccccc1)c1cccc[n+]1[O-],低毒,15.387692,32.172657
O=C(Oc1cc(F)ccc1Br)c1nn[nH]c1N(Cc1ccccc1)Cc1ccccc1,低毒,6.8285685,17.081175
O=C(c1nn[nH]c1N(Cc1ccccc1)Cc1ccccc1)N1CCS(=O)(=O)c2nc(CCCc3ccccc3)c(-c3ccoc3)n2C(=O)C1,中毒,12.516562,18.740925
O=C(c1nn[nH]c1N(Cc1ccccc1)Cc1ccccc1)c1cccn(-c2ccccc2)c1=O,低毒,9.311446,34.571663
[N-]=[N+]=Nc1c(C(=O)c2nn[nH]c2N(Cc2ccccc2)Cc2ccccc2)cc([N+](=O)[O-])cc1C(F)(F)F,低毒,17.651392,31.108728
O=C([Cl+]I)c1nn[nH]c1N(Cc1ccccc1)Cc1ccccc1,微毒,10.894191,22.105541
O=C(c1nn[nH]c1N(Cc1ccccc1)Cc1ccccc1)N1CCCCC1c1ccn(Cc2ccc(Br)s2)n1,中毒,23.551882,11.732461
O=C(c1nn[nH]c1N(Cc1ccccc1)Cc1ccccc1)C(Br)Br,中毒,6.273191,56.60067
O=C(c1nn[nH]c1N(Cc1ccccc1)Cc1ccccc1)N(C1C=COCC1)S(=O)(=O)n1ccnc1Br,低毒,10.625166,12.578119
O=C(c1nn[nH]c1N(Cc1ccccc1)Cc1ccccc1)C(c1ccc(Cl)c(Cl)c1O)N1CCOCC1,中毒,11.3665,31.952164
O=C(c1nn[nH]c1N(Cc1ccccc1)Cc1ccccc1)C(F)(F)Br,低毒,5.056891,93.74722
O=C(c1nn[nH]c1N(Cc1ccccc1)Cc1ccccc1)N1CCSCC1,中毒,9.32252,25.051384
O=C(c1cc(C(F)(F)F)ccc1Cl)c1nn[nH]c1N(Cc1ccccc1)Cc1ccccc1,中毒,3.1726387,33.737434
O=C(c1nn[nH]c1N(Cc1ccccc1)Cc1ccccc1)c1n[nH]c2ncccc12,低毒,5.956421,45.44481
O=C(c1nn[nH]c1N(Cc1ccccc1)Cc1ccccc1)c1ccc[nH]c1=S,低毒,5.8860874,68.47388
O=C(S[S+]([O-])c1ccccc1Br)c1nn[nH]c1N(Cc1ccccc1)Cc1ccccc1,低毒,5.262189,42.893295
O=C(c1nn[nH]c1N(Cc1ccccc1)Cc1ccccc1)[SH](C(Cl)=NO)n1nc[n+]([O-])c1-c1cccnc1,中毒,8.460658,26.652384
O=C(c1ccn2ncnc2c1)c1nn[nH]c1N(Cc1ccccc1)Cc1ccccc1,低毒,5.9305367,34.396038
O=C(c1cnc[nH]1)c1nn[nH]c1N(Cc1ccccc1)Cc1ccccc1,低毒,5.037307,54.16356
O=C(c1nn[nH]c1N(Cc1ccccc1)Cc1ccccc1)S(F)(F)F,高毒,5.052193,42.069656
O=C(c1n[nH]c(=S)o1)c1nn[nH]c1N(Cc1ccccc1)Cc1ccccc1,中毒,10.360185,150.51297
O=C(c1nn[nH]c1N(Cc1ccccc1)Cc1ccccc1)S(=O)(=O)c1nc2ccccc2s1,中毒,10.338124,46.861023
O=C(c1ccc2ccccc2n1)c1nn[nH]c1N(Cc1ccccc1)Cc1ccccc1,低毒,6.6625533,31.82146
O=C(c1ccccc1O)c1nn[nH]c1N(Cc1ccccc1)Cc1ccccc1,低毒,5.415689,19.154457
O=C(c1nn[nH]c1N(Cc1ccccc1)Cc1ccccc1)C1CCCCS1=CC(F)F,中毒,13.323265,14.387409
O=C(c1nn[nH]c1N(Cc1ccccc1)Cc1ccccc1)C(c1c(Br)[nH]c2ccc(F)cc12)C12C=C3CC(CC(C3)C1)C2,中毒,7.275344,8.147813
O=C(c1nn[nH]c1N(Cc1ccccc1)Cc1ccccc1)N1CCc2ccccc2C1,中毒,29.438211,40.914406
O=C(c1ccc(-c2c(-c3c(O)cccc3Oc3ccc4ccccc4c3O)sc3ccccc23)[nH]1)c1nn[nH]c1N(Cc1ccccc1)Cc1ccccc1,中毒,8.9428625,13.348358
O=C(c1nn[nH]c1N(Cc1ccccc1)Cc1ccccc1)N1CCSC1,中毒,12.097101,25.051384
O=C(c1cccc2c1S(=O)(=O)N2)c1nn[nH]c1N(Cc1ccccc1)Cc1ccccc1,中毒,27.653488,47.39916
O=C(c1nn[nH]c1N(Cc1ccccc1)Cc1ccccc1)c1nsc(CN2CC(F)(F)C2)c1N(O)C1CCC1,中毒,11.630053,43.79421
O=C(c1nn[nH]c1N(Cc1ccccc1)Cc1ccccc1)c1c(F)ccc(F)[n+]1[O-],中毒,38.63039,36.46865
O=C(c1nn[nH]c1N(Cc1ccccc1)Cc1ccccc1)C(Cl)c1c[nH]c2cncnc12,中毒,6.975422,43.922756
O=C(c1nn[nH]c1N(Cc1ccccc1)Cc1ccccc1)c1noc2c(Cl)cc(Cl)cc12,中毒,15.585955,32.03235
O=C(c1csc(Nc2nncs2)n1)c1nn[nH]c1N(Cc1ccccc1)Cc1ccccc1,低毒,14.795996,23.603157
O=C(c1nn[nH]c1N(Cc1ccccc1)Cc1ccccc1)C1COc2ncnn2C1c1ccc(Br)cc1[N+](=O)[O-],中毒,7.361798,19.363712
N=[N+]([O-])c1ccc(Cl)cc1C(=O)c1nn[nH]c1N(Cc1ccccc1)Cc1ccccc1,中毒,7.817441,27.951027
O=C(c1ccc([N+](=O)[O-])nc1)c1nn[nH]c1N(Cc1ccccc1)Cc1ccccc1,中毒,5.8860874,23.603157
O=C(c1nn[nH]c1N(Cc1ccccc1)Cc1ccccc1)c1n[nH]c2ccccc12,低毒,14.610249,56.669506
O=C(c1nn[nH]c1N(Cc1ccccc1)Cc1ccccc1)c1c(Cl)cncc1Cl,高毒,3.4502869,34.049644
O=C(c1nn[nH]c1N(Cc1ccccc1)Cc1ccccc1)c1cccc2cc(Br)ccc12,中毒,6.383442,34.50007
O=C(c1ccc([N+](=O)[O-])cc1)c1nn[nH]c1N(Cc1ccccc1)Cc1ccccc1,低毒,5.7687135,33.37947
O=C(c1nn[nH]c1N(Cc1ccccc1)Cc1ccccc1)C1ON=CC1CF,中毒,6.35907,52.276863
O=C(SCI)c1nn[nH]c1N(Cc1ccccc1)Cc1ccccc1,低毒,5.052193,41.86337
O=C(c1nn[nH]c1N(Cc1ccccc1)Cc1ccccc1)C1C=CN(S(=O)(=O)N2CCNCC2)CC1,中毒,18.126776,30.947563
O=C(c1nn[nH]c1N(Cc1ccccc1)Cc1ccccc1)N1CCn2c1nc1ccccc2c1=O,中毒,12.551094,19.51411
O=C(c1coc(-c2ccccn2)n1)c1nn[nH]c1N(Cc1ccccc1)Cc1ccccc1,中毒,9.524541,68.55407
O=C(c1csc(Nc2ccncc2)n1)c1nn[nH]c1N(Cc1ccccc1)Cc1ccccc1,低毒,5.8860874,10.337043
O=C(c1nn[nH]c1N(Cc1ccccc1)Cc1ccccc1)N1CCCCC1,中毒,25.021065,21.923925
O=C1NC(NN2CCOCC2)COc2cc3c(C(=O)c4nn[nH]c4N(Cc4ccccc4)Cc4ccccc4)c[nH]c3cc21,中毒,13.653182,17.196432
O=C(c1nn[nH]c1N(Cc1ccccc1)Cc1ccccc1)S(=O)(=O)O,低毒,11.605294,66.38732
O=C(C1=CCSO1)c1nn[nH]c1N(Cc1ccccc1)Cc1ccccc1,高毒,24.685646,80.50812
O=C(c1nn[nH]c1N(Cc1ccccc1)Cc1ccccc1)C(N1CC1)N1CCc2ccccc21,中毒,14.071503,20.497007
O=C(c1ccccc1[N+](=O)[O-])c1nn[nH]c1N(Cc1ccccc1)Cc1ccccc1,中毒,8.297343,25.358694
O=C(c1nn(-c2ccccc2Cl)cc1S(=O)(=O)c1ccccn1)c1nn[nH]c1N(Cc1ccccc1)Cc1ccccc1,中毒,14.088674,147.43402
O=C(Oc1ccco1)c1nn[nH]c1N(Cc1ccccc1)Cc1ccccc1,低毒,6.3385205,25.268124
NC(=O)c1c(C(=O)c2nn[nH]c2N(Cc2ccccc2)Cc2ccccc2)sc2c1CCCC2,中毒,25.051294,32.06942
O=C(c1cc(Br)c[nH]1)c1nn[nH]c1N(Cc1ccccc1)Cc1ccccc1,低毒,5.037307,34.50007
O=C(c1cc2cc[nH]c2nc1Nc1cccc(Oc2cccc(F)c2)c1)c1nn[nH]c1N(Cc1ccccc1)Cc1ccccc1,中毒,8.9152155,17.511269
O=C(c1nn[nH]c1N(Cc1ccccc1)Cc1ccccc1)N1CCCCC(Oc2cc(Cl)cc(Cl)c2)C1,中毒,22.218597,16.12439
O=C(c1n[nH]c([N+](=O)[O-])n1)c1nn[nH]c1N(Cc1ccccc1)Cc1ccccc1,中毒,5.7064757,38.05627
O=C(Oc1cc2ocnc2n2cccc12)c1nn[nH]c1N(Cc1ccccc1)Cc1ccccc1,低毒,13.912241,9.091128
O=C(C1=Cc2cccn2CC1)c1nn[nH]c1N(Cc1ccccc1)Cc1ccccc1,中毒,6.117079,21.847343
O=C(c1ccc2c(c1)N=C(c1ccccc1Cl)OS(=O)C1(O)CN1C2O)c1nn[nH]c1N(Cc1ccccc1)Cc1ccccc1,中毒,31.972729,17.21324
O=C(c1nn[nH]c1N(Cc1ccccc1)Cc1ccccc1)C1CSc2ccccc21,中毒,8.438656,39.408356
O=C(c1nn[nH]c1N(Cc1ccccc1)Cc1ccccc1)[PH](Br)(c1ccncc1)C(F)(F)F,中毒,41.96294,29.90356
O=C(c1nn[nH]c1N(Cc1ccccc1)Cc1ccccc1)N1CCc2nscc2C1,中毒,22.028288,19.50927
O=C(c1nn[nH]c1N(Cc1ccccc1)Cc1ccccc1)c1c[nH]c2ncc(Cl)cc12,中毒,6.550082,34.50007
O=C(c1cc(F)cc(F)c1)c1nn[nH]c1N(Cc1ccccc1)Cc1ccccc1,中毒,5.8860874,20.880424
O=C(c1nn[nH]c1N(Cc1ccccc1)Cc1ccccc1)c1ccc(Br)c2ccccc12,中毒,6.383442,34.50007
O=C(c1cc[n+](CC[PH](=O)[O-])cc1)c1nn[nH]c1N(Cc1ccccc1)Cc1ccccc1,高毒,3.9148588,36.120674
O=C(c1nn[nH]c1N(Cc1ccccc1)Cc1ccccc1)c1sccc1S(=O)(=O)F,中毒,39.747334,17.314074
O=C(c1nn[nH]c1N(Cc1ccccc1)Cc1ccccc1)C(O)SSCO,高毒,46.9248,79.133804
O=C(c1nn[nH]c1N(Cc1ccccc1)Cc1ccccc1)c1sc(F)c(C(F)(F)F)c1Cl,中毒,16.049923,30.306967
O=C(c1nn[nH]c1N(Cc1ccccc1)Cc1ccccc1)c1nnc2ccccn12,低毒,13.529667,62.692104
O=C(c1nn[nH]c1N(Cc1ccccc1)Cc1ccccc1)C1CCCc2ccccc21,高毒,11.428651,23.10993
O=C(c1nn[nH]c1N(Cc1ccccc1)Cc1ccccc1)c1onc2c1C(=O)n1cnnc1NN2c1ccccc1,中毒,8.246499,25.373991
O=C(C1=NNC2=CC=C[N+]([O-])=C1C2c1ccc(F)s1)c1nn[nH]c1N(Cc1ccccc1)Cc1ccccc1,中毒,14.0433035,17.54973
O=C(Nc1ccc2c(c1)CCC2)c1nn[nH]c1N(Cc1ccccc1)Cc1ccccc1,中毒,10.626951,38.806087
O=C(c1nonc1N1CC1)c1nn[nH]c1N(Cc1ccccc1)Cc1ccccc1,中毒,5.037307,30.879324
O=C(c1nn[nH]c1N(Cc1ccccc1)Cc1ccccc1)C1(Br)C(Br)=NN2CCCC(CC=CI)=NN21,中毒,13.583489,23.106897
O=C(c1ccn[nH]1)c1nn[nH]c1N(Cc1ccccc1)Cc1ccccc1,低毒,6.4241095,56.669506
O=C(c1nn[nH]c1N(Cc1ccccc1)Cc1ccccc1)C1(Cl)OC(Cl)C1c1ccc(Cl)c(Cl)c1,中毒,9.4146385,46.46917
O=C(c1nn[nH]c1N(Cc1ccccc1)Cc1ccccc1)C(F)(F)C(F)(F)C(F)(F)F,高毒,8.9606,49.83237
O=C(c1c[n+](-c2ccc(Cl)cc2Cl)c(N2CCNCC2)c(CNc2cccc(Br)c2)n1)c1nn[nH]c1N(Cc1ccccc1)Cc1ccccc1,低毒,11.747761,19.381754
O=C(c1nn[nH]c1N(Cc1ccccc1)Cc1ccccc1)c1ncnc2c1cnn2-c1cccc(Cl)c1,低毒,7.7471695,106.40436
O=C(c1nn[nH]c1N(Cc1ccccc1)Cc1ccccc1)[SH](c1ccc(I)cc1)c1cc([N+](=O)[O-])ccc1C[SH](=O)=O,低毒,23.106281,23.547396
O=C(c1nn[nH]c1N(Cc1ccccc1)Cc1ccccc1)c1c(O)cccc1O,低毒,5.415689,15.683915
O=C(c1csc(Cn2ncc3ncccc32)n1)c1nn[nH]c1N(Cc1ccccc1)Cc1ccccc1,中毒,3.8930557,31.992182
O=C(c1nc(OCCc2cc3cc(-c4cc(F)ccn4)ccc3[nH]2)no1)c1nn[nH]c1N(Cc1ccccc1)Cc1ccccc1,中毒,8.200283,19.226871
O=C(c1cncc(Br)c1OPCI)c1nn[nH]c1N(Cc1ccccc1)Cc1ccccc1,中毒,3.8245347,41.16868
O=C(Sn1ccnc1)c1nn[nH]c1N(Cc1ccccc1)Cc1ccccc1,高毒,5.052193,41.86337
O=C(c1nn[nH]c1N(Cc1ccccc1)Cc1ccccc1)c1cc(Br)cc[n+]1[O-],低毒,15.387692,32.172657
O=C(c1nnc(-c2cccs2)o1)c1nn[nH]c1N(Cc1ccccc1)Cc1ccccc1,中毒,20.270273,36.137024
O=C(c1nn[nH]c1N(Cc1ccccc1)Cc1ccccc1)c1c[nH]c2cc(Br)ccc12,中毒,17.915283,21.234655
O=C(c1cc(Cl)cc(Cl)c1)c1nn[nH]c1N(Cc1ccccc1)Cc1ccccc1,低毒,5.037307,34.50007
O=C(Oc1ccc2sc(N3CCOCC3)cc2c1)c1nn[nH]c1N(Cc1ccccc1)Cc1ccccc1,中毒,12.866191,18.170855
O=C(c1cc(S(=O)(=O)NCc2ccc3ccccc3n2)ccc1O)c1nn[nH]c1N(Cc1ccccc1)Cc1ccccc1,中毒,15.297073,15.362118
O=C(c1nn[nH]c1N(Cc1ccccc1)Cc1ccccc1)N1CCN(Cc2ccco2)CC1,中毒,8.732165,36.287693
O=C(c1ccc(Nc2cc(Br)c(I)cn2)cc1)c1nn[nH]c1N(Cc1ccccc1)Cc1ccccc1,低毒,7.7105303,34.50007
O=C(c1ccc(CP(=O)(O)O)cc1)c1nn[nH]c1N(Cc1ccccc1)Cc1ccccc1,中毒,5.037307,32.63324
O=C(c1nn[nH]c1N(Cc1ccccc1)Cc1ccccc1)c1c[nH]c2cc(-c3ccco3)ccc12,中毒,19.786402,26.606503
O=C(c1nn[nH]c1N(Cc1ccccc1)Cc1ccccc1)C12CC3CC(C1)NC(C3)C2,中毒,26.425592,21.612333
O=C1OCCN1C(=O)c1nn[nH]c1N(Cc1ccccc1)Cc1ccccc1,中毒,8.3274145,48.421444
O=C(Oc1ccncc1S(=O)(=O)O)c1nn[nH]c1N(Cc1ccccc1)Cc1ccccc1,低毒,4.9703856,34.80541
O=C(c1nn[nH]c1N(Cc1ccccc1)Cc1ccccc1)c1c(N=C=S)n[nH]c1Nc1ccc(Cl)c(Cl)c1,低毒,13.941088,26.393616
[N-]=[N+]=Nc1ccc(CC(=O)c2nn[nH]c2N(Cc2ccccc2)Cc2ccccc2)cc1,高毒,5.7670083,65.40903
O=C(c1nn[nH]c1N(Cc1ccccc1)Cc1ccccc1)c1snn[n+]1-c1c[nH]c2ccccc12,中毒,13.046575,32.43277
O=C(c1cc2cc[nH]c2[nH]1)c1nn[nH]c1N(Cc1ccccc1)Cc1ccccc1,低毒,15.387692,56.669506
O=C(c1nn[nH]c1N(Cc1ccccc1)Cc1ccccc1)N1CCCC1CBr,中毒,25.021065,21.923925
O=C(Oc1cccc(Br)c1)c1nn[nH]c1N(Cc1ccccc1)Cc1ccccc1,低毒,10.256438,25.876787
O=C(c1nn[nH]c1N(Cc1ccccc1)Cc1ccccc1)N1CCCN(c2ccnc3c(C(F)(F)F)cccc23)CC1,中毒,19.42834,20.67045
O=C(c1ccc2s[nH]c(=O)c2c1)c1nn[nH]c1N(Cc1ccccc1)Cc1ccccc1,中毒,12.27202,56.669506
O=C(c1nn[nH]c1N(Cc1ccccc1)Cc1ccccc1)c1nnc(Cl)c(O)c1O,低毒,9.807257,57.935555
O=C1CC2CC3C(CC3(C(=O)c3nn[nH]c3N(Cc3ccccc3)Cc3ccccc3)C1)O2,中毒,10.166119,11.128978
O=C(c1nn[nH]c1N(Cc1ccccc1)Cc1ccccc1)c1[nH]ncc1Br,中毒,16.226608,56.669506
O=C(c1nn[nH]c1N(Cc1ccccc1)Cc1ccccc1)N1CCOC1c1ccncc1,中毒,8.566201,45.697975
O=C(c1ccncc1Cl)c1nn[nH]c1N(Cc1ccccc1)Cc1ccccc1,低毒,3.4502869,34.049644
Cc1c(C(=O)c2nn[nH]c2N(Cc2ccccc2)Cc2ccccc2)cc(C(F)(F)F)cc1[N+](=O)[O-],中毒,15.316387,23.433012
O=C(SCBr)c1nn[nH]c1N(Cc1ccccc1)Cc1ccccc1,低毒,5.052193,41.86337
O=C(c1csnn1)c1nn[nH]c1N(Cc1ccccc1)Cc1ccccc1,低毒,7.2023005,22.001596
O=C(c1nn[nH]c1N(Cc1ccccc1)Cc1ccccc1)c1nc[n+]([O-])c2cc([SH](F)(F)(F)F)ccc2c1=O,低毒,10.951988,36.893288
O=C(c1nn[nH]c1N(Cc1ccccc1)Cc1ccccc1)C12CC3CC(C1)C(C3)C2,中毒,10.166119,10.310754
O=C(c1nn[nH]c1N(Cc1ccccc1)Cc1ccccc1)N1CC1,中毒,8.732165,25.051384
O=C(c1ccncc1-c1ccc2nc[nH]c2c1)c1nn[nH]c1N(Cc1ccccc1)Cc1ccccc1,中毒,5.923411,32.831234
O=C(c1nn[nH]c1N(Cc1ccccc1)Cc1ccccc1)N1CCCC1,中毒,25.021065,25.051384
O=C(C(=Cc1ccc(OC[118F])cc1Br)Nc1c(Cl)ccc(Cl)c1Cl)c1nn[nH]c1N(Cc1ccccc1)Cc1ccccc1,中毒,7.275344,67.05767
O=C(NC1CC1)c1nn[nH]c1N(Cc1ccccc1)Cc1ccccc1,中毒,9.143364,25.051384
O=C(c1csc(Nc2ccccn2)n1)c1nn[nH]c1N(Cc1ccccc1)Cc1ccccc1,低毒,5.8860874,10.611208
O=C(c1nn[nH]c1N(Cc1ccccc1)Cc1ccccc1)N1CCc2sccc2C1F,中毒,14.544382,16.102783
O=C(OCc1ccccc1)c1nn[nH]c1N(Cc1ccccc1)Cc1ccccc1,高毒,7.140232,34.70963
O=C(c1nn[nH]c1N(Cc1ccccc1)Cc1ccccc1)C1CC=CCC1,高毒,6.35907,22.30062
O=C(CSc1nccs1)c1nn[nH]c1N(Cc1ccccc1)Cc1ccccc1,中毒,11.7344055,56.60067
O=C(c1nn[nH]c1N(Cc1ccccc1)Cc1ccccc1)C(Nc1ccccn1)C(Br)(NCCl)OC[n+]1cncnc1Cl,中毒,11.140956,35.855057
O=C(c1cc2ccccc2[nH]1)c1nn[nH]c1N(Cc1ccccc1)Cc1ccccc1,低毒,16.020447,31.82146
O=C(c1nn[nH]c1N(Cc1ccccc1)Cc1ccccc1)c1sccc1-c1o[n+]([O-])cc1Cl,中毒,6.8388767,17.239014
O=C(Nn1ncc2ccccc21)c1nn[nH]c1N(Cc1ccccc1)Cc1ccccc1,低毒,36.71381,19.964197
O=C(c1nn[nH]c1N(Cc1ccccc1)Cc1ccccc1)c1n[nH]c2cc(Cl)ccc12,低毒,14.610249,53.6493
O=C(c1nn[nH]c1N(Cc1ccccc1)Cc1ccccc1)c1ccnc2cccnc12,中毒,13.765743,20.805614
NS(=O)(=O)C(=O)c1nn[nH]c1N(Cc1ccccc1)Cc1ccccc1,低毒,12.68541,69.663536
O=C(c1nn[nH]c1N(Cc1ccccc1)Cc1ccccc1)c1nc(Nc2nnc3cc4[nH]ncc4n3n2)nc(O)c1OC(F)(F)F,中毒,14.023423,70.24745
O=C(c1nn[nH]c1N(Cc1ccccc1)Cc1ccccc1)S(CSC1NC=Nc2cccc(Cl)c21)=NC1CCNC1,中毒,14.496804,10.493414
O=C(c1nn[nH]c1N(Cc1ccccc1)Cc1ccccc1)[n+]1ccccc1,高毒,7.2297215,24.44561
O=C1NN(C(=O)c2nn[nH]c2N(Cc2ccccc2)Cc2ccccc2)Cc2c1[nH]c1ccccc21,低毒,7.550425,11.804778
O=C(OP(=O)(O)O)c1nn[nH]c1N(Cc1ccccc1)Cc1ccccc1,低毒,66.658226,25.876787
O=C(c1nn[nH]c1N(Cc1ccccc1)Cc1ccccc1)C(c1ccc(O)cc1)c1cnnc[n+]1Br,中毒,15.220251,42.826473
O=C(SC(=Nc1ccccc1N1CCOCC1)Nc1cc2ccccc2cc1Cl)c1nn[nH]c1N(Cc1ccccc1)Cc1ccccc1,中毒,13.54244,57.86043
O=C(c1nn[nH]c1N(Cc1ccccc1)Cc1ccccc1)c1c(O)ccc2sccc12,中毒,7.503785,31.12242
O=C(c1csc(-c2csc(NC3=NCCC3)n2)n1)c1nn[nH]c1N(Cc1ccccc1)Cc1ccccc1,中毒,9.996985,16.874786
O=C(c1csc(O)n1)c1nn[nH]c1N(Cc1ccccc1)Cc1ccccc1,低毒,5.037307,27.793814
O=C(c1ccc(-c2cccs2)o1)c1nn[nH]c1N(Cc1ccccc1)Cc1ccccc1,中毒,8.297835,46.387737
O=C(c1nn[nH]c1N(Cc1ccccc1)Cc1ccccc1)c1occc1Br,中毒,6.236171,60.39891
O=C(c1nn[nH]c1N(Cc1ccccc1)Cc1ccccc1)C(O[N+](=O)[O-])n1nnnc1O,中毒,14.594956,22.135231
O=C(c1nn[nH]c1N(Cc1ccccc1)Cc1ccccc1)N1CCOCC1F,中毒,7.233535,24.974611
O=C(c1nn[nH]c1N(Cc1ccccc1)Cc1ccccc1)S(=O)(=O)c1ccsc1,中毒,8.873394,62.87364
O=C(c1nc(C2=CC(F)C2)n[nH]1)c1nn[nH]c1N(Cc1ccccc1)Cc1ccccc1,中毒,5.4532914,38.702
NC1CCC(N)N(CNC(=O)C(=O)c2nn[nH]c2N(Cc2ccccc2)Cc2ccccc2)C1CO,中毒,14.017293,32.241837
O=C(c1cnn(-c2cnn(CBr)c2)c1-n1cccn1)c1nn[nH]c1N(Cc1ccccc1)Cc1ccccc1,中毒,6.603815,33.28982
O=C(c1nn[nH]c1N(Cc1ccccc1)Cc1ccccc1)S(=O)(=O)C1CSCCO1,低毒,13.999463,32.444996
O=C(Nc1sc2c(c1[N+](=O)[O-])C(=O)c1cc(F)ccc1-2)c1nn[nH]c1N(Cc1ccccc1)Cc1ccccc1,中毒,14.166747,12.898468
O=C(Oc1ccccc1)c1nn[nH]c1N(Cc1ccccc1)Cc1ccccc1,低毒,10.256438,34.70963
O=C(c1nn[nH]c1N(Cc1ccccc1)Cc1ccccc1)S(=O)(=O)N1CC1,低毒,12.68541,49.83991
O=C(c1nn[nH]c1N(Cc1ccccc1)Cc1ccccc1)c1sc2cc(Cl)ccc2c1F,中毒,12.178491,60.01921
O=C(CN1CCOCC1)c1nn[nH]c1N(Cc1ccccc1)Cc1ccccc1,高毒,4.9206624,53.697197
O=C(c1cc(F)ccc1Cl)c1nn[nH]c1N(Cc1ccccc1)Cc1ccccc1,中毒,4.1356435,22.11593
O=C(c1cnn(S(=O)(=O)c2ccc(Cl)cc2)n1)c1nn[nH]c1N(Cc1ccccc1)Cc1ccccc1,中毒,28.908344,15.368224
O=C(c1ccc(N2CCOCC2CO)cc1)c1nn[nH]c1N(Cc1ccccc1)Cc1ccccc1,中毒,6.0211134,28.352098
N#CN1CCC(C(=O)c2nn[nH]c2N(Cc2ccccc2)Cc2ccccc2)C1,中毒,18.126776,20.262547
O=C(c1nn[nH]c1N(Cc1ccccc1)Cc1ccccc1)N1CCN(c2c(-c3cncs3)coc3ncc(-c4ccc(Br)cc4)c2-3)CC1,中毒,11.728049,10.92298
O=C(c1ccc(Br)s1)c1nn[nH]c1N(Cc1ccccc1)Cc1ccccc1,低毒,5.02923,21.606764
O=C(c1nn[nH]c1N(Cc1ccccc1)Cc1ccccc1)N1CC=CCC1,中毒,8.732165,23.7656
O=C(Oc1cccc2cnccc12)c1nn[nH]c1N(Cc1ccccc1)Cc1ccccc1,低毒,11.530368,24.477404
O=C(c1nn[nH]c1N(Cc1ccccc1)Cc1ccccc1)c1coc2ccccc2c1=O,低毒,11.944199,59.342094
O=C(c1cc2c(Br)cccc2[nH]1)c1nn[nH]c1N(Cc1ccccc1)Cc1ccccc1,低毒,16.020447,32.746445
O=C(c1ncc[nH]1)c1nn[nH]c1N(Cc1ccccc1)Cc1ccccc1,微毒,6.8554707,41.86337
O=C(OC1C(O)SC1n1cnc2c(NC3COC3)ncnc21)c1nn[nH]c1N(Cc1ccccc1)Cc1ccccc1,中毒,9.5343485,24.03849
O=C(c1cccc(Br)c1)c1nn[nH]c1N(Cc1ccccc1)Cc1ccccc1,中毒,6.53202,34.50007
O=C(O)c1ccc(C(=O)c2nn[nH]c2N(Cc2ccccc2)Cc2ccccc2)cc1,低毒,5.037307,26.775206
O=C(c1nn[nH]c1N(Cc1ccccc1)Cc1ccccc1)c1nssc1=NCCN(Cc1nc(-c2nccs2)co1)c1cn2ccsc2n1,中毒,11.268372,25.232527
O=C(c1nn[nH]c1N(Cc1ccccc1)Cc1ccccc1)c1cccc2oc(N3CCCCC3F)nc(=O)c12,中毒,26.506607,18.738924
O=C(c1nn[nH]c1N(Cc1ccccc1)Cc1ccccc1)[SH](Cl)CC(Cl)(Cl)Cl,低毒,5.262189,27.284857
O=C(c1nn[nH]c1N(Cc1ccccc1)Cc1ccccc1)c1[nH]nc[n+]1[O-],低毒,7.6939373,41.86337
O=C(c1nn[nH]c1N(Cc1ccccc1)Cc1ccccc1)c1ccc(O)c2ccccc12,中毒,7.0350223,19.057148
O=C(c1cnn2c1C1CSC(=S)N2CC(O)C1)c1nn[nH]c1N(Cc1ccccc1)Cc1ccccc1,中毒,14.080299,51.1797
O=C(c1cc(Cl)ccc1O)c1nn[nH]c1N(Cc1ccccc1)Cc1ccccc1,低毒,5.415689,19.154457
O=C(c1nn[nH]c1N(Cc1ccccc1)Cc1ccccc1)C1OC2OC(CF)CN2C12C(O)C1=C(O)C3(Cl)OC2(F)C(=O)C13,中毒,7.863573,13.503714
O=C(c1nn[nH]c1N(Cc1ccccc1)Cc1ccccc1)C1COCSC1,高毒,3.9721262,38.401184
O=C(c1nn[nH]c1N(Cc1ccccc1)Cc1ccccc1)C12CC3CC(C1)OC(C3)C2,中毒,10.166119,11.312037
O=C(c1nn[nH]c1N(Cc1ccccc1)Cc1ccccc1)N(C(=S)N=Nc1ccsc1)c1cccc(I)c1,中毒,8.579593,38.86608
O=C(c1ccc([18F])o1)c1nn[nH]c1N(Cc1ccccc1)Cc1ccccc1,中毒,6.295896,64.433624
O=C(c1nn[nH]c1N(Cc1ccccc1)Cc1ccccc1)c1no[n+]([O-])c1NO,中毒,15.341533,21.154076
O=C(c1nn[nH]c1N(Cc1ccccc1)Cc1ccccc1)C(Cl)c1ccc(Br)c(S(=O)(=O)NCC2CCNC2)c1,中毒,9.138851,44.113987
O=C(c1c[nH]cc1Br)c1nn[nH]c1N(Cc1ccccc1)Cc1ccccc1,高毒,15.646089,34.50007
O=C(OC1CCC1)c1nn[nH]c1N(Cc1ccccc1)Cc1ccccc1,高毒,6.4241095,37.091206
O=C(c1nn[nH]c1N(Cc1ccccc1)Cc1ccccc1)c1c(O)[nH]c2ccccc12,中毒,14.818398,29.098383
O=C(c1ccc2conc2c1)c1nn[nH]c1N(Cc1ccccc1)Cc1ccccc1,高毒,13.950841,34.579483
[N-]=[N+]=NCC(F)(F)C(=O)c1nn[nH]c1N(Cc1ccccc1)Cc1ccccc1,中毒,10.15559,37.68041
O=C(c1cc(I)c2[nH]ccc2c1)c1nn[nH]c1N(Cc1ccccc1)Cc1ccccc1,中毒,6.6625533,34.50007
O=C(c1nc2ccccc2[nH]1)c1nn[nH]c1N(Cc1ccccc1)Cc1ccccc1,中毒,12.169352,40.16329
O=C(c1nn[nH]c1N(Cc1ccccc1)Cc1ccccc1)c1cn(CCO)c2c(Br)c(Cl)c(Cl)c(Cl)c12,中毒,23.873722,12.546354
O=C(c1nn[nH]c1N(Cc1ccccc1)Cc1ccccc1)N1NCCC1C(F)(F)F,中毒,22.727623,16.223923
O=C(c1nn[nH]c1N(Cc1ccccc1)Cc1ccccc1)N(c1cccc2cccnc12)C1CCCCC1,中毒,20.611782,37.64033
O=C(c1nn[nH]c1N(Cc1ccccc1)Cc1ccccc1)P(=O)(O)C(F)Br,中毒,19.373323,51.01637
O=C(c1nn[nH]c1N(Cc1ccccc1)Cc1ccccc1)C(Nc1csnn1)N(c1cc(Cl)ccc1F)C1CCS(=O)(=O)C1,中毒,8.140944,12.75894
O=C(SC1CCc2cc3ncoc3cc2C1c1ccsc1)c1nn[nH]c1N(Cc1ccccc1)Cc1ccccc1,中毒,15.692889,18.443
O=C(C1=NNOC=C1)c1nn[nH]c1N(Cc1ccccc1)Cc1ccccc1,中毒,6.1503696,37.381256
O=C(c1nn[nH]c1N(Cc1ccccc1)Cc1ccccc1)N1CC(c2ccc(Cl)s2)=NO1,中毒,11.991237,15.474315
O=C(c1nn[nH]c1N(Cc1ccccc1)Cc1ccccc1)N1CCCc2ccccc21,中毒,13.684105,30.241766
O=C(C1=C(Br)Sc2ncnn2S1)c1nn[nH]c1N(Cc1ccccc1)Cc1ccccc1,低毒,14.250752,62.727425
O=C(c1nn[nH]c1N(Cc1ccccc1)Cc1ccccc1)N1CCCc2ccc(I)cc2SC1,中毒,13.202669,31.068483
O=C(c1nn[nH]c1N(Cc1ccccc1)Cc1ccccc1)C12COCON1c1ccoc1[SH]2c1cccnc1Cl,中毒,6.1406474,34.717995
O=C(c1cc([N+](=O)[O-])c[nH]1)c1nn[nH]c1N(Cc1ccccc1)Cc1ccccc1,低毒,10.264914,65.17422
O=C(c1ccn(CCCc2ccccc2)c1)c1nn[nH]c1N(Cc1ccccc1)Cc1ccccc1,低毒,6.273191,72.79328
O=C(c1nn[nH]c1N(Cc1ccccc1)Cc1ccccc1)c1ccnc2cc(Cl)ccc12,中毒,14.382698,35.80921
O=C(c1nn[nH]c1N(Cc1ccccc1)Cc1ccccc1)P(=S)(Cl)Cl,中毒,56.83491,49.83802
O=C(Cl)C(=O)c1nn[nH]c1N(Cc1ccccc1)Cc1ccccc1,高毒,5.759682,56.60067
O=C(c1nn[nH]c1N(Cc1ccccc1)Cc1ccccc1)C(Cc1ccccc1)n1cncn1,中毒,4.9793234,58.9828
O=C(NC1c2ccccc2CC1O)C(C(=O)c1nn[nH]c1N(Cc1ccccc1)Cc1ccccc1)C1CCCCC1,中毒,9.528033,9.244489
O=C(C1=[SH]c2c(Cl)cccc21)c1nn[nH]c1N(Cc1ccccc1)Cc1ccccc1,中毒,7.599869,37.440536
O=C(c1nn[nH]c1N(Cc1ccccc1)Cc1ccccc1)C(Cl)C(Cl)(Cl)Cl,低毒,6.550082,56.60067
O=C(c1nn[nH]c1N(Cc1ccccc1)Cc1ccccc1)P(=O)(O)O,高毒,19.373323,48.13457
O=C(c1ccccc1SC(F)(F)F)c1nn[nH]c1N(Cc1ccccc1)Cc1ccccc1,中毒,12.595518,34.665947
O=C(c1cs[n+](Cc2ccccc2Cc2ccccc2)c1)c1nn[nH]c1N(Cc1ccccc1)Cc1ccccc1,中毒,5.281971,13.2197275
O=C(c1nn[nH]c1N(Cc1ccccc1)Cc1ccccc1)C1CSC2=NC=CC=CN2O1,低毒,6.2406607,83.59449
O=C(Nc1ccc([N+](=O)[O-])o1)Nc1nc(C(=O)c2nn[nH]c2N(Cc2ccccc2)Cc2ccccc2)cs1,中毒,9.254977,41.727467
O=C(c1nn[nH]c1N(Cc1ccccc1)Cc1ccccc1)N1CC=C2COC1O2,中毒,8.681855,26.571674
O=C(c1nn[nH]c1N(Cc1ccccc1)Cc1ccccc1)C(c1ccco1)[N+](=O)[O-],中毒,19.174204,42.178818
O=C(c1nn[nH]c1N(Cc1ccccc1)Cc1ccccc1)C1(c2cccc(Br)c2)CC1,高毒,4.5715175,43.6451
O=C(c1nn[nH]c1N(Cc1ccccc1)Cc1ccccc1)S(=O)(=O)c1ccc2nonc2c1,中毒,4.5889144,71.21408
O=C(c1nn[nH]c1N(Cc1ccccc1)Cc1ccccc1)[PH](O)(Cl)Cl,低毒,50.5275,49.524765
O=C(c1nn[nH]c1N(Cc1ccccc1)Cc1ccccc1)C1CCCc2nnsc21,中毒,4.1214986,18.449442
O=C(O)c1nnn(SNC(=O)c2nn[nH]c2N(Cc2ccccc2)Cc2ccccc2)n1,低毒,10.402324,21.670536
O=C(c1cc[nH]c(=O)c1Cl)c1nn[nH]c1N(Cc1ccccc1)Cc1ccccc1,低毒,8.432035,53.6493
O=C(Oc1cc(CO[N+](=O)[O-])cc([N+](=O)[O-])c1)c1nn[nH]c1N(Cc1ccccc1)Cc1ccccc1,低毒,10.954821,14.65498
O=C(c1nn[nH]c1N(Cc1ccccc1)Cc1ccccc1)c1c[nH]c2ccc3[nH]nnc3c12,中毒,16.894619,20.885086
N#CN1CCCC1C(=O)c1nn[nH]c1N(Cc1ccccc1)Cc1ccccc1,中毒,7.5319433,25.851242
O=C(c1nn[nH]c1N(Cc1ccccc1)Cc1ccccc1)C1CCCCCCC1,高毒,10.627377,22.30062
O=C(c1nn[nH]c1N(Cc1ccccc1)Cc1ccccc1)[n+]1cc(Br)c(Cl)c(Cl)c1O,中毒,24.908743,14.485055
O=C(c1cc2nc[nH]c(=O)c2s1)c1nn[nH]c1N(Cc1ccccc1)Cc1ccccc1,中毒,25.418716,36.120674
O=C(c1nn[nH]c1N(Cc1ccccc1)Cc1ccccc1)c1cc2cccnc2n(CCc2cccc3ccccc23)c1=O,中毒,8.616156,15.171299
O=C(c1cnsc1S)c1nn[nH]c1N(Cc1ccccc1)Cc1ccccc1,中毒,7.1555886,32.37407
O=C(c1nn[nH]c1N(Cc1ccccc1)Cc1ccccc1)C1CN2CCC1CC2,中毒,19.461971,21.035542
O=C(c1nn[nH]c1N(Cc1ccccc1)Cc1ccccc1)c1c(O)n(CN2CCC2)c2ccc(Cl)cc12,中毒,12.652332,15.291654
O=C(c1nn[nH]c1N(Cc1ccccc1)Cc1ccccc1)c1cn(Cc2ccc(Br)c(F)c2)c2cnccc12,中毒,17.56681,16.788609
O=C(c1nn[nH]c1N(Cc1ccccc1)Cc1ccccc1)C1CCCN1S(=O)(=O)c1cccs1,中毒,11.454771,20.086124
O=C(C(Cl)=Cc1ccccc1)c1nn[nH]c1N(Cc1ccccc1)Cc1ccccc1,高毒,2.9952712,58.515434
O=C(c1nn[nH]c1N(Cc1ccccc1)Cc1ccccc1)C1COC(n2cnc3c4[nH]nnc4nc-3c2Br)=N1,中毒,21.311634,14.911535
O=C(c1nn[nH]c1N(Cc1ccccc1)Cc1ccccc1)C1SC2NC=C1CCOC1OC12,中毒,12.909526,21.70566
O=C(OCc1ccccc1[N+](=O)[O-])c1nn[nH]c1N(Cc1ccccc1)Cc1ccccc1,高毒,7.6939373,26.762428
O=C(c1nn[nH]c1N(Cc1ccccc1)Cc1ccccc1)N1CCC(c2cc[nH]n2)C(F)(F)C1,中毒,28.444048,13.587211
O=C(c1nn[nH]c1N(Cc1ccccc1)Cc1ccccc1)S(=O)(=O)C12CC3CC(C1)C(C3)C2,中毒,16.732775,64.433624
O=C(Cc1ccncc1)c1nn[nH]c1N(Cc1ccccc1)Cc1ccccc1,高毒,3.7705069,42.472836
O=C(c1cc(I)cc([N+](=O)[O-])c1)c1nn[nH]c1N(Cc1ccccc1)Cc1ccccc1,低毒,14.106122,21.606764
O=C(OC(Cl)(Cl)Cl)c1nn[nH]c1N(Cc1ccccc1)Cc1ccccc1,高毒,6.4241095,28.179708
O=C(NOc1ccccc1)c1nn[nH]c1N(Cc1ccccc1)Cc1ccccc1,低毒,10.590737,22.829683
O=C(C1=CC=CC23CC(CCN2)OCCC1C3)c1nn[nH]c1N(Cc1ccccc1)Cc1ccccc1,中毒,20.35318,32.080154
O=C(c1nn[nH]c1N(Cc1ccccc1)Cc1ccccc1)C1c2ccccc2Oc2ccccc21,中毒,11.845599,43.310623
O=C(c1nn[nH]c1N(Cc1ccccc1)Cc1ccccc1)C1COS1,中毒,12.595518,47.453873
O=C(c1nn[nH]c1N(Cc1ccccc1)Cc1ccccc1)[PH](F)(F)OF,中毒,20.074528,48.013813
O=C(c1nn[nH]c1N(Cc1ccccc1)Cc1ccccc1)S(=O)(=O)c1cncs1,中毒,12.68541,44.452656
O=C(OC(=O)c1nn[nH]c1N(Cc1ccccc1)Cc1ccccc1)c1ccccc1,高毒,7.140232,34.70963
O=C(Sc1nncs1)c1nn[nH]c1N(Cc1ccccc1)Cc1ccccc1,中毒,5.052193,28.596737
O=C(c1nccs1)c1nn[nH]c1N(Cc1ccccc1)Cc1ccccc1,中毒,5.38902,69.663536
O=C(c1nn[nH]c1N(Cc1ccccc1)Cc1ccccc1)N(c1cc[nH]n1)c1cc(Cl)ccc1Cl,中毒,20.611782,28.172316
CS(=O)(=O)N(C(=O)c1nn[nH]c1N(Cc1ccccc1)Cc1ccccc1)c1ccccc1,低毒,14.210293,12.952595
O=C(c1nn[nH]c1N(Cc1ccccc1)Cc1ccccc1)N1CCCCN1C(=S)NO,中毒,17.77603,56.11679
O=C(c1nn[nH]c1N(Cc1ccccc1)Cc1ccccc1)N1CC[S+]([O-])CC1,中毒,9.32252,24.06637
O=C(c1nn[nH]c1N(Cc1ccccc1)Cc1ccccc1)c1c[nH]c2cc(Br)oc12,中毒,46.13361,29.791418
O=C(c1ccc2occc2c1Br)c1nn[nH]c1N(Cc1ccccc1)Cc1ccccc1,中毒,15.15376,101.04092
O=C(c1nn[nH]c1N(Cc1ccccc1)Cc1ccccc1)N1CC[N+]2(CCCc3sccc3-c3cscc32)CC1,中毒,22.199469,15.444187
O=C(c1nn[nH]c1N(Cc1ccccc1)Cc1ccccc1)c1c[nH]c2c(F)cccc12,中毒,17.915283,21.234655
O=C([125I])c1nn[nH]c1N(Cc1ccccc1)Cc1ccccc1,高毒,6.4241095,28.596737
O=C(C1=NN=C(CF)C2=NSN=C1C2)c1nn[nH]c1N(Cc1ccccc1)Cc1ccccc1,中毒,19.097826,22.285797
O=C(c1nn[nH]c1N(Cc1ccccc1)Cc1ccccc1)C1CCSC1,低毒,8.619859,32.817757
O=C(c1nn[nH]c1N(Cc1ccccc1)Cc1ccccc1)c1csc2c(F)cccc12,中毒,7.503785,29.58691
O=C(Sc1ccccc1)c1nn[nH]c1N(Cc1ccccc1)Cc1ccccc1,中毒,6.6162024,29.393785
O=C(c1nn[nH]c1N(Cc1ccccc1)Cc1ccccc1)c1cnn2cccnc12,高毒,5.348194,18.76
O=C(c1c[nH]nc1-n1ccn(-c2ccccc2F)c1=S)c1nn[nH]c1N(Cc1ccccc1)Cc1ccccc1,中毒,9.378384,64.692894
O=C(c1nn[nH]c1N(Cc1ccccc1)Cc1ccccc1)C1CCCc2[nH]ncc21,中毒,10.825338,18.804382
O=C(c1cnoc1)c1nn[nH]c1N(Cc1ccccc1)Cc1ccccc1,低毒,5.037307,59.86826
O=C(c1cc2ccccc2nc1CCCOc1ccccc1N1CCN(Cc2ccn[nH]2)CC1)c1nn[nH]c1N(Cc1ccccc1)Cc1ccccc1,中毒,15.84444,21.23448
O=C(c1nn[nH]c1N(Cc1ccccc1)Cc1ccccc1)c1c(Cl)cccc1Cl,低毒,3.4502869,34.049644
O=C(c1nn[nH]c1N(Cc1ccccc1)Cc1ccccc1)S(=O)(=O)c1ccc(Br)cc1,中毒,7.1028624,64.723854
O=C(c1ccc2[nH]nnc2c1)c1nn[nH]c1N(Cc1ccccc1)Cc1ccccc1,中毒,13.136693,30.879324
O=C(c1nn[nH]c1N(Cc1ccccc1)Cc1ccccc1)S(=O)(=O)C=C(Cl)SP(=O)(O)O,中毒,15.183247,44.039932
O=C(CP(F)(F)(F)C(F)(F)F)c1nn[nH]c1N(Cc1ccccc1)Cc1ccccc1,低毒,6.273191,60.48709
O=C(c1cc2cccnc2o1)c1nn[nH]c1N(Cc1ccccc1)Cc1ccccc1,低毒,5.483516,59.342094
O=C(c1cccc(Cl)c1Cl)c1nn[nH]c1N(Cc1ccccc1)Cc1ccccc1,低毒,4.1356435,22.11593
O=C(c1nn[nH]c1N(Cc1ccccc1)Cc1ccccc1)C1CSCCS1,中毒,8.077464,56.60067
O=C(c1nn[nH]c1N(Cc1ccccc1)Cc1ccccc1)c1ccc(F)c2ccccc12,低毒,7.5008483,21.234655
O=C(c1nn[nH]c1N(Cc1ccccc1)Cc1ccccc1)N1C(NC(c2ccccc2)C(F)(F)F)=Nc2c(Br)cccc2-c2ncccc21,中毒,7.404756,15.528323
O=C(c1nn[nH]c1N(Cc1ccccc1)Cc1ccccc1)c1c[nH]c2ncccc12,中毒,5.276667,34.50007
O=C(c1nn[nH]c1N(Cc1ccccc1)Cc1ccccc1)n1nn[n+]([O-])c1-c1cccs1,中毒,5.80363,11.531792
O=C(c1nn[nH]c1N(Cc1ccccc1)Cc1ccccc1)c1ncc[n+](CCBr)c1Br,中毒,3.9739645,26.09783
O=C(c1nn[nH]c1N(Cc1ccccc1)Cc1ccccc1)N1CCN(c2nnc(Br)s2)CC1,中毒,7.2404256,20.45788
N#Cc1ccc(-n2ccc(C(=O)c3nn[nH]c3N(Cc3ccccc3)Cc3ccccc3)n2)nc1,低毒,8.542568,82.18617
O=C(c1nn[nH]c1N(Cc1ccccc1)Cc1ccccc1)C1CSc2ccccc2CN1,中毒,10.378176,36.811905
O=C(c1nn[nH]c1N(Cc1ccccc1)Cc1ccccc1)c1cc(O)cc2c1ccc1ncoc12,中毒,14.403091,33.39955
O=C(c1nn[nH]c1N(Cc1ccccc1)Cc1ccccc1)c1c(Cl)ccc(Cl)c1Cl,低毒,4.4499626,22.11593
O=C(c1ccc(Oc2cc(CCBr)ccc2F)nc1)c1nn[nH]c1N(Cc1ccccc1)Cc1ccccc1,中毒,44.334908,29.861744
O=C(c1cc(-c2ccc3c(c2)OCO3)[nH]n1)c1nn[nH]c1N(Cc1ccccc1)Cc1ccccc1,中毒,12.641171,34.140465
O=C(c1cc(O)ccc1O)c1nn[nH]c1N(Cc1ccccc1)Cc1ccccc1,低毒,7.188829,19.154457
O=C(c1nn[nH]c1N(Cc1ccccc1)Cc1ccccc1)S(=O)(=O)c1ccc(CCNCCCCN2CCC(N(C3CSC3)n3ccnc3)CC2)cc1,中毒,19.520813,66.22834
O=C(c1nn[nH]c1N(Cc1ccccc1)Cc1ccccc1)N1C=NCC1,中毒,8.732165,21.923925
O=C(c1nn[nH]c1N(Cc1ccccc1)Cc1ccccc1)n1cccc(Br)c1=O,中毒,17.635347,36.123688
O=C(c1nn[nH]c1N(Cc1ccccc1)Cc1ccccc1)C(c1scnc1Cl)C1CC1,中毒,7.354001,25.880949
O=C(c1nn[nH]c1N(Cc1ccccc1)Cc1ccccc1)c1scc[n+]1CSCc1sccc1F,中毒,28.88707,69.663536
O=C(c1nn[nH]c1N(Cc1ccccc1)Cc1ccccc1)C1CC2CC2C2CN3CN1C23C(=O)O,中毒,13.811184,23.83532
O=C(c1nn[nH]c1N(Cc1ccccc1)Cc1ccccc1)n1cnnn1,高毒,4.8796115,39.039207
O=C(OCCCO)c1nn[nH]c1N(Cc1ccccc1)Cc1ccccc1,高毒,6.4241095,37.091206
O=C(c1cc(Br)c(F)s1)c1nn[nH]c1N(Cc1ccccc1)Cc1ccccc1,中毒,3.5702617,21.606764
O=C(c1nn[nH]c1N(Cc1ccccc1)Cc1ccccc1)[SH](c1cccs1)P(=O)(c1cccs1)c1ccccc1Cl,中毒,6.1406474,24.930058
O=C(c1nn[nH]c1N(Cc1ccccc1)Cc1ccccc1)N1CCCC(O)C1,中毒,22.218597,19.741385
O=C(c1ccc2c(c1)OCNO2)c1nn[nH]c1N(Cc1ccccc1)Cc1ccccc1,高毒,12.755189,50.170483
O=C(C1=CC=CC(CON=Cc2cc(Cl)cs2)N1)c1nn[nH]c1N(Cc1ccccc1)Cc1ccccc1,中毒,5.048786,23.897366
O=C(c1nn2c(C3CCNC3)nnc2s1)c1nn[nH]c1N(Cc1ccccc1)Cc1ccccc1,中毒,32.682102,28.272287
O=C(c1nn[nH]c1N(Cc1ccccc1)Cc1ccccc1)c1[nH]nc(Br)c1-c1nc2[nH]ncc2[nH]1,低毒,5.785862,49.546413
O=C(c1nn[nH]c1N(Cc1ccccc1)Cc1ccccc1)N(SF)C1CCCC1,中毒,50.277473,39.628677
O=C(OCCCCl)c1nn[nH]c1N(Cc1ccccc1)Cc1ccccc1,低毒,6.4241095,37.091206
O=C(SC1CSS1)c1nn[nH]c1N(Cc1ccccc1)Cc1ccccc1,低毒,11.935802,41.86337
O=C(c1nn[nH]c1N(Cc1ccccc1)Cc1ccccc1)c1occc1C12CC3CC(CC(C3)C1)C2,低毒,4.3301153,41.305355
O=C(c1csc(-c2ccccc2)n1)c1nn[nH]c1N(Cc1ccccc1)Cc1ccccc1,中毒,9.096605,23.876022
O=C(c1nn[nH]c1N(Cc1ccccc1)Cc1ccccc1)c1c(Cl)ccc(O)c1Cl,中毒,22.15011,32.390194
O=C(c1cnccc1-c1ccccc1)c1nn[nH]c1N(Cc1ccccc1)Cc1ccccc1,中毒,4.3550386,16.533592
O=C(c1nn[nH]c1N(Cc1ccccc1)Cc1ccccc1)c1ncnn1Cc1ccc(Cl)cc1Cl,低毒,10.78981,20.206976
O=C(c1ccsc1F)c1nn[nH]c1N(Cc1ccccc1)Cc1ccccc1,中毒,11.9262295,57.491985
O=C(c1ccc([N+](=O)[O-])o1)c1nn[nH]c1N(Cc1ccccc1)Cc1ccccc1,低毒,6.295896,57.69787
O=C(c1nn[nH]c1N(Cc1ccccc1)Cc1ccccc1)c1cccc(F)[n+]1[O-],低毒,15.387692,21.171606
O=C(c1nn[nH]c1N(Cc1ccccc1)Cc1ccccc1)C1CS1,中毒,8.077464,56.60067
O=C1Nc2ccccc2SC1C(=O)c1nn[nH]c1N(Cc1ccccc1)Cc1ccccc1,中毒,21.728558,43.413006
O=C(Oc1cc(Br)ccn1)c1nn[nH]c1N(Cc1ccccc1)Cc1ccccc1,低毒,7.140232,34.70963
O=C(c1nn[nH]c1N(Cc1ccccc1)Cc1ccccc1)S(S)=Cc1ccccc1C(F)C(F)(F)F,低毒,22.218597,41.139397
O=C(c1nn[nH]c1N(Cc1ccccc1)Cc1ccccc1)C(O)c1ccccc1-c1ccccc1,中毒,4.5691423,39.343636
O=C(Cn1c2ccccc2c2ccc(OCc3cc4ccncc4s3)cc21)c1nn[nH]c1N(Cc1ccccc1)Cc1ccccc1,中毒,6.926977,13.331708
O=COCc1oc2cc1CC2C(=O)c1nn[nH]c1N(Cc1ccccc1)Cc1ccccc1,中毒,10.734419,36.186535
O=C(c1nn[nH]c1N(Cc1ccccc1)Cc1ccccc1)c1n[nH]c2cccnc12,低毒,17.491394,54.299004
O=C(O)C1C2CCC(O2)C1C(=O)c1nn[nH]c1N(Cc1ccccc1)Cc1ccccc1,低毒,9.475711,36.986286
O=C(c1nn[nH]c1N(Cc1ccccc1)Cc1ccccc1)N(Cc1ccco1)S(=O)(=O)CO,高毒,25.838991,21.840267
O=C(NO[N+](=O)[O-])c1nn[nH]c1N(Cc1ccccc1)Cc1ccccc1,低毒,11.501207,15.224212
[N-]=[N+]=S1(=O)NCCN1C(=O)c1nn[nH]c1N(Cc1ccccc1)Cc1ccccc1,中毒,5.8236656,12.8458185
O=C(SC1=CCCN(Cc2csc(-c3cccs3)n2)C1)c1nn[nH]c1N(Cc1ccccc1)Cc1ccccc1,低毒,5.4320016,10.604401
O=C(C1=C(CCCl)C(c2ccoc2)Oc2cccc(Br)c21)c1nn[nH]c1N(Cc1ccccc1)Cc1ccccc1,中毒,6.850181,24.338812
O=C(c1nn[nH]c1N(Cc1ccccc1)Cc1ccccc1)S(=O)(=O)C1=C(c2ccccc2)n2nc(-c3ccccn3)nc2C=CS1,中毒,10.810957,16.960188
O=C(Oc1nnc(CNc2nc3ccccc3s2)s1)c1nn[nH]c1N(Cc1ccccc1)Cc1ccccc1,中毒,17.960443,18.741549
O=C(c1nn[nH]c1N(Cc1ccccc1)Cc1ccccc1)n1cc(Cl)c(=O)[nH]c1=O,中毒,51.73966,19.396572
O=C(c1nn[nH]c1N(Cc1ccccc1)Cc1ccccc1)S(=O)(=O)c1ccc(F)cc1,中毒,5.766618,46.550915
O=C(c1nn[nH]c1N(Cc1ccccc1)Cc1ccccc1)N1CCN(C(c2ccc(F)cc2)c2ccccn2)CC1,中毒,9.13082,17.899239
O=C(c1cc2cc(SCn3ncnn3)ccc2s1)c1nn[nH]c1N(Cc1ccccc1)Cc1ccccc1,中毒,7.8632665,36.559467
O=C(c1nn[nH]c1N(Cc1ccccc1)Cc1ccccc1)C1CC=C(c2c[nH]c3ncncc23)CC1,中毒,4.871928,21.020603
O=C(OCc1ccc[nH]1)c1nn[nH]c1N(Cc1ccccc1)Cc1ccccc1,高毒,7.140232,34.70963
O=C(C1=C(Cl)CSC1c1cc2ccoc2s1)c1nn[nH]c1N(Cc1ccccc1)Cc1ccccc1,中毒,9.100812,76.263725
O=C(c1nn[nH]c1N(Cc1ccccc1)Cc1ccccc1)C1CCN(C2c3[nH]c4ccccc4c3CCC2Cl)CC1,中毒,16.275507,37.24203
O=C(c1csc2c1C1CCC(C2)NSN1)c1nn[nH]c1N(Cc1ccccc1)Cc1ccccc1,中毒,14.360532,20.7544
O=C(c1ccc(S(F)(F)(F)(F)F)cc1)c1nn[nH]c1N(Cc1ccccc1)Cc1ccccc1,中毒,5.276667,32.37407
O=C(c1nn[nH]c1N(Cc1ccccc1)Cc1ccccc1)[S+](NN1c2ccccc2S1(=O)=O)C1CC1,中毒,10.753189,28.212355
O=C(c1ccc(OCCCO[N+](=O)[O-])cc1)c1nn[nH]c1N(Cc1ccccc1)Cc1ccccc1,高毒,5.037307,27.793814
O=C(C[n+]1ccccc1)c1nn[nH]c1N(Cc1ccccc1)Cc1ccccc1,中毒,6.273191,20.222002
O=C(c1nn[nH]c1N(Cc1ccccc1)Cc1ccccc1)N1CCN(c2ccccn2)CC1,中毒,8.732165,12.740919
O=C(c1c[nH]c2c1CCCC2)c1nn[nH]c1N(Cc1ccccc1)Cc1ccccc1,中毒,14.825804,26.898594
O=C(c1nn[nH]c1N(Cc1ccccc1)Cc1ccccc1)c1c(F)c(F)c(F)c(F)c1F,中毒,16.313023,20.880424
O=C(c1nn[nH]c1N(Cc1ccccc1)Cc1ccccc1)N1CCc2ccc(F)cc2C1,中毒,18.608776,25.97788
O=C(c1cc(F)c(O)c(Br)c1)c1nn[nH]c1N(Cc1ccccc1)Cc1ccccc1,中毒,7.5008483,30.390955
O=C(c1nn[nH]c1N(Cc1ccccc1)Cc1ccccc1)c1n[nH]c2c1Cn1cccc(c1=O)O2,中毒,25.866304,80.20781
O=C(c1ccccc1SCCN1CCNCC1)c1nn[nH]c1N(Cc1ccccc1)Cc1ccccc1,中毒,12.595518,31.501791
O=C(c1csc(-c2cccc(O)c2I)n1)c1nn[nH]c1N(Cc1ccccc1)Cc1ccccc1,中毒,8.306189,36.10415
O=C(OCc1csc(SCc2ncccn2)n1)c1nn[nH]c1N(Cc1ccccc1)Cc1ccccc1,低毒,10.954821,33.5181
O=C(c1ccc(N2CCNCC2)o1)c1nn[nH]c1N(Cc1ccccc1)Cc1ccccc1,中毒,7.6808786,29.498934
O=C(C1=CSC2=NC(c3ccc(Cl)nc3)=CC(=C1)N[S+]2[O-])c1nn[nH]c1N(Cc1ccccc1)Cc1ccccc1,中毒,8.140944,15.085933
O=C(c1ccsc1SCC(Cl)=C(Cl)Cl)c1nn[nH]c1N(Cc1ccccc1)Cc1ccccc1,中毒,7.338164,19.373144
O=C(c1nsnc1Br)c1nn[nH]c1N(Cc1ccccc1)Cc1ccccc1,低毒,7.3410196,34.50007
O=C(c1cc(I)ccc1O)c1nn[nH]c1N(Cc1ccccc1)Cc1ccccc1,中毒,5.7064757,19.154457
O=C(c1ccc(I)c(Br)c1)c1nn[nH]c1N(Cc1ccccc1)Cc1ccccc1,中毒,5.8860874,35.710007
O=C(c1nn[nH]c1N(Cc1ccccc1)Cc1ccccc1)c1[nH]cnc1CSc1ccccn1,低毒,6.6625533,63.199642
O=C(C1=CCn2c(nnc2-c2ccc3c(c2)OCS3)N1)c1nn[nH]c1N(Cc1ccccc1)Cc1ccccc1,中毒,7.7361045,47.004856
O=C(OCCc1nncn1Cc1c(F)cccc1F)c1nn[nH]c1N(Cc1ccccc1)Cc1ccccc1,低毒,5.3864026,21.24873
O=C(c1nn[nH]c1N(Cc1ccccc1)Cc1ccccc1)C(O)Nc1ccc2nsnc2c1,中毒,30.871027,52.531105
O=C(c1ccc2sccc2c1)c1nn[nH]c1N(Cc1ccccc1)Cc1ccccc1,中毒,7.817441,34.50007
O=C(c1nn[nH]c1N(Cc1ccccc1)Cc1ccccc1)C(CN1CCNCC1)SCOCBr,中毒,15.158507,33.101807
O=C(c1nn[nH]c1N(Cc1ccccc1)Cc1ccccc1)c1sc2ccccc2c1Cl,中毒,5.388941,34.65899
O=C(c1cncnc1)c1nn[nH]c1N(Cc1ccccc1)Cc1ccccc1,低毒,5.037307,32.37407
O=C(c1nn[nH]c1N(Cc1ccccc1)Cc1ccccc1)C(c1ccc2nn[nH]c2c1)c1ccco1,中毒,19.482138,38.096863
O=C(c1nn[nH]c1N(Cc1ccccc1)Cc1ccccc1)C(O)S,高毒,44.532196,83.59449
O=C(c1nn[nH]c1N(Cc1ccccc1)Cc1ccccc1)n1nncc1Cl,中毒,12.382725,18.09417
O=C(c1nn[nH]c1N(Cc1ccccc1)Cc1ccccc1)c1sc(-c2ccco2)nc1-c1cccc2cccnc12,中毒,21.109203,17.088017
O=C(c1ccc2ccccc2c1O[N+](=O)[O-])c1nn[nH]c1N(Cc1ccccc1)Cc1ccccc1,中毒,5.943993,21.031403
O=C(c1nn[nH]c1N(Cc1ccccc1)Cc1ccccc1)N(C1CCCCC1)C1CCS(=O)(=O)C1,中毒,37.090923,36.763214
O=C1CCN(C(=O)c2nn[nH]c2N(Cc2ccccc2)Cc2ccccc2)CCO1,中毒,8.323097,22.088709
O=C(c1nn[nH]c1N(Cc1ccccc1)Cc1ccccc1)C(c1cccnc1)S(=O)(=O)c1ccccc1,中毒,9.528033,36.92061
O=C(c1ccccc1F)c1nn[nH]c1N(Cc1ccccc1)Cc1ccccc1,中毒,16.313023,20.880424
O=C(c1ccc2c(c1)CCO2)c1nn[nH]c1N(Cc1ccccc1)Cc1ccccc1,中毒,5.276667,47.193893
O=C(c1cc([N+](=O)[O-])cc([N+](=O)[O-])c1)c1nn[nH]c1N(Cc1ccccc1)Cc1ccccc1,低毒,14.106122,21.606764
O=C(c1ccc(F)c2c1CCC2)c1nn[nH]c1N(Cc1ccccc1)Cc1ccccc1,中毒,9.9971075,26.113438
O=C(c1n[nH]c(Nc2nsnc2Br)n1)c1nn[nH]c1N(Cc1ccccc1)Cc1ccccc1,低毒,5.884706,40.708843
O=C(c1nn[nH]c1N(Cc1ccccc1)Cc1ccccc1)c1nccn1-c1nc2c(s1)CC(c1ccccn1)C2,中毒,15.497371,23.747583
O=C(c1ccc2occc2c1)c1nn[nH]c1N(Cc1ccccc1)Cc1ccccc1,低毒,5.9305367,129.5575
O=C(c1nn[nH]c1N(Cc1ccccc1)Cc1ccccc1)N1CCc2ccccc21,中毒,13.684105,29.599037
O=C(c1nn[nH]c1N(Cc1ccccc1)Cc1ccccc1)c1sccc1Br,低毒,5.3548603,16.24854
O=C(c1ccc(Cl)c(OC2CCOC2)c1)c1nn[nH]c1N(Cc1ccccc1)Cc1ccccc1,低毒,12.285367,33.504192
O=C(c1nn[nH]c1N(Cc1ccccc1)Cc1ccccc1)C(Br)c1cc2ccccc2o1,中毒,8.831326,73.68305
O=C(c1nn[nH]c1N(Cc1ccccc1)Cc1ccccc1)c1[nH]c2csnc2c1Cl,低毒,8.564269,9.427747
O=C(c1cc[n+]([O-])s1)c1nn[nH]c1N(Cc1ccccc1)Cc1ccccc1,高毒,5.9809318,29.36747
O=C(c1nn[nH]c1N(Cc1ccccc1)Cc1ccccc1)c1coc2ccccc12,低毒,11.944199,106.40436
O=C(c1nn[nH]c1N(Cc1ccccc1)Cc1ccccc1)c1occ(Br)c1Br,低毒,21.885036,60.39891
O=C(c1c[nH]nc1SCc1ccc([N+](=O)[O-])cn1)c1nn[nH]c1N(Cc1ccccc1)Cc1ccccc1,中毒,18.778954,55.6923
O=C(c1nn[nH]c1N(Cc1ccccc1)Cc1ccccc1)N1CCS1,中毒,9.143364,25.051384
O=C(c1nn[nH]c1N(Cc1ccccc1)Cc1ccccc1)C1CN2C=NC=C1C1CNC1CS2,中毒,13.285592,21.035542
N#C[SH](C(=O)c1nn[nH]c1N(Cc1ccccc1)Cc1ccccc1)c1ccc(F)cc1Cl,中毒,5.5003715,16.550896
Nc1n[s+](-c2cccnc2)nc1C(=O)c1nn[nH]c1N(Cc1ccccc1)Cc1ccccc1,中毒,19.688936,19.421846
O=C(C1=NNN=C2CC=CN21)c1nn[nH]c1N(Cc1ccccc1)Cc1ccccc1,中毒,5.4743395,39.280575
O=C(c1nn[nH]c1N(Cc1ccccc1)Cc1ccccc1)C(O)CI,低毒,6.1503696,80.90046
O=C(c1nn[nH]c1N(Cc1ccccc1)Cc1ccccc1)c1scc[n+]1[O-],中毒,5.38902,41.23211
O=C(c1nn[nH]c1N(Cc1ccccc1)Cc1ccccc1)n1cnc2c(Br)cc(Br)cc21,中毒,7.4186554,20.829964
O=C(c1nn[nH]c1N(Cc1ccccc1)Cc1ccccc1)c1c[nH]c2ncc(F)cc12,中毒,5.276667,34.50007
O=C(c1nnc(NCc2cscn2)o1)c1nn[nH]c1N(Cc1ccccc1)Cc1ccccc1,中毒,11.641698,63.712284
O=C(c1ccn(Cc2ccc(C(F)(F)F)n(-c3cccc(Cl)c3)c2=O)n1)c1nn[nH]c1N(Cc1ccccc1)Cc1ccccc1,中毒,12.468579,49.84341
O=C(c1ccn(-c2ccc(F)cc2)n1)c1nn[nH]c1N(Cc1ccccc1)Cc1ccccc1,低毒,5.488625,76.098465
O=C(c1nn[nH]c1N(Cc1ccccc1)Cc1ccccc1)C1c2ccccc2CN2C1C(c1ccc(Cl)cc1)Nc1nnc(O)n12,中毒,9.274084,11.666832
O=C(c1cc2c3cnsc3nc-2n(CCN2CCOCC2)n1)c1nn[nH]c1N(Cc1ccccc1)Cc1ccccc1,中毒,13.046575,47.06604
O=C(c1ccc(S(=O)(=O)c2cccc(N3CCNC3=O)c2OCl)[nH]1)c1nn[nH]c1N(Cc1ccccc1)Cc1ccccc1,中毒,29.27248,25.726233
O=C(c1cc(-c2ncccc2F)[nH]n1)c1nn[nH]c1N(Cc1ccccc1)Cc1ccccc1,中毒,8.818181,48.056625
O=C(c1ccc([N+]F)o1)c1nn[nH]c1N(Cc1ccccc1)Cc1ccccc1,中毒,6.295896,64.433624
O=C(c1nn[nH]c1N(Cc1ccccc1)Cc1ccccc1)S(=O)(=O)c1ccc(Cl)cc1,中毒,7.1028624,64.723854
O=C(c1cc(Br)oc1Br)c1nn[nH]c1N(Cc1ccccc1)Cc1ccccc1,低毒,23.983845,50.69255
N#Cc1cc(OC(=O)c2nn[nH]c2N(Cc2ccccc2)Cc2ccccc2)ccc1F,低毒,6.8285685,20.626547
O=C(c1nn[nH]c1N(Cc1ccccc1)Cc1ccccc1)c1c(O)nc2ccccc2[n+]1[O-],中毒,28.875662,21.720812
O=C(c1nn[nH]c1N(Cc1ccccc1)Cc1ccccc1)N1CCOP(=O)(O)CC1,中毒,21.046637,22.59352
O=C(c1cc2sccc2o1)c1nn[nH]c1N(Cc1ccccc1)Cc1ccccc1,中毒,7.8972545,59.29613
O=C(c1nn[nH]c1N(Cc1ccccc1)Cc1ccccc1)c1cccc2cccnc12,中毒,16.058071,20.6486
O=C1C=C(NCc2c[nH]cn2)CCCN1C(=O)c1nn[nH]c1N(Cc1ccccc1)Cc1ccccc1,中毒,10.916027,21.895508
O=C(c1csc(CCN(C(=O)c2ccccc2F)c2ccc3ccccn23)n1)c1nn[nH]c1N(Cc1ccccc1)Cc1ccccc1,中毒,5.847795,21.1228
O=C(NS(=O)(=O)c1ccccc1F)c1nn[nH]c1N(Cc1ccccc1)Cc1ccccc1,中毒,23.169813,15.330676
O=C(c1nn[nH]c1N(Cc1ccccc1)Cc1ccccc1)C1CCC1,高毒,6.35907,22.30062
O=C(c1nn[nH]c1N(Cc1ccccc1)Cc1ccccc1)C1Cc2ccccc2C12CO2,中毒,10.282844,52.39731
O=C(c1ncccc1Br)c1nn[nH]c1N(Cc1ccccc1)Cc1ccccc1,低毒,5.037307,34.285435
O=C(c1nn[nH]c1N(Cc1ccccc1)Cc1ccccc1)[N+]([O-])C(=S)Nc1ccccc1,低毒,7.1559925,44.515392
O=C(c1nn[nH]c1N(Cc1ccccc1)Cc1ccccc1)N1CCCCCO1,中毒,25.021065,18.291927
O=C(c1cc(O)cc(O)c1)c1nn[nH]c1N(Cc1ccccc1)Cc1ccccc1,低毒,10.612266,32.818672
O=C(c1nn[nH]c1N(Cc1ccccc1)Cc1ccccc1)c1coc2c(Cl)cccc2c1=O,中毒,11.944199,59.342094
O=C(c1nnsn1)c1nn[nH]c1N(Cc1ccccc1)Cc1ccccc1,低毒,5.9809318,41.86337
O=C(c1c[nH]c(Nc2cc(F)ccc2F)n1)c1nn[nH]c1N(Cc1ccccc1)Cc1ccccc1,低毒,7.5008483,56.87477
O=C(c1nnno1)c1nn[nH]c1N(Cc1ccccc1)Cc1ccccc1,低毒,15.633446,42.98752
O=C(c1nn[nH]c1N(Cc1ccccc1)Cc1ccccc1)C1CC(c2ccc3ccccc3c2I)[S+]([O-])C1,中毒,7.099995,72.08576
O=C(c1nn[nH]c1N(Cc1ccccc1)Cc1ccccc1)c1n[n+]([O-])nn1-c1ccc(N2CCOCC2)cc1,中毒,35.377247,36.769714
O=C(c1nn[nH]c1N(Cc1ccccc1)Cc1ccccc1)C1CCC(c2ccco2)S1,中毒,46.480984,58.555893
O=C(c1nn[nH]c1N(Cc1ccccc1)Cc1ccccc1)[PH](O)c1ccccc1,高毒,19.373323,45.30162
O=C(OCc1cccc([N+](=O)[O-])c1)c1nn[nH]c1N(Cc1ccccc1)Cc1ccccc1,低毒,7.140232,35.818108
O=C1N=[S+]([O-])C1C1COCCN1C(=O)c1nn[nH]c1N(Cc1ccccc1)Cc1ccccc1,中毒,31.939308,18.848122
O=C(c1ccncc1Br)c1nn[nH]c1N(Cc1ccccc1)Cc1ccccc1,中毒,15.646089,34.50007
O=C(c1nn[nH]c1N(Cc1ccccc1)Cc1ccccc1)N1CCCN(S(=O)(=O)c2ccc(Cl)cc2)CC1,中毒,7.84181,21.591461
O=C(c1nn(C2CCCC2)nc1NO)c1nn[nH]c1N(Cc1ccccc1)Cc1ccccc1,低毒,11.602768,23.049025
O=C(c1nn[nH]c1N(Cc1ccccc1)Cc1ccccc1)N1CCSCC1Nc1cccc2ccccc12,中毒,8.889056,47.78395
O=C(C1=COCCO1)c1nn[nH]c1N(Cc1ccccc1)Cc1ccccc1,中毒,5.1077585,69.18164
O=C(c1nn[nH]c1N(Cc1ccccc1)Cc1ccccc1)C1CCNc2nc[nH]c2N=C1c1ccncc1Cl,低毒,8.733482,23.85246
O=C(C1=NCC(Cc2c[nH]c3ncccc23)(NC(=O)C2CC2)C(NF)=N1)c1nn[nH]c1N(Cc1ccccc1)Cc1ccccc1,中毒,27.20869,21.73806
O=C(c1cc2cncc(Br)n2n1)c1nn[nH]c1N(Cc1ccccc1)Cc1ccccc1,中毒,15.147701,46.81303
O=C(c1nn[nH]c1N(Cc1ccccc1)Cc1ccccc1)C1CCCCN1c1coc(C2CC2)n1,低毒,7.275344,9.71746
O=C(c1cc2ncccc2s1)c1nn[nH]c1N(Cc1ccccc1)Cc1ccccc1,中毒,12.652749,34.65899
O=C(c1c[nH]c(C=CI)n1)c1nn[nH]c1N(Cc1ccccc1)Cc1ccccc1,低毒,5.052193,23.118843
N#CN(c1ccncc1)C(C(=O)c1nn[nH]c1N(Cc1ccccc1)Cc1ccccc1)c1ccco1,中毒,13.124002,23.96769
O=C(c1nn[nH]c1N(Cc1ccccc1)Cc1ccccc1)c1cccc2sc(Cl)nc12,中毒,22.22086,16.430983
O=C(c1nn[nH]c1N(Cc1ccccc1)Cc1ccccc1)[SH]1Nc2ccccc2C(F)(F)C12C(=S)Nc1cccc[n+]12,中毒,18.05903,52.43444
O=C(Nc1cc2ncnc(C(F)F)c2cc1F)c1nn[nH]c1N(Cc1ccccc1)Cc1ccccc1,中毒,5.125945,27.344988
O=C(C1=NOC(COP2(=O)COCO2)(C(F)(F)F)O1)c1nn[nH]c1N(Cc1ccccc1)Cc1ccccc1,中毒,20.751974,60.40584
O=C(c1ccnc(NCc2cc[nH]n2)n1)c1nn[nH]c1N(Cc1ccccc1)Cc1ccccc1,低毒,9.464368,68.10966
O=C(c1nn[nH]c1N(Cc1ccccc1)Cc1ccccc1)c1sncc1-n1nccn1,高毒,6.839083,36.47471
O=C(c1nn[nH]c1N(Cc1ccccc1)Cc1ccccc1)c1cccn1-c1ccccn1,中毒,10.612266,28.679724
O=C(NS(=O)(=O)c1cc2ccccc2s1)c1nn[nH]c1N(Cc1ccccc1)Cc1ccccc1,中毒,26.031343,15.478839
O=C(c1nn[nH]c1N(Cc1ccccc1)Cc1ccccc1)c1sccc1-c1ccccc1,中毒,3.762623,18.074766
O=C(c1nn[nH]c1N(Cc1ccccc1)Cc1ccccc1)C1(Br)CSC(n2nnc3ccsc32)=NN1,中毒,17.624168,8.488666
O=C(Oc1ccccc1CNn1ccnc1)c1nn[nH]c1N(Cc1ccccc1)Cc1ccccc1,低毒,11.325378,33.57959
O=C(c1nn[nH]c1N(Cc1ccccc1)Cc1ccccc1)N1CCn2ncc(F)c2C=N1,中毒,13.462404,21.348185
O=C(OCn1c2nc(Br)[nH]c2c2ccc3ccoc3c21)c1nn[nH]c1N(Cc1ccccc1)Cc1ccccc1,中毒,9.241971,8.904544
O=C(c1nn[nH]c1N(Cc1ccccc1)Cc1ccccc1)c1csc[n+]1[O-],低毒,6.273191,33.37947
O=C(c1nn[nH]c1N(Cc1ccccc1)Cc1ccccc1)S(=O)(=O)c1nc2ccsc2[nH]1,中毒,12.463235,30.240389
O=C(c1nn[nH]c1N(Cc1ccccc1)Cc1ccccc1)c1[nH]c2cc(Cl)cc(I)c2c1CO,中毒,14.382698,39.52488
O=C(c1nn[nH]c1N(Cc1ccccc1)Cc1ccccc1)C(c1cc(F)c(F)c(F)c1)C(F)(F)F,中毒,4.9793234,44.696934
O=C(C1=C[P+](Cl)(c2cccc(I)c2)OO1)c1nn[nH]c1N(Cc1ccccc1)Cc1ccccc1,中毒,9.484736,16.764952
O=C(c1ccccc1-c1nc2ccccc2s1)c1nn[nH]c1N(Cc1ccccc1)Cc1ccccc1,中毒,7.0541162,14.815539
O=C(c1nn[nH]c1N(Cc1ccccc1)Cc1ccccc1)c1csc2cc(F)ccc12,中毒,7.503785,29.58691
O=C(c1nn[nH]c1N(Cc1ccccc1)Cc1ccccc1)n1cncn1,高毒,22.15011,29.085104
O=C([P+]N1CCCCN(CCC[n+]2ccccc2Br)C2OCC21)c1nn[nH]c1N(Cc1ccccc1)Cc1ccccc1,中毒,38.498905,38.020164
O=C(c1nn[nH]c1N(Cc1ccccc1)Cc1ccccc1)N(C(Cl)=C(Cl)CF)C(F)F,中毒,6.431549,13.968237
O=C(c1nn[nH]c1N(Cc1ccccc1)Cc1ccccc1)c1c(-c2cccc(Cl)c2)oc2c(F)c(N3CCCCC3)c(F)cc2c1=O,中毒,7.7633433,26.776493
O=C(c1ccc(F)cc1F)c1nn[nH]c1N(Cc1ccccc1)Cc1ccccc1,中毒,16.313023,20.880424
O=C(c1ccsn1)c1nn[nH]c1N(Cc1ccccc1)Cc1ccccc1,低毒,5.7687135,34.579483
O=C(c1nsc(C(F)F)n1)c1nn[nH]c1N(Cc1ccccc1)Cc1ccccc1,中毒,5.9809318,39.283604
O=C(c1nn[nH]c1N(Cc1ccccc1)Cc1ccccc1)S(=O)(=O)Nc1ccc(F)c(Br)c1,低毒,12.587451,27.940649
O=C(C(Cl)=NBr)c1nn[nH]c1N(Cc1ccccc1)Cc1ccccc1,高毒,12.595518,42.472836
O=C(c1nn[nH]c1N(Cc1ccccc1)Cc1ccccc1)S1(CS(=O)(=O)c2ccccc2F)CNCS1,中毒,11.014143,36.22951
O=C(c1nn[nH]c1N(Cc1ccccc1)Cc1ccccc1)c1sc(Cl)cc1Cl,低毒,3.5702617,32.00644
NS(=O)(=O)CN(CCl)C(=O)c1nn[nH]c1N(Cc1ccccc1)Cc1ccccc1,高毒,7.6790786,25.051384
O=C(OOOCc1cncn1-c1ccccc1)c1nn[nH]c1N(Cc1ccccc1)Cc1ccccc1,中毒,6.5326886,42.83255
O=C(c1nn[nH]c1N(Cc1ccccc1)Cc1ccccc1)C1CCCCO1,低毒,14.13984,41.11201
O=C(c1cc(F)ccc1NCc1ccccc1C(F)(F)F)c1nn[nH]c1N(Cc1ccccc1)Cc1ccccc1,中毒,5.566856,19.873621
O=C(c1csc(NC2CCC2)n1)c1nn[nH]c1N(Cc1ccccc1)Cc1ccccc1,低毒,17.082487,23.603157
O=C(c1nn[nH]c1N(Cc1ccccc1)Cc1ccccc1)c1nccn1S(=O)(=O)c1ccc(F)c(OC(F)(F)F)c1,中毒,8.293376,13.02379
O=C(c1nn[nH]c1N(Cc1ccccc1)Cc1ccccc1)C1CSC(c2cnc3[nH]cnc3c2)=N1,中毒,17.239576,31.429922
O=C(c1nn[nH]c1N(Cc1ccccc1)Cc1ccccc1)C1(S(=O)(=O)c2ccccc2)CCNC1,中毒,23.138746,11.888554
O=C(c1cnn(C2CN2)c1)c1nn[nH]c1N(Cc1ccccc1)Cc1ccccc1,低毒,4.127754,45.20322
O=C(c1ccc2c(c1)-c1ccccc1-n1cccc1N2)c1nn[nH]c1N(Cc1ccccc1)Cc1ccccc1,中毒,15.498749,52.8529
O=C(c1nn[nH]c1N(Cc1ccccc1)Cc1ccccc1)C1CCCCC1(F)F,中毒,8.238762,22.30062
O=C(c1nn[nH]c1N(Cc1ccccc1)Cc1ccccc1)[SH](=O)=S,低毒,5.2192693,105.1035
O=C(COc1ccccc1Cl)c1nn[nH]c1N(Cc1ccccc1)Cc1ccccc1,高毒,12.285367,102.96765
O=C(c1nn[nH]c1N(Cc1ccccc1)Cc1ccccc1)C1OC1c1cnccn1,中毒,5.6990576,41.11201
O=C(Nc1nccs1)c1nn[nH]c1N(Cc1ccccc1)Cc1ccccc1,中毒,9.143364,37.48489
O=C(c1nn[nH]c1N(Cc1ccccc1)Cc1ccccc1)c1nc2[nH][nH]nc(-c3cccc(Cl)c3)c1-2,中毒,17.901764,37.29228
O=C(c1nn[nH]c1N(Cc1ccccc1)Cc1ccccc1)N(c1nc[nH]n1)P(=O)(c1ccccc1)c1ccccc1,中毒,32.813423,25.519197
NCCOc1ccc(C[n+]2cccc(Nn3cnsc3=S(Cc3cccnc3)C(=O)c3nn[nH]c3N(Cc3ccccc3)Cc3ccccc3)c2CCl)cc1,中毒,12.067114,24.802319
O=C(c1nn[nH]c1N(Cc1ccccc1)Cc1ccccc1)N1c2ccccc2CCN1Cc1cc(O)c(O)nc1O,中毒,10.536917,27.68339
O=C(c1nn[nH]c1N(Cc1ccccc1)Cc1ccccc1)C(SS(=O)(=O)O)N1CN2CCC1CC2,中毒,38.823082,28.273901
O=C(c1nn[nH]c1N(Cc1ccccc1)Cc1ccccc1)C1NCCc2ccccc21,中毒,8.728971,67.254944
O=C(c1ccc2ncoc2c1)c1nn[nH]c1N(Cc1ccccc1)Cc1ccccc1,中毒,10.894191,108.79434
O=C(c1nn[nH]c1N(Cc1ccccc1)Cc1ccccc1)c1c(Cl)c2ccc(Cl)nc2n1C1CC1,中毒,11.323628,17.327919
O=C(O[15I])c1nn[nH]c1N(Cc1ccccc1)Cc1ccccc1,高毒,10.201695,34.70963
O=C(C1=CC=C[N+]=NN1)c1nn[nH]c1N(Cc1ccccc1)Cc1ccccc1,低毒,5.3053966,36.587296
O=C(c1nn[nH]c1N(Cc1ccccc1)Cc1ccccc1)c1[nH]nc(C2=Nc3cccc4[nH]nc(c34)S2)c1Cc1cccnn1,中毒,18.211054,56.599335
O=C(C(Cl)=C(NC(=S)NC(=O)c1c(Cl)cccc1Cl)c1ccc2[nH]cnc2c1)c1nn[nH]c1N(Cc1ccccc1)Cc1ccccc1,中毒,12.899289,75.288994
O=C1C=CC2=C3SC(c4ccccc4O)=CN3CC(C(=O)c3nn[nH]c3N(Cc3ccccc3)Cc3ccccc3)SC(F)=C12,中毒,17.664818,11.257486
O=C(c1ccccc1I)c1nn[nH]c1N(Cc1ccccc1)Cc1ccccc1,低毒,12.921395,34.50007
O=C(c1ccc(Cl)o1)c1nn[nH]c1N(Cc1ccccc1)Cc1ccccc1,低毒,6.295896,108.79434
O=C(c1nn[nH]c1N(Cc1ccccc1)Cc1ccccc1)N(Cc1ccc(OC(F)(F)F)cc1)c1ccco1,中毒,7.3753867,21.310154
O=C(c1nn[nH]c1N(Cc1ccccc1)Cc1ccccc1)c1scn[n+]1[O-],低毒,17.804089,19.939602
O=C(c1nn[nH]c1N(Cc1ccccc1)Cc1ccccc1)C1CON(C2CC2Br)C1,中毒,6.9836826,26.930273
O=C(c1nn[nH]c1N(Cc1ccccc1)Cc1ccccc1)N1CC2C(c3cc(Sc4nnsn4)cc([N+](=O)[O-])c3)=CC=CN2C1,中毒,18.650047,17.420776
O=C(c1nn[nH]c1N(Cc1ccccc1)Cc1ccccc1)[SH](c1ccccc1Cl)S(=O)(=O)c1cccnc1,中毒,9.879752,29.625902
O=C(c1nn[nH]c1N(Cc1ccccc1)Cc1ccccc1)c1c(O)c(Br)nc2ccccc12,中毒,14.710481,12.258503
O=C(c1cn(-c2cc(Cl)c(OCC(F)(F)F)c(Br)c2)nc1Cl)c1nn[nH]c1N(Cc1ccccc1)Cc1ccccc1,中毒,8.668397,57.48542
O=C(C=Cc1c[nH]nc1-c1ncon1)c1nn[nH]c1N(Cc1ccccc1)Cc1ccccc1,中毒,11.313056,55.478966
O=C(c1cc2cc(Cl)[nH]c(=O)c2s1)c1nn[nH]c1N(Cc1ccccc1)Cc1ccccc1,中毒,8.742587,35.11842
O=C(c1nn[nH]c1N(Cc1ccccc1)Cc1ccccc1)C1([N+](=O)[O-])CC2(O)CSc3nn(S(=O)(=O)O)n3CN2c2ccccc21,中毒,13.614943,10.292379
O=C(c1nn[nH]c1N(Cc1ccccc1)Cc1ccccc1)C1NS(=O)(=O)c2ccccc21,中毒,8.78396,70.882996
O=C(SSc1ccccc1N1CCN(n2ccnc2)CC1C(F)(F)F)c1nn[nH]c1N(Cc1ccccc1)Cc1ccccc1,中毒,11.229273,24.342138
O=C(c1nn[nH]c1N(Cc1ccccc1)Cc1ccccc1)c1sc[n+]([O-])c1I,低毒,14.168839,26.455732
O=C(c1ccc(S(=O)(=O)S(=O)(=O)O)s1)c1nn[nH]c1N(Cc1ccccc1)Cc1ccccc1,中毒,5.0551353,18.698236
O=C(c1nn[nH]c1N(Cc1ccccc1)Cc1ccccc1)c1snnc1COc1cccc(Br)c1,低毒,14.367483,30.135832
O=C(c1nsnc1Cl)c1nn[nH]c1N(Cc1ccccc1)Cc1ccccc1,低毒,4.2093515,18.31347
O=C(c1nonc1NO)c1nn[nH]c1N(Cc1ccccc1)Cc1ccccc1,微毒,16.772837,19.855677
O=C(C1=NOC(c2ccc(Cl)cc2Cl)C1)c1nn[nH]c1N(Cc1ccccc1)Cc1ccccc1,中毒,22.518536,33.99595
O=C(c1nn[nH]c1N(Cc1ccccc1)Cc1ccccc1)C1CCN(C(Cl)Cl)C(=O)C1,中毒,18.126776,13.39559
O=C(c1nn[nH]c1N(Cc1ccccc1)Cc1ccccc1)C1CCc2[nH]c(=O)sc2C2COCCN2C1=O,中毒,8.40048,11.146428
O=C(c1nn[nH]c1N(Cc1ccccc1)Cc1ccccc1)C1(c2cccs2)CCCC1,中毒,11.360196,33.55768
O=C(C1=CSCCSC1)c1nn[nH]c1N(Cc1ccccc1)Cc1ccccc1,中毒,4.854593,36.587296
O=C(c1nn[nH]c1N(Cc1ccccc1)Cc1ccccc1)S(=O)(=O)c1cscn1,中毒,17.231918,62.87364
O=C(c1cnns1)c1nn[nH]c1N(Cc1ccccc1)Cc1ccccc1,低毒,5.9809318,29.36747
O=C(c1nn[nH]c1N(Cc1ccccc1)Cc1ccccc1)N1SCC(Nc2nc3cccnc3[nH]2)=NC1=S,中毒,8.970146,77.67145
O=C(c1ccc(Cl)cc1[N+](=O)[O-])c1nn[nH]c1N(Cc1ccccc1)Cc1ccccc1,中毒,8.457127,25.358694
O=C(c1nn[nH]c1N(Cc1ccccc1)Cc1ccccc1)c1c(F)c(O)c(F)c(F)c1F,中毒,16.313023,16.613554
O=C(CCI)OC(=O)c1nn[nH]c1N(Cc1ccccc1)Cc1ccccc1,高毒,6.4241095,37.091206
O=C(c1nn[nH]c1N(Cc1ccccc1)Cc1ccccc1)c1cnn2ncccc12,中毒,41.636017,30.879324
O=C(c1nn[nH]c1N(Cc1ccccc1)Cc1ccccc1)C1(F)CS1,中毒,8.584854,53.78547
O=C(c1nn[nH]c1N(Cc1ccccc1)Cc1ccccc1)n1nnc(-c2cnn3c(-c4ccnc5sccc45)csc23)c1-c1nc2cnccc2s1,中毒,5.360003,14.3937645
O=C(c1cccc([N+](=O)[O-])c1)c1nn[nH]c1N(Cc1ccccc1)Cc1ccccc1,低毒,14.106122,21.606764
N#CCCc1ccccc1C(=O)c1nn[nH]c1N(Cc1ccccc1)Cc1ccccc1,中毒,17.667408,26.113438
O=C(C(=C(O)c1ccccc1)P(=O)(c1ccccc1)c1ccccn1)c1nn[nH]c1N(Cc1ccccc1)Cc1ccccc1,中毒,10.440395,22.58534
O=C(c1ccc2[nH]ccc2c1)c1nn[nH]c1N(Cc1ccccc1)Cc1ccccc1,中毒,6.6625533,34.50007
O=C(c1nn[nH]c1N(Cc1ccccc1)Cc1ccccc1)C1CCCNC1,中毒,19.461971,21.035542
O=C(c1nn[nH]c1N(Cc1ccccc1)Cc1ccccc1)C1OC1c1ccncc1-c1cccnc1,中毒,4.714241,44.86334
O=C(c1nn[nH]c1N(Cc1ccccc1)Cc1ccccc1)c1sc(CCOP(=O)(O)O)cc1F,中毒,20.119535,30.788603
O=C(c1nonc1N1CCCC1)c1nn[nH]c1N(Cc1ccccc1)Cc1ccccc1,中毒,15.387692,26.370928
O=C(ON=Cc1ccsc1)c1nn[nH]c1N(Cc1ccccc1)Cc1ccccc1,中毒,6.708568,35.818108
O=C(c1nn[nH]c1N(Cc1ccccc1)Cc1ccccc1)N(Nc1ccc2ccccc2c1)c1cc(I)cc(Cl)c1O,中毒,13.071692,9.466301
O=C(c1nn[nH]c1N(Cc1ccccc1)Cc1ccccc1)c1sc2nc(SCNc3ccccc3O)sc2c1Nc1ccc(Br)cc1,中毒,33.56348,25.60482
O=C(c1nn[nH]c1N(Cc1ccccc1)Cc1ccccc1)c1ccnn[n+]1-c1ccccc1,低毒,10.612266,21.410532
O=C(c1nn[nH]c1N(Cc1ccccc1)Cc1ccccc1)c1co[nH]c1=S,低毒,17.582653,84.93682
O=C(c1ccc(Cl)c(Cl)c1O)c1nn[nH]c1N(Cc1ccccc1)Cc1ccccc1,低毒,7.4153166,19.154457
O=C(c1nc[nH]c1Cl)c1nn[nH]c1N(Cc1ccccc1)Cc1ccccc1,低毒,4.1356435,30.286152
O=C1C=Cc2ccc(-c3cocc3C3(C(=O)c4nn[nH]c4N(Cc4ccccc4)Cc4ccccc4)CO3)n2CCO1,中毒,10.828372,14.2372675
O=C(c1nn[nH]c1N(Cc1ccccc1)Cc1ccccc1)C1OC2OC(CO)C(O)C(O)C2O1,低毒,8.127022,73.04137
O=C(c1nn[nH]c1N(Cc1ccccc1)Cc1ccccc1)c1ccn[nH]c1=S,低毒,5.037307,98.82907
O=C(Oc1ccccc1CN1CCCC1)c1nn[nH]c1N(Cc1ccccc1)Cc1ccccc1,低毒,25.721128,34.70963
O=C(c1nn[nH]c1N(Cc1ccccc1)Cc1ccccc1)C1CCSCO1,低毒,6.9044075,98.3049
O=C(O)C1=CCN(S(=O)(=O)c2ccccc2F)C1(NS(=O)(=O)c1ccccn1)C(=O)c1nn[nH]c1N(Cc1ccccc1)Cc1ccccc1,中毒,6.8139462,17.788555
O=C(c1nn[nH]c1N(Cc1ccccc1)Cc1ccccc1)C12CC3CC1CN(C3)C2,中毒,26.425592,8.471967
O=C(Sc1ccc(F)c(C(F)(F)F)c1Cl)c1nn[nH]c1N(Cc1ccccc1)Cc1ccccc1,中毒,5.970531,15.473865
O=C(c1ccn(Cc2cccnc2)n1)c1nn[nH]c1N(Cc1ccccc1)Cc1ccccc1,中毒,16.815035,50.18471
O=C(c1ccncc1OCCCl)c1nn[nH]c1N(Cc1ccccc1)Cc1ccccc1,低毒,5.943993,20.287848
O=C(c1cc([N+](=O)[O-])sc1-c1cccc(O)c1)c1nn[nH]c1N(Cc1ccccc1)Cc1ccccc1,低毒,13.372279,12.434814
O=C(c1conc1-c1ccsc1)c1nn[nH]c1N(Cc1ccccc1)Cc1ccccc1,低毒,11.322118,20.035828
O=C(c1nn[nH]c1N(Cc1ccccc1)Cc1ccccc1)C(c1cccs1)S(=O)(=O)Cc1sccc1Cl,中毒,10.263465,26.634277
N#Cc1nocc1C(=O)c1nn[nH]c1N(Cc1ccccc1)Cc1ccccc1,低毒,6.273191,51.347263
O=C(c1nn[nH]c1N(Cc1ccccc1)Cc1ccccc1)[SH](SC1OC(CO)C(O)C(O)C1O)c1cc2cc(Cl)ccc2[nH]c1=O,低毒,8.523311,13.958889
O=C(C1=Nc2ccccc2C=CC=C1N1CCCCC1)c1nn[nH]c1N(Cc1ccccc1)Cc1ccccc1,中毒,22.095713,14.075265
O=C(c1nn[nH]c1N(Cc1ccccc1)Cc1ccccc1)c1scc(C(F)(F)F)c1-n1cccc1,中毒,11.591821,23.51013
O=C(c1coc(Nc2ccccc2)n1)c1nn[nH]c1N(Cc1ccccc1)Cc1ccccc1,低毒,12.896113,36.07957
O=C(C(=C(NO)SCc1ncns1)c1nccs1)c1nn[nH]c1N(Cc1ccccc1)Cc1ccccc1,中毒,8.394574,74.69442
O=C(NC(=Nc1cccc(F)c1)c1ccncc1)c1nn[nH]c1N(Cc1ccccc1)Cc1ccccc1,低毒,6.4387417,17.299889
O=C1CN(C(=O)c2nn[nH]c2N(Cc2ccccc2)Cc2ccccc2)N=CS1,中毒,26.740576,22.916853
O=C(c1nn[nH]c1N(Cc1ccccc1)Cc1ccccc1)c1sccc1Cl,低毒,3.5702617,21.606764
O=C(c1cc(F)ccc1[N+](=O)[O-])c1nn[nH]c1N(Cc1ccccc1)Cc1ccccc1,中毒,9.211015,17.77901
O=C(c1nn[nH]c1N(Cc1ccccc1)Cc1ccccc1)c1coc2cccnc2c1=O,低毒,39.156185,39.433178
O=C(c1nn[nH]c1N(Cc1ccccc1)Cc1ccccc1)c1[nH]cnc1C1CC1,低毒,6.314196,68.55407
O=C(c1nn[nH]c1N(Cc1ccccc1)Cc1ccccc1)C1CC2CCCCC1N2CSSC1CCCCC1,中毒,26.425592,42.099205
O=C(c1ccc2cn[nH]c2c1)c1nn[nH]c1N(Cc1ccccc1)Cc1ccccc1,低毒,13.950841,34.50007
O=C(c1nn[nH]c1N(Cc1ccccc1)Cc1ccccc1)c1c(Cl)cccc1Br,中毒,3.4502869,34.049644
O=C(c1nn[nH]c1N(Cc1ccccc1)Cc1ccccc1)C(O)c1cccnc1,高毒,4.5691423,35.110603
O=C(SP1(=S)SCc2c(nc3c(NC4CCCCC4)cc(F)c(F)c3c2O)CC1=O)c1nn[nH]c1N(Cc1ccccc1)Cc1ccccc1,中毒,12.476084,62.459347
O=C(c1nn[nH]c1N(Cc1ccccc1)Cc1ccccc1)C(c1ccccc1)c1ccccc1,高毒,10.662706,66.28308
O=C(c1cc(I)c(ON(C(F)(F)F)C(F)(F)F)cc1Br)c1nn[nH]c1N(Cc1ccccc1)Cc1ccccc1,中毒,5.7687135,84.037415
O=C(c1cnc(Cl)cc1Cl)c1nn[nH]c1N(Cc1ccccc1)Cc1ccccc1,中毒,4.4499626,18.188808
O=C(c1nn[nH]c1N(Cc1ccccc1)Cc1ccccc1)N1CCN(S(=O)(=O)c2cccs2)CC1,中毒,7.617129,16.858675
O=C(Sc1cccs1)c1nn[nH]c1N(Cc1ccccc1)Cc1ccccc1,高毒,10.655891,29.393785
O=C(c1ccc(Br)cc1)c1nn[nH]c1N(Cc1ccccc1)Cc1ccccc1,高毒,5.037307,34.50007
O=C(c1nn[nH]c1N(Cc1ccccc1)Cc1ccccc1)c1[nH]c2cnccc2c1Br,中毒,17.510033,32.746445
O=C(c1c[nH]nc1Cl)c1nn[nH]c1N(Cc1ccccc1)Cc1ccccc1,中毒,3.4502869,31.916294
O=C(c1nn[nH]c1N(Cc1ccccc1)Cc1ccccc1)c1scnc1Br,低毒,17.973186,45.352272
O=C(c1cn(-c2ccccc2Cl)nc1-c1ccccc1)c1nn[nH]c1N(Cc1ccccc1)Cc1ccccc1,中毒,7.7518606,62.419464
O=C(c1nn[nH]c1N(Cc1ccccc1)Cc1ccccc1)c1cc2ccccc2oc1=S,低毒,11.528915,238.56888
O=C(c1nn[nH]c1N(Cc1ccccc1)Cc1ccccc1)c1oc(=O)sc1Cl,低毒,4.1556225,64.433624
O=C(c1nn[nH]c1N(Cc1ccccc1)Cc1ccccc1)C1CC=CCS1,中毒,13.323265,56.660545
O=C(c1nn[nH]c1N(Cc1ccccc1)Cc1ccccc1)[SH](C=NCl)c1ccccn1,中毒,11.309895,34.08825
O=C(S[N+](=O)[O-])c1nn[nH]c1N(Cc1ccccc1)Cc1ccccc1,低毒,12.782871,33.37947
O=C(c1nn[nH]c1N(Cc1ccccc1)Cc1ccccc1)[SH](Br)c1ccc2ccccc2c1,中毒,13.624289,25.291515
O=C(c1nn[nH]c1N(Cc1ccccc1)Cc1ccccc1)C12COC1c1ccccc12,中毒,9.392593,44.078316
O=C(c1nn[nH]c1N(Cc1ccccc1)Cc1ccccc1)N1CCC(Cc2c(Cl)cccc2Cl)CC1,中毒,22.223923,36.417004
O=C(c1nn[nH]c1N(Cc1ccccc1)Cc1ccccc1)c1ccnn1-c1cn(-c2ccccc2Cl)nn1,低毒,8.022476,76.768974
O=C(c1nc2ccc(Cl)cc2s1)c1nn[nH]c1N(Cc1ccccc1)Cc1ccccc1,中毒,22.349771,44.571575
O=C(c1nn[nH]c1N(Cc1ccccc1)Cc1ccccc1)c1nnn(-c2ccccc2Cl)c(=S)c1SCCc1nc2ccccc2s1,中毒,9.256878,82.09398
O=C(c1ccc2oc(N3CCC=N3)nc2c1)c1nn[nH]c1N(Cc1ccccc1)Cc1ccccc1,低毒,22.968632,102.33306
O=C(c1nn[nH]c1N(Cc1ccccc1)Cc1ccccc1)C(n1ccnn1)n1cnc2cnccc21,中毒,32.741673,16.431627
O=C(c1nn[nH]c1N(Cc1ccccc1)Cc1ccccc1)c1c[nH]c2ccc(Br)cc12,中毒,17.915283,21.234655
O=C(c1nn[nH]c1N(Cc1ccccc1)Cc1ccccc1)c1cnnn1C1CCN(C(=S)SC(F)F)CC1,中毒,18.198402,23.928694
O=C(SSc1ccc([N+](=O)[O-])o1)c1nn[nH]c1N(Cc1ccccc1)Cc1ccccc1,低毒,13.950841,68.19969
O=C(c1nn[nH]c1N(Cc1ccccc1)Cc1ccccc1)C(CN1CCOCC1)OCOO[N+](=O)[O-],中毒,6.9044075,24.239897
O=C(c1coc(-c2ccoc2)n1)c1nn[nH]c1N(Cc1ccccc1)Cc1ccccc1,低毒,7.961838,46.371414
O=C(c1nn[nH]c1N(Cc1ccccc1)Cc1ccccc1)N1CCOC1,中毒,8.3274145,50.621746
O=C(Sc1ccncc1)c1nn[nH]c1N(Cc1ccccc1)Cc1ccccc1,中毒,6.708568,29.393785
O=C(c1nn[nH]c1N(Cc1ccccc1)Cc1ccccc1)c1c(F)cccc1Cl,中毒,9.815951,22.11593
O=C(Oc1ccccc1Br)c1nn[nH]c1N(Cc1ccccc1)Cc1ccccc1,低毒,10.256438,39.769817
O=C(c1cnoc1-n1cnnn1)c1nn[nH]c1N(Cc1ccccc1)Cc1ccccc1,低毒,15.40751,44.855484
O=C(c1nn[nH]c1N(Cc1ccccc1)Cc1ccccc1)C1(c2noc(Cc3ccncc3)n2)C(=NNc2cccs2)Nc2c(F)cccc21,中毒,6.5963764,14.072692
O=Cc1c(C(=O)c2nn[nH]c2N(Cc2ccccc2)Cc2ccccc2)sc2ccccc12,中毒,7.8632665,35.400833
O=C(c1nn[nH]c1N(Cc1ccccc1)Cc1ccccc1)c1c(Cl)noc1-c1ccccc1,中毒,9.72293,30.771832
O=C(c1nn[nH]c1N(Cc1ccccc1)Cc1ccccc1)N(Cl)c1ccc(C2(C(F)(F)F)CCC(F)C2)cc1,高毒,8.873394,37.66503
O=C(c1c[nH]nc1C(F)(F)F)c1nn[nH]c1N(Cc1ccccc1)Cc1ccccc1,中毒,6.273191,61.784237
O=C(c1ccc(S)o1)c1nn[nH]c1N(Cc1ccccc1)Cc1ccccc1,中毒,6.260118,61.191177
O=C(SN1CC1c1sccc1-c1c[nH]c2ccccc12)c1nn[nH]c1N(Cc1ccccc1)Cc1ccccc1,中毒,21.523277,17.58553
O=C(c1ccn(-c2cc(Cl)cc(Cl)c2COC2CCN2)n1)c1nn[nH]c1N(Cc1ccccc1)Cc1ccccc1,低毒,6.371875,97.86035
O=C(c1nn[nH]c1N(Cc1ccccc1)Cc1ccccc1)c1cc2c3c(sc2n(CCNc2ccncn2)c1=O)-c1ccccc1CC3,中毒,8.5723,15.046138
O=C(c1nn[nH]c1N(Cc1ccccc1)Cc1ccccc1)c1sc(-c2ccccn2)nc1Cl,中毒,27.848722,25.641085
O=C(c1nn[nH]c1N(Cc1ccccc1)Cc1ccccc1)S(=O)(=O)CF,低毒,15.316387,70.04605
O=C(c1nn[nH]c1N(Cc1ccccc1)Cc1ccccc1)C(O)(F)CBr,高毒,4.2613,102.96765
O=C(c1ccc(F)cc1)c1nn[nH]c1N(Cc1ccccc1)Cc1ccccc1,低毒,5.8860874,20.880424
O=C(c1nc2ccc(Cl)cc2[nH]1)c1nn[nH]c1N(Cc1ccccc1)Cc1ccccc1,中毒,44.332058,40.16329
O=C(Nc1ccccc1Br)c1nn[nH]c1N(Cc1ccccc1)Cc1ccccc1,低毒,4.7700553,22.836445
O=C(c1nn[nH]c1N(Cc1ccccc1)Cc1ccccc1)C(C1=C(O)C=Cc2[nH]ncc2S1(=O)=O)[N+](=O)[O-],中毒,25.78554,49.877544
O=C1CSC(C(=O)c2nn[nH]c2N(Cc2ccccc2)Cc2ccccc2)C(=CP(=O)(O)O)CCN1,中毒,29.690859,30.520765
O=C(c1ccc(COP(=O)(O)O)cc1)c1nn[nH]c1N(Cc1ccccc1)Cc1ccccc1,低毒,5.037307,26.775206
O=C(c1nn[nH]c1N(Cc1ccccc1)Cc1ccccc1)C1COc2ccccc2-c2c1ccc1sccc21,中毒,12.38038,19.050045
O=C(c1c[nH]nn1)c1nn[nH]c1N(Cc1ccccc1)Cc1ccccc1,低毒,5.037307,34.50007
O=C(c1cc([N+](=O)[O-])cs1)c1nn[nH]c1N(Cc1ccccc1)Cc1ccccc1,低毒,14.578729,17.07878
O=C(CP(c1ccccc1)c1ccccc1)c1nn[nH]c1N(Cc1ccccc1)Cc1ccccc1,中毒,38.241352,56.60067
O=C(c1nn[nH]c1N(Cc1ccccc1)Cc1ccccc1)C(c1cscc1CSCl)[N+](=O)[O-],中毒,10.838039,24.28819
O=C(c1cc2n(n1)CN2c1ccccc1F)c1nn[nH]c1N(Cc1ccccc1)Cc1ccccc1,低毒,7.5726056,15.35812
O=C(OCc1ccc(C(F)(F)F)cc1)c1nn[nH]c1N(Cc1ccccc1)Cc1ccccc1,低毒,6.3385205,25.683954
O=C(c1nn[nH]c1N(Cc1ccccc1)Cc1ccccc1)N1CCCSCC1,中毒,9.32252,21.923925
O=C(c1nn[nH]c1N(Cc1ccccc1)Cc1ccccc1)[SH](NN=Cc1cc(I)c(O)c(I)c1)OO,低毒,18.55737,36.67163
O=C(c1nn[nH]c1N(Cc1ccccc1)Cc1ccccc1)C(O)(c1ccccc1)C([N+](=O)[O-])P(c1ccccc1)N1CCCN1,中毒,8.979419,19.657486
O=C(c1nn[nH]c1N(Cc1ccccc1)Cc1ccccc1)N1CCN(c2cccnn2)CC1,中毒,8.732165,12.740919
O=C(c1nn[nH]c1N(Cc1ccccc1)Cc1ccccc1)c1[nH][nH]c(=O)c1-c1ccccc1Cl,中毒,9.47975,43.588303
O=C(c1nn[nH]c1N(Cc1ccccc1)Cc1ccccc1)c1snc2c1CCN(O)C2,中毒,13.555837,33.46817
O=C(c1nn[nH]c1N(Cc1ccccc1)Cc1ccccc1)c1c(O)csc1C(F)F,中毒,5.753842,31.129118
O=C(C1=CC=CN2C=CN=C1C2)c1nn[nH]c1N(Cc1ccccc1)Cc1ccccc1,中毒,15.108593,10.849848
N#Cc1nc[nH]c1C(=O)c1nn[nH]c1N(Cc1ccccc1)Cc1ccccc1,低毒,6.1503696,114.26189
O=C(C1=CC(C(F)=Cc2cc3cc4c(=NOCCO)c(nc3[nH]2)=CN=4)=CCOCC1=NC1CC1)c1nn[nH]c1N(Cc1ccccc1)Cc1ccccc1,中毒,5.882209,8.409181
O=C(c1nn(-c2ccccc2F)cc1C1CC(CCN2CCNCC2)NC(C(=O)N2CCOCC2)C1)c1nn[nH]c1N(Cc1ccccc1)Cc1ccccc1,中毒,16.68973,33.43328
O=C(OCc1ccccc1Br)c1nn[nH]c1N(Cc1ccccc1)Cc1ccccc1,高毒,7.140232,34.70963
O=C(C(=S)OCO[N+](=O)[O-])c1nn[nH]c1N(Cc1ccccc1)Cc1ccccc1,高毒,6.8554707,102.45639
O=C(c1nn[nH]c1N(Cc1ccccc1)Cc1ccccc1)C(Cl)Br,低毒,6.273191,53.78547
O=C(N=Cc1ccccc1O)c1nn[nH]c1N(Cc1ccccc1)Cc1ccccc1,高毒,10.703602,37.042847
O=C(c1nn[nH]c1N(Cc1ccccc1)Cc1ccccc1)S(=O)(=O)F,低毒,6.8626986,30.010038
O=C(OCc1cccnc1)c1nn[nH]c1N(Cc1ccccc1)Cc1ccccc1,高毒,6.3385205,34.70963
O=C1CC(SS(=NCC2CCc3[nH]ncc3C2)C(=O)c2nn[nH]c2N(Cc2ccccc2)Cc2ccccc2)C(=O)N1CNc1cnsn1,中毒,14.878389,18.512197
O=C(c1nn[nH]c1N(Cc1ccccc1)Cc1ccccc1)c1no[n+]([O-])c1Cl,中毒,4.168987,16.515947
O=C(c1nn[nH]c1N(Cc1ccccc1)Cc1ccccc1)C1CCc2nc(OC(F)(F)F)sc2NC1c1cn(Cc2ccccc2OC2CC2)nn1,中毒,7.275344,8.987774
O=C(C1=NC(Cc2ccc3scnc3c2Cl)=NC12CCNCC2)c1nn[nH]c1N(Cc1ccccc1)Cc1ccccc1,中毒,22.91657,14.3937645
O=C(c1nn[nH]c1N(Cc1ccccc1)Cc1ccccc1)C(CO)Cc1c[nH]cn1,中毒,3.9491136,29.681398
O=C(c1nn[nH]c1N(Cc1ccccc1)Cc1ccccc1)N1N=C(CBr)C1c1cccs1,中毒,14.735116,13.07625
O=C(c1nn[nH]c1N(Cc1ccccc1)Cc1ccccc1)N1CCN(c2ccc(Cl)cc2F)CC1,中毒,5.5858984,11.100464
O=C(c1cn(C2OC(Cc3nc4ccc(O)cc4s3)C(F)C2O)nc1N1CCCC1)c1nn[nH]c1N(Cc1ccccc1)Cc1ccccc1,中毒,20.930578,19.209352
O=C(c1nn[nH]c1N(Cc1ccccc1)Cc1ccccc1)P(=O)(OS(=O)O)c1cccs1,中毒,6.0983615,49.120102
O=C(c1nn[nH]c1N(Cc1ccccc1)Cc1ccccc1)c1csc(=O)n1-c1ccccc1,低毒,5.508372,38.876335
O=C(c1nn[nH]c1N(Cc1ccccc1)Cc1ccccc1)C1CCCCC1c1c[nH]cn1,中毒,7.5758924,20.505808
O=C(c1nc2c(s1)CCC2)c1nn[nH]c1N(Cc1ccccc1)Cc1ccccc1,中毒,4.8489656,40.356224
O=C(c1nn[nH]c1N(Cc1ccccc1)Cc1ccccc1)S(=O)Nc1nccs1,低毒,20.029135,28.821009
O=C(c1ccc(OCCn2cc(O)cn2)cc1)c1nn[nH]c1N(Cc1ccccc1)Cc1ccccc1,低毒,5.276667,25.414986
O=C(c1nn[nH]c1N(Cc1ccccc1)Cc1ccccc1)N1CCN([SH](F)(F)(F)F)CC1,中毒,8.732165,37.3526
O=C(c1nn[nH]c1N(Cc1ccccc1)Cc1ccccc1)S(Br)(c1cccnc1)c1nsnc1-c1ccccc1,中毒,7.932579,29.690712
O=C(NCCN1N=CC2=CC=CN=CN21)c1nn[nH]c1N(Cc1ccccc1)Cc1ccccc1,中毒,12.097101,21.2813
O=C(c1nn[nH]c1N(Cc1ccccc1)Cc1ccccc1)c1cccn1-c1ccc(Br)cc1,低毒,10.612266,29.762762
O=C(c1nn[nH]c1N(Cc1ccccc1)Cc1ccccc1)C(c1ccn(C2CCOCC2)n1)c1cnn[nH]1,中毒,13.2933,37.38814
O=C(OCc1nn2cnc3ccoc3c2c1C(=O)NS(=O)(=O)c1ccc(I)cc1)c1nn[nH]c1N(Cc1ccccc1)Cc1ccccc1,中毒,12.476084,22.093384
O=C(c1nn[nH]c1N(Cc1ccccc1)Cc1ccccc1)[SH]1(=O)c2ccccc2C1c1cccnc1,中毒,8.184742,12.414308
O=C(c1cccnc1Br)c1nn[nH]c1N(Cc1ccccc1)Cc1ccccc1,中毒,5.415689,20.880424
Nn1cc(-c2cnn(F)c2)nc1Nc1ccc2c(C(=O)c3nn[nH]c3N(Cc3ccccc3)Cc3ccccc3)noc2c1,中毒,17.475069,26.786322
O=C(c1nn[nH]c1N(Cc1ccccc1)Cc1ccccc1)C1CCCCCO1,低毒,14.13984,41.11201
O=C(c1cc(F)c(Oc2ccc(F)c(F)c2)cc1F)c1nn[nH]c1N(Cc1ccccc1)Cc1ccccc1,中毒,16.313023,15.8179455
O=C(c1nn[nH]c1N(Cc1ccccc1)Cc1ccccc1)c1n[nH]c2sncc12,低毒,7.8179197,40.847244
O=C(c1c[nH]c(-c2ccccc2)n1)c1nn[nH]c1N(Cc1ccccc1)Cc1ccccc1,低毒,10.264914,101.04092
O=C(c1nn[nH]c1N(Cc1ccccc1)Cc1ccccc1)c1c(F)cccc1F,中毒,16.313023,20.880424
O=C(c1ccnc([N+](=O)[O-])c1)c1nn[nH]c1N(Cc1ccccc1)Cc1ccccc1,低毒,5.052193,18.144299
O=C(c1nn[nH]c1N(Cc1ccccc1)Cc1ccccc1)N(O)C1CSCCS1,中毒,10.562039,13.176038
O=C(Cc1cc([N+](=O)[O-])cs1)c1nn[nH]c1N(Cc1ccccc1)Cc1ccccc1,高毒,9.290166,68.77203
O=C(c1cnc2c(Cl)scc2c1O)c1nn[nH]c1N(Cc1ccccc1)Cc1ccccc1,中毒,3.9662325,16.155859
O=C(OC1=Nc2ccccc21)c1nn[nH]c1N(Cc1ccccc1)Cc1ccccc1,中毒,6.3145046,37.60463
O=C(c1nn[nH]c1N(Cc1ccccc1)Cc1ccccc1)C(F)Cl,高毒,2.9952712,56.60067
O=C(c1nn[nH]c1N(Cc1ccccc1)Cc1ccccc1)c1sccc1Sc1ncc[nH]1,中毒,5.02923,33.951176
O=C(c1ncc([N+](=O)[O-])o1)c1nn[nH]c1N(Cc1ccccc1)Cc1ccccc1,低毒,18.131708,35.267406
O=C(c1nn[nH]c1N(Cc1ccccc1)Cc1ccccc1)C1CCCN1S(=O)(=O)c1nc2cc(F)c(Cl)cc2s1,中毒,11.846486,42.18784
O=C(c1cc2c(s1)sc1cccnc12)c1nn[nH]c1N(Cc1ccccc1)Cc1ccccc1,中毒,4.172947,24.052462
O=C(c1nn[nH]c1N(Cc1ccccc1)Cc1ccccc1)c1c(O)cccc1Br,中毒,5.415689,17.199223
O=C(C(=S)N1CCN(CC2(N3CCc4cc(Br)ccc4C3=O)CC2)CC1)c1nn[nH]c1N(Cc1ccccc1)Cc1ccccc1,中毒,38.203445,83.00955
O=C(C(O)c1ccccc1)N1CSCC1[SH](C(=O)c1nn[nH]c1N(Cc1ccccc1)Cc1ccccc1)c1ccccc1,中毒,9.850151,47.981945
O=C(c1nn[nH]c1N(Cc1ccccc1)Cc1ccccc1)c1sccc1-c1cccc(Br)c1,中毒,3.762623,18.074766
O=C(c1nn[nH]c1N(Cc1ccccc1)Cc1ccccc1)C(O)(CO[N+](=O)[O-])OCc1ccccc1,中毒,16.895607,55.22629
O=C(c1nn[nH]c1N(Cc1ccccc1)Cc1ccccc1)c1cccn1-c1ccc(Cl)cc1,低毒,10.612266,29.762762
O=C(c1ccncc1I)c1nn[nH]c1N(Cc1ccccc1)Cc1ccccc1,低毒,13.292497,20.880424
O=C(c1nn[nH]c1N(Cc1ccccc1)Cc1ccccc1)S(=O)(=O)P(=O)(O)OCc1ccccc1,中毒,5.750717,41.051647
O=C(NS(=O)(=O)Cl)c1nn[nH]c1N(Cc1ccccc1)Cc1ccccc1,低毒,27.07574,25.051384
O=C(c1nn[nH]c1N(Cc1ccccc1)Cc1ccccc1)N(c1ccc(OCl)cc1)c1ccc(-c2csnn2)cc1O,低毒,5.9382057,25.926903
O=C(SCNc1cccc[n+]1[O-])c1nn[nH]c1N(Cc1ccccc1)Cc1ccccc1,低毒,6.9906516,26.098589
O=C(c1cc(I)c(O)c(Br)c1Cl)c1nn[nH]c1N(Cc1ccccc1)Cc1ccccc1,低毒,17.117727,29.908281
O=C(c1ncno1)c1nn[nH]c1N(Cc1ccccc1)Cc1ccccc1,低毒,9.290166,57.42674
O=C(Oc1ccncc1)c1nn[nH]c1N(Cc1ccccc1)Cc1ccccc1,低毒,10.256438,34.70963
O=C(c1nsc(SC2=NN=C[SH](=O)(Cl)C2(Cl)Cl)n1)c1nn[nH]c1N(Cc1ccccc1)Cc1ccccc1,中毒,13.45321,63.29094
O=C(OOCc1ccccc1O)c1nn[nH]c1N(Cc1ccccc1)Cc1ccccc1,低毒,7.1555886,34.70963
O=C1C(C(=O)c2nn[nH]c2N(Cc2ccccc2)Cc2ccccc2)=COc2cccnc2C(OCc2cccc(Cl)c2)c2ccncc21,中毒,7.356018,28.474539
O=C(c1nn[nH]c1N(Cc1ccccc1)Cc1ccccc1)C1CCc2nc(Br)c([nH]2)-c2ncccc21,中毒,5.857722,31.747477
O=C(C1=NC2=CC=CCC=NN2c2ccc(Sc3cccc[n+]3Br)cc2N1)c1nn[nH]c1N(Cc1ccccc1)Cc1ccccc1,中毒,4.0543094,25.8758
O=C(OCc1ccccc1)N1CCN1C(C(=O)c1nn[nH]c1N(Cc1ccccc1)Cc1ccccc1)(c1cc(Cl)ccc1F)N1CCOCC1,中毒,9.64399,50.0026
O=C(C1=C(Br)C2C(=O)C3=C([N+]2CN1c1nnnn1CBr)S(=O)(=O)CCCC3)c1nn[nH]c1N(Cc1ccccc1)Cc1ccccc1,中毒,11.365467,15.046138
O=C(C1=NCCN1)c1nn[nH]c1N(Cc1ccccc1)Cc1ccccc1,低毒,11.138867,23.258205
O=C(NSCc1ccncc1Br)c1nn[nH]c1N(Cc1ccccc1)Cc1ccccc1,高毒,7.485112,12.976943
O=C(Sc1conc1Br)c1nn[nH]c1N(Cc1ccccc1)Cc1ccccc1,中毒,6.6162024,30.779434
O=C(c1nn[nH]c1N(Cc1ccccc1)Cc1ccccc1)C1COCN(Cc2ccccc2F)C1,中毒,10.815225,26.930273
O=C(c1nn[nH]c1N(Cc1ccccc1)Cc1ccccc1)C1c2ccccc2CCC1(Cl)Cl,中毒,12.940701,30.050982
O=C(Oc1csc2c1oc1ccccc12)c1nn[nH]c1N(Cc1ccccc1)Cc1ccccc1,中毒,9.302648,12.434012
O=C(c1nn[nH]c1N(Cc1ccccc1)Cc1ccccc1)c1[nH]ncc1CN1CC1,中毒,6.4241095,111.37824
O=C(c1cc(-c2cn3c(F)c(Br)sc3n2)n[nH]1)c1nn[nH]c1N(Cc1ccccc1)Cc1ccccc1,中毒,7.861221,23.626753
O=C(C(=CCO)c1cccnc1N1CC=CCS1)c1nn[nH]c1N(Cc1ccccc1)Cc1ccccc1,中毒,5.9247785,32.85536
O=C(c1ccc(OC2CC2)cc1)c1nn[nH]c1N(Cc1ccccc1)Cc1ccccc1,低毒,5.037307,28.805965
O=C(c1nn[nH]c1N(Cc1ccccc1)Cc1ccccc1)C(CBr)c1ccoc1,高毒,5.253922,57.181202
O=C(c1ccc(OS(=O)(=O)O)cc1)c1nn[nH]c1N(Cc1ccccc1)Cc1ccccc1,高毒,10.612266,22.792627
O=C(c1cccnc1O)c1nn[nH]c1N(Cc1ccccc1)Cc1ccccc1,中毒,13.587517,30.144022
O=C(OC(c1ncsn1)c1ccco1)c1nn[nH]c1N(Cc1ccccc1)Cc1ccccc1,低毒,40.720543,26.833515
O=C(SCNc1cc([N+](=O)[O-])sc1C(=O)SS)c1nn[nH]c1N(Cc1ccccc1)Cc1ccccc1,中毒,13.910496,18.536156
O=C(c1nn[nH]c1N(Cc1ccccc1)Cc1ccccc1)C1CCC=C(Br)C1,中毒,6.1954775,21.076826
O=C(c1nn[nH]c1N(Cc1ccccc1)Cc1ccccc1)[P+](=O)Cc1ccc2ncccc2c1,中毒,12.025418,65.38614
O=C(c1nn[nH]c1N(Cc1ccccc1)Cc1ccccc1)S(=O)(=O)NCCF,低毒,12.68541,45.95731
O=C(c1nn[nH]c1N(Cc1ccccc1)Cc1ccccc1)c1c(O)ncc2ccccc12,中毒,14.795237,24.367958
O=C(c1nn[nH]c1N(Cc1ccccc1)Cc1ccccc1)C12CCC3CC(CC(C3)C1)C2,高毒,10.166119,10.310754
O=C(c1cc(Cl)ncn1)c1nn[nH]c1N(Cc1ccccc1)Cc1ccccc1,低毒,5.037307,31.929913
O=C(c1nonc1O)c1nn[nH]c1N(Cc1ccccc1)Cc1ccccc1,中毒,16.226608,25.911955
O=C(OP1(=O)ON=Cc2ccccc21)c1nn[nH]c1N(Cc1ccccc1)Cc1ccccc1,中毒,18.721464,9.2630415
O=C(CCl)SC1SC[SH]1(=O)C(=O)c1nn[nH]c1N(Cc1ccccc1)Cc1ccccc1,低毒,12.981315,36.75273
O=C(c1cc[nH]c1)c1nn[nH]c1N(Cc1ccccc1)Cc1ccccc1,高毒,5.037307,34.50007
O=C(C(F)=CC(F)(F)I)c1nn[nH]c1N(Cc1ccccc1)Cc1ccccc1,高毒,7.022287,50.39157
O=C(c1ccncc1F)c1nn[nH]c1N(Cc1ccccc1)Cc1ccccc1,中毒,19.373323,34.50007
O=C(c1nn[nH]c1N(Cc1ccccc1)Cc1ccccc1)c1scc(Br)c1Br,低毒,5.3548603,16.24854
O=C(c1nn[nH]c1N(Cc1ccccc1)Cc1ccccc1)c1cn(Br)c(=S)n1S(=O)(=O)c1cc([N+](=O)[O-])ccc1Cl,中毒,12.728716,37.594105
O=C(c1nn[nH]c1N(Cc1ccccc1)Cc1ccccc1)N1CC(F)Sc2c1ncn2-c1cccc(CC=[N+]([O-])NC2CCNCC2)c1F,中毒,14.166747,16.291994
O=C(c1cn2c(n1)CCC2)c1nn[nH]c1N(Cc1ccccc1)Cc1ccccc1,低毒,12.681532,17.308306
O=C(c1nn[nH]c1N(Cc1ccccc1)Cc1ccccc1)C(Oc1no[n+]([O-])n1)S(=O)(=O)c1c(F)cccc1[N+](=O)[O-],中毒,35.33347,18.969772
O=C(c1nn[nH]c1N(Cc1ccccc1)Cc1ccccc1)C(F)(F)I,高毒,4.097792,42.472836
O=C(OCc1c(Cl)cncc1Cl)c1nn[nH]c1N(Cc1ccccc1)Cc1ccccc1,高毒,7.140232,35.322853
O=C(c1nn[nH]c1N(Cc1ccccc1)Cc1ccccc1)[SH](Sc1cc(F)c2ccccc2c1)c1cccnc1,低毒,7.6138706,28.077908
O=C(CP(=O)(Nc1c(Cl)cccc1[N+](=O)[O-])c1ccc(Cl)c(Cl)c1)c1nn[nH]c1N(Cc1ccccc1)Cc1ccccc1,中毒,41.04375,17.914152
O=C(c1nn[nH]c1N(Cc1ccccc1)Cc1ccccc1)N1CCN(c2ccccc2Cl)CC1,中毒,23.886637,13.960291
O=C(c1nn[nH]c1N(Cc1ccccc1)Cc1ccccc1)c1cccc2no[n+]([O-])c12,中毒,14.913086,30.64392
O=C(c1c[nH]s1)c1nn[nH]c1N(Cc1ccccc1)Cc1ccccc1,低毒,7.7063427,28.421774
C=NNC(=O)c1nn[nH]c1N(Cc1ccccc1)Cc1ccccc1,高毒,9.143364,22.836445
O=C(c1nn[nH]c1N(Cc1ccccc1)Cc1ccccc1)c1c[nH]c2c([N+](=O)[O-])cc([N+](=O)[O-])cc2c1=O,中毒,8.883543,41.392582
O=C(c1nc(-c2ccccn2)no1)c1nn[nH]c1N(Cc1ccccc1)Cc1ccccc1,中毒,14.432282,57.987293
O=C(c1nn[nH]c1N(Cc1ccccc1)Cc1ccccc1)c1cccn1C(c1cccc2ccccc12)P(=O)(O)O,低毒,20.898918,26.606503
O=C(c1nn[nH]c1N(Cc1ccccc1)Cc1ccccc1)N(CF)CF,高毒,8.323097,25.051384
O=C(c1ccnnc1)c1nn[nH]c1N(Cc1ccccc1)Cc1ccccc1,低毒,5.037307,34.50007
O=C(c1nn[nH]c1N(Cc1ccccc1)Cc1ccccc1)S(=O)(=O)c1nc(-c2csc(NC3CC3)n2)ns1,中毒,10.70255,22.417645
O=C(c1nn[nH]c1N(Cc1ccccc1)Cc1ccccc1)c1nsc2cnccc12,低毒,12.507832,34.579483
O=C(SCc1ccncc1)c1nn[nH]c1N(Cc1ccccc1)Cc1ccccc1,低毒,3.849275,24.508234
O=C(c1nn[nH]c1N(Cc1ccccc1)Cc1ccccc1)c1cnnn1Cc1ccccc1,低毒,7.2297215,21.234655
O=C(c1nn[nH]c1N(Cc1ccccc1)Cc1ccccc1)n1nnc(-c2ccc(C(F)(F)F)cc2)n1,中毒,11.268709,23.470823
O=C(c1nn[nH]c1N(Cc1ccccc1)Cc1ccccc1)c1cc2cnccc2oc1=S,低毒,11.528915,238.56888
O=C(c1nn[nH]c1N(Cc1ccccc1)Cc1ccccc1)n1nnnc1-c1c(F)c(Cl)cc2ccccc12,中毒,5.565566,27.12576
O=C(c1ccc(F)cc1NS(=O)(=O)c1ccc(Cl)cc1)c1nn[nH]c1N(Cc1ccccc1)Cc1ccccc1,中毒,8.9152155,21.910707
O=C(c1nn[nH]c1N(Cc1ccccc1)Cc1ccccc1)c1c2ccoc2nc2ccsc12,中毒,15.714908,31.030378
O=C(c1nn[nH]c1N(Cc1ccccc1)Cc1ccccc1)C(O)(P(=O)(O)O)P(=O)(CCC(F)=NO)P(=O)(O)c1ccsc1,中毒,8.466875,25.235033
O=C(c1nn[nH]c1N(Cc1ccccc1)Cc1ccccc1)c1c(OC(F)Cl)c(Cl)nn(-c2ccc(F)c(F)c2)c1=O,中毒,4.8097134,26.97778
O=C(c1nn[nH]c1N(Cc1ccccc1)Cc1ccccc1)c1ncsc1F,低毒,10.612266,59.342094
O=C(c1nnc(C(F)(F)F)s1)c1nn[nH]c1N(Cc1ccccc1)Cc1ccccc1,中毒,5.923411,41.139397
O=C(c1nn[nH]c1N(Cc1ccccc1)Cc1ccccc1)c1[nH]nc2c1Cc1cc(Cl)cc(Cl)c1C2,中毒,14.858967,52.754646
O=C(c1nn[nH]c1N(Cc1ccccc1)Cc1ccccc1)c1c(-c2ccoc2)no[n+]1[O-],中毒,16.631937,26.758043
O=C(c1nn[nH]c1N(Cc1ccccc1)Cc1ccccc1)c1c[nH]c2ccnn12,低毒,9.933662,38.41375
O=C(c1nn[nH]c1N(Cc1ccccc1)Cc1ccccc1)C1CCN1C(=S)Nc1ccccc1N1CCOCC1,中毒,9.859148,33.252056
O=C(C1=CC=C(c2cocc2Br)N(C2CCCc3c[nH]cc32)C=C1)c1nn[nH]c1N(Cc1ccccc1)Cc1ccccc1,中毒,8.049966,20.779789
O=C(C1=CSC2=Cc3ocnc3SC2=C1Cc1cccc(F)c1O)c1nn[nH]c1N(Cc1ccccc1)Cc1ccccc1,中毒,7.63069,17.499098
O=C(NC1CC[S+]([O-])CC1)c1nn[nH]c1N(Cc1ccccc1)Cc1ccccc1,中毒,23.673376,40.914406
O=C(c1nnc(I)o1)c1nn[nH]c1N(Cc1ccccc1)Cc1ccccc1,低毒,10.330714,63.712284
O=C(c1nn[nH]c1N(Cc1ccccc1)Cc1ccccc1)[n+]1cc2sccc2c(=S)n1-c1ccccn1,中毒,12.811201,67.732475
O=C(c1nn[nH]c1N(Cc1ccccc1)Cc1ccccc1)C(O)CO,低毒,12.595518,83.59449
O=C(c1nn[nH]c1N(Cc1ccccc1)Cc1ccccc1)C(Br)C(O[N+](=O)[O-])c1ccncc1,中毒,8.077464,49.662857
O=C(c1nn[nH]c1N(Cc1ccccc1)Cc1ccccc1)c1c(O)sc2ccccc12,中毒,7.503785,25.768503
O=C(c1nn[nH]c1N(Cc1ccccc1)Cc1ccccc1)c1[nH]cnc1C=NO,低毒,5.052193,85.61901
O=C(c1c[nH]nc1-c1cccc(Br)c1)c1nn[nH]c1N(Cc1ccccc1)Cc1ccccc1,中毒,5.037307,31.01351
O=C1CCCN1N1c2nc(Cl)ccc2S2=CC=CC2=[N+]1C(=O)c1nn[nH]c1N(Cc1ccccc1)Cc1ccccc1,中毒,7.6952677,16.81102
O=C(C1=CC=C(CO)S(=O)(=O)O1)c1nn[nH]c1N(Cc1ccccc1)Cc1ccccc1,低毒,27.20869,74.00633
O=C(c1nn[nH]c1N(Cc1ccccc1)Cc1ccccc1)C(c1ccnc(S)c1)N1CCSC1=O,中毒,4.537078,47.33735
O=C(c1nn[nH]c1N(Cc1ccccc1)Cc1ccccc1)N1CCN(c2cc(Cl)ccc2C(F)(F)F)OC1,中毒,19.42834,30.073946
O=C(c1nn[nH]c1N(Cc1ccccc1)Cc1ccccc1)c1c[nH]c2ccc(F)cc12,中毒,17.915283,21.234655
O=C(Oc1ccccn1)c1nn[nH]c1N(Cc1ccccc1)Cc1ccccc1,低毒,7.140232,34.70963
O=C(c1ccc(Br)c([N+](=O)[O-])c1)c1nn[nH]c1N(Cc1ccccc1)Cc1ccccc1,低毒,14.106122,18.144299
O=C(c1ccc(Br)cc1F)c1nn[nH]c1N(Cc1ccccc1)Cc1ccccc1,中毒,17.494688,20.880424
O=C(C1=Nc2ccccc2C1)c1nn[nH]c1N(Cc1ccccc1)Cc1ccccc1,低毒,6.3585324,23.714571
[O][N+](=O)c1cccc(C(=O)c2nn[nH]c2N(Cc2ccccc2)Cc2ccccc2)c1,低毒,14.106122,21.606764
O=C(O)C[n+]1cn(N=Cc2c[nH]c3c2OCOC3)c(C(=O)c2nn[nH]c2N(Cc2ccccc2)Cc2ccccc2)n1,中毒,7.4361696,52.94253
O=C(c1nn[nH]c1N(Cc1ccccc1)Cc1ccccc1)c1n[nH]c(=O)n1COC(CNC1=Nc2sccc2-n2cccc2O1)S(=O)(=O)O,中毒,11.346095,51.883953
O=C(O)Cc1sc(Sc2c(O)[nH]c3ccccc23)c(C(=O)c2nn[nH]c2N(Cc2ccccc2)Cc2ccccc2)c1C(F)(F)F,中毒,7.9125714,15.055007
O=C(c1nn[nH]c1N(Cc1ccccc1)Cc1ccccc1)S(=O)(=O)c1cnccc1[N+](=O)[O-],中毒,7.221833,38.009293
O=C(c1cc(Cl)ccc1Cl)c1nn[nH]c1N(Cc1ccccc1)Cc1ccccc1,低毒,3.4502869,34.049644
O=C(Oc1no[n+]([O-])n1)c1nn[nH]c1N(Cc1ccccc1)Cc1ccccc1,低毒,4.402808,35.818108
O=C(C1=Cc2ccccc2C=c2ccccc2=C1)c1nn[nH]c1N(Cc1ccccc1)Cc1ccccc1,中毒,6.6193705,40.924244
O=C(c1nn[nH]c1N(Cc1ccccc1)Cc1ccccc1)C1CCCC1,高毒,10.627377,22.30062
O=C(c1nn[nH]c1N(Cc1ccccc1)Cc1ccccc1)c1cc2cc[n+]1C(S)=NC2,中毒,15.580168,53.76879
O=C(c1nn[nH]c1N(Cc1ccccc1)Cc1ccccc1)c1ccnc2scnc12,中毒,14.821018,20.584297
O=C(c1c[n+](C(=O)[O-])sc1Sc1cccnc1Br)c1nn[nH]c1N(Cc1ccccc1)Cc1ccccc1,中毒,12.4981365,18.48428
O=C(Oc1nc(C(F)(F)F)n(CCc2cccnc2)n1)c1nn[nH]c1N(Cc1ccccc1)Cc1ccccc1,中毒,12.10605,31.005024
O=C(c1nn[nH]c1N(Cc1ccccc1)Cc1ccccc1)c1c(Cl)cc(Cl)n1-c1sc(C(F)(F)F)c(CO)c1Cl,中毒,8.041734,10.597783
O=C(c1nn[nH]c1N(Cc1ccccc1)Cc1ccccc1)N1NC(CO)C(O)C1F,中毒,21.540003,12.048698
O=C(c1cc2c([nH]c3ccc(Cl)cc32)s1)c1nn[nH]c1N(Cc1ccccc1)Cc1ccccc1,中毒,18.539642,33.85499
O=C(c1cccc(OCC=C(Cl)Cl)c1)c1nn[nH]c1N(Cc1ccccc1)Cc1ccccc1,低毒,10.612266,32.818672
O=C(c1nn[nH]c1N(Cc1ccccc1)Cc1ccccc1)C(Br)c1ccccc1,高毒,6.4294715,65.40903
O=C(c1nn[nH]c1N(Cc1ccccc1)Cc1ccccc1)c1snc2ccccc12,中毒,15.251277,29.36747
O=C(c1nn[nH]c1N(Cc1ccccc1)Cc1ccccc1)C1(NS(=O)(=O)c2ccc(F)c(Cl)c2)Cc2ccccc21,中毒,11.573171,50.261467
O=C(c1ccnc(Cl)c1S)c1nn[nH]c1N(Cc1ccccc1)Cc1ccccc1,低毒,11.329162,34.50007
O=C(c1csc(Cn2ccnc2)n1)c1nn[nH]c1N(Cc1ccccc1)Cc1ccccc1,中毒,10.550117,46.573334
O=C(c1cccc(C2=NCCN2)c1)c1nn[nH]c1N(Cc1ccccc1)Cc1ccccc1,低毒,6.383442,27.5972
O=C(c1ccnc(I)c1)c1nn[nH]c1N(Cc1ccccc1)Cc1ccccc1,低毒,5.8860874,20.880424
O=C(c1cccnc1Cl)c1nn[nH]c1N(Cc1ccccc1)Cc1ccccc1,中毒,4.4499626,22.11593
O=C(c1nn[nH]c1N(Cc1ccccc1)Cc1ccccc1)c1c2ccccc2nc2cscc12,中毒,7.541906,40.47036
O=C(OC(=S)NCc1ccc(Cl)cc1[N+](=O)[O-])c1nn[nH]c1N(Cc1ccccc1)Cc1ccccc1,低毒,11.530368,46.334694
O=C(c1nn[nH]c1N(Cc1ccccc1)Cc1ccccc1)N1SNCC1Br,中毒,5.1632185,24.254847
O=C(c1nn[nH]c1N(Cc1ccccc1)Cc1ccccc1)C1CC1F,高毒,6.35907,32.817757
O=C(c1nn[nH]c1N(Cc1ccccc1)Cc1ccccc1)C(F)F,高毒,5.056891,56.60067
NC(C(=O)c1nn[nH]c1N(Cc1ccccc1)Cc1ccccc1)c1cccc2ccsc12,高毒,11.649731,37.194077
O=C(c1nn[nH]c1N(Cc1ccccc1)Cc1ccccc1)c1cccn[n+]1O,低毒,5.753842,35.710007
O=C(Cc1cn(-c2nsc3ccccc23)nc1-c1cncn1C(=O)c1ccccc1Br)c1nn[nH]c1N(Cc1ccccc1)Cc1ccccc1,中毒,7.021543,38.275715
O=C(c1nn[nH]c1N(Cc1ccccc1)Cc1ccccc1)S(=O)(=O)c1cc2cc3c(cc2s1)OCO3,中毒,9.729116,34.74984
O=C(c1cc(O)c(O)cc1N1CCOCC1)c1nn[nH]c1N(Cc1ccccc1)Cc1ccccc1,中毒,11.530368,29.769764
O=C(c1cnc(Cl)o1)c1nn[nH]c1N(Cc1ccccc1)Cc1ccccc1,高毒,3.4502869,86.57939
O=C(c1cc(Sc2nnc[nH]2)c(O)cc1S)c1nn[nH]c1N(Cc1ccccc1)Cc1ccccc1,低毒,13.653152,26.775206
O=C(c1ccsc1Br)c1nn[nH]c1N(Cc1ccccc1)Cc1ccccc1,低毒,5.753842,18.33227
O=C(c1nn[nH]c1N(Cc1ccccc1)Cc1ccccc1)c1snnc1N(O)OC1CCCC1,高毒,9.27137,21.163576
O=C(c1nn[nH]c1N(Cc1ccccc1)Cc1ccccc1)S(=O)C1=CN=CCN1C1CC1,低毒,17.547915,21.163647
O=C(c1nn[nH]c1N(Cc1ccccc1)Cc1ccccc1)S(=O)(=O)c1c(Cl)c(Cl)c[nH]c1=O,中毒,6.04809,40.39995
O=C(c1ccc(Br)cn1)c1nn[nH]c1N(Cc1ccccc1)Cc1ccccc1,低毒,5.037307,34.285435
O=C(c1nn[nH]c1N(Cc1ccccc1)Cc1ccccc1)C12Cc3cnn(-c4cccs4)c3C1CCN(CCO)C2,中毒,10.272515,17.563566
O=C(c1nc(-n2nnnc2-c2ccccc2)cs1)c1nn[nH]c1N(Cc1ccccc1)Cc1ccccc1,中毒,15.170895,114.45946
O=C(c1nn[nH]c1N(Cc1ccccc1)Cc1ccccc1)C1CCCc2cc(Cl)nc(N3CCOCC3)c2C1,中毒,8.733482,9.064924
O=C1c2ccccc2CCN1C(=O)c1nn[nH]c1N(Cc1ccccc1)Cc1ccccc1,中毒,29.438211,25.292307
O=C(c1nn[nH]c1N(Cc1ccccc1)Cc1ccccc1)P(=O)(Oc1ccccc1)SC(F)Cl,中毒,29.127232,37.94758
O=C(c1nn[nH]c1N(Cc1ccccc1)Cc1ccccc1)C(O)c1ccc([N+](=O)[O-])cc1,高毒,4.9338737,35.110603
O=C(c1ccn(-c2nccc(O)n2)n1)c1nn[nH]c1N(Cc1ccccc1)Cc1ccccc1,低毒,6.6162024,27.938585
O=C(c1nn[nH]c1N(Cc1ccccc1)Cc1ccccc1)c1csc2ccc(Cl)c(Cl)c12,中毒,10.721639,31.340326
O=C(c1cc(S(=O)(=O)Nc2nnns2)ccc1F)c1nn[nH]c1N(Cc1ccccc1)Cc1ccccc1,中毒,12.152651,20.081724
O=C(c1nn[nH]c1N(Cc1ccccc1)Cc1ccccc1)S(=O)(=O)c1cc(O)c(O)cc1[N+](=O)[O-],中毒,14.679148,36.43664
O=C(c1nn[nH]c1N(Cc1ccccc1)Cc1ccccc1)N1CCN=C1c1ccsc1,中毒,9.912297,36.751934
O=C(C1=[N+]c2cccc([N+](=O)[O-])c2S1)c1nn[nH]c1N(Cc1ccccc1)Cc1ccccc1,中毒,23.569536,17.723095
O=C(c1nn[nH]c1N(Cc1ccccc1)Cc1ccccc1)N(c1ccccc1)S(=O)(=O)C(F)(F)Br,中毒,14.210293,24.190392
O=C(c1nn[nH]c1N(Cc1ccccc1)Cc1ccccc1)c1[nH]nc2ncsc12,低毒,9.746486,44.41914
O=C(c1cn[nH]c1C(F)(F)F)c1nn[nH]c1N(Cc1ccccc1)Cc1ccccc1,中毒,6.273191,61.784237
O=C(c1nn[nH]c1N(Cc1ccccc1)Cc1ccccc1)c1cccc2sc(Br)cc12,中毒,9.466647,42.0599
O=C(c1ccccc1NCc1csc(Cl)n1)c1nn[nH]c1N(Cc1ccccc1)Cc1ccccc1,中毒,16.707766,34.50007
O=C(c1nn[nH]c1N(Cc1ccccc1)Cc1ccccc1)c1n[nH]c2cc(F)ccc12,低毒,11.982991,35.710007
O=C(c1cs[n+]([O-])c1SSSN1CCSS1)c1nn[nH]c1N(Cc1ccccc1)Cc1ccccc1,中毒,7.583425,20.86515
O=C(Oc1cc(Br)ccc1Br)c1nn[nH]c1N(Cc1ccccc1)Cc1ccccc1,低毒,11.655705,29.31195
O=C(c1cncc(Cl)c1Cl)c1nn[nH]c1N(Cc1ccccc1)Cc1ccccc1,中毒,3.8219798,22.491127
O=C(c1csc(NCCCn2cnc3ccnc[n+]32)n1)c1nn[nH]c1N(Cc1ccccc1)Cc1ccccc1,低毒,5.4056573,18.984915
O=C(c1nn[nH]c1N(Cc1ccccc1)Cc1ccccc1)c1c[nH][nH]c1=S,低毒,5.037307,76.355995
O=C(c1ccc(C(F)(F)F)c(Cl)c1)c1nn[nH]c1N(Cc1ccccc1)Cc1ccccc1,低毒,4.7763376,30.202047
O=C(c1nn[nH]c1N(Cc1ccccc1)Cc1ccccc1)C1CN(CCF)CC([N+](=O)[O-])S1,中毒,19.240677,23.279589
O=C(c1cccc(F)c1F)c1nn[nH]c1N(Cc1ccccc1)Cc1ccccc1,中毒,16.313023,20.880424
O=C(c1nn[nH]c1N(Cc1ccccc1)Cc1ccccc1)c1n[nH]c2ccc3[nH]ncc3c12,低毒,22.028288,62.66939
O=C(c1nn[nH]c1N(Cc1ccccc1)Cc1ccccc1)N1CC2OC2C1(F)I,中毒,22.991505,15.949457
O=C(c1nn[nH]c1N(Cc1ccccc1)Cc1ccccc1)P(=O)(O)Cc1ccccc1,中毒,19.373323,51.01637
O=C(c1ccc2nn[nH]c2n1)c1nn[nH]c1N(Cc1ccccc1)Cc1ccccc1,低毒,5.02923,31.892649
O=C(c1nn[nH]c1N(Cc1ccccc1)Cc1ccccc1)c1scc(CCN2CCOCC2)c1Cl,中毒,8.126646,36.01734
O=C(C(Cl)=C(Cl)Cl)c1nn[nH]c1N(Cc1ccccc1)Cc1ccccc1,高毒,14.490789,56.60067
O=C(c1nn[nH]c1N(Cc1ccccc1)Cc1ccccc1)C1C=CCC(c2c[nH]c3ccccc23)C1,中毒,8.642646,25.028572
O=C(c1nn[nH]c1N(Cc1ccccc1)Cc1ccccc1)c1c(F)cc(F)cc1F,中毒,16.313023,20.880424
O=C(c1csc(N=CNN=Cc2ccn3cccc3c2)n1)c1nn[nH]c1N(Cc1ccccc1)Cc1ccccc1,低毒,5.982696,41.392582
O=C(c1nn[nH]c1N(Cc1ccccc1)Cc1ccccc1)c1onnc1-c1c[nH]c2ccccc12,中毒,17.780085,44.304943
O=C(CCO[N+](=O)[O-])c1nn[nH]c1N(Cc1ccccc1)Cc1ccccc1,高毒,6.1503696,52.825184
O=C(c1nn[nH]c1N(Cc1ccccc1)Cc1ccccc1)c1c(OC(F)(F)F)cc2n(c1=S)C=CC2,中毒,25.859943,78.76486
O=C(NN=Cc1ccccc1-c1cc2c(cn1)N2c1ccccc1[N+](=O)[O-])c1nn[nH]c1N(Cc1ccccc1)Cc1ccccc1,中毒,26.071474,25.937601
O=C(c1nn[nH]c1N(Cc1ccccc1)Cc1ccccc1)C(NC(=S)Nc1ccccc1F)C(F)(F)F,中毒,3.611806,48.05892
O=C(c1ccc(Cl)nc1N1CCC(Br)=N1)c1nn[nH]c1N(Cc1ccccc1)Cc1ccccc1,中毒,4.255245,11.627519
O=C(c1nn[nH]c1N(Cc1ccccc1)Cc1ccccc1)c1[nH]cnc1CNc1ccccc1,低毒,10.256438,114.26189
O=C(c1nn[nH]c1N(Cc1ccccc1)Cc1ccccc1)c1nc2ccccc2n1-c1nnc(Br)s1,低毒,14.425102,29.869762
O=C(NC12CC3CC(CC(C3)C1)C2)c1nn[nH]c1N(Cc1ccccc1)Cc1ccccc1,中毒,45.14515,44.05577
O=C(C1=C(c2cc3c(cc2Cl)OCO3)CCC1)c1nn[nH]c1N(Cc1ccccc1)Cc1ccccc1,中毒,10.862092,13.107708
O=C(c1ccc[n+]([O-])c1)c1nn[nH]c1N(Cc1ccccc1)Cc1ccccc1,中毒,17.667408,21.343252
O=C(C1=CC=C=C(Br)C=C1OCc1cnc2[nH]ccc2c1F)c1nn[nH]c1N(Cc1ccccc1)Cc1ccccc1,中毒,8.2523985,35.050114
O=C(c1nn[nH]c1N(Cc1ccccc1)Cc1ccccc1)P(=O)(NO)OCc1cnccn1,中毒,35.38023,20.710722
O=C(c1nn[nH]c1N(Cc1ccccc1)Cc1ccccc1)N1CCc2cccc(O)c2C1,中毒,21.134846,31.787851
O=C(c1nn[nH]c1N(Cc1ccccc1)Cc1ccccc1)S(=O)(=O)c1cc(C(F)(F)F)cc(C(F)(F)F)c1O,中毒,6.5719814,42.169224
O=C(Sc1ccco1)c1nn[nH]c1N(Cc1ccccc1)Cc1ccccc1,低毒,16.020447,29.516987
O=C(c1cc([N+](=O)[O-])sc1CO)c1nn[nH]c1N(Cc1ccccc1)Cc1ccccc1,中毒,8.430732,18.234488
O=C(c1nn[nH]c1N(Cc1ccccc1)Cc1ccccc1)[SH](=O)=O,低毒,6.402311,69.663536
O=C(c1nn[nH]c1N(Cc1ccccc1)Cc1ccccc1)N1CONC(=C=S)C1,中毒,8.732165,35.186176
O=C(c1nn[nH]c1N(Cc1ccccc1)Cc1ccccc1)[SH](c1cc(Cl)ccc1Cl)S(=O)(=NCBr)c1cccnc1,中毒,10.013915,25.260447
O=C(c1nn[nH]c1N(Cc1ccccc1)Cc1ccccc1)c1n[nH]c2c[n+]([O-])sc12,低毒,29.566225,33.836864
O=C(c1nn[nH]c1N(Cc1ccccc1)Cc1ccccc1)c1ccnc2cc(Cl)ncc12,中毒,14.861231,54.02965
O=C(c1nn[nH]c1N(Cc1ccccc1)Cc1ccccc1)S(F)(F)CF,高毒,6.1681237,42.069656
O=C(c1nn[nH]c1N(Cc1ccccc1)Cc1ccccc1)c1c(-n2ccnc2)c2ccccc2n1-c1onc2cc(O)ccc12,中毒,14.6651325,18.004591
O=C(c1nn[nH]c1N(Cc1ccccc1)Cc1ccccc1)[SH](CCl)S(=O)(=O)[O-],低毒,5.0171947,10.82289
O=C(c1nn[nH]c1N(Cc1ccccc1)Cc1ccccc1)N(F)C(F)F,低毒,7.485112,13.016971
O=C(SCc1ccc(Br)cc1)c1nn[nH]c1N(Cc1ccccc1)Cc1ccccc1,低毒,3.1304162,41.86337
O=C(c1nonc1NS(=O)(=O)CBr)c1nn[nH]c1N(Cc1ccccc1)Cc1ccccc1,中毒,6.4241095,24.992413
O=C(c1ccc2nc3n(c2n1)CCCC3)c1nn[nH]c1N(Cc1ccccc1)Cc1ccccc1,低毒,12.002179,9.361116
O=C(c1nn[nH]c1N(Cc1ccccc1)Cc1ccccc1)C12Cc3c(ccc4[nH]ccc34)[SH]1C=N2,中毒,6.940145,51.41935
O=C(c1nn[nH]c1N(Cc1ccccc1)Cc1ccccc1)[S+]([O-])NCc1ccccc1I,低毒,22.055986,67.97694
O=C(Nc1c(Cl)cc(C(F)(F)F)cc1Br)C1C2C=CC(C2)C1C(=O)c1nn[nH]c1N(Cc1ccccc1)Cc1ccccc1,中毒,9.732713,16.946665
O=C(c1nn[nH]c1N(Cc1ccccc1)Cc1ccccc1)c1snnc1NC12CC3CC(C1)C(F)C(C3)C2,中毒,23.198616,57.131374
O=C(c1nn[nH]c1N(Cc1ccccc1)Cc1ccccc1)C1NCONO1,中毒,4.9206624,58.265022
O=C(c1cc(Cl)ccc1SOc1ccc(F)cc1F)c1nn[nH]c1N(Cc1ccccc1)Cc1ccccc1,低毒,23.629282,17.04264
O=C(c1ccc2ncccc2c1)c1nn[nH]c1N(Cc1ccccc1)Cc1ccccc1,低毒,6.6625533,34.50007
O=C(c1nn[nH]c1N(Cc1ccccc1)Cc1ccccc1)c1scc(Br)c1Cl,中毒,9.27137,22.320736
O=C(c1noc(=S)s1)c1nn[nH]c1N(Cc1ccccc1)Cc1ccccc1,微毒,19.792334,247.87025
NC(=O)c1ccc2oc(C(O)=CC(=O)c3nn[nH]c3N(Cc3ccccc3)Cc3ccccc3)nc2c1,中毒,16.297388,45.65333
O=C(c1nn[nH]c1N(Cc1ccccc1)Cc1ccccc1)N1Cc2ccccc2C1,中毒,9.030694,24.06637
O=C(c1nn[nH]c1N(Cc1ccccc1)Cc1ccccc1)N1CCc2ccc(Br)cc2C1,中毒,29.438211,38.278908
O=C(NN1CCCCC1)c1nn[nH]c1N(Cc1ccccc1)Cc1ccccc1,中毒,42.68808,22.836445
O=C(c1nn[nH]c1N(Cc1ccccc1)Cc1ccccc1)c1cc2ccccc2sc1=O,中毒,8.064046,31.503962
O=C(c1cc2sccc2s1)c1nn[nH]c1N(Cc1ccccc1)Cc1ccccc1,中毒,7.2908306,43.79421
O=C1Nc2ccc(I)cc2CC1C(=O)c1nn[nH]c1N(Cc1ccccc1)Cc1ccccc1,中毒,6.209929,21.042154
O=C(c1nc(=O)[nH]o1)c1nn[nH]c1N(Cc1ccccc1)Cc1ccccc1,低毒,9.290166,54.370132
O=C(c1nn[nH]c1N(Cc1ccccc1)Cc1ccccc1)C1(c2ccc(O)cc2)N=NC=Nc2cnccc21,中毒,9.179586,51.085957
O=C(c1cc(Cl)ccc1OCCCO)c1nn[nH]c1N(Cc1ccccc1)Cc1ccccc1,中毒,5.415689,19.154457
O=C(c1nc2ccsc2c(=O)[nH]1)c1nn[nH]c1N(Cc1ccccc1)Cc1ccccc1,中毒,16.298838,63.745907
O=C(c1cc(F)c[nH]1)c1nn[nH]c1N(Cc1ccccc1)Cc1ccccc1,低毒,5.037307,34.50007
O=C(c1nn[nH]c1N(Cc1ccccc1)Cc1ccccc1)S(=O)(=O)Cl,高毒,7.1028175,69.663536
O=C(c1cc(F)cc(Br)c1N=CC1CS1)c1nn[nH]c1N(Cc1ccccc1)Cc1ccccc1,中毒,8.600694,46.114365
O=C(c1nn[nH]c1N(Cc1ccccc1)Cc1ccccc1)[SH](Oc1ccccc1)c1ccccc1,中毒,11.311842,21.95457
O=C(c1nn[nH]c1N(Cc1ccccc1)Cc1ccccc1)N1CCOP(=O)(Nc2ccccn2)O1,中毒,16.523602,15.995259
O=C(c1nn[nH]c1N(Cc1ccccc1)Cc1ccccc1)N1C2CCC1CN(c1nnc(-c3nccs3)s1)C2,中毒,19.192286,18.172535
CC12CCC3CC1CC(C(=O)c1nn[nH]c1N(Cc1ccccc1)Cc1ccccc1)(C3)C2=O,中毒,10.166119,10.310754
O=C(c1cnn2c1NC=NC2c1ccns1)c1nn[nH]c1N(Cc1ccccc1)Cc1ccccc1,低毒,9.458007,29.470842
O=C(c1nn[nH]c1N(Cc1ccccc1)Cc1ccccc1)C1CCOC(C=Cc2c(F)cccc2N2CCOCC2)=NC1,中毒,20.981249,26.388184
O=C(c1nn[nH]c1N(Cc1ccccc1)Cc1ccccc1)C1COCC2OCCOC2OO1,中毒,36.35198,35.001637
O=C(c1ccc([S+]([O-])Cc2ccccc2)cc1)c1nn[nH]c1N(Cc1ccccc1)Cc1ccccc1,低毒,7.1603336,35.486233
O=C(c1nn[nH]c1N(Cc1ccccc1)Cc1ccccc1)N1N=NS(=O)(=O)C1c1cc[nH]n1,中毒,7.3088617,27.297066
O=C(c1cc(I)ccc1F)c1nn[nH]c1N(Cc1ccccc1)Cc1ccccc1,中毒,16.313023,20.880424
O=C(c1nn[nH]c1N(Cc1ccccc1)Cc1ccccc1)N1CC(Oc2ncccc2F)CC1c1cn(-c2ccc(N3CCCCC3)cc2)nn1,中毒,18.14016,16.342396
O=C(C1=C(O)CC(COc2c(F)cccc2F)C1=O)c1nn[nH]c1N(Cc1ccccc1)Cc1ccccc1,低毒,4.1482515,31.68471
O=C(OCOc1c(Cl)cc(Cl)cc1Cl)c1nn[nH]c1N(Cc1ccccc1)Cc1ccccc1,高毒,10.201695,25.876787
O=C(c1nn[nH]c1N(Cc1ccccc1)Cc1ccccc1)S(=O)(=O)c1cccc(F)c1Cl,中毒,7.277667,27.685015
O=C(c1conc1NS(=O)(=O)c1cccc(Br)c1Br)c1nn[nH]c1N(Cc1ccccc1)Cc1ccccc1,中毒,11.355757,27.236069
O=C(c1ccc2nc[nH]c2c1)c1nn[nH]c1N(Cc1ccccc1)Cc1ccccc1,中毒,33.950665,34.50007
O=C([O-])c1nn[nH]c1N(Cc1ccccc1)Cc1ccccc1,高毒,6.4241095,34.70963
Nc1ccc(C(=O)c2nn[nH]c2N(Cc2ccccc2)Cc2ccccc2)cc1,低毒,5.7687135,34.50007
O=C(c1nn[nH]c1N(Cc1ccccc1)Cc1ccccc1)C1CCCc2cc(Oc3scnc3Cl)ccc21,中毒,18.039684,20.54192
O=C(c1cccnn1)c1nn[nH]c1N(Cc1ccccc1)Cc1ccccc1,低毒,6.4241095,56.669506
O=C(C1=CC2=CC=C(N1)N(c1nc3c(s1)CCCN3)CC(O)CNS2(=O)=O)c1nn[nH]c1N(Cc1ccccc1)Cc1ccccc1,中毒,13.603974,10.785887
O=C(C1=CC=CNC=C1)c1nn[nH]c1N(Cc1ccccc1)Cc1ccccc1,高毒,4.010624,36.587296
O=C(c1nn[nH]c1N(Cc1ccccc1)Cc1ccccc1)c1c[nH]c2ccc(Cl)cc12,中毒,16.77315,21.234655
O=C(c1nn[nH]c1N(Cc1ccccc1)Cc1ccccc1)c1noc2ccncc12,中毒,15.460869,31.833063
O=C(c1nn[nH]c1N(Cc1ccccc1)Cc1ccccc1)c1c(O)c[n+]([O-])cc1Br,中毒,34.477367,19.154457
O=C(c1nn[nH]c1N(Cc1ccccc1)Cc1ccccc1)c1ccnc2ccccc12,中毒,16.020447,36.282906
O=C(c1nn[nH]c1N(Cc1ccccc1)Cc1ccccc1)c1occ(NC2COC2)c1F,中毒,19.482138,58.669834
O=C1COc2cnnn2C(c2cccc(OC(F)(F)F)c2)N1C(=O)c1nn[nH]c1N(Cc1ccccc1)Cc1ccccc1,中毒,5.5455713,13.017568
O=C(c1nn[nH]c1N(Cc1ccccc1)Cc1ccccc1)C1CCCN(Cc2ccccn2)C1,中毒,11.829021,19.543621
O=C(c1nn[nH]c1N(Cc1ccccc1)Cc1ccccc1)C1C=C(Br)C1,中毒,4.5129013,34.378227
O=C(c1nn[nH]c1N(Cc1ccccc1)Cc1ccccc1)c1n[nH]n2cc3sc4c(c3c12)CCSC4,中毒,11.196218,30.258673
O=C(c1nn[nH]c1N(Cc1ccccc1)Cc1ccccc1)S(=O)I,低毒,5.2192693,34.50007
O=C(c1nnco1)c1nn[nH]c1N(Cc1ccccc1)Cc1ccccc1,低毒,10.360185,63.712284
O=C(c1csc(Nc2ccc(Cl)c(Cl)c2)n1)c1nn[nH]c1N(Cc1ccccc1)Cc1ccccc1,低毒,7.890244,10.611208
O=C(Oc1nsc2ccccc12)c1nn[nH]c1N(Cc1ccccc1)Cc1ccccc1,低毒,6.248591,12.62172
O=C(c1nn[nH]c1N(Cc1ccccc1)Cc1ccccc1)C1(O)CC2CCC1C2,中毒,8.820209,27.173529
O=C(c1nn[nH]c1N(Cc1ccccc1)Cc1ccccc1)c1cccn1CC(F)(F)Br,低毒,20.908321,64.433624
O=Cc1cccc2c1cc1n2C2CC(NC(=O)c3nn[nH]c3N(Cc3ccccc3)Cc3ccccc3)C2C1,中毒,6.5963764,16.255348
O=C(c1nn[nH]c1N(Cc1ccccc1)Cc1ccccc1)c1cn(CCCNS(=O)(=O)c2ccnc3cc[nH]c23)c2ccc(O)cc12,中毒,7.7623844,10.829136
O=C(c1nn[nH]c1N(Cc1ccccc1)Cc1ccccc1)C(O)c1ccco1,中毒,8.99911,26.69869
O=C(c1nncs1)c1nn[nH]c1N(Cc1ccccc1)Cc1ccccc1,低毒,7.140232,42.954765
O=C(c1nn[nH]c1N(Cc1ccccc1)Cc1ccccc1)[n+]1coc2cccnc2c1=S,中毒,37.037754,61.61067
O=C(c1nn[nH]c1N(Cc1ccccc1)Cc1ccccc1)S(=O)(=O)SCc1ccccc1,低毒,9.011207,68.13849
O=C(c1cn(-c2ccccn2)nn1)c1nn[nH]c1N(Cc1ccccc1)Cc1ccccc1,中毒,11.944199,54.217167
O=C1C(CN2C(=O)c3ccccc32)=COc2ccc(Br)cc2C=C1C(=O)c1nn[nH]c1N(Cc1ccccc1)Cc1ccccc1,中毒,8.7734165,27.759993
O=C(Sc1ccc(=O)[nH]n1)c1nn[nH]c1N(Cc1ccccc1)Cc1ccccc1,低毒,16.845959,41.619003
O=C(C1=C(N2CCOCC2)CCCN(Cc2c[nH]cn2)C1)c1nn[nH]c1N(Cc1ccccc1)Cc1ccccc1,中毒,16.213678,37.13638
O=C(c1nn[nH]c1N(Cc1ccccc1)Cc1ccccc1)C(C[N+](=O)[O-])c1nccs1,中毒,6.720814,36.939735
O=C(c1cnc(C2CCCCC2)s1)c1nn[nH]c1N(Cc1ccccc1)Cc1ccccc1,低毒,20.917065,31.271025
O=C(c1nn[nH]c1N(Cc1ccccc1)Cc1ccccc1)C12CCC(CC1)C2,高毒,10.166119,10.310754
O=C(c1nn[nH]c1N(Cc1ccccc1)Cc1ccccc1)[SH](c1cccnc1)c1cc([N+](=O)[O-])cc([N+](=O)[O-])c1,低毒,19.35844,29.50695
O=C(c1nn[nH]c1N(Cc1ccccc1)Cc1ccccc1)c1n[nH]c2ccc(C(F)(F)F)cc12,中毒,14.006127,54.285847
O=C(c1nn[nH]c1N(Cc1ccccc1)Cc1ccccc1)S(=O)(=O)Nc1cscn1,低毒,27.660412,69.05167
O=C(c1nn[nH]c1N(Cc1ccccc1)Cc1ccccc1)C(Cl)CCl,高毒,6.550082,56.60067
O=C(c1nn[nH]c1N(Cc1ccccc1)Cc1ccccc1)N1CCCCCC2(CCNc3ncnn32)C1,中毒,12.69686,17.073547
O=C(c1ccc2ocnc2c1)c1nn[nH]c1N(Cc1ccccc1)Cc1ccccc1,中毒,20.08303,108.79434
O=C(c1nn[nH]c1N(Cc1ccccc1)Cc1ccccc1)C1c2ccccc2N(C(=O)c2ccoc2)c2occc21,中毒,6.568564,25.108006
O=C(c1nn[nH]c1N(Cc1ccccc1)Cc1ccccc1)[S+]([O-])c1ccccc1,中毒,11.311842,28.241728
N#CC1(N(CCN(C(=O)c2nn[nH]c2N(Cc2ccccc2)Cc2ccccc2)c2ncnc3ccccc23)c2ccc(F)cc2)CCC1,中毒,14.8011055,17.765036
O=C(C1=NNc2ccc(OCS(=O)(=O)O)cc2SC1=S)c1nn[nH]c1N(Cc1ccccc1)Cc1ccccc1,中毒,8.537963,78.40149
O=C(c1nn[nH]c1N(Cc1ccccc1)Cc1ccccc1)c1snnc1C(F)(F)F,低毒,7.6277857,39.76487
O=C(c1nn[nH]c1N(Cc1ccccc1)Cc1ccccc1)c1c(Cl)c[nH]c(=O)[n+]1[O-],低毒,14.594956,14.101109
O=C(c1cccc(Cc2n[nH]c(=O)c3ccccc23)n1)c1nn[nH]c1N(Cc1ccccc1)Cc1ccccc1,低毒,22.028288,31.989012
O=C(c1cnn(-n2ncc3ccccc32)c1Cl)c1nn[nH]c1N(Cc1ccccc1)Cc1ccccc1,低毒,6.7274923,8.78761
O=C(c1ccnc(-n2ccnc2)c1)c1nn[nH]c1N(Cc1ccccc1)Cc1ccccc1,低毒,14.066493,66.59727
O=C(Oc1cccc(O)c1)c1nn[nH]c1N(Cc1ccccc1)Cc1ccccc1,低毒,5.923411,34.70963
O=C(c1ncon1)c1nn[nH]c1N(Cc1ccccc1)Cc1ccccc1,低毒,5.38902,20.845585
O=C(ONF)c1nn[nH]c1N(Cc1ccccc1)Cc1ccccc1,高毒,6.4241095,34.70963
O=C(c1cc[n+](Cc2ccc(Cl)c(Cl)c2)s1)c1nn[nH]c1N(Cc1ccccc1)Cc1ccccc1,低毒,6.633832,41.419765
O=C(c1nn[nH]c1N(Cc1ccccc1)Cc1ccccc1)C1(c2ccccc2)Cc2ccccc21,中毒,11.844474,36.23164
O=C(c1ccc(F)cn1)c1nn[nH]c1N(Cc1ccccc1)Cc1ccccc1,低毒,5.037307,34.285435
O=C(c1nn[nH]c1N(Cc1ccccc1)Cc1ccccc1)N1CN(OCC=Cc2ccco2)CNC(S)=N1,中毒,9.730049,22.023348
N#S([O-])(F)N1CCN(C(=O)c2nn[nH]c2N(Cc2ccccc2)Cc2ccccc2)C(CO)C1,中毒,6.160666,10.952536
O=C(NOCN1Cc2ccccc2Oc2cc3ccccc3nc2-c2[nH]c3ccccc3c21)c1nn[nH]c1N(Cc1ccccc1)Cc1ccccc1,中毒,14.364195,14.629804
O=C(c1nn[nH]c1N(Cc1ccccc1)Cc1ccccc1)[SH](Cc1ccc(F)cc1)c1sc2ccncc2c1Cl,中毒,9.264474,21.773174
O=C(c1ccc2nc(O)ccc2n1)c1nn[nH]c1N(Cc1ccccc1)Cc1ccccc1,低毒,5.1171713,26.780586
O=C(C1=C(N2CCNOC2)C(=O)N1CCBr)c1nn[nH]c1N(Cc1ccccc1)Cc1ccccc1,中毒,13.182973,14.950564
O=C(c1nn[nH]c1N(Cc1ccccc1)Cc1ccccc1)N1CCNC(c2cc3c(cc2F)OCO3)CC1,中毒,19.553064,14.299376
O=C(c1nn[nH]c1N(Cc1ccccc1)Cc1ccccc1)S(=O)(=O)c1c[nH]nc1C1CCC1,中毒,8.552513,51.595737
O=C(c1nn[nH]c1N(Cc1ccccc1)Cc1ccccc1)c1coc2c(F)ccc[n+]12,低毒,10.201695,64.234535
O=C(c1nn[nH]c1N(Cc1ccccc1)Cc1ccccc1)C(C1=Cc2ccncc2S1(=O)=O)c1cccnc1Cl,中毒,10.192682,18.950714
O=C(c1nn[nH]c1N(Cc1ccccc1)Cc1ccccc1)[N+]([O-])=C1N(CCO)N1c1cccc(CO)n1,中毒,6.7667723,25.271751
O=C(c1nn2cnnc2[nH]1)c1nn[nH]c1N(Cc1ccccc1)Cc1ccccc1,低毒,4.3281345,41.86337
O=C(c1nn[nH]c1N(Cc1ccccc1)Cc1ccccc1)[SH](=O)(CCl)c1nc2ccccc2[nH]1,中毒,23.965498,41.538986
O=C(c1nn[nH]c1N(Cc1ccccc1)Cc1ccccc1)C1CC=CCN1CO,中毒,6.9642644,45.45388
O=C(c1ccnc(F)n1)c1nn[nH]c1N(Cc1ccccc1)Cc1ccccc1,低毒,5.037307,37.08333
O=C(ON1C=CS(=O)(=O)C1O)c1nn[nH]c1N(Cc1ccccc1)Cc1ccccc1,中毒,10.589226,31.537678
O=C(c1c[nH][nH]1)c1nn[nH]c1N(Cc1ccccc1)Cc1ccccc1,低毒,6.4241095,34.50007
O=C(c1ccc(F)c(F)c1)c1nn[nH]c1N(Cc1ccccc1)Cc1ccccc1,中毒,5.8860874,20.880424
O=C(c1nocc1Br)c1nn[nH]c1N(Cc1ccccc1)Cc1ccccc1,中毒,5.037307,29.762762
O=C(c1nn[nH]c1N(Cc1ccccc1)Cc1ccccc1)[n+]1cccs1,中毒,6.393717,22.595478
O=C(c1nn[nH]c1N(Cc1ccccc1)Cc1ccccc1)C(F)(F)OC1CCS(=O)(=O)CC1,高毒,5.3745017,98.95927
O=C(c1cocc1Br)c1nn[nH]c1N(Cc1ccccc1)Cc1ccccc1,低毒,10.612266,64.433624
O=C(c1nn[nH]c1N(Cc1ccccc1)Cc1ccccc1)c1snnc1Nc1ccnc(C(Cl)(Cl)c2cscn2)c1Cl,中毒,15.756628,28.474678
O=C(c1nn[nH]c1N(Cc1ccccc1)Cc1ccccc1)c1cccn1-c1cc(Cl)cc(Cl)n1,中毒,11.227855,28.441448
O=C(c1nsc(Cl)n1)c1nn[nH]c1N(Cc1ccccc1)Cc1ccccc1,低毒,4.09232,41.60291
O=C(c1ccc2nc[nH]c2c1Cl)c1nn[nH]c1N(Cc1ccccc1)Cc1ccccc1,中毒,16.860193,32.35644
O=C(c1nn[nH]c1N(Cc1ccccc1)Cc1ccccc1)c1c[nH]c2cnccc12,中毒,18.888031,21.234655
O=C(c1cccnc1P(=O)(O)O)c1nn[nH]c1N(Cc1ccccc1)Cc1ccccc1,中毒,4.701417,30.418646
O=C(c1nn[nH]c1N(Cc1ccccc1)Cc1ccccc1)c1oc(Br)cc1Br,中毒,17.605564,39.501667
O=C(Sc1cccc(Cl)c1)c1nn[nH]c1N(Cc1ccccc1)Cc1ccccc1,中毒,6.6162024,29.393785
O=C(c1nn[nH]c1N(Cc1ccccc1)Cc1ccccc1)c1occc1[N+](=O)[O-],低毒,15.931103,58.308685
O=C(c1cccnc1Oc1ccc2c(c1)OCO2)c1nn[nH]c1N(Cc1ccccc1)Cc1ccccc1,中毒,37.114212,14.2869425
O=C(c1nn[nH]c1N(Cc1ccccc1)Cc1ccccc1)N1CCN(CC=CN2c3nocc3Sc3cnnn32)CC1,中毒,11.557615,26.141651
O=C(c1nn[nH]c1N(Cc1ccccc1)Cc1ccccc1)n1cc2ccccc2nc1=O,中毒,9.364468,32.341473
O=C(c1nn[nH]c1N(Cc1ccccc1)Cc1ccccc1)C(O)c1sccc1Cl,高毒,5.2122355,38.660896
O=C(c1nn[nH]c1N(Cc1ccccc1)Cc1ccccc1)S(=O)(=O)c1n[nH]s1,中毒,13.423169,45.024048
O=C(c1nn[nH]c1N(Cc1ccccc1)Cc1ccccc1)N1CCc2c[nH]nc2C1,中毒,10.55571,23.58872
O=C(c1cn(Cl)cn1)c1nn[nH]c1N(Cc1ccccc1)Cc1ccccc1,中毒,5.037307,54.278397
O=C(c1cc(Cl)ccc1-c1ccc(Cl)cc1I)c1nn[nH]c1N(Cc1ccccc1)Cc1ccccc1,低毒,4.217886,32.63324
O=C(c1nn[nH]c1N(Cc1ccccc1)Cc1ccccc1)C(S)(c1cccc(NCc2ccc(F)cc2)c1)n1sc2cc(F)cc(F)c21,中毒,5.47398,19.976124
O=C(c1nn[nH]c1N(Cc1ccccc1)Cc1ccccc1)n1cccn1,高毒,16.884289,14.951705
O=C(c1nn[nH]c1N(Cc1ccccc1)Cc1ccccc1)S(=O)(=O)c1c(F)c(F)c(F)c2[nH]c(=O)c(Cl)nc12,中毒,6.121919,53.031006
O=C(c1n[nH]cc1Br)c1nn[nH]c1N(Cc1ccccc1)Cc1ccccc1,中毒,16.226608,56.669506
O=C(c1nn[nH]c1N(Cc1ccccc1)Cc1ccccc1)c1nnnn1C1CS(=O)(=O)CO1,低毒,8.897112,29.450325
O=C(c1cccc(CCc2coc3c(Br)nc(NN=Cc4ccncc4)cc23)c1)c1nn[nH]c1N(Cc1ccccc1)Cc1ccccc1,中毒,7.1512976,54.259506
O=C(c1nn[nH]c1N(Cc1ccccc1)Cc1ccccc1)C(Sn1cnc[n+]1[O-])c1ccccc1,中毒,9.739866,37.194077
O=C(NOCc1cncnn1)c1nn[nH]c1N(Cc1ccccc1)Cc1ccccc1,低毒,9.216318,25.348381
O=C(c1nn[nH]c1N(Cc1ccccc1)Cc1ccccc1)C(Cl)I,高毒,6.1503696,42.472836
O=C(c1nn[nH]c1N(Cc1ccccc1)Cc1ccccc1)N(O)C1CC1C(Cl)Cl,低毒,23.378658,19.50927
O=C(c1nn[nH]c1N(Cc1ccccc1)Cc1ccccc1)c1c(Cl)sc[n+]1CS(=O)(=O)c1ccc(Cl)cc1,中毒,4.010624,30.251978
O=C(Oc1ccccc1)N(C(=O)c1nn[nH]c1N(Cc1ccccc1)Cc1ccccc1)c1cccc([N+](=O)[O-])c1,中毒,18.205042,31.574812
O=C(c1nn[nH]c1N(Cc1ccccc1)Cc1ccccc1)c1[nH]cnc1Sc1ccccc1I,低毒,30.617907,30.293102
O=C(c1n[nH][nH]1)c1nn[nH]c1N(Cc1ccccc1)Cc1ccccc1,低毒,5.38902,41.86337
O=C(O)C(C(=O)c1nn[nH]c1N(Cc1ccccc1)Cc1ccccc1)c1noc2cccc(Br)c12,中毒,9.30282,36.678726
O=C(c1nn[nH]c1N(Cc1ccccc1)Cc1ccccc1)S(=O)(=O)c1c(F)cc(C2CC2)c(F)c1F,中毒,13.511104,27.936745
O=C(c1nn[nH]c1N(Cc1ccccc1)Cc1ccccc1)S(=O)(=O)C(F)(F)F,高毒,15.316387,38.125317
O=C(c1nn[nH]c1N(Cc1ccccc1)Cc1ccccc1)[SH](c1ccncn1)C1(O)CSOC1C[N+](=O)[O-],中毒,16.562117,14.418226
O=C(c1ccc(N2CCOCC2)c([N+](=O)[O-])c1)c1nn[nH]c1N(Cc1ccccc1)Cc1ccccc1,低毒,29.79199,18.23625
O=C(C1=NN2C3=CC=CC(=C1)C2C=CC=C3)c1nn[nH]c1N(Cc1ccccc1)Cc1ccccc1,中毒,12.27202,26.336575
O=C(c1nn[nH]c1N(Cc1ccccc1)Cc1ccccc1)[P+](c1c[nH]cn1)(c1c(F)cccc1F)C(Br)(Br)I,中毒,8.82737,19.369602
O=C(c1nn[nH]c1N(Cc1ccccc1)Cc1ccccc1)C1CSCN1S(=O)(=O)c1ccoc1,中毒,4.8280764,59.919422
O=C(c1nn[nH]c1N(Cc1ccccc1)Cc1ccccc1)S(=O)O,高毒,11.291231,40.16329
O=C(C1=CCc2ccccc2C1)c1nn[nH]c1N(Cc1ccccc1)Cc1ccccc1,中毒,9.719785,60.52652
O=C(c1nn[nH]c1N(Cc1ccccc1)Cc1ccccc1)C(S)c1c[nH]c2ccccc12,高毒,7.1281767,34.020462
O=C(c1nn[nH]c1N(Cc1ccccc1)Cc1ccccc1)C(O)c1ccc(I)cc1,高毒,4.861774,34.65295
O=C(c1nn[nH]c1N(Cc1ccccc1)Cc1ccccc1)n1cnc2cc(F)ccc2c1=O,中毒,10.008549,28.048843
O=C(c1nn[nH]c1N(Cc1ccccc1)Cc1ccccc1)c1cn(Br)c2ccccc12,中毒,16.444077,15.029689
O=C(c1nn[nH]c1N(Cc1ccccc1)Cc1ccccc1)C1(c2ccccc2)OC2CC(F)(Cl)CCC2C1C(F)(F)F,中毒,6.804398,26.98486
O=C(c1nn[nH]c1N(Cc1ccccc1)Cc1ccccc1)N1CCCOCC1,中毒,8.323097,22.088709
O=C(c1ccc(Br)cc1Cl)c1nn[nH]c1N(Cc1ccccc1)Cc1ccccc1,中毒,3.4502869,34.049644
O=C(c1ccc([N+](=O)[O-])cc1Cl)c1nn[nH]c1N(Cc1ccccc1)Cc1ccccc1,低毒,3.9724393,34.312782
O=C(c1nn[nH]c1N(Cc1ccccc1)Cc1ccccc1)[SH]1SC([N+](=O)[O-])N=C1NNO,中毒,9.402348,32.37445
O=C(c1nn[nH]c1N(Cc1ccccc1)Cc1ccccc1)c1[nH]cnc1Br,低毒,6.4241095,54.16356
O=C(c1ccc(Br)nc1)c1nn[nH]c1N(Cc1ccccc1)Cc1ccccc1,中毒,5.8860874,20.880424
O=C(OCN1CC(O[N+](=O)[O-])CN(c2cnccn2)C1)c1nn[nH]c1N(Cc1ccccc1)Cc1ccccc1,中毒,7.3199587,11.805491
O=C(c1nn[nH]c1N(Cc1ccccc1)Cc1ccccc1)c1cccc2c(F)cc(Cl)cc12,中毒,9.059922,22.491127
O=C(C1=C(O)OCO1)c1nn[nH]c1N(Cc1ccccc1)Cc1ccccc1,中毒,5.1077585,71.86216
NS(=O)(=O)c1ccc(C(=O)c2nn[nH]c2N(Cc2ccccc2)Cc2ccccc2)cc1,中毒,6.1503696,29.762762
N#Cc1ccc2[nH]c(C(=O)c3nn[nH]c3N(Cc3ccccc3)Cc3ccccc3)cc2c1,低毒,26.828897,31.82146
O=C(c1nn[nH]c1N(Cc1ccccc1)Cc1ccccc1)N1CCCO1,低毒,8.732165,18.477818
O=C(SCc1ccco1)c1nn[nH]c1N(Cc1ccccc1)Cc1ccccc1,低毒,5.508372,70.04605
O=C(C1=Cc2cccc3cccc1c23)c1nn[nH]c1N(Cc1ccccc1)Cc1ccccc1,高毒,4.869371,52.65105
O=C(c1nn[nH]c1N(Cc1ccccc1)Cc1ccccc1)N1CCc2ncn(Cc3ccncc3)c2CC1,中毒,17.041504,26.759102
O=C(c1nn[nH]c1N(Cc1ccccc1)Cc1ccccc1)N1CCc2onc(C(F)(F)F)c2C1=O,中毒,14.269847,42.33573
O=C(c1cc(OO)[nH]n1)c1nn[nH]c1N(Cc1ccccc1)Cc1ccccc1,低毒,11.9262295,24.87028
O=C(Sc1cccnc1Cl)c1nn[nH]c1N(Cc1ccccc1)Cc1ccccc1,中毒,8.565454,18.0928
O=C(c1nn[nH]c1N(Cc1ccccc1)Cc1ccccc1)S(=O)(=O)c1cccnc1,中毒,7.1028624,64.723854
O=C(c1nn[nH]c1N(Cc1ccccc1)Cc1ccccc1)c1cc(-c2cccs2)nn1C1CC1,中毒,17.34636,17.506626
O=C(c1cc2c(cn1)=c1[nH]cc(Cc3ccccc3Cl)c1=2)c1nn[nH]c1N(Cc1ccccc1)Cc1ccccc1,中毒,33.869125,16.724968
O=C(NC1N=C(O)CS1(=O)=O)c1nn[nH]c1N(Cc1ccccc1)Cc1ccccc1,低毒,34.38847,34.874435
O=C(c1nn[nH]c1N(Cc1ccccc1)Cc1ccccc1)N(CP(=O)(O)O)c1ccccc1,低毒,10.829085,24.619438
O=C(c1nn[nH]c1N(Cc1ccccc1)Cc1ccccc1)S(=S)c1ccccc1,中毒,6.6162024,48.29879
O=C(c1nc[nH]c1F)c1nn[nH]c1N(Cc1ccccc1)Cc1ccccc1,低毒,5.052193,54.16356
O=C(c1nn[nH]c1N(Cc1ccccc1)Cc1ccccc1)C1(c2ccccc2)ON=C1c1ccccc1COC(F)F,中毒,9.401775,37.990963
O=C(c1nn[nH]c1N(Cc1ccccc1)Cc1ccccc1)N1C(=O)N(O)CC1c1cccc(Cl)c1,中毒,22.611437,36.87901
O=C(c1nn[nH]c1N(Cc1ccccc1)Cc1ccccc1)N1CCN(c2cccs2)CC1,中毒,8.542568,12.310563
O=C(c1ccc(F)cc1-c1nncs1)c1nn[nH]c1N(Cc1ccccc1)Cc1ccccc1,低毒,5.276799,21.544544
O=C(c1nn[nH]c1N(Cc1ccccc1)Cc1ccccc1)c1sccc1O,低毒,6.3385205,21.033192
N#CC(C(=O)c1nn[nH]c1N(Cc1ccccc1)Cc1ccccc1)c1cc[nH]n1,中毒,4.0294,43.504787
O=C(c1nn[nH]c1N(Cc1ccccc1)Cc1ccccc1)N1CCC(F)(F)C1,中毒,25.021065,11.862548
O=C(c1ccc2c(c1F)S(=O)(=O)CC2CBr)c1nn[nH]c1N(Cc1ccccc1)Cc1ccccc1,中毒,11.969211,85.34343
O=C(c1nn[nH]c1N(Cc1ccccc1)Cc1ccccc1)N1CCN2CC3CC[O+](O)OC(C2)C31,中毒,25.623804,24.36038
O=C(c1nn[nH]c1N(Cc1ccccc1)Cc1ccccc1)N(F)c1cccs1,低毒,8.045771,12.105145
O=C(c1nn[nH]c1N(Cc1ccccc1)Cc1ccccc1)c1c(Oc2ccccc2Cl)oc2cccnc12,低毒,28.201918,13.634651
O=C(c1nn[nH]c1N(Cc1ccccc1)Cc1ccccc1)S(=O)(=O)c1cccc2cscc12,中毒,4.5958953,64.723854
O=C(c1coc(=O)[nH]1)c1nn[nH]c1N(Cc1ccccc1)Cc1ccccc1,低毒,10.612266,101.04092
O=C(c1nn[nH]c1N(Cc1ccccc1)Cc1ccccc1)C1(Sc2ccns2)CS1,中毒,11.157512,46.432095
O=C(c1nn[nH]c1N(Cc1ccccc1)Cc1ccccc1)N(c1ccccc1)C12CC3CC(CC(C3)C1)C2,中毒,32.706207,42.925076
O=C(c1nn[nH]c1N(Cc1ccccc1)Cc1ccccc1)N1CCc2cccc3c2N1CC3,中毒,15.93157,27.665827
O=C(c1nn[nH]c1N(Cc1ccccc1)Cc1ccccc1)c1cc2cc(S(=O)F)ccc2oc1=O,低毒,10.05996,58.308685
O=C(Oc1ccccc1Cl)c1nn[nH]c1N(Cc1ccccc1)Cc1ccccc1,低毒,10.256438,34.70963
O=C(c1ccnc(O)n1)c1nn[nH]c1N(Cc1ccccc1)Cc1ccccc1,低毒,5.037307,48.35956
O=C(c1nn[nH]c1N(Cc1ccccc1)Cc1ccccc1)C([O-])(O)Cl,低毒,6.273191,80.50812
O=C(c1nn[nH]c1N(Cc1ccccc1)Cc1ccccc1)n1nc(CI)ccc1=O,中毒,16.709982,8.900377
O=C(c1nn[nH]c1N(Cc1ccccc1)Cc1ccccc1)N1CCc2ncc(I)cc2C1,中毒,22.178028,17.7204
O=C(c1nn[nH]c1N(Cc1ccccc1)Cc1ccccc1)c1csc2ccccc2c1=O,中毒,7.6737475,32.407604
O=C(c1nn[nH]c1N(Cc1ccccc1)Cc1ccccc1)S1=NNN1CCN1CCc2cccc(c2O)C1,中毒,11.094813,22.157724
O=C(c1nn[nH]c1N(Cc1ccccc1)Cc1ccccc1)c1c[nH]c2ccc(-c3ccccc3)cc12,中毒,17.915283,37.490322
O=C(c1nn[nH]c1N(Cc1ccccc1)Cc1ccccc1)c1c(F)cccc1Br,中毒,50.41282,20.880424
O=C(C(=NNc1ccnc2cc(Cl)ccc12)C(F)(F)F)c1nn[nH]c1N(Cc1ccccc1)Cc1ccccc1,中毒,13.353166,48.905144
O=C(c1nn[nH]c1N(Cc1ccccc1)Cc1ccccc1)c1cc(Oc2ccc(CCOCc3ccoc3)cc2F)nc2ccccc12,中毒,24.624779,30.951275
O=C(c1cnsn1)c1nn[nH]c1N(Cc1ccccc1)Cc1ccccc1,低毒,7.3410196,34.50007
O=C(c1nn[nH]c1N(Cc1ccccc1)Cc1ccccc1)c1cc2ccccc2c2c(Br)cccc12,中毒,6.383442,34.50007
O=C(c1cc(Cl)cs1)c1nn[nH]c1N(Cc1ccccc1)Cc1ccccc1,中毒,5.02923,21.606764
O=C(c1nn[nH]c1N(Cc1ccccc1)Cc1ccccc1)C1(Cl)CCCC1,高毒,7.205759,22.30062
O=C(OC1CN2OC3CN(S(=O)(=O)O)CCC3NC12)c1nn[nH]c1N(Cc1ccccc1)Cc1ccccc1,中毒,31.992006,25.240997
O=C(Oc1ccc(S(=O)(=O)NF)cc1O)c1nn[nH]c1N(Cc1ccccc1)Cc1ccccc1,低毒,9.807257,41.341484
O=C(c1nn[nH]c1N(Cc1ccccc1)Cc1ccccc1)[P+](c1ccccc1)(c1cccnc1)P(=O)(c1ccccc1)c1cccs1,中毒,6.7638607,9.872282
O=C(c1nn[nH]c1N(Cc1ccccc1)Cc1ccccc1)c1cn2nnc1c1[nH]cc2Sc2ccccc2C1=O,中毒,10.7940645,28.289194
O=C(c1nn[nH]c1N(Cc1ccccc1)Cc1ccccc1)C1CCN(c2nonc2N2CCOCC2)CC1,中毒,18.126776,35.563454
O=C(c1ccc(Cl)c(Cl)c1Cl)c1nn[nH]c1N(Cc1ccccc1)Cc1ccccc1,低毒,8.848235,38.531574
O=C(c1nn[nH]c1N(Cc1ccccc1)Cc1ccccc1)C1CNCCNCCSC1,中毒,3.9721262,30.78599
O=C(c1conc1N1CCOCC1)c1nn[nH]c1N(Cc1ccccc1)Cc1ccccc1,中毒,10.612266,60.421627
O=C(c1ccc(N(S(=O)(=O)c2ccc(F)cc2)S(=O)(=O)C2CC2)cc1)c1nn[nH]c1N(Cc1ccccc1)Cc1ccccc1,中毒,9.031979,18.176865
O=C(c1cc(F)c(F)cc1F)c1nn[nH]c1N(Cc1ccccc1)Cc1ccccc1,中毒,16.313023,20.880424
O=C(O)c1ncoc1C(=O)c1nn[nH]c1N(Cc1ccccc1)Cc1ccccc1,低毒,3.065565,50.57576
CC1=NC(c2ccc[nH]2)N(C2CCSCC2)CCN1C(C(=O)c1nn[nH]c1N(Cc1ccccc1)Cc1ccccc1)c1cccc2sccc12,中毒,8.265094,57.181202
O=C(c1ccc(Cl)nc1Cl)c1nn[nH]c1N(Cc1ccccc1)Cc1ccccc1,中毒,4.604606,15.368224
O=C(c1ccoc1C(F)(F)F)c1nn[nH]c1N(Cc1ccccc1)Cc1ccccc1,低毒,8.681855,69.62934
O=C(c1ccc(Oc2ccccc2)cc1)c1nn[nH]c1N(Cc1ccccc1)Cc1ccccc1,高毒,5.037307,29.80453
O=C(c1ccc(Cl)nc1)c1nn[nH]c1N(Cc1ccccc1)Cc1ccccc1,中毒,6.393717,15.529057
O=C(c1cccc(C(Cl)(Cl)Br)c1)c1nn[nH]c1N(Cc1ccccc1)Cc1ccccc1,低毒,15.387692,59.86826
O=C(c1nn[nH]c1N(Cc1ccccc1)Cc1ccccc1)N1CC2OP1(=O)OCc1ccccc12,中毒,17.240406,29.212729
O=C(c1nn[nH]c1N(Cc1ccccc1)Cc1ccccc1)C(c1ccccc1)P(=O)(O)O,中毒,8.99911,37.440536
O=C(c1nn[nH]c1N(Cc1ccccc1)Cc1ccccc1)C1C=Nc2ccccc2C=CC1,高毒,8.4934435,21.504103
O=C(c1cc(F)c(N2CCc3c(Br)cc(F)cc3P2(=O)N2CCOCC2)cc1F)c1nn[nH]c1N(Cc1ccccc1)Cc1ccccc1,中毒,13.756285,42.153366
O=C(c1nn[nH]c1N(Cc1ccccc1)Cc1ccccc1)C1C2C=CC(C=NO2)S1(=O)=O,中毒,8.8798485,43.094795
O=C(c1ccc2c(c1NS(=O)(=O)c1ccc(Cl)c(F)c1)CSCC2)c1nn[nH]c1N(Cc1ccccc1)Cc1ccccc1,中毒,33.499935,34.84849
O=C(c1nn[nH]c1N(Cc1ccccc1)Cc1ccccc1)c1c(Cl)cc(Cl)cc1OC(F)(F)F,中毒,4.198986,16.61195
O=C(NC1SC(Cl)OC1(OCCO)C1=NN2c3ccccc3-c3cccc1c3C2(F)F)c1nn[nH]c1N(Cc1ccccc1)Cc1ccccc1,中毒,6.1406474,13.503714
O=C(c1nn[nH]c1N(Cc1ccccc1)Cc1ccccc1)c1c(F)cc(-c2ccc(F)cc2)cc1I,中毒,13.7733135,37.892868
O=C(c1cc(Cl)on1)c1nn[nH]c1N(Cc1ccccc1)Cc1ccccc1,低毒,13.758853,27.989208
Nc1nonc1-n1nnc2cc(C(=O)c3nn[nH]c3N(Cc3ccccc3)Cc3ccccc3)ccc21,中毒,37.088203,44.456512
O=C(c1nn[nH]c1N(Cc1ccccc1)Cc1ccccc1)N(C1=CC=COC1)c1ccccn1,中毒,13.547917,18.347473
O=C(c1coc([N+](=O)[O-])n1)c1nn[nH]c1N(Cc1ccccc1)Cc1ccccc1,低毒,9.808639,44.610962
O=C(O)c1cc(Cc2ccc3c(c2)CCON3C(=O)c2ccccc2C(=O)O)cc(C(=O)c2nn[nH]c2N(Cc2ccccc2)Cc2ccccc2)n1,中毒,7.1630516,31.60988
O=C(c1cc(Br)[nH]n1)c1nn[nH]c1N(Cc1ccccc1)Cc1ccccc1,低毒,4.220263,56.669506
O=C(c1nn[nH]c1N(Cc1ccccc1)Cc1ccccc1)c1cccc2c1[nH]c1cco[n+]12,中毒,28.691126,20.689705
O=C(c1cc2nsnc2s1)c1nn[nH]c1N(Cc1ccccc1)Cc1ccccc1,中毒,46.618584,29.353004
O=C(c1nn[nH]c1N(Cc1ccccc1)Cc1ccccc1)c1cccc2c(F)cccc12,低毒,7.5008483,21.234655
O=C(c1nn[nH]c1N(Cc1ccccc1)Cc1ccccc1)c1sc2ccccc2c1Br,中毒,8.482227,24.775297
O=C(c1c[nH]nc1-c1cocn1)c1nn[nH]c1N(Cc1ccccc1)Cc1ccccc1,中毒,7.140232,30.879324
O=C(c1nn[nH]c1N(Cc1ccccc1)Cc1ccccc1)C(O)CS,低毒,4.0294,83.59449
O=C(c1cc([N+](=O)[O-])on1)c1nn[nH]c1N(Cc1ccccc1)Cc1ccccc1,低毒,5.037307,29.36747
O=C(c1nsnc1NO)c1nn[nH]c1N(Cc1ccccc1)Cc1ccccc1,低毒,5.8936567,20.880424
O=C(c1c[nH]nc1-c1ccco1)c1nn[nH]c1N(Cc1ccccc1)Cc1ccccc1,中毒,5.923411,31.01351
O=C(c1nn[nH]c1N(Cc1ccccc1)Cc1ccccc1)N1c2ccccc2Sc2ccccc21,低毒,8.458021,31.889166
O=C(c1nc(Cl)co1)c1nn[nH]c1N(Cc1ccccc1)Cc1ccccc1,低毒,13.8679495,49.112568
O=C(c1nn[nH]c1N(Cc1ccccc1)Cc1ccccc1)c1c(O)oc2ccccc2c1=O,低毒,9.235495,26.047947
O=C(c1nn[nH]c1N(Cc1ccccc1)Cc1ccccc1)S(=O)(=O)Cc1cscn1,低毒,8.253096,113.12947
O=C(c1cccc(S(=O)(=O)N2CCOCC2)c1)c1nn[nH]c1N(Cc1ccccc1)Cc1ccccc1,中毒,7.000208,28.608725
O=C(c1ccc(O)cc1O)c1nn[nH]c1N(Cc1ccccc1)Cc1ccccc1,低毒,5.415689,19.154457
O=C(c1nn[nH]c1N(Cc1ccccc1)Cc1ccccc1)C(c1ccccc1)c1sc(Cl)cc1Cl,中毒,8.681034,44.824024
O=C(c1nn[nH]c1N(Cc1ccccc1)Cc1ccccc1)C(c1ccc(F)cc1S(=O)(=O)Cc1ccncn1)n1cncn1,中毒,7.252352,19.617376
O=C(c1nn[nH]c1N(Cc1ccccc1)Cc1ccccc1)C(Cl)c1ccc(O)cc1Cl,高毒,8.357754,51.76034
O=C(c1nn[nH]c1N(Cc1ccccc1)Cc1ccccc1)C(O)NO,高毒,6.273191,83.59449
O=C(C1=C(O)CC2CCCCC=CCC(O2)N1c1cccc(-c2nc3cc[nH]n3n2)c1F)c1nn[nH]c1N(Cc1ccccc1)Cc1ccccc1,低毒,16.528496,23.871758
O=C(c1nn[nH]c1N(Cc1ccccc1)Cc1ccccc1)c1cc(F)c(F)c2c(O)c(Cl)n(C34CC5CC(CC(C5)C3)C4)c12,中毒,7.2102165,13.116937
O=C(NCCSSSc1nc[nH]c1C(=O)c1nn[nH]c1N(Cc1ccccc1)Cc1ccccc1)c1[nH]cnc1COCc1ccccc1,中毒,7.84181,20.463524
O=C(c1nn[nH]c1N(Cc1ccccc1)Cc1ccccc1)[SH](c1cccnc1Cl)[N+](=O)[O-],中毒,6.422111,17.36974
O=C(c1csc(C2=CC=[N+]N2)n1)c1nn[nH]c1N(Cc1ccccc1)Cc1ccccc1,低毒,6.273191,33.61609
O=C(c1nn[nH]c1N(Cc1ccccc1)Cc1ccccc1)n1nnc(Cl)n1,高毒,14.033978,27.045012
O=C(c1ccc2c(c1)C(F)C=C2Cl)c1nn[nH]c1N(Cc1ccccc1)Cc1ccccc1,中毒,27.548717,31.313189
O=C(c1nn[nH]c1N(Cc1ccccc1)Cc1ccccc1)c1nsc2sccc12,中毒,4.4499626,18.81267
O=C(c1nn[nH]c1N(Cc1ccccc1)Cc1ccccc1)c1coc2c(Br)cccc2c1=O,低毒,24.83002,59.342094
