smiles,canonical_smiles,toxicity,aureus_MIC,ecoli_MIC,IC50_map,SI_SA,SI_EC,cls,is_candidate,is_star,is_validated,validated_label,x,y
O=C(c1nnn(OCNI)c1-c1ccc(Br)cc1)N1CCC1,O=C(c1nnn(OCNI)c1-c1ccc(Br)cc1)N1CCC1,中毒,50.67282,26.656855,42.5,0.8387139298740429,1.5943366162287336,both<5,False,False,False,,22.169794,-16.268827
O=C(c1nnn([SH]2SC2CCBr)c1-c1ccc(Br)cc1)N1CCC1,O=C(c1nnn([SH]2SC2CCBr)c1-c1ccc(Br)cc1)N1CCC1,低毒,11.90429,72.397064,250.0,21.00083247299923,3.4531787090150505,one>10-other<5,True,False,False,,-6.3569736,3.4277902
O=C(c1nnn(N2C=NNN2)c1-c1ccc(Br)cc1)N1CCC1,O=C(c1nnn(N2C=NNN2)c1-c1ccc(Br)cc1)N1CCC1,中毒,16.423025,62.28099,42.5,2.5878301957160756,0.6823912079753388,both<5,True,False,False,,-3.2201347,-3.3476086
O=C(c1nnn(-c2ccccc2)c1-c1ccc(Br)cc1)N1CCC1,O=C(c1nnn(-c2ccccc2)c1-c1ccc(Br)cc1)N1CCC1,中毒,11.923352,49.925213,42.5,3.5644338940928693,0.8512732835010639,both<5,True,False,False,,-18.9227,8.693457
O=C(c1nnn(Cc2nccs2)c1-c1ccc(Br)cc1)N1CCC1,O=C(c1nnn(Cc2nccs2)c1-c1ccc(Br)cc1)N1CCC1,中毒,16.814655,21.319351,42.5,2.5275570625742843,1.9934940796274707,both<5,True,False,False,,-3.2537346,-26.860565
N=Cn1nnc(C(=O)N2CCC2)c1-c1ccc(Br)cc1,N=Cn1nnc(C(=O)N2CCC2)c1-c1ccc(Br)cc1,低毒,9.972353,16.617321,250.0,25.06930911892108,15.044542980183147,both>10,True,False,False,,32.067894,26.832415
O=Cn1nnc(C(=O)N2CCC2)c1-c1ccc(Br)cc1,O=Cn1nnc(C(=O)N2CCC2)c1-c1ccc(Br)cc1,低毒,14.7157955,18.145395,250.0,16.988548121642488,13.777600322285627,both>10,True,False,False,,31.8142,27.116434
O=C(c1nnn(-c2cccnc2)c1-c1ccc(Br)cc1)N1CCC1,O=C(c1nnn(-c2cccnc2)c1-c1ccc(Br)cc1)N1CCC1,中毒,8.885191,49.925213,42.5,4.783239887583733,0.8512732835010639,both<5,True,False,False,,-22.75571,7.879604
COc1cccc(-n2nnc(C(=O)N3CCC3)c2-c2ccc(Br)cc2)c1,COc1cccc(-n2nnc(C(=O)N3CCC3)c2-c2ccc(Br)cc2)c1,中毒,11.196653,30.515831,42.5,3.7957771844853996,1.3927197329150238,both<5,True,False,False,,-21.558403,9.145074
O=C(c1nnn(-c2nc3nc4sc(Br)ccc-4nc[n+]2CC(CO)N3)c1-c1ccc(Br)cc1)N1CCC1,O=C(c1nnn(-c2nc3nc4sc(Br)ccc-4nc[n+]2CC(CO)N3)c1-c1ccc(Br)cc1)N1CCC1,中毒,23.498104,16.19268,42.5,1.8086565622485966,2.624642739805888,both<5,False,False,False,,-25.045864,0.70182526
O=C(c1nnn(-c2ccc(F)cc2F)c1-c1ccc(Br)cc1)N1CCC1,O=C(c1nnn(-c2ccc(F)cc2F)c1-c1ccc(Br)cc1)N1CCC1,中毒,10.721868,26.122887,42.5,3.9638615211453825,1.6269258447582766,both<5,True,False,False,,-28.231651,13.063251
O=C(c1nnn(S[N+](=O)[O-])c1-c1ccc(Br)cc1)N1CCC1,O=C(c1nnn(S[N+](=O)[O-])c1-c1ccc(Br)cc1)N1CCC1,中毒,9.739305,41.466076,42.5,4.363761069193336,1.0249342136931403,both<5,True,False,False,,16.166925,9.278233
O=C(c1nnn(CC2Cc3nncn3C2)c1-c1ccc(Br)cc1)N1CCC1,O=C(c1nnn(CC2Cc3nncn3C2)c1-c1ccc(Br)cc1)N1CCC1,中毒,19.270475,41.466076,42.5,2.2054464147873882,1.0249342136931403,both<5,True,False,False,,0.351509,-36.059994
O=C(c1nnn(-c2ccccc2Br)c1-c1ccc(Br)cc1)N1CCC1,O=C(c1nnn(-c2ccccc2Br)c1-c1ccc(Br)cc1)N1CCC1,中毒,13.798724,42.57803,42.5,3.079994932864807,0.9981673647183771,both<5,True,False,False,,-26.3982,15.192757
O=C(c1nnn([N+](=O)[O-])c1-c1ccc(Br)cc1)N1CCC1,O=C(c1nnn([N+](=O)[O-])c1-c1ccc(Br)cc1)N1CCC1,中毒,17.297848,84.19775,42.5,2.456953026758011,0.5047640821755925,both<5,True,False,False,,14.660988,9.998987
O=C(c1nnn(-c2ncno2)c1-c1ccc(Br)cc1)N1CCC1,O=C(c1nnn(-c2ncno2)c1-c1ccc(Br)cc1)N1CCC1,中毒,14.040039,18.69015,42.5,3.027057118573531,2.2739250353795986,both<5,True,False,False,,-10.808683,9.674859
O=C(c1nnn([O-])c1-c1ccc(Br)cc1)N1CCC1,O=C(c1nnn([O-])c1-c1ccc(Br)cc1)N1CCC1,中毒,33.291145,20.882534,42.5,1.2766157487223704,2.0351936216169935,both<5,False,False,False,,1.754221,4.239357
O=C(c1nnn(CCO)c1-c1ccc(Br)cc1)N1CCC1,O=C(c1nnn(CCO)c1-c1ccc(Br)cc1)N1CCC1,低毒,9.921383,19.617985,250.0,25.198099901999548,12.743408663020181,both>10,True,False,False,,1.5543362,-40.173622
O=C(c1nnn(Cc2ccco2)c1-c1ccc(Br)cc1)N1CCC1,O=C(c1nnn(Cc2ccco2)c1-c1ccc(Br)cc1)N1CCC1,中毒,10.601123,15.02365,42.5,4.009009234210376,2.828873143343994,both<5,True,False,False,,9.063067,-24.748833
O=C(c1nnn(C2=NCN2CC=CF)c1-c1ccc(Br)cc1)N1CCC1,O=C(c1nnn(C2=NCN2CC=CF)c1-c1ccc(Br)cc1)N1CCC1,中毒,11.124961,17.2391,42.5,3.820238111396525,2.4653259160861065,both<5,True,False,False,,-14.527386,0.8591533
O=C(c1nnn(CCn2cncn2)c1-c1ccc(Br)cc1)N1CCC1,O=C(c1nnn(CCn2cncn2)c1-c1ccc(Br)cc1)N1CCC1,低毒,13.415327,22.765898,250.0,18.635401134836297,10.981337085846558,both>10,True,False,False,,-14.532662,-33.814167
O=C(c1nnn(C2=Nc3ccc(Br)cc32)c1-c1ccc(Br)cc1)N1CCC1,O=C(c1nnn(C2=Nc3ccc(Br)cc32)c1-c1ccc(Br)cc1)N1CCC1,中毒,3.1865633,40.167973,42.5,13.337252707328927,1.05805687531208,one>10-other<5,True,True,False,,-8.904091,16.95159
O=C(c1nnn(CCBr)c1-c1ccc(Br)cc1)N1CCC1,O=C(c1nnn(CCBr)c1-c1ccc(Br)cc1)N1CCC1,低毒,14.7157955,25.001862,250.0,16.988548121642488,9.999255255468572,both<5,True,False,False,,1.6805731,-40.527782
N#Cc1cc(Cl)ccc1Cn1nnc(C(=O)N2CCC2)c1-c1ccc(Br)cc1,N#Cc1cc(Cl)ccc1Cn1nnc(C(=O)N2CCC2)c1-c1ccc(Br)cc1,中毒,9.096299,14.137096,42.5,4.672229881625483,3.0062751218496357,both<5,True,False,False,,-4.4876795,-23.991919
O=C(c1nnn(CC(Cl)Br)c1-c1ccc(Br)cc1)N1CCC1,O=C(c1nnn(CC(Cl)Br)c1-c1ccc(Br)cc1)N1CCC1,中毒,11.965558,25.001862,42.5,3.5518611000005182,1.6998733934296575,both<5,True,False,False,,-6.583883,-31.174938
O=C(c1nnn([SH]2c3ccc4c(cn(CCNC([O-])c5ccccc5)[s+]32)SCO4)c1-c1ccc(Br)cc1)N1CCC1,O=C(c1nnn([SH]2c3ccc4c(cn(CCNC([O-])c5ccccc5)[s+]32)SCO4)c1-c1ccc(Br)cc1)N1CCC1,中毒,6.3836064,23.506872,42.5,6.6576786438462126,1.8079819382178963,one>5-other<=5,True,False,False,,-6.790799,1.6354254
O=C(c1nnn(N=Cc2cccn2-c2cccnc2)c1-c1ccc(Br)cc1)N1CCC1,O=C(c1nnn(N=Cc2cccn2-c2cccnc2)c1-c1ccc(Br)cc1)N1CCC1,中毒,8.105229,38.9894,42.5,5.243528591234128,1.0900398569867706,one>5-other<=5,True,False,False,,15.610742,23.46827
Nc1ccccc1-n1nnc(C(=O)N2CCC2)c1-c1ccc(Br)cc1,Nc1ccccc1-n1nnc(C(=O)N2CCC2)c1-c1ccc(Br)cc1,中毒,26.304476,20.19103,42.5,1.6156946064996693,2.104895094504837,both<5,False,False,False,,-26.469885,15.450286
O=C(c1nnn(CCS)c1-c1ccc(Br)cc1)N1CCC1,O=C(c1nnn(CCS)c1-c1ccc(Br)cc1)N1CCC1,低毒,14.7157955,25.001862,250.0,16.988548121642488,9.999255255468572,both<5,True,False,False,,1.1941507,-40.994053
O=C(c1nnn(CNc2cccc(Br)c2)c1-c1ccc(Br)cc1)N1CCC1,O=C(c1nnn(CNc2cccc(Br)c2)c1-c1ccc(Br)cc1)N1CCC1,中毒,13.415327,16.09387,42.5,3.1680181929221702,2.64075700872444,both<5,True,False,False,,-10.94733,-44.478214
O=C(c1nnn(C2NC3=CC=CC=[N+]2C=C3)c1-c1ccc(Br)cc1)N1CCC1,O=C(c1nnn(C2NC3=CC=CC=[N+]2C=C3)c1-c1ccc(Br)cc1)N1CCC1,中毒,6.7166123,22.119713,42.5,6.327594641721392,1.921363084593367,one>5-other<=5,True,False,False,,3.7077959,27.872894
O=C(c1nnn(S(=O)(=O)Br)c1-c1ccc(Br)cc1)N1CCC1,O=C(c1nnn(S(=O)(=O)Br)c1-c1ccc(Br)cc1)N1CCC1,低毒,11.776279,53.760555,250.0,21.229116599564257,4.650249611448394,one>10-other<5,True,False,False,,11.495121,-9.515865
O=C(c1nnn(C2CCP(=O)([O-])OCC2Br)c1-c1ccc(Br)cc1)N1CCC1,O=C(c1nnn(C2CCP(=O)([O-])OCC2Br)c1-c1ccc(Br)cc1)N1CCC1,中毒,5.4667625,17.394081,42.5,7.774253957438247,2.443359899266883,one>5-other<=5,True,False,False,,4.5575004,26.768293
O=C(c1nnn(-c2ccc(Br)cc2)c1-c1ccc(Br)cc1)N1CCC1,O=C(c1nnn(-c2ccc(Br)cc2)c1-c1ccc(Br)cc1)N1CCC1,中毒,11.923352,49.925213,42.5,3.5644338940928693,0.8512732835010639,both<5,True,False,False,,-17.556892,7.6407566
O=C(c1nnn(Cc2cnns2)c1-c1ccc(Br)cc1)N1CCC1,O=C(c1nnn(Cc2cnns2)c1-c1ccc(Br)cc1)N1CCC1,中毒,10.390404,14.137096,42.5,4.090312561474992,3.0062751218496357,both<5,True,False,False,,7.0178595,-29.787857
O=C(c1nnn(C=S)c1-c1ccc(Br)cc1)N1CCC1,O=C(c1nnn(C=S)c1-c1ccc(Br)cc1)N1CCC1,低毒,16.814655,29.177204,250.0,14.867982721025202,8.568333004080857,both<5,True,False,False,,31.471853,26.88804
O=C(c1nnn([SH](=O)=O)c1-c1ccc(Br)cc1)N1CCC1,O=C(c1nnn([SH](=O)=O)c1-c1ccc(Br)cc1)N1CCC1,低毒,11.90429,90.672066,250.0,21.00083247299923,2.7571887465319254,one>10-other<5,True,False,False,,6.368073,-1.501492
O=C(c1nnn(C(=S)Nc2ccccc2)c1-c1ccc(Br)cc1)N1CCC1,O=C(c1nnn(C(=S)Nc2ccccc2)c1-c1ccc(Br)cc1)N1CCC1,中毒,14.259107,28.131508,42.5,2.980551306614082,1.5107615276081183,both<5,True,False,False,,17.476055,-0.9356739
O=C(c1nnn([SH]2c3cocc32)c1-c1ccc(Br)cc1)N1CCC1,O=C(c1nnn([SH]2c3cocc32)c1-c1ccc(Br)cc1)N1CCC1,低毒,10.314535,114.557335,250.0,24.237641347864933,2.1823133368107768,one>10-other<5,True,False,False,,-5.44058,2.6695929
O=C(c1nnn(S(=O)([O-])=S)c1-c1ccc(Br)cc1)N1CCC1,O=C(c1nnn(S(=O)([O-])=S)c1-c1ccc(Br)cc1)N1CCC1,低毒,9.849177,141.9168,250.0,25.38283147921903,1.7615955263929288,one>10-other<5,True,False,False,,11.497873,-8.214806
O=C(c1nnn(CC=S)c1-c1ccc(Br)cc1)N1CCC1,O=C(c1nnn(CC=S)c1-c1ccc(Br)cc1)N1CCC1,低毒,14.7157955,41.15582,250.0,16.988548121642488,6.0744750074230085,both<5,True,False,False,,9.578188,-36.30258
O=Nn1nnc(C(=O)N2CCC2)c1-c1ccc(Br)cc1,O=Nn1nnc(C(=O)N2CCC2)c1-c1ccc(Br)cc1,中毒,33.291145,37.069782,42.5,1.2766157487223704,1.1464863753447485,both<5,False,False,False,,14.871264,18.523561
O=C(c1nnn(CC=Cc2cc3ccccn3[n+]2CBr)c1-c1ccc(Br)cc1)N1CCC1,O=C(c1nnn(CC=Cc2cc3ccccn3[n+]2CBr)c1-c1ccc(Br)cc1)N1CCC1,中毒,11.124961,15.210299,42.5,3.820238111396525,2.794159404755949,both<5,True,False,False,,11.040962,-37.702938
N#Cn1nnc(C(=O)N2CCC2)c1-c1ccc(Br)cc1,N#Cn1nnc(C(=O)N2CCC2)c1-c1ccc(Br)cc1,低毒,14.7157955,17.332457,250.0,16.988548121642488,14.423806157430535,both>10,True,False,False,,3.0131252,8.717276
O=C(c1nnn(CCC=CBr)c1-c1ccc(Br)cc1)N1CCC1,O=C(c1nnn(CCC=CBr)c1-c1ccc(Br)cc1)N1CCC1,低毒,14.7157955,25.001862,250.0,16.988548121642488,9.999255255468572,both<5,True,False,False,,4.8357625,-42.79478
O=C(c1nnn(CSc2ccc(Cl)cc2Cl)c1-c1ccc(Br)cc1)N1CCC1,O=C(c1nnn(CSc2ccc(Cl)cc2Cl)c1-c1ccc(Br)cc1)N1CCC1,低毒,13.415327,21.15253,250.0,18.635401134836297,11.818917169719178,both>10,True,False,False,,-1.2870235,-32.033573
O=C(c1nnn(SC=NPc2ccncc2)c1-c1ccc(Br)cc1)N1CCC1,O=C(c1nnn(SC=NPc2ccncc2)c1-c1ccc(Br)cc1)N1CCC1,低毒,15.455616,46.316193,250.0,16.17535011221811,5.397680245438135,both<5,True,False,False,,19.896349,10.732535
O=C(c1nnn(-c2cc3ccccc3c3c2N3CBr)c1-c1ccc(Br)cc1)N1CCC1,O=C(c1nnn(-c2cc3ccccc3c3c2N3CBr)c1-c1ccc(Br)cc1)N1CCC1,中毒,7.2545424,20.19103,42.5,5.858398456669025,2.104895094504837,one>5-other<=5,True,False,False,,-34.45958,14.481096
O=C=Cn1nnc(C(=O)N2CCC2)c1-c1ccc(Br)cc1,O=C=Cn1nnc(C(=O)N2CCC2)c1-c1ccc(Br)cc1,中毒,14.7157955,16.651882,42.5,2.8880531806792233,2.5522640624044777,both<5,True,False,False,,30.36195,27.700869
O=C(c1nnn(N=C=NO)c1-c1ccc(Br)cc1)N1CCC1,O=C(c1nnn(N=C=NO)c1-c1ccc(Br)cc1)N1CCC1,低毒,48.00284,49.925213,250.0,5.208025191842816,5.007489902947435,both5-10,False,False,False,,16.038683,17.333302
O=C(c1nnn(CCc2c[nH]c3ccsc23)c1-c1ccc(Br)cc1)N1CCC1,O=C(c1nnn(CCc2c[nH]c3ccsc23)c1-c1ccc(Br)cc1)N1CCC1,中毒,14.594805,25.622446,42.5,2.911995055774983,1.65870190535283,both<5,True,False,False,,14.34917,-30.704638
O=C(c1nnn(CCCl)c1-c1ccc(Br)cc1)N1CCC1,O=C(c1nnn(CCCl)c1-c1ccc(Br)cc1)N1CCC1,低毒,14.7157955,25.001862,250.0,16.988548121642488,9.999255255468572,both<5,True,False,False,,0.09896441,-40.342712
O=C(c1nnn(C=CCc2ccccn2)c1-c1ccc(Br)cc1)N1CCC1,O=C(c1nnn(C=CCc2ccccn2)c1-c1ccc(Br)cc1)N1CCC1,中毒,13.082877,14.312071,42.5,3.248520948412188,2.969521322246096,both<5,True,False,False,,37.160065,27.41211
O=C(c1nnn(SCBr)c1-c1ccc(Br)cc1)N1CCC1,O=C(c1nnn(SCBr)c1-c1ccc(Br)cc1)N1CCC1,低毒,8.13859,79.720116,250.0,30.717851618032114,3.135971352575553,one>10-other<5,True,False,False,,21.039072,7.0081525
O=C(c1nnn(C2=NC3=NSN=C2SC(CCl)C3)c1-c1ccc(Br)cc1)N1CCC1,O=C(c1nnn(C2=NC3=NSN=C2SC(CCl)C3)c1-c1ccc(Br)cc1)N1CCC1,中毒,3.9845347,25.623388,42.5,10.666239147070296,1.6586409260164972,one>10-other<5,True,True,False,,-23.029627,0.6405626
O=C(c1nnn(C=[IH])c1-c1ccc(Br)cc1)N1CCC1,O=C(c1nnn(C=[IH])c1-c1ccc(Br)cc1)N1CCC1,低毒,17.840372,14.1541815,250.0,14.013160712119682,17.662624998838684,both>10,True,False,False,,32.23813,26.894722
O=C(c1nnn(O[SH]=Cc2cn(-c3c(-c4ccccn4)ssc3=Nc3ccccc3Cl)n2CCN2CCOCC2)c1-c1ccc(Br)cc1)N1CCC1,O=C(c1nnn(O[SH]=Cc2cn(-c3c(-c4ccccn4)ssc3=Nc3ccccc3Cl)n2CCN2CCOCC2)c1-c1ccc(Br)cc1)N1CCC1,中毒,7.9612103,9.173887,42.5,5.338384290639829,4.632714573440897,one>5-other<=5,True,False,False,,24.078945,-11.34257
O=C(c1nnn(N=Nc2ccccn2)c1-c1ccc(Br)cc1)N1CCC1,O=C(c1nnn(N=Nc2ccccn2)c1-c1ccc(Br)cc1)N1CCC1,中毒,48.00284,43.89676,42.5,0.8853642826132787,0.9681807951201865,both<5,False,False,False,,12.755344,17.57836
O=C(c1nnn(N=CCO[N+](=O)[O-])c1-c1ccc(Br)cc1)N1CCC1,O=C(c1nnn(N=CCO[N+](=O)[O-])c1-c1ccc(Br)cc1)N1CCC1,低毒,43.68126,111.372314,250.0,5.723278128881813,2.2447230466990207,one>5-other<=5,False,False,False,,17.257378,19.31774
O=C(c1nnn(C23C(=CC=Cc4cc2cc2ccccc42)C3=NCl)c1-c1ccc(Br)cc1)N1CCC1,O=C(c1nnn(C23C(=CC=Cc4cc2cc2ccccc42)C3=NCl)c1-c1ccc(Br)cc1)N1CCC1,中毒,3.9571416,17.54973,42.5,10.740075614175646,2.421689678416705,one>10-other<5,True,True,False,,6.038643,4.08305
O=C(c1nnn(N2NN=[N+]=CC(CCBr)=NC2CCO)c1-c1ccc(Br)cc1)N1CCC1,O=C(c1nnn(N2NN=[N+]=CC(CCBr)=NC2CCO)c1-c1ccc(Br)cc1)N1CCC1,中毒,18.27921,38.07262,42.5,2.3250457760483085,1.1162877679550292,both<5,True,False,False,,-1.3850753,-5.1082525
O=C(c1nnn(C=Cn2ccnc2)c1-c1ccc(Br)cc1)N1CCC1,O=C(c1nnn(C=Cn2ccnc2)c1-c1ccc(Br)cc1)N1CCC1,中毒,14.7157955,16.651882,42.5,2.8880531806792233,2.5522640624044777,both<5,True,False,False,,33.467075,25.450817
O=C(c1nnn(CCCBr)c1-c1ccc(Br)cc1)N1CCC1,O=C(c1nnn(CCCBr)c1-c1ccc(Br)cc1)N1CCC1,低毒,14.7157955,25.001862,250.0,16.988548121642488,9.999255255468572,both<5,True,False,False,,1.6643679,-45.26119
O=C(c1nnn(C(NC[123I])c2cccs2)c1-c1ccc(Br)cc1)N1CCC1,O=C(c1nnn(C(NC[123I])c2cccs2)c1-c1ccc(Br)cc1)N1CCC1,中毒,11.796797,16.023626,42.5,3.602672827208945,2.6523334980484443,both<5,True,False,False,,-13.997504,-11.303193
O=C(c1nnn(S(=O)(=O)c2ccccc2)c1-c1ccc(Br)cc1)N1CCC1,O=C(c1nnn(S(=O)(=O)c2ccccc2)c1-c1ccc(Br)cc1)N1CCC1,中毒,8.854232,62.294617,42.5,4.7999645819084025,0.6822419343231535,both<5,True,False,False,,8.797878,-10.281573
O=C(c1nnn(P(=O)(I)I)c1-c1ccc(Br)cc1)N1CCC1,O=C(c1nnn(P(=O)(I)I)c1-c1ccc(Br)cc1)N1CCC1,中毒,10.4683075,18.701824,42.5,4.059873097919602,2.272505612286802,both<5,True,False,False,,2.5091968,5.9083395
O=C(c1nnn(S#Cn2ccnc2)c1-c1ccc(Br)cc1)N1CCC1,O=C(c1nnn(S#Cn2ccnc2)c1-c1ccc(Br)cc1)N1CCC1,低毒,6.4973874,88.895584,250.0,38.47700384927025,2.812288178454399,one>10-other<5,True,False,False,,17.348902,6.614641
O=C(c1nnn(-c2cccc3ccccc23)c1-c1ccc(Br)cc1)N1CCC1,O=C(c1nnn(-c2cccc3ccccc23)c1-c1ccc(Br)cc1)N1CCC1,中毒,13.798724,49.925213,42.5,3.079994932864807,0.8512732835010639,both<5,True,False,False,,-33.16442,14.589422
O=C(c1nnn(-c2ccc(C3=NCCCN3c3nc4cc(Cl)ccc4s3)cc2CCl)c1-c1ccc(Br)cc1)N1CCC1,O=C(c1nnn(-c2ccc(C3=NCCCN3c3nc4cc(Cl)ccc4s3)cc2CCl)c1-c1ccc(Br)cc1)N1CCC1,中毒,6.8103485,55.03453,42.5,6.240502963981946,0.7722424448796056,one>5-other<=5,True,False,False,,-31.140438,-3.03493
O=C(c1nnn(C2=C3SSC=C32)c1-c1ccc(Br)cc1)N1CCC1,O=C(c1nnn(C2=C3SSC=C32)c1-c1ccc(Br)cc1)N1CCC1,中毒,6.9562984,17.355185,42.5,6.1095711477817,2.448835895439893,one>5-other<=5,True,False,False,,-19.563576,3.3293102
O=C(c1nnn(CCN=CO)c1-c1ccc(Br)cc1)N1CCC1,O=C(c1nnn(CCN=CO)c1-c1ccc(Br)cc1)N1CCC1,低毒,14.7157955,20.843096,250.0,16.988548121642488,11.994379337887231,both>10,True,False,False,,5.9117093,-47.258167
O=C(c1nnn(C2OC[SH]23=NO3)c1-c1ccc(Br)cc1)N1CCC1,O=C(c1nnn(C2OC[SH]23=NO3)c1-c1ccc(Br)cc1)N1CCC1,中毒,18.52549,21.833513,42.5,2.2941363494298934,1.9465488673306948,both<5,True,False,False,,-3.7247288,26.99496
O=C(c1nnn(-c2cccs2)c1-c1ccc(Br)cc1)N1CCC1,O=C(c1nnn(-c2cccs2)c1-c1ccc(Br)cc1)N1CCC1,中毒,6.052996,64.49796,42.5,7.021316386133412,0.6589355694350643,one>5-other<=5,True,False,False,,-26.85803,4.2769256
O=C(c1nnn(Cc2nonc2C=CCl)c1-c1ccc(Br)cc1)N1CCC1,O=C(c1nnn(Cc2nonc2C=CCl)c1-c1ccc(Br)cc1)N1CCC1,中毒,11.423429,12.515744,42.5,3.720424051307186,3.3957230189431806,both<5,True,False,False,,4.13327,-29.634932
O=C(c1nnn(Oc2ccc(N3CCSc4cc[n+](Br)cc43)cc2Br)c1-c1ccc(Br)cc1)N1CCC1,O=C(c1nnn(Oc2ccc(N3CCSc4cc[n+](Br)cc43)cc2Br)c1-c1ccc(Br)cc1)N1CCC1,中毒,5.1500187,15.552373,42.5,8.252397219450872,2.732701948442209,one>5-other<=5,True,False,False,,26.350288,-13.936559
O=C(c1nnn(CCF)c1-c1ccc(Br)cc1)N1CCC1,O=C(c1nnn(CCF)c1-c1ccc(Br)cc1)N1CCC1,低毒,14.7157955,25.001862,250.0,16.988548121642488,9.999255255468572,both<5,True,False,False,,3.0443254,-41.10105
O=C(c1nnn(-c2c[nH]c3cccnc23)c1-c1ccc(Br)cc1)N1CCC1,O=C(c1nnn(-c2c[nH]c3cccnc23)c1-c1ccc(Br)cc1)N1CCC1,中毒,16.0329,23.098198,42.5,2.6507992939518115,1.839970373446448,both<5,True,False,False,,-30.67244,15.283287
O=C(c1nnn(C(O)c2ccncc2Br)c1-c1ccc(Br)cc1)N1CCC1,O=C(c1nnn(C(O)c2ccncc2Br)c1-c1ccc(Br)cc1)N1CCC1,中毒,9.907745,12.910086,42.5,4.289573459954813,3.291999758948159,both<5,True,False,False,,-6.45967,-13.051321
O=C(c1nnn(C(F)c2ccco2)c1-c1ccc(Br)cc1)N1CCC1,O=C(c1nnn(C(F)c2ccco2)c1-c1ccc(Br)cc1)N1CCC1,中毒,6.9825587,22.14021,42.5,6.086594016030255,1.9195843219192592,one>5-other<=5,True,False,False,,-11.274638,-11.165936
O=C(c1nnn(CSCBr)c1-c1ccc(Br)cc1)N1CCC1,O=C(c1nnn(CSCBr)c1-c1ccc(Br)cc1)N1CCC1,低毒,13.415327,16.651882,250.0,18.635401134836297,15.013318014143987,both>10,True,False,False,,1.9703418,-33.766308
O=C(c1nnn(Cc2cnc3[nH]nnc3c2)c1-c1ccc(Br)cc1)N1CCC1,O=C(c1nnn(Cc2cnc3[nH]nnc3c2)c1-c1ccc(Br)cc1)N1CCC1,中毒,4.836695,22.190926,42.5,8.786991943879034,1.9151972297145237,one>5-other<=5,True,True,False,,0.96404237,-28.79008
O=C(c1nnn(Oc2ccc(F)cc2)c1-c1ccc(Br)cc1)N1CCC1,O=C(c1nnn(Oc2ccc(F)cc2)c1-c1ccc(Br)cc1)N1CCC1,中毒,28.185287,12.975376,42.5,1.5078789156910128,3.2754349469333297,both<5,False,False,False,,24.962086,-13.066737
O=C(c1nnn(-c2ccc(Nc3nc4cc(F)cn[n+]4cc3Cl)cc2)c1-c1ccc(Br)cc1)N1CCC1,O=C(c1nnn(-c2ccc(Nc3nc4cc(F)cn[n+]4cc3Cl)cc2)c1-c1ccc(Br)cc1)N1CCC1,中毒,12.425459,32.045963,42.5,3.4203967837324964,1.3262200920596456,both<5,True,False,False,,-19.56755,7.222997
O=C(c1nnn(C2Sc3ccccc32)c1-c1ccc(Br)cc1)N1CCC1,O=C(c1nnn(C2Sc3ccccc32)c1-c1ccc(Br)cc1)N1CCC1,中毒,8.696008,14.045648,42.5,4.8873000116835215,3.025848291228714,both<5,True,False,False,,2.6170487,33.490143
O=C(c1nnn(CC2c3c[nH]c2c3Br)c1-c1ccc(Br)cc1)N1CCC1,O=C(c1nnn(CC2c3c[nH]c2c3Br)c1-c1ccc(Br)cc1)N1CCC1,中毒,10.091483,21.319351,42.5,4.211472188973612,1.9934940796274707,both<5,True,False,False,,1.2617147,-35.83787
N=S(N)(=S)n1nnc(C(=O)N2CCC2)c1-c1ccc(Br)cc1,N=S(N)(=S)n1nnc(C(=O)N2CCC2)c1-c1ccc(Br)cc1,低毒,14.064521,41.390125,250.0,17.77522320170022,6.040088064483981,both<5,True,False,False,,11.859459,-7.2314243
O=C(c1nnn(-c2nonc2Nc2ccc(F)cc2)c1-c1ccc(Br)cc1)N1CCC1,O=C(c1nnn(-c2nonc2Nc2ccc(F)cc2)c1-c1ccc(Br)cc1)N1CCC1,中毒,6.0008683,12.318773,42.5,7.082308405268618,3.4500189263979455,one>5-other<=5,True,False,False,,-12.931084,21.141369
N=Nn1nnc(C(=O)N2CCC2)c1-c1ccc(Br)cc1,N=Nn1nnc(C(=O)N2CCC2)c1-c1ccc(Br)cc1,中毒,33.291145,55.15302,42.5,1.2766157487223704,0.770583369686737,both<5,False,False,False,,14.932718,18.601112
O=CNn1nnc(C(=O)N2CCC2)c1-c1ccc(Br)cc1,O=CNn1nnc(C(=O)N2CCC2)c1-c1ccc(Br)cc1,中毒,23.238869,55.15302,42.5,1.8288325477457616,0.770583369686737,both<5,False,False,False,,23.331932,-3.2676454
O=C(c1nnn(C=Cc2ccc(Br)s2)c1-c1ccc(Br)cc1)N1CCC1,O=C(c1nnn(C=Cc2ccc(Br)s2)c1-c1ccc(Br)cc1)N1CCC1,中毒,15.667969,25.130816,42.5,2.712540470306011,1.691150816591073,both<5,True,False,False,,33.758854,21.256207
O=C(c1nnn(N=CNOCBr)c1-c1ccc(Br)cc1)N1CCC1,O=C(c1nnn(N=CNOCBr)c1-c1ccc(Br)cc1)N1CCC1,低毒,28.891598,47.59105,250.0,8.653034698876816,5.25308855341498,both5-10,False,False,False,,16.380999,19.889915
O=C(c1nnn(C(=S)S)c1-c1ccc(Br)cc1)N1CCC1,O=C(c1nnn(C(=S)S)c1-c1ccc(Br)cc1)N1CCC1,中毒,14.259107,27.139992,42.5,2.980551306614082,1.5659547725732565,both<5,True,False,False,,13.820202,0.1271162
O=C(c1nnn([SH]2SN2[N+](OI)c2ccccc2)c1-c1ccc(Br)cc1)N1CCC1,O=C(c1nnn([SH]2SN2[N+](OI)c2ccccc2)c1-c1ccc(Br)cc1)N1CCC1,低毒,9.947689,20.904476,250.0,25.131465207647725,11.959161282014437,both>10,True,False,False,,-6.915612,4.523595
O=C(c1nnn(-c2ccco2)c1-c1ccc(Br)cc1)N1CCC1,O=C(c1nnn(-c2ccco2)c1-c1ccc(Br)cc1)N1CCC1,中毒,8.3712635,60.267403,42.5,5.076891917211781,0.7051904990828955,one>5-other<=5,True,False,False,,-9.440297,12.479961
O=C(c1nnn(C=Cc2ccoc2C=CSC(=S)N2SCCS2)c1-c1ccc(Br)cc1)N1CCC1,O=C(c1nnn(C=Cc2ccoc2C=CSC(=S)N2SCCS2)c1-c1ccc(Br)cc1)N1CCC1,中毒,18.079569,22.437904,42.5,2.350719754436624,1.8941163131814809,both<5,True,False,False,,31.565197,22.350845
O=C(c1nnn(-c2nc3nonc3[nH]c2=S)c1-c1ccc(Br)cc1)N1CCC1,O=C(c1nnn(-c2nc3nonc3[nH]c2=S)c1-c1ccc(Br)cc1)N1CCC1,中毒,26.908335,56.755527,42.5,1.5794362601773762,0.7488257487239965,both<5,False,False,False,,-12.901547,19.33767
O=C(c1nnn(-c2ccsc2)c1-c1ccc(Br)cc1)N1CCC1,O=C(c1nnn(-c2ccsc2)c1-c1ccc(Br)cc1)N1CCC1,中毒,11.689742,33.677425,42.5,3.635666210597291,1.261972968539014,both<5,True,False,False,,-21.394669,5.6997614
O=C(c1nnn(O[SH](=O)=O)c1-c1ccc(Br)cc1)N1CCC1,O=C(c1nnn(O[SH](=O)=O)c1-c1ccc(Br)cc1)N1CCC1,中毒,45.729736,20.882534,42.5,0.9293733950268157,2.0351936216169935,both<5,False,False,False,,21.608519,-14.44026
O=C(c1nnn(C2CCCS2)c1-c1ccc(Br)cc1)N1CCC1,O=C(c1nnn(C2CCCS2)c1-c1ccc(Br)cc1)N1CCC1,低毒,8.309643,38.058735,250.0,30.08552834339574,6.568794259714623,both<5,True,False,False,,1.0224613,28.640951
O=C(c1nnn(CC=NO)c1-c1ccc(Br)cc1)N1CCC1,O=C(c1nnn(CC=NO)c1-c1ccc(Br)cc1)N1CCC1,低毒,11.712073,27.710857,250.0,21.345495370460892,9.021734694094809,both<5,True,False,False,,9.200125,-37.542164
O=C(c1nnn(C2C=[PH]=N2)c1-c1ccc(Br)cc1)N1CCC1,O=C(c1nnn(C2C=[PH]=N2)c1-c1ccc(Br)cc1)N1CCC1,中毒,19.637897,37.92194,42.5,2.1641828552212083,1.1207232541373147,both<5,True,False,False,,1.8961376,25.801735
O=C(c1nnn(N=N[N+](=O)Br)c1-c1ccc(Br)cc1)N1CCC1,O=C(c1nnn(N=N[N+](=O)Br)c1-c1ccc(Br)cc1)N1CCC1,中毒,27.365192,55.15302,42.5,1.5530678534979765,0.770583369686737,both<5,False,False,False,,14.275611,17.009354
O=C(c1nnn(C=C=S)c1-c1ccc(Br)cc1)N1CCC1,O=C(c1nnn(C=C=S)c1-c1ccc(Br)cc1)N1CCC1,中毒,14.7157955,37.37827,42.5,2.8880531806792233,1.1370242657030407,both<5,True,False,False,,30.356516,27.6684
O=C(c1nnn(-c2cccc(Br)c2)c1-c1ccc(Br)cc1)N1CCC1,O=C(c1nnn(-c2cccc(Br)c2)c1-c1ccc(Br)cc1)N1CCC1,中毒,11.923352,49.925213,42.5,3.5644338940928693,0.8512732835010639,both<5,True,False,False,,-21.166103,9.275891
O=C(c1nnn(CC(Cl)(Cl)Cl)c1-c1ccc(Br)cc1)N1CCC1,O=C(c1nnn(CC(Cl)(Cl)Cl)c1-c1ccc(Br)cc1)N1CCC1,低毒,14.7157955,20.66404,250.0,16.988548121642488,12.098311849957705,both>10,True,False,False,,-2.8255684,-31.812136
O=C(c1nnn(N(Cl)OCl)c1-c1ccc(Br)cc1)N1CCC1,O=C(c1nnn(N(Cl)OCl)c1-c1ccc(Br)cc1)N1CCC1,低毒,12.277533,27.837418,250.0,20.362396908238814,8.980717967449424,both<5,True,False,False,,3.159259,-10.377688
O=C(c1nnn(S(=O)(=O)[N+]([O-])OSSc2ccc(Br)cc2)c1-c1ccc(Br)cc1)N1CCC1,O=C(c1nnn(S(=O)(=O)[N+]([O-])OSSc2ccc(Br)cc2)c1-c1ccc(Br)cc1)N1CCC1,中毒,3.4724772,46.76066,42.5,12.239101238735275,0.9088836641741156,one>10-other<5,True,True,False,,14.184319,-8.595315
O=C(c1nnn(CCn2soc2=S)c1-c1ccc(Br)cc1)N1CCC1,O=C(c1nnn(CCn2soc2=S)c1-c1ccc(Br)cc1)N1CCC1,低毒,15.639815,69.4623,250.0,15.984843810492643,3.5990746059373215,one>10-other<5,True,False,False,,0.44089767,-41.71895
O=C(c1nnn(S(=O)(=O)[O-])c1-c1ccc(Br)cc1)N1CCC1,O=C(c1nnn(S(=O)(=O)[O-])c1-c1ccc(Br)cc1)N1CCC1,低毒,9.849177,90.672066,250.0,25.38283147921903,2.7571887465319254,one>10-other<5,True,False,False,,11.252729,-9.137102
O=C(c1nnn(-[n+]2ccccc2)c1-c1ccc(Br)cc1)N1CCC1,O=C(c1nnn(-[n+]2ccccc2)c1-c1ccc(Br)cc1)N1CCC1,中毒,25.406092,24.02771,42.5,1.6728271313825045,1.7687911165899706,both<5,False,False,False,,0.036758877,6.4582577
O=C(c1nnn(C(CCl)Cn2cncn2)c1-c1ccc(Br)cc1)N1CCC1,O=C(c1nnn(C(CCl)Cn2cncn2)c1-c1ccc(Br)cc1)N1CCC1,中毒,12.189661,22.765898,42.5,3.4865612751658968,1.866827304593915,both<5,True,False,False,,-10.569691,-17.909716
O=C(c1nnn(CCN=NO)c1-c1ccc(Br)cc1)N1CCC1,O=C(c1nnn(CCN=NO)c1-c1ccc(Br)cc1)N1CCC1,中毒,14.7157955,25.44526,42.5,2.8880531806792233,1.670252141263245,both<5,True,False,False,,5.493493,-46.296333
O=C(c1nnn(Cc2cccc3sc(N4CCOCC4)nc23)c1-c1ccc(Br)cc1)N1CCC1,O=C(c1nnn(Cc2cccc3sc(N4CCOCC4)nc23)c1-c1ccc(Br)cc1)N1CCC1,中毒,5.8130693,15.9567,42.5,7.3111118768186705,2.663457983166946,one>5-other<=5,True,False,False,,0.7285379,-21.434965
O=C(c1nnn(C=N[P+](c2ccccc2)N2COc3sccc32)c1-c1ccc(Br)cc1)N1CCC1,O=C(c1nnn(C=N[P+](c2ccccc2)N2COc3sccc32)c1-c1ccc(Br)cc1)N1CCC1,中毒,6.572387,12.358752,42.5,6.466448186937257,3.438858551413605,one>5-other<=5,True,False,False,,29.918808,32.670033
N=S1(=O)CCNC1n1nnc(C(=O)N2CCC2)c1-c1ccc(Br)cc1,N=S1(=O)CCNC1n1nnc(C(=O)N2CCC2)c1-c1ccc(Br)cc1,中毒,13.415327,28.533375,42.5,3.1680181929221702,1.4894838062444418,both<5,True,False,False,,2.8264399,26.658459
O=C(c1nnn(Cc2ccns2)c1-c1ccc(Br)cc1)N1CCC1,O=C(c1nnn(Cc2ccns2)c1-c1ccc(Br)cc1)N1CCC1,中毒,6.5450435,17.095165,42.5,6.493463336034359,2.4860830533077625,one>5-other<=5,True,False,False,,6.9961157,-29.792356
O=C(c1nnn(Cc2conn2)c1-c1ccc(Br)cc1)N1CCC1,O=C(c1nnn(Cc2conn2)c1-c1ccc(Br)cc1)N1CCC1,低毒,8.850995,13.219941,250.0,28.245411956508846,18.91082569884389,both>10,True,False,False,,3.0358722,-29.75367
O=C(c1nnn(C2CC2Cl)c1-c1ccc(Br)cc1)N1CCC1,O=C(c1nnn(C2CC2Cl)c1-c1ccc(Br)cc1)N1CCC1,中毒,10.04174,25.001862,42.5,4.232334236895199,1.6998733934296575,both<5,True,False,False,,4.390805,25.782042
O=C(c1nnn(-c2csc(-c3ccccc3Br)n2)c1-c1ccc(Br)cc1)N1CCC1,O=C(c1nnn(-c2csc(-c3ccccc3Br)n2)c1-c1ccc(Br)cc1)N1CCC1,中毒,9.195906,35.170273,42.5,4.621621839109708,1.2084068838476174,both<5,True,False,False,,-22.719547,14.657083
O=C(c1nnn(C=Nc2ccccn2)c1-c1ccc(Br)cc1)N1CCC1,O=C(c1nnn(C=Nc2ccccn2)c1-c1ccc(Br)cc1)N1CCC1,低毒,7.0292077,18.107738,250.0,35.56588603862139,13.80625233256633,both>10,True,False,False,,27.963514,35.02798
O=C(c1nnn(-c2nnnn2O)c1-c1ccc(Br)cc1)N1CCC1,O=C(c1nnn(-c2nnnn2O)c1-c1ccc(Br)cc1)N1CCC1,中毒,24.199738,24.27908,42.5,1.7562173607003513,1.7504781894536365,both<5,False,False,False,,-15.83799,6.9734144
O=C(c1nnn(-c2ccnc3ccsc23)c1-c1ccc(Br)cc1)N1CCC1,O=C(c1nnn(-c2ccnc3ccsc23)c1-c1ccc(Br)cc1)N1CCC1,中毒,9.899725,43.970272,42.5,4.293048544277745,0.9665621354355052,both<5,True,False,False,,-30.72735,7.2156396
O=C(c1nnn(C2c3ccccc32)c1-c1ccc(Br)cc1)N1CCC1,O=C(c1nnn(C2c3ccccc32)c1-c1ccc(Br)cc1)N1CCC1,中毒,6.4863405,16.023626,42.5,6.552230799477765,2.6523334980484443,one>5-other<=5,True,False,False,,1.9757444,32.374516
O=C(c1nnn(CCCCCl)c1-c1ccc(Br)cc1)N1CCC1,O=C(c1nnn(CCCCCl)c1-c1ccc(Br)cc1)N1CCC1,低毒,10.035304,25.001862,250.0,24.912050496925655,9.999255255468572,both<5,True,False,False,,-0.3905187,-44.841866
[O]n1nnc(C(=O)N2CCC2)c1-c1ccc(Br)cc1,[O]n1nnc(C(=O)N2CCC2)c1-c1ccc(Br)cc1,中毒,33.291145,20.882534,42.5,1.2766157487223704,2.0351936216169935,both<5,False,False,False,,0.15460114,4.5970097
O=C(c1nnn(Cc2ccc(F)cc2F)c1-c1ccc(Br)cc1)N1CCC1,O=C(c1nnn(Cc2ccc(F)cc2F)c1-c1ccc(Br)cc1)N1CCC1,中毒,9.096299,15.842161,42.5,4.672229881625483,2.6827148139701396,both<5,True,False,False,,2.9780815,-24.420193
O=C(c1nnn(SC[18F])c1-c1ccc(Br)cc1)N1CCC1,O=C(c1nnn(SC[18F])c1-c1ccc(Br)cc1)N1CCC1,中毒,6.4702015,60.89405,42.5,6.568574409931437,0.6979335419470375,one>5-other<=5,True,False,False,,21.21129,7.2932086
O=C(c1nnn(C23C=CC2[S+]3[O-])c1-c1ccc(Br)cc1)N1CCC1,O=C(c1nnn(C23C=CC2[S+]3[O-])c1-c1ccc(Br)cc1)N1CCC1,中毒,8.05488,25.376644,42.5,5.276304550781638,1.6747683421022892,one>5-other<=5,True,False,False,,6.999698,6.7042003
O=C(c1nnn(CCNI)c1-c1ccc(Br)cc1)N1CCC1,O=C(c1nnn(CCNI)c1-c1ccc(Br)cc1)N1CCC1,低毒,14.7157955,25.001862,250.0,16.988548121642488,9.999255255468572,both<5,True,False,False,,-4.518041,-46.44879
O=C(c1nnn(C2=NCCO2)c1-c1ccc(Br)cc1)N1CCC1,O=C(c1nnn(C2=NCCO2)c1-c1ccc(Br)cc1)N1CCC1,中毒,7.155142,16.108147,42.5,5.9397842838059685,2.6384164485213604,one>5-other<=5,True,False,False,,-13.046092,8.925796
O=C(c1nnn([SH]2ON2CS2=NCS2)c1-c1ccc(Br)cc1)N1CCC1,O=C(c1nnn([SH]2ON2CS2=NCS2)c1-c1ccc(Br)cc1)N1CCC1,低毒,15.938324,16.743084,250.0,15.685463540583063,14.931538299634644,both>10,True,False,False,,-4.4796977,3.3840454
O=C(c1nnn(C2=c3c(Cl)cccc3=N2)c1-c1ccc(Br)cc1)N1CCC1,O=C(c1nnn(C2=c3c(Cl)cccc3=N2)c1-c1ccc(Br)cc1)N1CCC1,中毒,10.497294,14.827586,42.5,4.048662445769358,2.866279109762034,both<5,True,False,False,,-25.718071,19.717785
O=C(c1nnn(CC=NBr)c1-c1ccc(Br)cc1)N1CCC1,O=C(c1nnn(CC=NBr)c1-c1ccc(Br)cc1)N1CCC1,低毒,11.712073,27.710857,250.0,21.345495370460892,9.021734694094809,both<5,True,False,False,,9.199942,-37.540245
O=C(c1nnn(C2CN2CCOCCBr)c1-c1ccc(Br)cc1)N1CCC1,O=C(c1nnn(C2CN2CCOCCBr)c1-c1ccc(Br)cc1)N1CCC1,中毒,13.26564,27.226135,42.5,3.2037655175325126,1.5610001199215386,both<5,True,False,False,,1.4814346,19.94918
O=C(c1nnn(N=Cc2ccc(Br)cn2)c1-c1ccc(Br)cc1)N1CCC1,O=C(c1nnn(N=Cc2ccc(Br)cn2)c1-c1ccc(Br)cc1)N1CCC1,中毒,17.538828,49.925213,42.5,2.4231949820136216,0.8512732835010639,both<5,True,False,False,,17.538849,21.9632
O=C(c1nnn(CC=CBr)c1-c1ccc(Br)cc1)N1CCC1,O=C(c1nnn(CC=CBr)c1-c1ccc(Br)cc1)N1CCC1,低毒,13.47821,24.69289,250.0,18.548457102241322,10.124371833349601,both>10,True,False,False,,11.159079,-36.650127
O=C(c1nnn(C2CCCC2)c1-c1ccc(Br)cc1)N1CCC1,O=C(c1nnn(C2CCCC2)c1-c1ccc(Br)cc1)N1CCC1,低毒,11.713761,25.001862,250.0,21.34241939885917,9.999255255468572,both<5,True,False,False,,1.574212,25.334314
O=C(c1nnn(-c2cc(Br)ccc2Cl)c1-c1ccc(Br)cc1)N1CCC1,O=C(c1nnn(-c2cc(Br)ccc2Cl)c1-c1ccc(Br)cc1)N1CCC1,中毒,8.643074,28.562063,42.5,4.917231994079883,1.4879877549461327,both<5,True,False,False,,-28.098,20.758844
O=C(c1nnn(-c2sc(Br)c(F)c2O)c1-c1ccc(Br)cc1)N1CCC1,O=C(c1nnn(-c2sc(Br)c(F)c2O)c1-c1ccc(Br)cc1)N1CCC1,中毒,7.807344,53.326653,42.5,5.443592596919004,0.7969748260780589,one>5-other<=5,True,False,False,,-26.338398,-2.2680626
O=C(c1nnn(C=Cc2n[nH]cc2Br)c1-c1ccc(Br)cc1)N1CCC1,O=C(c1nnn(C=Cc2n[nH]cc2Br)c1-c1ccc(Br)cc1)N1CCC1,中毒,7.8309283,19.031351,42.5,5.427198203308795,2.233157278219502,one>5-other<=5,True,False,False,,34.429226,23.198137
O=C(c1nnn(C2=[PH](C(Cl)(Cl)Cl)C2Cl)c1-c1ccc(Br)cc1)N1CCC1,O=C(c1nnn(C2=[PH](C(Cl)(Cl)Cl)C2Cl)c1-c1ccc(Br)cc1)N1CCC1,中毒,27.106215,19.47019,42.5,1.567906105666173,2.182824101870603,both<5,False,False,False,,-9.150535,0.3718455
O=C(c1nnn(-c2ccc3nc[nH]c3c2S)c1-c1ccc(Br)cc1)N1CCC1,O=C(c1nnn(-c2ccc3nc[nH]c3c2S)c1-c1ccc(Br)cc1)N1CCC1,中毒,7.673298,27.837418,42.5,5.538687536962594,1.526722054466402,one>5-other<=5,True,False,False,,-29.910833,13.673799
O=C(c1nnn(CCCNF)c1-c1ccc(Br)cc1)N1CCC1,O=C(c1nnn(CCCNF)c1-c1ccc(Br)cc1)N1CCC1,低毒,14.7157955,25.001862,250.0,16.988548121642488,9.999255255468572,both<5,True,False,False,,-1.6542525,-47.901478
O=C(c1nnn([C](SCl)c2ccccc2)c1-c1ccc(Br)cc1)N1CCC1,O=C(c1nnn([C](SCl)c2ccccc2)c1-c1ccc(Br)cc1)N1CCC1,中毒,5.7409945,13.934675,42.5,7.402898574454304,3.0499455495015133,one>5-other<=5,True,False,False,,12.149668,-1.0011657
O=C(c1nnn(-c2ncc(CCl)s2)c1-c1ccc(Br)cc1)N1CCC1,O=C(c1nnn(-c2ncc(CCl)s2)c1-c1ccc(Br)cc1)N1CCC1,中毒,28.68211,13.76286,42.5,1.4817598844715398,3.088020949134119,both<5,False,False,False,,-24.236069,-1.203981
O=C(c1nnn(Cc2c(Cl)cccc2Cl)c1-c1ccc(Br)cc1)N1CCC1,O=C(c1nnn(Cc2c(Cl)cccc2Cl)c1-c1ccc(Br)cc1)N1CCC1,中毒,5.816992,15.02365,42.5,7.306181614140092,2.828873143343994,one>5-other<=5,True,False,False,,-1.6509647,-23.84435
O=C(c1nnn(-c2nsnc2CO)c1-c1ccc(Br)cc1)N1CCC1,O=C(c1nnn(-c2nsnc2CO)c1-c1ccc(Br)cc1)N1CCC1,中毒,18.421913,21.865059,42.5,2.3070351054203764,1.9437404673822285,both<5,True,False,False,,-32.318153,2.0331113
O=C(c1nnn([N+]F)c1-c1ccc(Br)cc1)N1CCC1,O=C(c1nnn([N+]F)c1-c1ccc(Br)cc1)N1CCC1,低毒,33.291145,120.62216,250.0,7.509504404249238,2.0725876571933384,one>5-other<=5,False,False,False,,0.6140185,9.901646
O=C(c1nnn(S(=O)(=O)I)c1-c1ccc(Br)cc1)N1CCC1,O=C(c1nnn(S(=O)(=O)I)c1-c1ccc(Br)cc1)N1CCC1,中毒,13.579444,90.672066,42.5,3.129730495593192,0.46872208691042727,both<5,True,False,False,,11.889545,-9.062014
O=C(c1nnn(CCI)c1-c1ccc(Br)cc1)N1CCC1,O=C(c1nnn(CCI)c1-c1ccc(Br)cc1)N1CCC1,中毒,14.7157955,38.861324,42.5,2.8880531806792233,1.093632321945593,both<5,True,False,False,,-0.5216876,-41.95122
O=C(c1nnn(S(F)(F)(F)(F)NCl)c1-c1ccc(Br)cc1)N1CCC1,O=C(c1nnn(S(F)(F)(F)(F)NCl)c1-c1ccc(Br)cc1)N1CCC1,低毒,8.590971,38.5536,250.0,29.100319393465536,6.484478751660026,both<5,True,False,False,,20.961458,-7.186807
O=C(c1nnn(CCCCl)c1-c1ccc(Br)cc1)N1CCC1,O=C(c1nnn(CCCCl)c1-c1ccc(Br)cc1)N1CCC1,低毒,14.7157955,25.001862,250.0,16.988548121642488,9.999255255468572,both<5,True,False,False,,-0.3174925,-44.839474
O=C(c1nnn(C(COI)NCc2nc3ccc(Cl)cc3s2)c1-c1ccc(Br)cc1)N1CCC1,O=C(c1nnn(C(COI)NCc2nc3ccc(Cl)cc3s2)c1-c1ccc(Br)cc1)N1CCC1,中毒,14.443459,31.378881,42.5,2.9425084392872924,1.3544141360553934,both<5,True,False,False,,-12.874027,-17.495
O=C(c1nnn(CC2=CC=CC=CO2)c1-c1ccc(Br)cc1)N1CCC1,O=C(c1nnn(CC2=CC=CC=CO2)c1-c1ccc(Br)cc1)N1CCC1,低毒,10.460317,21.111927,250.0,23.899849306670152,11.841647614639818,both>10,True,False,False,,3.55966,-30.864246
O=C(c1nnn([11SH3])c1-c1ccc(Br)cc1)N1CCC1,O=C(c1nnn([11SH3])c1-c1ccc(Br)cc1)N1CCC1,低毒,11.90429,92.90239,250.0,21.00083247299923,2.6909964318463713,one>10-other<5,True,False,False,,1.6623143,4.233615
O=CCn1nnc(C(=O)N2CCC2)c1-c1ccc(Br)cc1,O=CCn1nnc(C(=O)N2CCC2)c1-c1ccc(Br)cc1,低毒,14.7157955,25.001862,250.0,16.988548121642488,9.999255255468572,both<5,True,False,False,,9.694595,-36.281673
O=C(c1nnn(CP(=O)(O)CI)c1-c1ccc(Br)cc1)N1CCC1,O=C(c1nnn(CP(=O)(O)CI)c1-c1ccc(Br)cc1)N1CCC1,中毒,14.7157955,15.019077,42.5,2.8880531806792233,2.8297344770254527,both<5,True,False,False,,1.9098558,-35.49012
O=C(c1nnn(C2CCCNC2I)c1-c1ccc(Br)cc1)N1CCC1,O=C(c1nnn(C2CCCNC2I)c1-c1ccc(Br)cc1)N1CCC1,中毒,15.185098,34.129837,42.5,2.798796556992915,1.245244739961694,both<5,True,False,False,,3.656089,25.144829
NCCn1nnc(C(=O)N2CCC2)c1-c1ccc(Br)cc1,NCCn1nnc(C(=O)N2CCC2)c1-c1ccc(Br)cc1,低毒,14.7157955,25.001862,250.0,16.988548121642488,9.999255255468572,both<5,True,False,False,,2.2565405,-41.970116
O=C(c1nnn(-c2nc3ccccc3s2)c1-c1ccc(Br)cc1)N1CCC1,O=C(c1nnn(-c2nc3ccccc3s2)c1-c1ccc(Br)cc1)N1CCC1,中毒,8.046399,20.282017,42.5,5.28186583837068,2.095452340859393,one>5-other<=5,True,False,False,,-29.362734,-3.2890394
O=C(c1nnn(-c2ccccc2C2=NS2(=O)=O)c1-c1ccc(Br)cc1)N1CCC1,O=C(c1nnn(-c2ccccc2C2=NS2(=O)=O)c1-c1ccc(Br)cc1)N1CCC1,中毒,9.28774,131.57332,42.5,4.575924821323595,0.32301381465482515,both<5,True,False,False,,-25.903118,16.154413
O=C(c1nnn(CCc2cc(Cl)c3nsnc3c2)c1-c1ccc(Br)cc1)N1CCC1,O=C(c1nnn(CCc2cc(Cl)c3nsnc3c2)c1-c1ccc(Br)cc1)N1CCC1,中毒,7.4024506,25.001862,42.5,5.7413419280366425,1.6998733934296575,one>5-other<=5,True,False,False,,9.053746,-43.137928
O=C(c1nnn(OCc2cnns2)c1-c1ccc(Br)cc1)N1CCC1,O=C(c1nnn(OCc2cnns2)c1-c1ccc(Br)cc1)N1CCC1,中毒,42.37184,21.728981,42.5,1.0030246503338067,1.9559131650029975,both<5,False,False,False,,22.37776,-18.675276
O=C(c1nnn(C2(Cl)CS2)c1-c1ccc(Br)cc1)N1CCC1,O=C(c1nnn(C2(Cl)CS2)c1-c1ccc(Br)cc1)N1CCC1,低毒,11.610726,25.001862,250.0,21.531814634158106,9.999255255468572,both<5,True,False,False,,7.2772017,3.6227787
O=C(c1nnn(Cc2cccs2)c1-c1ccc(Br)cc1)N1CCC1,O=C(c1nnn(Cc2cccs2)c1-c1ccc(Br)cc1)N1CCC1,中毒,6.4863405,15.842161,42.5,6.552230799477765,2.6827148139701396,one>5-other<=5,True,False,False,,9.60909,-31.245333
O=C(c1nnn(C2=NC=CSC2)c1-c1ccc(Br)cc1)N1CCC1,O=C(c1nnn(C2=NC=CSC2)c1-c1ccc(Br)cc1)N1CCC1,低毒,9.384396,24.869268,250.0,26.639967026114412,10.052567691176113,both>10,True,False,False,,-18.321264,0.6660738
O=C(c1nnn(C2CN2CI)c1-c1ccc(Br)cc1)N1CCC1,O=C(c1nnn(C2CN2CI)c1-c1ccc(Br)cc1)N1CCC1,中毒,16.814655,29.819618,42.5,2.5275570625742843,1.425236232067091,both<5,True,False,False,,1.7323768,20.229923
O=C(c1nnn(C(O)Nc2cccnc2)c1-c1ccc(Br)cc1)N1CCC1,O=C(c1nnn(C(O)Nc2cccnc2)c1-c1ccc(Br)cc1)N1CCC1,中毒,13.415327,12.494154,42.5,3.1680181929221702,3.4015908560115395,both<5,True,False,False,,-14.017987,-14.31637
O=C(c1nnn(-c2cccc(F)c2)c1-c1ccc(Br)cc1)N1CCC1,O=C(c1nnn(-c2cccc(F)c2)c1-c1ccc(Br)cc1)N1CCC1,中毒,10.721868,24.50958,42.5,3.9638615211453825,1.7340158419687322,both<5,True,False,False,,-20.873755,8.800594
O=C(c1nnn(-c2cc([N+](=O)[O-])ccc2[143I])c1-c1ccc(Br)cc1)N1CCC1,O=C(c1nnn(-c2cc([N+](=O)[O-])ccc2[143I])c1-c1ccc(Br)cc1)N1CCC1,中毒,18.083014,76.19437,42.5,2.3502719181658547,0.5577839937517692,both<5,True,False,False,,-25.244722,26.296093
O=C(c1nnn(CC(O)CCl)c1-c1ccc(Br)cc1)N1CCC1,O=C(c1nnn(CC(O)CCl)c1-c1ccc(Br)cc1)N1CCC1,低毒,9.921383,20.843096,250.0,25.198099901999548,11.994379337887231,both>10,True,False,False,,-7.582528,-31.05443
O=C(c1nnn(-c2nonc2Br)c1-c1ccc(Br)cc1)N1CCC1,O=C(c1nnn(-c2nonc2Br)c1-c1ccc(Br)cc1)N1CCC1,中毒,13.992033,20.343115,42.5,3.0374428076320292,2.0891589119955327,both<5,True,False,False,,-13.666606,19.992468
O=C(c1nnn(S(=O)O)c1-c1ccc(Br)cc1)N1CCC1,O=C(c1nnn(S(=O)O)c1-c1ccc(Br)cc1)N1CCC1,低毒,9.849177,90.672066,250.0,25.38283147921903,2.7571887465319254,one>10-other<5,True,False,False,,6.5178437,14.290893
O=C(c1nnn(C=NS(=O)(=O)Cl)c1-c1ccc(Br)cc1)N1CCC1,O=C(c1nnn(C=NS(=O)(=O)Cl)c1-c1ccc(Br)cc1)N1CCC1,低毒,9.444465,12.298765,250.0,26.470530622962762,20.327244239563893,both>10,True,False,False,,32.737373,33.18372
O=C(c1nnn(Cc2ccccc2F)c1-c1ccc(Br)cc1)N1CCC1,O=C(c1nnn(Cc2ccccc2F)c1-c1ccc(Br)cc1)N1CCC1,中毒,9.096299,15.842161,42.5,4.672229881625483,2.6827148139701396,both<5,True,False,False,,2.252928,-23.765585
O=C(c1nnn(-c2nscc2Br)c1-c1ccc(Br)cc1)N1CCC1,O=C(c1nnn(-c2nscc2Br)c1-c1ccc(Br)cc1)N1CCC1,中毒,5.4509573,26.42684,42.5,7.796795619734538,1.608213467822865,one>5-other<=5,True,False,False,,-31.380009,3.0914598
O=C(c1nnn(C=Cc2ccsc2)c1-c1ccc(Br)cc1)N1CCC1,O=C(c1nnn(C=Cc2ccsc2)c1-c1ccc(Br)cc1)N1CCC1,中毒,10.541491,15.051627,42.5,4.031687737531626,2.823615015174107,both<5,True,False,False,,34.48652,21.16984
O=C(c1nnn(-c2ccc[nH]2)c1-c1ccc(Br)cc1)N1CCC1,O=C(c1nnn(-c2ccc[nH]2)c1-c1ccc(Br)cc1)N1CCC1,中毒,17.533562,42.57803,42.5,2.423922760246891,0.9981673647183771,both<5,True,False,False,,-18.971144,11.882331
O=C(c1nnn(CCNCl)c1-c1ccc(Br)cc1)N1CCC1,O=C(c1nnn(CCNCl)c1-c1ccc(Br)cc1)N1CCC1,低毒,14.7157955,25.001862,250.0,16.988548121642488,9.999255255468572,both<5,True,False,False,,-3.6619215,-46.88498
O=C(c1nnn([121I])c1-c1ccc(Br)cc1)N1CCC1,O=C(c1nnn([121I])c1-c1ccc(Br)cc1)N1CCC1,低毒,52.13683,45.58551,250.0,4.795074806044019,5.48419881668539,one>5-other<=5,False,False,False,,-1.7492051,3.990165
O=C(c1nnn(S(Cl)(CCCl)OO)c1-c1ccc(Br)cc1)N1CCC1,O=C(c1nnn(S(Cl)(CCCl)OO)c1-c1ccc(Br)cc1)N1CCC1,低毒,13.397895,72.397064,250.0,18.659647653605287,3.4531787090150505,one>10-other<5,True,False,False,,10.082227,-7.2895384
O=C(c1nnn(-c2ccccc2F)c1-c1ccc(Br)cc1)N1CCC1,O=C(c1nnn(-c2ccccc2F)c1-c1ccc(Br)cc1)N1CCC1,中毒,10.262888,26.122887,42.5,4.141134542245808,1.6269258447582766,both<5,True,False,False,,-27.139893,15.524713
O=C(c1nnn(C23CC4CC(CC(O)(C4)C2OCc2ccccc2)C3)c1-c1ccc(Br)cc1)N1CCC1,O=C(c1nnn(C23CC4CC(CC(O)(C4)C2OCc2ccccc2)C3)c1-c1ccc(Br)cc1)N1CCC1,中毒,4.526181,31.354267,42.5,9.389814503662137,1.3554773900471027,one>5-other<=5,True,True,False,,9.047637,8.828717
O=C(c1nnn(NC=[IH])c1-c1ccc(Br)cc1)N1CCC1,O=C(c1nnn(NC=[IH])c1-c1ccc(Br)cc1)N1CCC1,中毒,35.31656,55.15302,42.5,1.2034014637892252,0.770583369686737,both<5,False,False,False,,23.3447,-3.3408816
O=C(c1nnn(C(NBr)c2ccncc2)c1-c1ccc(Br)cc1)N1CCC1,O=C(c1nnn(C(NBr)c2ccncc2)c1-c1ccc(Br)cc1)N1CCC1,中毒,6.4863405,15.842161,42.5,6.552230799477765,2.6827148139701396,one>5-other<=5,True,False,False,,-6.0620837,-13.508919
O=C(c1nnn(-c2ccccc2Cl)c1-c1ccc(Br)cc1)N1CCC1,O=C(c1nnn(-c2ccccc2Cl)c1-c1ccc(Br)cc1)N1CCC1,中毒,12.292116,28.562063,42.5,3.4575007264819173,1.4879877549461327,both<5,True,False,False,,-27.1723,18.547264
O=C(c1nnn(CCN[O+])c1-c1ccc(Br)cc1)N1CCC1,O=C(c1nnn(CCN[O+])c1-c1ccc(Br)cc1)N1CCC1,低毒,14.7157955,25.001862,250.0,16.988548121642488,9.999255255468572,both<5,True,False,False,,-4.378564,-46.600468
O=C(c1nnn([14I])c1-c1ccc(Br)cc1)N1CCC1,O=C(c1nnn([14I])c1-c1ccc(Br)cc1)N1CCC1,低毒,52.13683,45.58551,250.0,4.795074806044019,5.48419881668539,one>5-other<=5,False,False,False,,0.43763977,5.494915
O=C(c1nnn(CBr)c1-c1ccc(Br)cc1)N1CCC1,O=C(c1nnn(CBr)c1-c1ccc(Br)cc1)N1CCC1,低毒,12.366438,16.651882,250.0,20.21600722859727,15.013318014143987,both>10,True,False,False,,1.1062509,-33.879456
O=C(c1nnn(-n2c(O)cc3cc(Cl)sc32)c1-c1ccc(Br)cc1)N1CCC1,O=C(c1nnn(-n2c(O)cc3cc(Cl)sc32)c1-c1ccc(Br)cc1)N1CCC1,中毒,24.583231,18.18361,42.5,1.7288207559047057,2.337269662074802,both<5,False,False,False,,-1.9470063,-0.6353569
O=C(c1nnn(N=Cc2ccsc2)c1-c1ccc(Br)cc1)N1CCC1,O=C(c1nnn(N=Cc2ccsc2)c1-c1ccc(Br)cc1)N1CCC1,中毒,4.8593864,118.13047,42.5,8.745960189541625,0.359771699884035,one>5-other<=5,True,True,False,,15.870897,21.61318
O=C(c1nnn(C2=COC2CCSc2ccsc2)c1-c1ccc(Br)cc1)N1CCC1,O=C(c1nnn(C2=COC2CCSc2ccsc2)c1-c1ccc(Br)cc1)N1CCC1,中毒,4.6735363,21.167295,42.5,9.093756263324625,2.0078144136981133,one>5-other<=5,True,True,False,,-21.787191,5.475815
N#CCn1nnc(C(=O)N2CCC2)c1-c1ccc(Br)cc1,N#CCn1nnc(C(=O)N2CCC2)c1-c1ccc(Br)cc1,低毒,20.46231,34.771385,250.0,12.217584427173668,7.189820020111364,both<5,False,False,False,,3.344845,-36.89199
O=C(c1nnn(C23CCNCC2=NCCO3)c1-c1ccc(Br)cc1)N1CCC1,O=C(c1nnn(C23CCNCC2=NCCO3)c1-c1ccc(Br)cc1)N1CCC1,中毒,5.4048533,18.129099,42.5,7.863303153852483,2.344297419303629,one>5-other<=5,True,False,False,,5.26465,4.7995734
O=C(c1nnn(-c2cccnc2Cl)c1-c1ccc(Br)cc1)N1CCC1,O=C(c1nnn(-c2cccnc2Cl)c1-c1ccc(Br)cc1)N1CCC1,中毒,8.357257,15.472514,42.5,5.085400628459792,2.7468063690231594,one>5-other<=5,True,False,False,,-30.280104,16.827898
O=C(c1nnn(-c2ccccn2)c1-c1ccc(Br)cc1)N1CCC1,O=C(c1nnn(-c2ccccn2)c1-c1ccc(Br)cc1)N1CCC1,中毒,12.292116,44.608845,42.5,3.4575007264819173,0.9527258551527169,both<5,True,False,False,,-18.118467,15.437879
O=C(c1nnn(OCc2ccccc2)c1-c1ccc(Br)cc1)N1CCC1,O=C(c1nnn(OCc2ccccc2)c1-c1ccc(Br)cc1)N1CCC1,中毒,13.395416,21.728981,42.5,3.1727271478541614,1.9559131650029975,both<5,True,False,False,,23.640171,-17.81115
O=C(c1nnn(CCONCNCP=S)c1-c1ccc(Br)cc1)N1CCC1,O=C(c1nnn(CCONCNCP=S)c1-c1ccc(Br)cc1)N1CCC1,低毒,9.921383,34.178833,250.0,25.198099901999548,7.314468577672035,both<5,True,False,False,,-4.374133,-39.918797
O=C(c1nnn(C2C3CNN2CCNN=C2CCCCC23)c1-c1ccc(Br)cc1)N1CCC1,O=C(c1nnn(C2C3CNN2CCNN=C2CCCCC23)c1-c1ccc(Br)cc1)N1CCC1,中毒,8.3426695,13.898333,42.5,5.094292660161115,3.057920687322717,one>5-other<=5,True,False,False,,-0.95031273,22.706413
O=C(c1nnn(-c2ccc(F)cc2)c1-c1ccc(Br)cc1)N1CCC1,O=C(c1nnn(-c2ccc(F)cc2)c1-c1ccc(Br)cc1)N1CCC1,中毒,10.721868,24.50958,42.5,3.9638615211453825,1.7340158419687322,both<5,True,False,False,,-18.940426,7.4817953
O=C(c1nnn(CC2=CC3=CNN(CCc4ccc(F)c(F)c4)N3[IH]O2)c1-c1ccc(Br)cc1)N1CCC1,O=C(c1nnn(CC2=CC3=CNN(CCc4ccc(F)c(F)c4)N3[IH]O2)c1-c1ccc(Br)cc1)N1CCC1,中毒,10.656324,36.480034,42.5,3.9882420992454812,1.1650208440046956,both<5,True,False,False,,3.5497313,-28.287676
O=C(c1nnn(C23Cn4c(cn(-c5cocn5)c4=O)C(Br)=C4N=CC=CC=C2C(S4)S3)c1-c1ccc(Br)cc1)N1CCC1,O=C(c1nnn(C23Cn4c(cn(-c5cocn5)c4=O)C(Br)=C4N=CC=CC=C2C(S4)S3)c1-c1ccc(Br)cc1)N1CCC1,中毒,4.2709303,15.967391,42.5,9.950993580953545,2.6616746593103406,one>5-other<=5,True,True,False,,9.31749,5.4062386
O=C(c1nnn(Cc2cc(C(F)(F)F)cc(C(F)(F)F)c2)c1-c1ccc(Br)cc1)N1CCC1,O=C(c1nnn(Cc2cc(C(F)(F)F)cc(C(F)(F)F)c2)c1-c1ccc(Br)cc1)N1CCC1,中毒,8.411774,15.02365,42.5,5.052441970029152,2.828873143343994,one>5-other<=5,True,False,False,,1.8248103,-27.77745
O=C(c1nn[nH]c1-c1ccc(Br)cc1)N1CCC1,O=C(c1nn[nH]c1-c1ccc(Br)cc1)N1CCC1,低毒,33.291145,31.991331,250.0,7.509504404249238,7.8146170285944025,both5-10,False,False,False,,2.4537497,2.873333
N#CNCCn1nnc(C(=O)N2CCC2)c1-c1ccc(Br)cc1,N#CNCCn1nnc(C(=O)N2CCC2)c1-c1ccc(Br)cc1,低毒,14.7157955,29.281906,250.0,16.988548121642488,8.537695599459953,both<5,True,False,False,,-4.5664954,-47.00276
O=C(c1nnn(CCc2c[nH]cn2)c1-c1ccc(Br)cc1)N1CCC1,O=C(c1nnn(CCc2c[nH]cn2)c1-c1ccc(Br)cc1)N1CCC1,低毒,13.415327,34.771385,250.0,18.635401134836297,7.189820020111364,both<5,True,False,False,,6.0916495,-38.771107
O=C(c1nnn(-c2cccnc2O)c1-c1ccc(Br)cc1)N1CCC1,O=C(c1nnn(-c2cccnc2O)c1-c1ccc(Br)cc1)N1CCC1,中毒,8.885191,47.06901,42.5,4.783239887583733,0.902929549612367,both<5,True,False,False,,-30.43001,16.638617
O=C(c1nnn(C2=NC=CSS2(=O)=O)c1-c1ccc(Br)cc1)N1CCC1,O=C(c1nnn(C2=NC=CSS2(=O)=O)c1-c1ccc(Br)cc1)N1CCC1,中毒,12.606856,16.896032,42.5,3.371181522181264,2.5153834935918677,both<5,True,False,False,,-18.142841,0.2970728
O=C(c1nnn(N=S)c1-c1ccc(Br)cc1)N1CCC1,O=C(c1nnn(N=S)c1-c1ccc(Br)cc1)N1CCC1,低毒,52.13683,49.91255,250.0,4.795074806044019,5.008760321802833,one>5-other<=5,False,False,False,,15.048445,18.301914
O=C(c1nnn(-c2cco[n+]2Cl)c1-c1ccc(Br)cc1)N1CCC1,O=C(c1nnn(-c2cco[n+]2Cl)c1-c1ccc(Br)cc1)N1CCC1,中毒,5.730816,27.420805,42.5,7.416046859644421,1.5499180275706712,one>5-other<=5,True,False,False,,-13.746537,10.048483
O=C(c1nnn(N[N+](=O)[O-])c1-c1ccc(Br)cc1)N1CCC1,O=C(c1nnn(N[N+](=O)[O-])c1-c1ccc(Br)cc1)N1CCC1,中毒,33.291145,120.62216,42.5,1.2766157487223704,0.3523399017228675,both<5,False,False,False,,23.184566,-1.6547215
O=C(c1nnn(CC[114I])c1-c1ccc(Br)cc1)N1CCC1,O=C(c1nnn(CC[114I])c1-c1ccc(Br)cc1)N1CCC1,中毒,14.7157955,38.861324,42.5,2.8880531806792233,1.093632321945593,both<5,True,False,False,,1.9954882,-41.01855
O=C(c1nnn(N=CBr)c1-c1ccc(Br)cc1)N1CCC1,O=C(c1nnn(N=CBr)c1-c1ccc(Br)cc1)N1CCC1,低毒,33.987186,49.925213,250.0,7.355713415050013,5.007489902947435,both5-10,False,False,False,,16.815742,20.728374
O=C(c1nnn(CC2CO2)c1-c1ccc(Br)cc1)N1CCC1,O=C(c1nnn(CC2CO2)c1-c1ccc(Br)cc1)N1CCC1,低毒,9.921383,22.369738,250.0,25.198099901999548,11.175812608980936,both>10,True,False,False,,-0.6461953,-36.63102
O=C(c1nnn([S+][O-])c1-c1ccc(Br)cc1)N1CCC1,O=C(c1nnn([S+][O-])c1-c1ccc(Br)cc1)N1CCC1,低毒,11.90429,92.90239,250.0,21.00083247299923,2.6909964318463713,one>10-other<5,True,False,False,,0.4528652,12.63293
O=C(c1nnn(CCc2ccc(CCc3ccccc3)cc2)c1-c1ccc(Br)cc1)N1CCC1,O=C(c1nnn(CCc2ccc(CCc3ccccc3)cc2)c1-c1ccc(Br)cc1)N1CCC1,中毒,14.7157955,25.001862,42.5,2.8880531806792233,1.6998733934296575,both<5,True,False,False,,7.780533,-43.111214
O=C(c1nnn(C(=CC2CS2)n2cnc3c(NCc4ccccc4)ncnc32)c1-c1ccc(Br)cc1)N1CCC1,O=C(c1nnn(C(=CC2CS2)n2cnc3c(NCc4ccccc4)ncnc32)c1-c1ccc(Br)cc1)N1CCC1,中毒,8.9148445,17.54973,42.5,4.767329368448323,2.421689678416705,both<5,True,False,False,,16.229294,2.0800817
O=C(c1nnn(CCOCCBr)c1-c1ccc(Br)cc1)N1CCC1,O=C(c1nnn(CCOCCBr)c1-c1ccc(Br)cc1)N1CCC1,低毒,9.921383,22.369738,250.0,25.198099901999548,11.175812608980936,both>10,True,False,False,,-3.8910017,-41.17897
O=C(c1nnn(-c2ncsn2)c1-c1ccc(Br)cc1)N1CCC1,O=C(c1nnn(-c2ncsn2)c1-c1ccc(Br)cc1)N1CCC1,中毒,29.863195,24.27908,42.5,1.4231564974879614,1.7504781894536365,both<5,False,False,False,,-18.705233,13.603262
O=[SH]n1nnc(C(=O)N2CCC2)c1-c1ccc(Br)cc1,O=[SH]n1nnc(C(=O)N2CCC2)c1-c1ccc(Br)cc1,低毒,11.90429,90.672066,250.0,21.00083247299923,2.7571887465319254,one>10-other<5,True,False,False,,2.9257379,-0.3351912
O=C(c1nnn(C(C[P+]2c3ccc(O)cc32)c2c[nH]cn2)c1-c1ccc(Br)cc1)N1CCC1,O=C(c1nnn(C(C[P+]2c3ccc(O)cc32)c2c[nH]cn2)c1-c1ccc(Br)cc1)N1CCC1,中毒,11.739831,20.330248,42.5,3.620154327604886,2.0904811392364717,both<5,True,False,False,,-8.271012,-13.818226
O=C(c1nnn(N2CNCO2)c1-c1ccc(Br)cc1)N1CCC1,O=C(c1nnn(N2CNCO2)c1-c1ccc(Br)cc1)N1CCC1,中毒,12.565768,20.178968,42.5,3.3822047327310196,2.1061532978297004,both<5,True,False,False,,-4.231038,-2.9712334
O=C(c1nnn(-c2c(Cl)cccc2I)c1-c1ccc(Br)cc1)N1CCC1,O=C(c1nnn(-c2c(Cl)cccc2I)c1-c1ccc(Br)cc1)N1CCC1,中毒,17.500116,28.562063,42.5,2.4285553307189507,1.4879877549461327,both<5,True,False,False,,-24.260548,20.113804
O=C(c1nnn(C2NO2)c1-c1ccc(Br)cc1)N1CCC1,O=C(c1nnn(C2NO2)c1-c1ccc(Br)cc1)N1CCC1,中毒,9.062519,12.421817,42.5,4.689645340329769,3.4213996229376105,both<5,True,False,False,,-0.42187256,26.211912
Cc1ncsc1CN=C(S)C(Cn1nnc(C(=O)N2CCC2)c1-c1ccc(Br)cc1)c1cccnn1,Cc1ncsc1CN=C(S)C(Cn1nnc(C(=O)N2CCC2)c1-c1ccc(Br)cc1)c1cccnn1,中毒,8.069287,35.208435,42.5,5.266884174524962,1.2070971061338,one>5-other<=5,True,False,False,,-6.3043337,-30.165318
O=C(c1nnn(CCn2c3ccncc3c3ccsc32)c1-c1ccc(Br)cc1)N1CCC1,O=C(c1nnn(CCn2c3ccncc3c3ccsc32)c1-c1ccc(Br)cc1)N1CCC1,中毒,18.206121,16.120358,42.5,2.3343797396490995,2.636417876079427,both<5,True,False,False,,3.7922394,-41.296562
O=C(c1nnn(C(SC2CO2)c2ccccc2)c1-c1ccc(Br)cc1)N1CCC1,O=C(c1nnn(C(SC2CO2)c2ccccc2)c1-c1ccc(Br)cc1)N1CCC1,中毒,10.53015,10.562643,42.5,4.036029876117624,4.023614165507629,both<5,True,False,False,,-9.818307,-9.275757
O=C(c1nnn(CCCO)c1-c1ccc(Br)cc1)N1CCC1,O=C(c1nnn(CCCO)c1-c1ccc(Br)cc1)N1CCC1,低毒,14.7157955,20.843096,250.0,16.988548121642488,11.994379337887231,both>10,True,False,False,,1.1077883,-44.43651
O=C(c1nnn(C(=O)Br)c1-c1ccc(Br)cc1)N1CCC1,O=C(c1nnn(C(=O)Br)c1-c1ccc(Br)cc1)N1CCC1,中毒,12.366438,18.145395,42.5,3.4367212288615363,2.3421920547885566,both<5,True,False,False,,12.250048,0.15567333
O=C(c1nnn(C23CC4CC(CC(C4)C2)C3)c1-c1ccc(Br)cc1)N1CCC1,O=C(c1nnn(C23CC4CC(CC(C4)C2)C3)c1-c1ccc(Br)cc1)N1CCC1,中毒,9.875283,22.477419,42.5,4.303674132680552,1.8907864822024272,both<5,True,False,False,,10.395367,8.07685
N=C(S)n1nnc(C(=O)N2CCC2)c1-c1ccc(Br)cc1,N=C(S)n1nnc(C(=O)N2CCC2)c1-c1ccc(Br)cc1,低毒,9.926978,22.312931,250.0,25.183897858945592,11.204265365227007,both>10,True,False,False,,13.082014,0.44413728
O=C(c1nnn(N=Cc2ccc(C(F)(F)F)s2)c1-c1ccc(Br)cc1)N1CCC1,O=C(c1nnn(N=Cc2ccc(C(F)(F)F)s2)c1-c1ccc(Br)cc1)N1CCC1,中毒,26.244968,52.61498,42.5,1.619358042273094,0.8077547496929581,both<5,False,False,False,,15.404083,21.243155
O=C(c1nnn(C2ONCC(O)O2)c1-c1ccc(Br)cc1)N1CCC1,O=C(c1nnn(C2ONCC(O)O2)c1-c1ccc(Br)cc1)N1CCC1,低毒,8.190548,13.188564,250.0,30.52298820542899,18.955816569567393,both>10,True,False,False,,-2.687487,24.628458
O=C(c1nnn(Cc2c[nH]c3ccnn23)c1-c1ccc(Br)cc1)N1CCC1,O=C(c1nnn(Cc2c[nH]c3ccnn23)c1-c1ccc(Br)cc1)N1CCC1,中毒,7.506826,12.131171,42.5,5.661513934118094,3.5033716036151827,one>5-other<=5,True,False,False,,6.0260696,-32.248405
O=C(c1nnn(CC(O)Cc2ccc(Cl)nn2)c1-c1ccc(Br)cc1)N1CCC1,O=C(c1nnn(CC(O)Cc2ccc(Cl)nn2)c1-c1ccc(Br)cc1)N1CCC1,低毒,9.921383,27.226135,250.0,25.198099901999548,9.182353646597287,both<5,True,False,False,,-8.014524,-31.005514
O=C(c1nnn(-c2ccoc2)c1-c1ccc(Br)cc1)N1CCC1,O=C(c1nnn(-c2ccoc2)c1-c1ccc(Br)cc1)N1CCC1,中毒,8.153864,33.677425,42.5,5.212252742993996,1.261972968539014,one>5-other<=5,True,False,False,,-16.36457,5.8314767
O=C(c1nnn(C=NCc2ccco2)c1-c1ccc(Br)cc1)N1CCC1,O=C(c1nnn(C=NCc2ccco2)c1-c1ccc(Br)cc1)N1CCC1,低毒,12.850153,16.617321,250.0,19.455021274843965,15.044542980183147,both>10,True,False,False,,32.538174,37.39964
O=C(c1nnn(Cc2n[nH]cc2Cl)c1-c1ccc(Br)cc1)N1CCC1,O=C(c1nnn(Cc2n[nH]cc2Cl)c1-c1ccc(Br)cc1)N1CCC1,中毒,6.3480463,13.219941,42.5,6.6949732234939745,3.2148403688034612,one>5-other<=5,True,False,False,,-3.5449646,-28.834934
O=C(c1nnn(-c2ccoc2-c2nc3cccc(Br)c3[nH]2)c1-c1ccc(Br)cc1)N1CCC1,O=C(c1nnn(-c2ccoc2-c2nc3cccc(Br)c3[nH]2)c1-c1ccc(Br)cc1)N1CCC1,中毒,7.8347597,55.981754,42.5,5.424544163109431,0.7591759272137132,one>5-other<=5,True,False,False,,-25.978374,13.68676
O=C(c1nnn(-c2ccc(I)cc2)c1-c1ccc(Br)cc1)N1CCC1,O=C(c1nnn(-c2ccc(I)cc2)c1-c1ccc(Br)cc1)N1CCC1,中毒,12.292116,52.997784,42.5,3.4575007264819173,0.8019203218006247,both<5,True,False,False,,-17.750963,8.104843
O=[SH][SH](Cl)(Cl)(Cl)n1nnc(C(=O)N2CCC2)c1-c1ccc(Br)cc1,O=[SH][SH](Cl)(Cl)(Cl)n1nnc(C(=O)N2CCC2)c1-c1ccc(Br)cc1,中毒,8.431232,71.60542,42.5,5.040781703077321,0.5935304897310847,one>5-other<=5,True,False,False,,1.945488,-0.251268
O=C(c1nnn([1114I])c1-c1ccc(Br)cc1)N1CCC1,O=C(c1nnn([1114I])c1-c1ccc(Br)cc1)N1CCC1,低毒,52.13683,45.58551,250.0,4.795074806044019,5.48419881668539,one>5-other<=5,False,False,False,,0.7655725,4.074402
O=C(c1nnn(-c2nc3ccccc3nc2I)c1-c1ccc(Br)cc1)N1CCC1,O=C(c1nnn(-c2nc3ccccc3nc2I)c1-c1ccc(Br)cc1)N1CCC1,中毒,24.144394,38.278908,42.5,1.7602429781422555,1.110272006714507,both<5,False,False,False,,-20.034771,17.37164
O=C(c1nnn(C23CCC2C3)c1-c1ccc(Br)cc1)N1CCC1,O=C(c1nnn(C23CCC2C3)c1-c1ccc(Br)cc1)N1CCC1,中毒,8.558038,25.001862,42.5,4.966091527053281,1.6998733934296575,both<5,True,False,False,,8.035762,7.0246797
O=C[N+]1CC=C1n1nnc(C(=O)N2CCC2)c1-c1ccc(Br)cc1,O=C[N+]1CC=C1n1nnc(C(=O)N2CCC2)c1-c1ccc(Br)cc1,中毒,5.0952086,13.699202,42.5,8.341169780566,3.1023704884415895,one>5-other<=5,True,False,False,,-9.781097,4.789012
O=C(c1nnn(C2CC2Br)c1-c1ccc(Br)cc1)N1CCC1,O=C(c1nnn(C2CC2Br)c1-c1ccc(Br)cc1)N1CCC1,中毒,10.512981,25.001862,42.5,4.042621212765438,1.6998733934296575,both<5,True,False,False,,4.3526735,25.849737
O=C(c1nnn(Cc2c[nH]c3ccccc23)c1-c1ccc(Br)cc1)N1CCC1,O=C(c1nnn(Cc2c[nH]c3ccccc23)c1-c1ccc(Br)cc1)N1CCC1,中毒,4.480236,13.634027,42.5,9.486107428269404,3.1172008094160297,one>5-other<=5,True,True,False,,13.961911,-28.944176
O=C(c1nnn(-c2ccc(Cl)cc2)c1-c1ccc(Br)cc1)N1CCC1,O=C(c1nnn(-c2ccc(Cl)cc2)c1-c1ccc(Br)cc1)N1CCC1,中毒,11.923352,49.98003,42.5,3.5644338940928693,0.8503396256464832,both<5,True,False,False,,-18.283924,7.667385
O=C(c1nnn(-c2cc[n+]([O-])cc2)c1-c1ccc(Br)cc1)N1CCC1,O=C(c1nnn(-c2cc[n+]([O-])cc2)c1-c1ccc(Br)cc1)N1CCC1,中毒,17.533562,33.677425,42.5,2.423922760246891,1.261972968539014,both<5,True,False,False,,-17.238575,7.4720674
O=C(c1nnn(C2=C3CON=NN(c4ccccn4)C=C2N3)c1-c1ccc(Br)cc1)N1CCC1,O=C(c1nnn(C2=C3CON=NN(c4ccccn4)C=C2N3)c1-c1ccc(Br)cc1)N1CCC1,中毒,6.3618364,16.798103,42.5,6.680461006510636,2.5300475893021965,one>5-other<=5,True,False,False,,-18.009983,16.068304
O=C(c1nnn(C=Cc2c(N3N=N3)ccc3c2OCO3)c1-c1ccc(Br)cc1)N1CCC1,O=C(c1nnn(C=Cc2c(N3N=N3)ccc3c2OCO3)c1-c1ccc(Br)cc1)N1CCC1,中毒,6.056246,12.082705,42.5,7.017548494562473,3.517424285373184,one>5-other<=5,True,False,False,,32.986336,23.479187
N=C1N=C(n2nnc(C(=O)N3CCC3)c2-c2ccc(Br)cc2)CNO1,N=C1N=C(n2nnc(C(=O)N3CCC3)c2-c2ccc(Br)cc2)CNO1,中毒,10.776376,33.815098,42.5,3.943811908567407,1.2568350385972562,both<5,True,False,False,,-13.347737,7.653517
O=C(c1nnn(C2=NC3CCCCN3CC3ON23)c1-c1ccc(Br)cc1)N1CCC1,O=C(c1nnn(C2=NC3CCCCN3CC3ON23)c1-c1ccc(Br)cc1)N1CCC1,中毒,5.7897696,9.955508,42.5,7.340533896202019,4.268993606353387,one>5-other<=5,True,False,False,,-3.9809096,20.428879
O=C(c1nnn(Cc2ccoc2)c1-c1ccc(Br)cc1)N1CCC1,O=C(c1nnn(Cc2ccoc2)c1-c1ccc(Br)cc1)N1CCC1,中毒,5.255938,15.842161,42.5,8.086092339749822,2.6827148139701396,one>5-other<=5,True,False,False,,2.643482,-28.730076
O=C(c1nnn(-c2cc(-c3cccc(Cl)c3)oc2Cl)c1-c1ccc(Br)cc1)N1CCC1,O=C(c1nnn(-c2cc(-c3cccc(Cl)c3)oc2Cl)c1-c1ccc(Br)cc1)N1CCC1,中毒,2.688642,11.4223,42.5,15.807236515683382,3.7207917844917398,one>10-other<5,True,True,False,,-30.497568,22.552824
O=C(c1nnn(N2CCS2(=O)=O)c1-c1ccc(Br)cc1)N1CCC1,O=C(c1nnn(N2CCS2(=O)=O)c1-c1ccc(Br)cc1)N1CCC1,中毒,7.137528,17.95157,42.5,5.954442490453277,2.3674809501341665,one>5-other<=5,True,False,False,,-2.0359871,-3.2534676
O=C(c1nnn([15F])c1-c1ccc(Br)cc1)N1CCC1,O=C(c1nnn([15F])c1-c1ccc(Br)cc1)N1CCC1,中毒,52.13683,24.851582,42.5,0.8151627170274832,1.7101526977236299,both<5,False,False,False,,0.89112973,4.5502386
O=C(c1nnn(C(=S)NS(=O)(=O)Br)c1-c1ccc(Br)cc1)N1CCC1,O=C(c1nnn(C(=S)NS(=O)(=O)Br)c1-c1ccc(Br)cc1)N1CCC1,中毒,7.7953725,26.06258,42.5,5.451952424338927,1.630690438168439,one>5-other<=5,True,False,False,,16.162085,-0.8294462
O=C(c1nnn(-c2nccs2)c1-c1ccc(Br)cc1)N1CCC1,O=C(c1nnn(-c2nccs2)c1-c1ccc(Br)cc1)N1CCC1,中毒,28.68211,20.282017,42.5,1.4817598844715398,2.095452340859393,both<5,False,False,False,,-29.647697,6.5296044
O=C(c1nnn(C2[S+]N2c2c[nH]c[n+](-c3ccccc3)c2=O)c1-c1ccc(Br)cc1)N1CCC1,O=C(c1nnn(C2[S+]N2c2c[nH]c[n+](-c3ccccc3)c2=O)c1-c1ccc(Br)cc1)N1CCC1,中毒,8.04531,18.776958,42.5,5.282580783089775,2.263412422821631,one>5-other<=5,True,False,False,,4.9996862,30.983353
O=C(c1nnn(N2CNCSSC(=S)S2)c1-c1ccc(Br)cc1)N1CCC1,O=C(c1nnn(N2CNCSSC(=S)S2)c1-c1ccc(Br)cc1)N1CCC1,中毒,12.436544,62.95104,42.5,3.417348099279028,0.6751278453858744,both<5,True,False,False,,-4.914198,-3.0279233
N=CNn1nnc(C(=O)N2CCC2)c1-c1ccc(Br)cc1,N=CNn1nnc(C(=O)N2CCC2)c1-c1ccc(Br)cc1,中毒,23.238869,62.28099,42.5,1.8288325477457616,0.6823912079753388,both<5,False,False,False,,23.366465,-3.4412627
O=C(c1nnn(P=S)c1-c1ccc(Br)cc1)N1CCC1,O=C(c1nnn(P=S)c1-c1ccc(Br)cc1)N1CCC1,低毒,23.474909,34.526577,250.0,10.649668546105971,7.240798877919464,both<5,False,False,False,,2.8188028,3.8574913
O=C(c1nnn(C23CC2C2(CN3)c3cc(F)c(Cl)cc32)c1-c1ccc(Br)cc1)N1CCC1,O=C(c1nnn(C23CC2C2(CN3)c3cc(F)c(Cl)cc32)c1-c1ccc(Br)cc1)N1CCC1,中毒,6.781794,19.540789,42.5,6.266778377520756,2.174937767354225,one>5-other<=5,True,False,False,,8.060255,6.174223
O=C(c1nnn(S(=O)(=O)c2nc3ncccc3s2)c1-c1ccc(Br)cc1)N1CCC1,O=C(c1nnn(S(=O)(=O)c2nc3ncccc3s2)c1-c1ccc(Br)cc1)N1CCC1,中毒,5.665574,39.54464,42.5,7.5014464553812195,1.0747347807439895,one>5-other<=5,True,False,False,,8.680159,-11.2999935
[1112H]Cn1nnc(C(=O)N2CCC2)c1-c1ccc(Br)cc1,[1112H]Cn1nnc(C(=O)N2CCC2)c1-c1ccc(Br)cc1,低毒,14.7157955,16.651882,250.0,16.988548121642488,15.013318014143987,both>10,True,False,False,,1.0725111,1.4388772
O=C(c1nnn(C=Cc2cc[n+](-c3cnn(Br)c3)cc2)c1-c1ccc(Br)cc1)N1CCC1,O=C(c1nnn(C=Cc2cc[n+](-c3cnn(Br)c3)cc2)c1-c1ccc(Br)cc1)N1CCC1,中毒,15.667969,13.995217,42.5,2.712540470306011,3.036751770265513,both<5,True,False,False,,35.401646,20.290752
O=NCn1nnc(C(=O)N2CCC2)c1-c1ccc(Br)cc1,O=NCn1nnc(C(=O)N2CCC2)c1-c1ccc(Br)cc1,低毒,12.388913,14.888554,250.0,20.179332924526953,16.79142245781558,both>10,True,False,False,,5.5420327,-35.010956
O=C(c1nnn(-c2cc(Cl)ccc2Cl)c1-c1ccc(Br)cc1)N1CCC1,O=C(c1nnn(-c2cc(Cl)ccc2Cl)c1-c1ccc(Br)cc1)N1CCC1,中毒,12.292116,28.562063,42.5,3.4575007264819173,1.4879877549461327,both<5,True,False,False,,-28.27837,21.46272
O=C(c1nnn(-c2cccc(F)c2Cl)c1-c1ccc(Br)cc1)N1CCC1,O=C(c1nnn(-c2cccc(F)c2Cl)c1-c1ccc(Br)cc1)N1CCC1,中毒,8.67054,15.472514,42.5,4.901655490892147,2.7468063690231594,both<5,True,False,False,,-27.592375,18.258282
O=C(c1ccoc1)c1cc2c(s1)SCCCCNC(n1nnc(C(=O)N3CCC3)c1-c1ccc(Br)cc1)=N2,O=C(c1ccoc1)c1cc2c(s1)SCCCCNC(n1nnc(C(=O)N3CCC3)c1-c1ccc(Br)cc1)=N2,中毒,8.916754,11.025598,42.5,4.766308457091,3.854666204953237,both<5,True,False,False,,-16.169048,5.3827777
O=C(c1nnn(C2ON=CS2)c1-c1ccc(Br)cc1)N1CCC1,O=C(c1nnn(C2ON=CS2)c1-c1ccc(Br)cc1)N1CCC1,低毒,18.64347,15.390113,250.0,13.409520867091802,16.244195218059804,both>10,True,False,False,,-1.9633366,28.97013
O=C(c1nnn(-c2nc3cc4nc[nH]c4[s+]c3[nH]2)c1-c1ccc(Br)cc1)N1CCC1,O=C(c1nnn(-c2nc3cc4nc[nH]c4[s+]c3[nH]2)c1-c1ccc(Br)cc1)N1CCC1,中毒,19.037767,13.243702,42.5,2.2324046722496393,3.2090725085780396,both<5,True,False,False,,-20.591373,11.816397
O=C(c1nnn(N2SP2(=O)Oc2cnn[nH]2)c1-c1ccc(Br)cc1)N1CCC1,O=C(c1nnn(N2SP2(=O)Oc2cnn[nH]2)c1-c1ccc(Br)cc1)N1CCC1,中毒,9.659147,20.806118,42.5,4.399974449089552,2.04266841128172,both<5,True,False,False,,-3.0431235,-4.06368
O=C(c1nnn(N=Cc2nccnn2)c1-c1ccc(Br)cc1)N1CCC1,O=C(c1nnn(N=Cc2nccnn2)c1-c1ccc(Br)cc1)N1CCC1,低毒,17.538828,48.995316,250.0,14.254088129491892,5.10252857640514,both<5,True,False,False,,16.718027,22.014357
O=C(c1nnn(Cc2cc(I)cs2)c1-c1ccc(Br)cc1)N1CCC1,O=C(c1nnn(Cc2cc(I)cs2)c1-c1ccc(Br)cc1)N1CCC1,中毒,6.4863405,15.842161,42.5,6.552230799477765,2.6827148139701396,one>5-other<=5,True,False,False,,-5.9916506,-26.667883
O=C(c1nnn(S(=O)(=O)O)c1-c1ccc(Br)cc1)N1CCC1,O=C(c1nnn(S(=O)(=O)O)c1-c1ccc(Br)cc1)N1CCC1,低毒,9.849177,90.672066,250.0,25.38283147921903,2.7571887465319254,one>10-other<5,True,False,False,,11.4581785,-9.511497
O=C(c1nnn(CI)c1-c1ccc(Br)cc1)N1CCC1,O=C(c1nnn(CI)c1-c1ccc(Br)cc1)N1CCC1,低毒,14.7157955,16.617321,250.0,16.988548121642488,15.044542980183147,both>10,True,False,False,,1.1138041,-34.80841
O=C(c1nnn(SC=Cc2ccncc2)c1-c1ccc(Br)cc1)N1CCC1,O=C(c1nnn(SC=Cc2ccncc2)c1-c1ccc(Br)cc1)N1CCC1,低毒,4.0171723,79.720116,250.0,62.23282979423112,3.135971352575553,one>10-other<5,True,True,False,,19.880346,10.641681
O=C(c1nnn(C(Nc2ccccc2)N2CCOCC2)c1-c1ccc(Br)cc1)N1CCC1,O=C(c1nnn(C(Nc2ccccc2)N2CCOCC2)c1-c1ccc(Br)cc1)N1CCC1,中毒,6.976489,20.279678,42.5,6.091889487677828,2.095694024333128,one>5-other<=5,True,False,False,,-7.852656,-10.4535675
O=C(c1nnn(CCCc2[nH]cc3ccsc23)c1-c1ccc(Br)cc1)N1CCC1,O=C(c1nnn(CCCc2[nH]cc3ccsc23)c1-c1ccc(Br)cc1)N1CCC1,中毒,15.16987,25.001862,42.5,2.801606078364548,1.6998733934296575,both<5,True,False,False,,3.8960967,-48.378357
O=C(c1nnn(C(=S)n2ccnc2)c1-c1ccc(Br)cc1)N1CCC1,O=C(c1nnn(C(=S)n2ccnc2)c1-c1ccc(Br)cc1)N1CCC1,中毒,8.826407,26.355457,42.5,4.815096335349141,1.6125692679129031,both<5,True,False,False,,14.375686,-0.6876449
O=C(c1nnn(C2CS2)c1-c1ccc(Br)cc1)N1CCC1,O=C(c1nnn(C2CS2)c1-c1ccc(Br)cc1)N1CCC1,低毒,13.415327,41.15582,250.0,18.635401134836297,6.0744750074230085,both<5,True,False,False,,0.9663111,28.477634
O=C(c1nnn(C(=S)NCl)c1-c1ccc(Br)cc1)N1CCC1,O=C(c1nnn(C(=S)NCl)c1-c1ccc(Br)cc1)N1CCC1,中毒,16.814655,28.303524,42.5,2.5275570625742843,1.5015798032782066,both<5,True,False,False,,15.944383,-0.7837563
O=C(c1nnn(Cc2ccoc2O)c1-c1ccc(Br)cc1)N1CCC1,O=C(c1nnn(Cc2ccoc2O)c1-c1ccc(Br)cc1)N1CCC1,中毒,4.5794477,9.6124,42.5,9.280595125040952,4.421372393991096,one>5-other<=5,True,True,False,,5.6125994,-25.34208
O=C(c1nnn(CC=CNF)c1-c1ccc(Br)cc1)N1CCC1,O=C(c1nnn(CC=CNF)c1-c1ccc(Br)cc1)N1CCC1,低毒,16.814655,25.001862,250.0,14.867982721025202,9.999255255468572,both<5,True,False,False,,12.681754,-37.020626
O=C(c1nnn(Sc2sn(-c3ccc(F)cn3)c3nsc2-3)c1-c1ccc(Br)cc1)N1CCC1,O=C(c1nnn(Sc2sn(-c3ccc(F)cn3)c3nsc2-3)c1-c1ccc(Br)cc1)N1CCC1,中毒,2.2941446,62.906075,42.5,18.525423375666904,0.6756104239534894,one>10-other<5,True,True,False,,21.834557,9.482588
O=C(c1nnn(Cc2nc(Br)cs2)c1-c1ccc(Br)cc1)N1CCC1,O=C(c1nnn(Cc2nc(Br)cs2)c1-c1ccc(Br)cc1)N1CCC1,中毒,14.002979,21.319351,42.5,3.035068466502735,1.9934940796274707,both<5,True,False,False,,-3.482932,-26.93013
CNOn1nnc(C(=O)N2CCC2)c1-c1ccc(Br)cc1,CNOn1nnc(C(=O)N2CCC2)c1-c1ccc(Br)cc1,中毒,39.976784,22.230555,42.5,1.0631170331260262,1.9117831291211578,both<5,False,False,False,,22.591103,-13.681084
O=Nc1ccccc1-n1nnc(C(=O)N2CCC2)c1-c1ccc(Br)cc1,O=Nc1ccccc1-n1nnc(C(=O)N2CCC2)c1-c1ccc(Br)cc1,中毒,17.72199,20.19103,42.5,2.398150546298694,2.104895094504837,both<5,True,False,False,,-26.803125,14.866546
O=C(c1nnn([SH](=S)(Br)c2ccccc2)c1-c1ccc(Br)cc1)N1CCC1,O=C(c1nnn([SH](=S)(Br)c2ccccc2)c1-c1ccc(Br)cc1)N1CCC1,中毒,5.50325,70.87909,42.5,7.722709308136101,0.5996126643273777,one>5-other<=5,True,False,False,,-5.8498487,7.3851624
O=C(c1nnn(Cc2nc([S-])c(NC3CCCC3)n3ccnc23)c1-c1ccc(Br)cc1)N1CCC1,O=C(c1nnn(Cc2nc([S-])c(NC3CCCC3)n3ccnc23)c1-c1ccc(Br)cc1)N1CCC1,中毒,10.351271,17.388855,42.5,4.105775996010538,2.444094220119726,both<5,True,False,False,,0.2230627,-29.544579
O=C(c1nnn(CC2N[S+]C2I)c1-c1ccc(Br)cc1)N1CCC1,O=C(c1nnn(CC2N[S+]C2I)c1-c1ccc(Br)cc1)N1CCC1,中毒,14.7157955,16.81851,42.5,2.8880531806792233,2.5269777168132017,both<5,True,False,False,,0.050926976,-35.42412
CCCCC1CC1n1nnc(C(=O)N2CCC2)c1-c1ccc(Br)cc1,CCCCC1CC1n1nnc(C(=O)N2CCC2)c1-c1ccc(Br)cc1,中毒,5.6831856,25.001862,42.5,7.4782002544488435,1.6998733934296575,one>5-other<=5,True,False,False,,5.490432,25.563889
O=CNC1=C(S(=O)(=O)On2nnc(C(=O)N3CCC3)c2-c2ccc(Br)cc2)C=CC=NC1,O=CNC1=C(S(=O)(=O)On2nnc(C(=O)N3CCC3)c2-c2ccc(Br)cc2)C=CC=NC1,中毒,8.913483,20.18892,42.5,4.7680575595421,2.1051150829266745,both<5,True,False,False,,19.447512,-12.451831
O=C(c1nnn(CC=[IH])c1-c1ccc(Br)cc1)N1CCC1,O=C(c1nnn(CC=[IH])c1-c1ccc(Br)cc1)N1CCC1,低毒,17.840372,25.001862,250.0,14.013160712119682,9.999255255468572,both<5,True,False,False,,9.759333,-36.30635
O=C(c1nnn(CCc2cc(Cl)cs2)c1-c1ccc(Br)cc1)N1CCC1,O=C(c1nnn(CCc2cc(Cl)cs2)c1-c1ccc(Br)cc1)N1CCC1,中毒,16.302973,25.001862,42.5,2.6068864862868875,1.6998733934296575,both<5,True,False,False,,10.087294,-42.419655
O=C(c1nnn(C(Br)Br)c1-c1ccc(Br)cc1)N1CCC1,O=C(c1nnn(C(Br)Br)c1-c1ccc(Br)cc1)N1CCC1,低毒,12.366438,16.651882,250.0,20.21600722859727,15.013318014143987,both>10,True,False,False,,-9.811671,-13.604094
O=C(c1nnn(-c2ccc(O)cc2)c1-c1ccc(Br)cc1)N1CCC1,O=C(c1nnn(-c2ccc(O)cc2)c1-c1ccc(Br)cc1)N1CCC1,中毒,5.944492,47.12071,42.5,7.149475514476258,0.901938871464373,one>5-other<=5,True,False,False,,-17.886316,7.3228984
O=C(c1nnn(C=CCBr)c1-c1ccc(Br)cc1)N1CCC1,O=C(c1nnn(C=CCBr)c1-c1ccc(Br)cc1)N1CCC1,中毒,12.645256,16.84262,42.5,3.360944214968839,2.5233603797983926,both<5,True,False,False,,36.06294,26.826427
O=C(c1nnn(-c2nc3c(Br)cccc3s2)c1-c1ccc(Br)cc1)N1CCC1,O=C(c1nnn(-c2nc3c(Br)cccc3s2)c1-c1ccc(Br)cc1)N1CCC1,中毒,8.046399,20.282017,42.5,5.28186583837068,2.095452340859393,one>5-other<=5,True,False,False,,-28.615736,-4.3917804
O=C(c1nnn(Cc2ccc3n2CCNCCC=C3)c1-c1ccc(Br)cc1)N1CCC1,O=C(c1nnn(Cc2ccc3n2CCNCCC=C3)c1-c1ccc(Br)cc1)N1CCC1,中毒,15.22562,14.68747,42.5,2.7913477415041226,2.89362293165535,both<5,True,False,False,,1.8889637,-32.17076
O=C(c1nnn(C2=CC=CCO2)c1-c1ccc(Br)cc1)N1CCC1,O=C(c1nnn(C2=CC=CCO2)c1-c1ccc(Br)cc1)N1CCC1,中毒,12.81355,17.204218,42.5,3.3168013548158006,2.4703244285790844,both<5,True,False,False,,-14.209961,8.698465
Cc1c(-c2cccs2)n[nH]c1-n1nnc(C(=O)N2CCC2)c1-c1ccc(Br)cc1,Cc1c(-c2cccs2)n[nH]c1-n1nnc(C(=O)N2CCC2)c1-c1ccc(Br)cc1,中毒,18.064554,27.386452,42.5,2.3526736392163348,1.551862212746653,both<5,True,False,False,,-28.003796,3.7180724
O=C(c1nnn(C=Cc2ccc3nsnc3c2)c1-c1ccc(Br)cc1)N1CCC1,O=C(c1nnn(C=Cc2ccc3nsnc3c2)c1-c1ccc(Br)cc1)N1CCC1,中毒,11.879071,15.932148,42.5,3.577720850393099,2.667562465525678,both<5,True,False,False,,36.111794,21.240164
O=C(c1nnn(C2C[S+]2[O-])c1-c1ccc(Br)cc1)N1CCC1,O=C(c1nnn(C2C[S+]2[O-])c1-c1ccc(Br)cc1)N1CCC1,低毒,13.415327,25.001862,250.0,18.635401134836297,9.999255255468572,both<5,True,False,False,,2.50188,26.13099
O=C(c1nnn(CCC[n+]2ccsc2)c1-c1ccc(Br)cc1)N1CCC1,O=C(c1nnn(CCC[n+]2ccsc2)c1-c1ccc(Br)cc1)N1CCC1,中毒,13.082877,41.466076,42.5,3.248520948412188,1.0249342136931403,both<5,True,False,False,,1.8389205,-48.12939
Nc1[nH]c2ccccc2c1-n1nnc(C(=O)N2CCC2)c1-c1ccc(Br)cc1,Nc1[nH]c2ccccc2c1-n1nnc(C(=O)N2CCC2)c1-c1ccc(Br)cc1,中毒,6.6842666,27.058155,42.5,6.358214377625213,1.570690980223892,one>5-other<=5,True,False,False,,-22.861948,16.86955
O=C(c1nnn(CNCCBr)c1-c1ccc(Br)cc1)N1CCC1,O=C(c1nnn(CNCCBr)c1-c1ccc(Br)cc1)N1CCC1,中毒,14.7157955,16.651882,42.5,2.8880531806792233,2.5522640624044777,both<5,True,False,False,,-8.725033,-42.411617
O=C(c1nnn(Br)c1-c1ccc(Br)cc1)N1CCC1,O=C(c1nnn(Br)c1-c1ccc(Br)cc1)N1CCC1,中毒,52.13683,21.438635,42.5,0.8151627170274832,1.9824023311185621,both<5,False,False,False,,0.25222704,4.159503
O=C(c1nnn(N2C[N+]2(F)c2ccc(Cl)cc2-c2ccsc2)c1-c1ccc(Br)cc1)N1CCC1,O=C(c1nnn(N2C[N+]2(F)c2ccc(Cl)cc2-c2ccsc2)c1-c1ccc(Br)cc1)N1CCC1,中毒,4.663204,26.656958,42.5,9.113905374931056,1.5943304558607174,one>5-other<=5,True,True,False,,-6.524848,-0.565131
O=C(c1nnn(C2=Nc3ccccc32)c1-c1ccc(Br)cc1)N1CCC1,O=C(c1nnn(C2=Nc3ccccc32)c1-c1ccc(Br)cc1)N1CCC1,中毒,3.1865633,40.167973,42.5,13.337252707328927,1.05805687531208,one>10-other<5,True,True,False,,-8.816599,16.972
O=C(c1nnn(-c2nnc(SCc3ccccc3O)s2)c1-c1ccc(Br)cc1)N1CCC1,O=C(c1nnn(-c2nnc(SCc3ccccc3O)s2)c1-c1ccc(Br)cc1)N1CCC1,中毒,19.237223,30.869112,42.5,2.2092585816570303,1.3767807768490392,both<5,True,False,False,,-26.597609,-6.5457
O=C(c1nnn(C[113I])c1-c1ccc(Br)cc1)N1CCC1,O=C(c1nnn(C[113I])c1-c1ccc(Br)cc1)N1CCC1,低毒,14.7157955,16.617321,250.0,16.988548121642488,15.044542980183147,both>10,True,False,False,,0.7967396,-33.207466
[3H]P1(=O)SC[SH](n2nnc(C(=O)N3CCC3)c2-c2ccc(Br)cc2)S1,[3H]P1(=O)SC[SH](n2nnc(C(=O)N3CCC3)c2-c2ccc(Br)cc2)S1,中毒,13.834237,33.920147,42.5,3.072088471521776,1.252942683296744,both<5,True,False,False,,-5.3345027,4.779703
O=C(c1nnn(OCCc2ccccc2Br)c1-c1ccc(Br)cc1)N1CCC1,O=C(c1nnn(OCCc2ccccc2Br)c1-c1ccc(Br)cc1)N1CCC1,中毒,15.972213,26.656855,42.5,2.660871101581227,1.5943366162287336,both<5,True,False,False,,21.08213,-18.133358
O=C(c1nnn([C+]2SS2)c1-c1ccc(Br)cc1)N1CCC1,O=C(c1nnn([C+]2SS2)c1-c1ccc(Br)cc1)N1CCC1,低毒,13.415327,22.23167,250.0,18.635401134836297,11.245219095101717,both>10,True,False,False,,1.3936955,6.282988
O=C(c1nnn(CCc2c[nH]c3ccccc23)c1-c1ccc(Br)cc1)N1CCC1,O=C(c1nnn(CCc2c[nH]c3ccccc23)c1-c1ccc(Br)cc1)N1CCC1,中毒,8.842388,26.122011,42.5,4.806393928879846,1.6269804036144078,both<5,True,False,False,,14.285357,-30.167517
O=C(c1nnn(S(=O)(=O)CNc2ccc3c(F)cccc3c2)c1-c1ccc(Br)cc1)N1CCC1,O=C(c1nnn(S(=O)(=O)CNc2ccc3c(F)cccc3c2)c1-c1ccc(Br)cc1)N1CCC1,中毒,6.574317,79.19967,42.5,6.464549853619776,0.5366183975261514,one>5-other<=5,True,False,False,,11.931742,-12.3074255
O=C(c1nnn(OC(COS(=O)(=O)c2ccc(N3CCOCC3)s2)C(=O)n2ccnc2)c1-c1ccc(Br)cc1)N1CCC1,O=C(c1nnn(OC(COS(=O)(=O)c2ccc(N3CCOCC3)s2)C(=O)n2ccnc2)c1-c1ccc(Br)cc1)N1CCC1,中毒,7.830977,18.144453,42.5,5.427164452149458,2.3423136536549216,one>5-other<=5,True,False,False,,18.060083,-14.042984
C[N+]1=CC=C2N=C2N1[SH](Nn1nnc(C(=O)N2CCC2)c1-c1ccc(Br)cc1)c1c(F)cc(-c2cc[nH]n2)nc1-c1cnn(Cc2ccco2)c1,C[N+]1=CC=C2N=C2N1[SH](Nn1nnc(C(=O)N2CCC2)c1-c1ccc(Br)cc1)c1c(F)cc(-c2cc[nH]n2)nc1-c1cnn(Cc2ccco2)c1,中毒,3.6449645,16.783665,42.5,11.659921516382395,2.5322240404583862,one>10-other<5,True,True,False,,9.67602,-24.440248
O=C(c1nnn(C[118I])c1-c1ccc(Br)cc1)N1CCC1,O=C(c1nnn(C[118I])c1-c1ccc(Br)cc1)N1CCC1,低毒,14.7157955,16.617321,250.0,16.988548121642488,15.044542980183147,both>10,True,False,False,,0.5739198,-33.733746
O=C(c1nnn(CCc2cc[nH]c2Cl)c1-c1ccc(Br)cc1)N1CCC1,O=C(c1nnn(CCc2cc[nH]c2Cl)c1-c1ccc(Br)cc1)N1CCC1,低毒,16.814655,20.010084,250.0,14.867982721025202,12.4937006761191,both>10,True,False,False,,8.563225,-41.00919
O=C(c1nnn(-c2cc3occc3nc2O)c1-c1ccc(Br)cc1)N1CCC1,O=C(c1nnn(-c2cc3occc3nc2O)c1-c1ccc(Br)cc1)N1CCC1,中毒,6.0825634,37.607975,42.5,6.987185698713803,1.1300794578809414,one>5-other<=5,True,False,False,,-26.954292,12.3852005
N#CCCn1nnc(C(=O)N2CCC2)c1-c1ccc(Br)cc1,N#CCCn1nnc(C(=O)N2CCC2)c1-c1ccc(Br)cc1,低毒,14.7157955,25.001862,250.0,16.988548121642488,9.999255255468572,both<5,True,False,False,,3.368166,-37.601315
O=C(c1nnn(CCCCF)c1-c1ccc(Br)cc1)N1CCC1,O=C(c1nnn(CCCCF)c1-c1ccc(Br)cc1)N1CCC1,低毒,11.713761,25.001862,250.0,21.34241939885917,9.999255255468572,both<5,True,False,False,,2.3717816,-44.40927
[C-]n1nnc(C(=O)N2CCC2)c1-c1ccc(Br)cc1,[C-]n1nnc(C(=O)N2CCC2)c1-c1ccc(Br)cc1,低毒,14.7157955,16.651882,250.0,16.988548121642488,15.013318014143987,both>10,True,False,False,,0.13959245,3.462047
O=C(c1nnn(-c2nonc2S)c1-c1ccc(Br)cc1)N1CCC1,O=C(c1nnn(-c2nonc2S)c1-c1ccc(Br)cc1)N1CCC1,中毒,14.604603,21.610874,42.5,2.910041443783169,1.9666025538809768,both<5,True,False,False,,-13.865571,19.821043
O=C(c1nnn(C=NCCOCc2ccc(Cl)cc2Br)c1-c1ccc(Br)cc1)N1CCC1,O=C(c1nnn(C=NCCOCc2ccc(Cl)cc2Br)c1-c1ccc(Br)cc1)N1CCC1,低毒,11.124961,15.390113,250.0,22.471988890567793,16.244195218059804,both>10,True,False,False,,34.78525,35.85941
O=C(c1nnn(C2=C3C4=CC=CC=[N+]([O-])C(=[N+]C2)N2C=CC=CC2=C43)c1-c1ccc(Br)cc1)N1CCC1,O=C(c1nnn(C2=C3C4=CC=CC=[N+]([O-])C(=[N+]C2)N2C=CC=CC2=C43)c1-c1ccc(Br)cc1)N1CCC1,中毒,6.587627,18.851841,42.5,6.4514885253825085,2.2544217299519977,one>5-other<=5,True,False,False,,-11.575258,4.98735
O=C(c1nnn(-c2ccc(Cl)nc2I)c1-c1ccc(Br)cc1)N1CCC1,O=C(c1nnn(-c2ccc(Cl)nc2I)c1-c1ccc(Br)cc1)N1CCC1,中毒,16.556059,52.428326,42.5,2.5670360319445584,0.8106304977198776,both<5,True,False,False,,-29.65732,20.628435
O=C(c1nnn(C(F)c2nccs2)c1-c1ccc(Br)cc1)N1CCC1,O=C(c1nnn(C(F)c2nccs2)c1-c1ccc(Br)cc1)N1CCC1,中毒,13.974024,28.108738,42.5,3.0413573069575377,1.5119853477591203,both<5,True,False,False,,-12.304639,-7.8986893
O=C(c1nnn(CCCCO)c1-c1ccc(Br)cc1)N1CCC1,O=C(c1nnn(CCCCO)c1-c1ccc(Br)cc1)N1CCC1,低毒,11.713761,20.843096,250.0,21.34241939885917,11.994379337887231,both>10,True,False,False,,1.0692587,-44.478634
O=C(c1nnn(N=Nc2ccc([N+](=O)[O-])o2)c1-c1ccc(Br)cc1)N1CCC1,O=C(c1nnn(N=Nc2ccc([N+](=O)[O-])o2)c1-c1ccc(Br)cc1)N1CCC1,中毒,39.433083,87.227646,42.5,1.0777752274657297,0.48723084880681067,both<5,False,False,False,,14.097271,16.424587
O=C(c1nnn(-c2cc(OCCF)ccc2Br)c1-c1ccc(Br)cc1)N1CCC1,O=C(c1nnn(-c2cc(OCCF)ccc2Br)c1-c1ccc(Br)cc1)N1CCC1,中毒,15.8936615,17.440054,42.5,2.6740219678140242,2.4369190599983233,both<5,True,False,False,,-28.580318,11.378825
O=C(c1nnn(N=C2C[N+]C=NON2)c1-c1ccc(Br)cc1)N1CCC1,O=C(c1nnn(N=C2C[N+]C=NON2)c1-c1ccc(Br)cc1)N1CCC1,低毒,20.879452,82.271126,250.0,11.973494323510023,3.0387331759626095,one>10-other<5,False,False,False,,13.824207,19.008734
O=C(c1nnn(-c2ccno2)c1-c1ccc(Br)cc1)N1CCC1,O=C(c1nnn(-c2ccno2)c1-c1ccc(Br)cc1)N1CCC1,中毒,3.8994184,27.209019,42.5,10.89906125487842,1.5619820766048198,one>10-other<5,True,True,False,,-10.895344,11.44058
[2H][P+]CCCCn1nnc(C(=O)N2CCC2)c1-c1ccc(Br)cc1,[2H][P+]CCCCn1nnc(C(=O)N2CCC2)c1-c1ccc(Br)cc1,低毒,11.713761,25.001862,250.0,21.34241939885917,9.999255255468572,both<5,True,False,False,,0.91280836,-45.622147
O=C(c1nnn(COCCI)c1-c1ccc(Br)cc1)N1CCC1,O=C(c1nnn(COCCI)c1-c1ccc(Br)cc1)N1CCC1,中毒,12.558582,16.108147,42.5,3.3841400247257214,2.6384164485213604,both<5,True,False,False,,-5.022665,-35.93804
[N-][N+](=O)N=Cn1nnc(C(=O)N2CCC2)c1-c1ccc(Br)cc1,[N-][N+](=O)N=Cn1nnc(C(=O)N2CCC2)c1-c1ccc(Br)cc1,中毒,13.082877,24.869268,42.5,3.248520948412188,1.7089365074999392,both<5,True,False,False,,29.309408,31.39388
O=C(c1nnn(Cc2cc(O)no2)c1-c1ccc(Br)cc1)N1CCC1,O=C(c1nnn(Cc2cc(O)no2)c1-c1ccc(Br)cc1)N1CCC1,中毒,5.816992,12.184402,42.5,7.306181614140092,3.488066135703664,one>5-other<=5,True,False,False,,7.279584,-27.793434
O=C(c1nnn(-c2nc(N3CCCCC3)no2)c1-c1ccc(Br)cc1)N1CCC1,O=C(c1nnn(-c2nc(N3CCCCC3)no2)c1-c1ccc(Br)cc1)N1CCC1,中毒,11.794463,20.992119,42.5,3.603385758215529,2.0245693157513065,both<5,True,False,False,,-9.568054,9.566111
O=C(c1nnn(C=Nc2cc3csnc3cc2Br)c1-c1ccc(Br)cc1)N1CCC1,O=C(c1nnn(C=Nc2cc3csnc3cc2Br)c1-c1ccc(Br)cc1)N1CCC1,中毒,7.3056498,29.84652,42.5,5.817415447425361,1.4239516030679622,one>5-other<=5,True,False,False,,30.503296,34.85098
O=C(c1nnn(S(=O)(=O)c2ccc(Br)cc2)c1-c1ccc(Br)cc1)N1CCC1,O=C(c1nnn(S(=O)(=O)c2ccc(Br)cc2)c1-c1ccc(Br)cc1)N1CCC1,中毒,8.854232,62.294617,42.5,4.7999645819084025,0.6822419343231535,both<5,True,False,False,,9.036672,-10.240633
O=C(c1nnn(CC[18Br])c1-c1ccc(Br)cc1)N1CCC1,O=C(c1nnn(CC[18Br])c1-c1ccc(Br)cc1)N1CCC1,低毒,14.7157955,25.001862,250.0,16.988548121642488,9.999255255468572,both<5,True,False,False,,1.4808074,-39.397842
O=C(c1nnn(C2C[N+]C2CCCC(F)F)c1-c1ccc(Br)cc1)N1CCC1,O=C(c1nnn(C2C[N+]C2CCCC(F)F)c1-c1ccc(Br)cc1)N1CCC1,中毒,12.177278,36.440033,42.5,3.4901067381396733,1.1662997121874177,both<5,True,False,False,,5.580552,24.697828
O=C(c1nnn(-c2ccc3ccccc3c2Cl)c1-c1ccc(Br)cc1)N1CCC1,O=C(c1nnn(-c2ccc3ccccc3c2Cl)c1-c1ccc(Br)cc1)N1CCC1,中毒,14.190546,28.562063,42.5,2.994951709398638,1.4879877549461327,both<5,True,False,False,,-33.84996,15.45065
O=C(c1nnn(C23CS(=O)(=O)C2(OCCI)CS3)c1-c1ccc(Br)cc1)N1CCC1,O=C(c1nnn(C23CS(=O)(=O)C2(OCCI)CS3)c1-c1ccc(Br)cc1)N1CCC1,中毒,2.5396504,14.547106,42.5,16.734586776195652,2.9215432952781124,one>10-other<5,True,True,False,,7.703531,2.2216969
O=C(c1nnn(C=Nc2ccnc3cccc(Br)c23)c1-c1ccc(Br)cc1)N1CCC1,O=C(c1nnn(C=Nc2ccnc3cccc(Br)c23)c1-c1ccc(Br)cc1)N1CCC1,中毒,6.114907,39.94372,42.5,6.950228351796683,1.0639970438406838,one>5-other<=5,True,False,False,,28.651052,35.597675
O=C(c1nnn([N+]([O-])[O-])c1-c1ccc(Br)cc1)N1CCC1,O=C(c1nnn([N+]([O-])[O-])c1-c1ccc(Br)cc1)N1CCC1,中毒,32.546745,48.995316,42.5,1.305814145162596,0.8674298579888738,both<5,False,False,False,,14.628192,9.956745
O=C(c1nnn(C2=NC=N2)c1-c1ccc(Br)cc1)N1CCC1,O=C(c1nnn(C2=NC=N2)c1-c1ccc(Br)cc1)N1CCC1,中毒,8.021598,19.08396,42.5,5.298196194823027,2.227001104592548,one>5-other<=5,True,False,False,,-13.838518,4.147413
O=C(c1nnn(C=NCCF)c1-c1ccc(Br)cc1)N1CCC1,O=C(c1nnn(C=NCCF)c1-c1ccc(Br)cc1)N1CCC1,低毒,11.124961,16.617321,250.0,22.471988890567793,15.044542980183147,both>10,True,False,False,,33.53186,36.096554
O=C(c1nnn(CF)c1-c1ccc(Br)cc1)N1CCC1,O=C(c1nnn(CF)c1-c1ccc(Br)cc1)N1CCC1,低毒,14.7157955,16.651882,250.0,16.988548121642488,15.013318014143987,both>10,True,False,False,,0.14174606,-34.189705
O=C(c1nnn(CCCc2ccccc2)c1-c1ccc(Br)cc1)N1CCC1,O=C(c1nnn(CCCc2ccccc2)c1-c1ccc(Br)cc1)N1CCC1,中毒,14.7157955,25.001862,42.5,2.8880531806792233,1.6998733934296575,both<5,True,False,False,,7.172146,-43.53182
O=C(c1nnn(Cc2cc(CCl)cs2)c1-c1ccc(Br)cc1)N1CCC1,O=C(c1nnn(Cc2cc(CCl)cs2)c1-c1ccc(Br)cc1)N1CCC1,中毒,6.4863405,23.908426,42.5,6.552230799477765,1.7776159752214555,one>5-other<=5,True,False,False,,-5.994431,-26.683664
O=C(c1nnn(C(=O)NCCc2cnc[nH]2)c1-c1ccc(Br)cc1)N1CCC1,O=C(c1nnn(C(=O)NCCc2cnc[nH]2)c1-c1ccc(Br)cc1)N1CCC1,中毒,16.76295,18.05336,42.5,2.5353532641927585,2.3541324163479818,both<5,True,False,False,,14.234848,-2.909018
O=C(c1nnn(-c2nccc3ccoc23)c1-c1ccc(Br)cc1)N1CCC1,O=C(c1nnn(-c2nccc3ccoc23)c1-c1ccc(Br)cc1)N1CCC1,中毒,9.311169,44.608845,42.5,4.564410763030937,0.9527258551527169,both<5,True,False,False,,-18.54008,20.455717
O=C(c1nnn(CCPC2=CC3CN(Cc4ccsc4)CNC23)c1-c1ccc(Br)cc1)N1CCC1,O=C(c1nnn(CCPC2=CC3CN(Cc4ccsc4)CNC23)c1-c1ccc(Br)cc1)N1CCC1,中毒,18.37711,39.94372,42.5,2.3126596075226193,1.0639970438406838,both<5,True,False,False,,-6.7430325,-38.25799
O=C(c1nnn(CN2CC[S+]([O-])N2Br)c1-c1ccc(Br)cc1)N1CCC1,O=C(c1nnn(CN2CC[S+]([O-])N2Br)c1-c1ccc(Br)cc1)N1CCC1,中毒,11.065276,18.35565,42.5,3.8408440964328405,2.3153633894740855,both<5,True,False,False,,-0.7276964,-34.61949
O=C(c1nnn(CSC=CCCCCCC=CCCCCCOS(=O)(=O)c2ccc3c(c2)OCO3)c1-c1ccc(Br)cc1)N1CCC1,O=C(c1nnn(CSC=CCCCCCC=CCCCCCOS(=O)(=O)c2ccc3c(c2)OCO3)c1-c1ccc(Br)cc1)N1CCC1,中毒,7.613104,10.848829,42.5,5.58247989256419,3.917473489535138,one>5-other<=5,True,False,False,,5.2739472,-28.305605
O=C(c1nnn(C(F)Cl)c1-c1ccc(Br)cc1)N1CCC1,O=C(c1nnn(C(F)Cl)c1-c1ccc(Br)cc1)N1CCC1,中毒,16.306826,14.888554,42.5,2.606270527446604,2.854541817828649,both<5,True,False,False,,-10.634767,-13.218494
O=C(c1nnn(C=Cc2cccs2)c1-c1ccc(Br)cc1)N1CCC1,O=C(c1nnn(C=Cc2cccs2)c1-c1ccc(Br)cc1)N1CCC1,中毒,15.667969,23.030981,42.5,2.712540470306011,1.8453404134196454,both<5,True,False,False,,33.00656,20.066929
O=C(c1nnn(CN=CBr)c1-c1ccc(Br)cc1)N1CCC1,O=C(c1nnn(CN=CBr)c1-c1ccc(Br)cc1)N1CCC1,低毒,8.049129,16.651882,250.0,31.05926119459633,15.013318014143987,both>10,True,False,False,,5.9816284,-34.840218
O=C(c1nnn(NCCNc2ccnc3cc(-c4ccccc4Br)cnc23)c1-c1ccc(Br)cc1)N1CCC1,O=C(c1nnn(NCCNc2ccnc3cc(-c4ccccc4Br)cnc23)c1-c1ccc(Br)cc1)N1CCC1,中毒,16.201221,40.806858,42.5,2.623259074115463,1.0414916041808464,both<5,True,False,False,,26.720444,-3.0079408
O=C(c1nnn(CCc2ccncc2F)c1-c1ccc(Br)cc1)N1CCC1,O=C(c1nnn(CCc2ccncc2F)c1-c1ccc(Br)cc1)N1CCC1,中毒,14.7157955,25.001862,42.5,2.8880531806792233,1.6998733934296575,both<5,True,False,False,,8.431538,-44.92082
O=C(c1nnn(CCNCC[N+]([O-])=Cc2ccccc2)c1-c1ccc(Br)cc1)N1CCC1,O=C(c1nnn(CCNCC[N+]([O-])=Cc2ccccc2)c1-c1ccc(Br)cc1)N1CCC1,低毒,11.965558,34.019173,250.0,20.893300588238343,7.348797103327585,both<5,True,False,False,,-6.9734097,-46.652836
O=C(c1nnn(C=NNc2ncc3cn[nH]c3n2)c1-c1ccc(Br)cc1)N1CCC1,O=C(c1nnn(C=NNc2ncc3cn[nH]c3n2)c1-c1ccc(Br)cc1)N1CCC1,中毒,6.591569,24.869268,42.5,6.447630298643616,1.7089365074999392,one>5-other<=5,True,False,False,,34.039925,31.98813
O=C(c1nnn(N=Cc2c(-c3cc(Cl)c(C(F)(F)F)nc3Cl)n[nH]c2S)c1-c1ccc(Br)cc1)N1CCC1,O=C(c1nnn(N=Cc2c(-c3cc(Cl)c(C(F)(F)F)nc3Cl)n[nH]c2S)c1-c1ccc(Br)cc1)N1CCC1,中毒,8.177302,77.323265,42.5,5.19731324586031,0.5496405253968517,one>5-other<=5,True,False,False,,17.782095,23.435738
O=C(c1nnn(Cc2ccccc2)c1-c1ccc(Br)cc1)N1CCC1,O=C(c1nnn(Cc2ccccc2)c1-c1ccc(Br)cc1)N1CCC1,中毒,9.096299,15.842161,42.5,4.672229881625483,2.6827148139701396,both<5,True,False,False,,1.1985134,-26.668213
O=C(c1nnn(CO[N+](=O)[O-])c1-c1ccc(Br)cc1)N1CCC1,O=C(c1nnn(CO[N+](=O)[O-])c1-c1ccc(Br)cc1)N1CCC1,低毒,9.921383,27.476158,250.0,25.198099901999548,9.098797582980852,both<5,True,False,False,,-3.9980145,-37.19899
O=C(c1nnn(C(Br)I)c1-c1ccc(Br)cc1)N1CCC1,O=C(c1nnn(C(Br)I)c1-c1ccc(Br)cc1)N1CCC1,低毒,12.366438,16.617321,250.0,20.21600722859727,15.044542980183147,both>10,True,False,False,,-9.598506,-13.7411375
O=C(c1nnn(NN=Cc2cnncn2)c1-c1ccc(Br)cc1)N1CCC1,O=C(c1nnn(NN=Cc2cnncn2)c1-c1ccc(Br)cc1)N1CCC1,中毒,33.291145,62.28099,42.5,1.2766157487223704,0.6823912079753388,both<5,False,False,False,,22.35822,-3.4817905
O=C(c1nnn(N(Cl)CCl)c1-c1ccc(Br)cc1)N1CCC1,O=C(c1nnn(N(Cl)CCl)c1-c1ccc(Br)cc1)N1CCC1,中毒,18.533882,55.825974,42.5,2.2930975820392083,0.761294375266968,both<5,True,False,False,,3.0931706,-10.554932
O=C(c1nnn(C=Cc2[nH]nnc2Br)c1-c1ccc(Br)cc1)N1CCC1,O=C(c1nnn(C=Cc2[nH]nnc2Br)c1-c1ccc(Br)cc1)N1CCC1,中毒,7.880187,19.031351,42.5,5.393273027657846,2.233157278219502,one>5-other<=5,True,False,False,,35.680122,22.833845
O=C(c1nnn(NCF)c1-c1ccc(Br)cc1)N1CCC1,O=C(c1nnn(NCF)c1-c1ccc(Br)cc1)N1CCC1,中毒,23.238869,35.829792,42.5,1.8288325477457616,1.1861637377074363,both<5,False,False,False,,25.66415,-3.1687348
O=C(c1nnn(C2=C=[SH]S2)c1-c1ccc(Br)cc1)N1CCC1,O=C(c1nnn(C2=C=[SH]S2)c1-c1ccc(Br)cc1)N1CCC1,中毒,15.720675,17.280197,42.5,2.7034462578737872,2.4594627017273005,both<5,True,False,False,,-21.371689,3.9159803
O=C(c1nnn(-c2ncns2)c1-c1ccc(Br)cc1)N1CCC1,O=C(c1nnn(-c2ncns2)c1-c1ccc(Br)cc1)N1CCC1,中毒,11.679226,29.116137,42.5,3.6389397722075074,1.4596716590528476,both<5,True,False,False,,-22.724567,3.1073244
O=C(c1nnn(-c2ccccc2[SH](=O)=O)c1-c1ccc(Br)cc1)N1CCC1,O=C(c1nnn(-c2ccccc2[SH](=O)=O)c1-c1ccc(Br)cc1)N1CCC1,中毒,9.362809,27.31082,42.5,4.539236034826728,1.5561597930783477,both<5,True,False,False,,-26.692408,16.000166
NC(=NBr)n1nnc(C(=O)N2CCC2)c1-c1ccc(Br)cc1,NC(=NBr)n1nnc(C(=O)N2CCC2)c1-c1ccc(Br)cc1,中毒,9.972353,20.390432,42.5,4.261782550216584,2.084310916021789,both<5,True,False,False,,14.303954,1.7037979
O=C(c1nnn(Sc2cccc(Cl)c2)c1-c1ccc(Br)cc1)N1CCC1,O=C(c1nnn(Sc2cccc(Cl)c2)c1-c1ccc(Br)cc1)N1CCC1,中毒,8.13859,114.557335,42.5,5.22203477506546,0.3709932672578321,one>5-other<=5,True,False,False,,24.279772,9.620825
O=C(c1nnn(-c2cccc3c2[nH]c2cnccc23)c1-c1ccc(Br)cc1)N1CCC1,O=C(c1nnn(-c2cccc3c2[nH]c2cnccc23)c1-c1ccc(Br)cc1)N1CCC1,中毒,8.5070305,56.171947,42.5,4.9958678295558006,0.7566054279727922,both<5,True,False,False,,-32.715008,13.487122
O=C(c1nnn(-c2cnsn2)c1-c1ccc(Br)cc1)N1CCC1,O=C(c1nnn(-c2cnsn2)c1-c1ccc(Br)cc1)N1CCC1,中毒,18.421913,23.628412,42.5,2.3070351054203764,1.7986820273829658,both<5,True,False,False,,-16.448252,13.315828
O=C(c1nnn(C=[N+]F)c1-c1ccc(Br)cc1)N1CCC1,O=C(c1nnn(C=[N+]F)c1-c1ccc(Br)cc1)N1CCC1,低毒,9.972353,16.617321,250.0,25.06930911892108,15.044542980183147,both>10,True,False,False,,33.51821,28.920605
O=C(c1nnn(C(F)F)c1-c1ccc(Br)cc1)N1CCC1,O=C(c1nnn(C(F)F)c1-c1ccc(Br)cc1)N1CCC1,中毒,14.7157955,16.617321,42.5,2.8880531806792233,2.557572306631135,both<5,True,False,False,,-10.806943,-12.97476
O=C(c1nnn(C(Cl)Br)c1-c1ccc(Br)cc1)N1CCC1,O=C(c1nnn(C(Cl)Br)c1-c1ccc(Br)cc1)N1CCC1,低毒,12.366438,16.651882,250.0,20.21600722859727,15.013318014143987,both>10,True,False,False,,-10.200967,-13.773635
O=C(c1nnn(C=[N+]Cl)c1-c1ccc(Br)cc1)N1CCC1,O=C(c1nnn(C=[N+]Cl)c1-c1ccc(Br)cc1)N1CCC1,低毒,9.972353,16.617321,250.0,25.06930911892108,15.044542980183147,both>10,True,False,False,,33.51144,28.859417
O=C(c1nnn(C=CCI)c1-c1ccc(Br)cc1)N1CCC1,O=C(c1nnn(C=CCI)c1-c1ccc(Br)cc1)N1CCC1,中毒,19.270475,16.651882,42.5,2.2054464147873882,2.5522640624044777,both<5,True,False,False,,35.960793,26.662327
O=C(c1nnn(C(Nn2ccnc2Nc2ccc(Br)nc2)c2nncn2CC(F)(F)F)c1-c1ccc(Br)cc1)N1CCC1,O=C(c1nnn(C(Nn2ccnc2Nc2ccc(Br)nc2)c2nncn2CC(F)(F)F)c1-c1ccc(Br)cc1)N1CCC1,中毒,9.381428,10.316133,42.5,4.5302271679748545,4.119760766946296,both<5,True,False,False,,-9.017461,-18.904726
O=C(c1nnn(-c2ccncc2O)c1-c1ccc(Br)cc1)N1CCC1,O=C(c1nnn(-c2ccncc2O)c1-c1ccc(Br)cc1)N1CCC1,中毒,21.705864,26.507698,42.5,1.9579962354873321,1.6033078391039464,both<5,False,False,False,,-31.74096,11.598157
O=C(c1nnn(S(=O)(=O)OF)c1-c1ccc(Br)cc1)N1CCC1,O=C(c1nnn(S(=O)(=O)OF)c1-c1ccc(Br)cc1)N1CCC1,中毒,9.849177,62.561543,42.5,4.315081351467235,0.6793310708465103,both<5,True,False,False,,12.203136,-10.681947
O=C(c1nnn(C(Cl)(Br)Br)c1-c1ccc(Br)cc1)N1CCC1,O=C(c1nnn(C(Cl)(Br)Br)c1-c1ccc(Br)cc1)N1CCC1,低毒,15.667969,16.651882,250.0,15.95612041356477,15.013318014143987,both>10,True,False,False,,3.29567,-4.271653
O=C(c1nnn(C=NNCl)c1-c1ccc(Br)cc1)N1CCC1,O=C(c1nnn(C=NNCl)c1-c1ccc(Br)cc1)N1CCC1,低毒,13.082877,18.107738,250.0,19.10894675536581,13.80625233256633,both>10,True,False,False,,34.09374,32.771557
O=C(c1nnn(C2NC[SH]2OC2OC(CO)CC(O)C2N(CNCc2cccnc2Cl)Cc2ccco2)c1-c1ccc(Br)cc1)N1CCC1,O=C(c1nnn(C2NC[SH]2OC2OC(CO)CC(O)C2N(CNCc2cccnc2Cl)Cc2ccco2)c1-c1ccc(Br)cc1)N1CCC1,中毒,3.90523,41.98829,42.5,10.88284172763192,1.0121869692716707,one>10-other<5,True,True,False,,-11.307575,-3.9741473
O=C(c1nnn(C2N=C=CCC(=Nc3ccco3)CN=N2)c1-c1ccc(Br)cc1)N1CCC1,O=C(c1nnn(C2N=C=CCC(=Nc3ccco3)CN=N2)c1-c1ccc(Br)cc1)N1CCC1,中毒,7.3379807,24.41589,42.5,5.791784107581531,1.7406697032137677,one>5-other<=5,True,False,False,,-2.6668108,22.776274
O=C(c1nnn(C(c2ccccc2)c2ccccc2)c1-c1ccc(Br)cc1)N1CCC1,O=C(c1nnn(C(c2ccccc2)c2ccccc2)c1-c1ccc(Br)cc1)N1CCC1,中毒,9.096299,15.842161,42.5,4.672229881625483,2.6827148139701396,both<5,True,False,False,,-9.315198,-10.189092
O=C(c1nnn(CCl)c1-c1ccc(Br)cc1)N1CCC1,O=C(c1nnn(CCl)c1-c1ccc(Br)cc1)N1CCC1,低毒,12.366438,16.651882,250.0,20.21600722859727,15.013318014143987,both>10,True,False,False,,-0.37839946,-32.809155
O=C(c1nnn([SH](F)C(F)(F)F)c1-c1ccc(Br)cc1)N1CCC1,O=C(c1nnn([SH](F)C(F)(F)F)c1-c1ccc(Br)cc1)N1CCC1,中毒,8.382223,56.506382,42.5,5.0702540364292386,0.7521274322606604,one>5-other<=5,True,False,False,,5.7064962,-1.7318107
O=C(c1nnn(NI)c1-c1ccc(Br)cc1)N1CCC1,O=C(c1nnn(NI)c1-c1ccc(Br)cc1)N1CCC1,低毒,33.291145,31.311668,250.0,7.509504404249238,7.98424408434581,both5-10,False,False,False,,23.55596,-2.2987444
O=C(c1nnn([SH](CBr)c2nc3ccccc3s2)c1-c1ccc(Br)cc1)N1CCC1,O=C(c1nnn([SH](CBr)c2nc3ccccc3s2)c1-c1ccc(Br)cc1)N1CCC1,中毒,6.7512336,46.944023,42.5,6.295145823424034,0.9053335714325123,one>5-other<=5,True,False,False,,-0.48479384,-18.465977
O=C(c1nnn(-c2ccc3ccccc3n2)c1-c1ccc(Br)cc1)N1CCC1,O=C(c1nnn(-c2ccc3ccccc3n2)c1-c1ccc(Br)cc1)N1CCC1,中毒,12.292116,44.608845,42.5,3.4575007264819173,0.9527258551527169,both<5,True,False,False,,-16.250057,16.025257
O=C(c1nnn(C(S)=Nc2ccccc2)c1-c1ccc(Br)cc1)N1CCC1,O=C(c1nnn(C(S)=Nc2ccccc2)c1-c1ccc(Br)cc1)N1CCC1,中毒,6.284886,22.312931,42.5,6.762254717110222,1.9047251120885913,one>5-other<=5,True,False,False,,13.212899,1.9568537
O=C(c1nnn(CS(=O)(=O)NO)c1-c1ccc(Br)cc1)N1CCC1,O=C(c1nnn(CS(=O)(=O)NO)c1-c1ccc(Br)cc1)N1CCC1,低毒,13.415327,14.81088,250.0,18.635401134836297,16.87948319073546,both>10,True,False,False,,1.8133004,-33.123917
Nc1ccccc1C(Cl)=CC(O)n1nnc(C(=O)N2CCC2)c1-c1ccc(Br)cc1,Nc1ccccc1C(Cl)=CC(O)n1nnc(C(=O)N2CCC2)c1-c1ccc(Br)cc1,中毒,11.065276,17.30743,42.5,3.8408440964328405,2.4555927714282246,both<5,True,False,False,,-11.694495,-13.86661
O=C(c1nnn(CC=CNc2ccccc2)c1-c1ccc(Br)cc1)N1CCC1,O=C(c1nnn(CC=CNc2ccccc2)c1-c1ccc(Br)cc1)N1CCC1,低毒,14.259107,17.820526,250.0,17.532654744788715,14.028766603185561,both>10,True,False,False,,12.7495,-37.42486
O=C(c1nnn(S(=O)F)c1-c1ccc(Br)cc1)N1CCC1,O=C(c1nnn(S(=O)F)c1-c1ccc(Br)cc1)N1CCC1,低毒,10.134259,131.35587,250.0,24.668799169233782,1.9032267077215506,one>10-other<5,True,False,False,,6.510836,14.241857
O=C(c1nnn(COC2=CC=C3N=CC2C2COC3(Cl)O2)c1-c1ccc(Br)cc1)N1CCC1,O=C(c1nnn(COC2=CC=C3N=CC2C2COC3(Cl)O2)c1-c1ccc(Br)cc1)N1CCC1,中毒,3.5037858,13.420789,42.5,12.129736926269864,3.1667288711565322,one>10-other<5,True,True,False,,-4.6884136,-34.072636
O=C(c1nnn(C(O)OC2(c3ccsc3)Cc3cc(Br)ccc32)c1-c1ccc(Br)cc1)N1CCC1,O=C(c1nnn(C(O)OC2(c3ccsc3)Cc3cc(Br)ccc32)c1-c1ccc(Br)cc1)N1CCC1,中毒,7.4360685,23.83642,42.5,5.715385757944538,1.7829858678442483,one>5-other<=5,True,False,False,,-5.1119776,-12.093558
O=C(c1nnn(-c2ccc3ccccc3c2)c1-c1ccc(Br)cc1)N1CCC1,O=C(c1nnn(-c2ccc3ccccc3c2)c1-c1ccc(Br)cc1)N1CCC1,中毒,13.798724,49.925213,42.5,3.079994932864807,0.8512732835010639,both<5,True,False,False,,-21.113815,8.048205
O=C(c1nnn(CCCF)c1-c1ccc(Br)cc1)N1CCC1,O=C(c1nnn(CCCF)c1-c1ccc(Br)cc1)N1CCC1,低毒,14.7157955,20.66404,250.0,16.988548121642488,12.098311849957705,both>10,True,False,False,,2.4351797,-44.383163
O=C(c1nnn(CCCON[11I+])c1-c1ccc(Br)cc1)N1CCC1,O=C(c1nnn(CCCON[11I+])c1-c1ccc(Br)cc1)N1CCC1,低毒,14.7157955,20.843096,250.0,16.988548121642488,11.994379337887231,both>10,True,False,False,,0.36521736,-46.818104
O=C(c1nnn(-c2ccc3[nH]nc(Cl)c3c2)c1-c1ccc(Br)cc1)N1CCC1,O=C(c1nnn(-c2ccc3[nH]nc(Cl)c3c2)c1-c1ccc(Br)cc1)N1CCC1,中毒,7.523029,39.613483,42.5,5.64932024055736,1.072867033681436,one>5-other<=5,True,False,False,,-19.517143,10.053743
O=C(c1nnn(OCCCCCl)c1-c1ccc(Br)cc1)N1CCC1,O=C(c1nnn(OCCCCCl)c1-c1ccc(Br)cc1)N1CCC1,中毒,20.38343,28.70428,42.5,2.085026906658987,1.4806154343533438,both<5,False,False,False,,21.04683,-17.230818
O=C(c1nnn(-c2[nH]cc(-c3ccoc3C3CCCC3)c2Br)c1-c1ccc(Br)cc1)N1CCC1,O=C(c1nnn(-c2[nH]cc(-c3ccoc3C3CCCC3)c2Br)c1-c1ccc(Br)cc1)N1CCC1,中毒,4.46221,21.064455,42.5,9.524428478265255,2.0176168811393413,one>5-other<=5,True,True,False,,-12.427064,10.602244
O=C(c1nnn(C(Br)c2ccc3ccccc3c2)c1-c1ccc(Br)cc1)N1CCC1,O=C(c1nnn(C(Br)c2ccc3ccccc3c2)c1-c1ccc(Br)cc1)N1CCC1,中毒,8.817272,33.834995,42.5,4.820084942372198,1.256095944450413,both<5,True,False,False,,-8.612043,-10.975061
O=C(c1nnn(CC(F)(Br)Br)c1-c1ccc(Br)cc1)N1CCC1,O=C(c1nnn(CC(F)(Br)Br)c1-c1ccc(Br)cc1)N1CCC1,中毒,14.7157955,25.001862,42.5,2.8880531806792233,1.6998733934296575,both<5,True,False,False,,-3.5138884,-31.738338
O=C(c1nnn(CC2=CNN3C(=C2)NC(Br)=C3c2c(Cl)cccc2Cl)c1-c1ccc(Br)cc1)N1CCC1,O=C(c1nnn(CC2=CNN3C(=C2)NC(Br)=C3c2c(Cl)cccc2Cl)c1-c1ccc(Br)cc1)N1CCC1,中毒,4.919023,16.333664,42.5,8.63992707494964,2.6019881393421587,one>5-other<=5,True,True,False,,-1.9799474,-23.377832
O=C(c1nnn(CCCc2cccs2)c1-c1ccc(Br)cc1)N1CCC1,O=C(c1nnn(CCCc2cccs2)c1-c1ccc(Br)cc1)N1CCC1,中毒,12.388913,25.001862,42.5,3.430486597169582,1.6998733934296575,both<5,True,False,False,,9.950143,-32.046448
O=C(c1nnn(-c2ccc(SSc3c[nH]cn3)cc2)c1-c1ccc(Br)cc1)N1CCC1,O=C(c1nnn(-c2ccc(SSc3c[nH]cn3)cc2)c1-c1ccc(Br)cc1)N1CCC1,中毒,11.196653,49.925213,42.5,3.7957771844853996,0.8512732835010639,both<5,True,False,False,,-17.115837,6.7823706
C=[N+]C1=CC1n1nnc(C(=O)N2CCC2)c1-c1ccc(Br)cc1,C=[N+]C1=CC1n1nnc(C(=O)N2CCC2)c1-c1ccc(Br)cc1,低毒,16.814655,25.001862,250.0,14.867982721025202,9.999255255468572,both<5,True,False,False,,2.380751,23.213015
O=C(c1nnn(C=CBr)c1-c1ccc(Br)cc1)N1CCC1,O=C(c1nnn(C=CBr)c1-c1ccc(Br)cc1)N1CCC1,低毒,14.7157955,16.651882,250.0,16.988548121642488,15.013318014143987,both>10,True,False,False,,34.294758,24.989199
O=C(c1nnn(Cc2ccnc[n+]2CCO)c1-c1ccc(Br)cc1)N1CCC1,O=C(c1nnn(Cc2ccnc[n+]2CCO)c1-c1ccc(Br)cc1)N1CCC1,中毒,10.601123,15.326671,42.5,4.009009234210376,2.772943974591743,both<5,True,False,False,,-0.7881362,-29.333445
O=C(c1nnn(C(c2ccccc2Br)N2CN=N2)c1-c1ccc(Br)cc1)N1CCC1,O=C(c1nnn(C(c2ccccc2Br)N2CN=N2)c1-c1ccc(Br)cc1)N1CCC1,中毒,9.096299,16.178974,42.5,4.672229881625483,2.62686620301139,both<5,True,False,False,,-11.636608,-10.06274
O=C(c1nnn(Cc2c[nH]c3ncnc-3c2)c1-c1ccc(Br)cc1)N1CCC1,O=C(c1nnn(Cc2c[nH]c3ncnc-3c2)c1-c1ccc(Br)cc1)N1CCC1,中毒,5.272383,19.024868,42.5,8.060871146879885,2.2339182589860807,one>5-other<=5,True,False,False,,1.1130395,-27.953997
O=C(c1nnn(C23CC2c2ccccc2O3)c1-c1ccc(Br)cc1)N1CCC1,O=C(c1nnn(C23CC2c2ccccc2O3)c1-c1ccc(Br)cc1)N1CCC1,中毒,10.531287,20.625008,42.5,4.03559413013813,2.0606052613409895,both<5,True,False,False,,7.7368054,8.917999
O=C(c1nnn(C23C=CC4C=NC2=CC=CC=Cc2cnccnn3n24)c1-c1ccc(Br)cc1)N1CCC1,O=C(c1nnn(C23C=CC4C=NC2=CC=CC=Cc2cnccnn3n24)c1-c1ccc(Br)cc1)N1CCC1,中毒,9.600201,19.183485,42.5,4.426990643216741,2.215447297506162,both<5,True,False,False,,5.964431,6.8202705
O=C(c1nnn(C2=C3CC32F)c1-c1ccc(Br)cc1)N1CCC1,O=C(c1nnn(C2=C3CC32F)c1-c1ccc(Br)cc1)N1CCC1,中毒,14.899384,15.303449,42.5,2.852466920780081,2.7771517388008413,both<5,True,False,False,,-18.702202,5.11797
O=C(c1nnn(N2NS2=NS(=O)(=O)c2ccc(Br)cc2)c1-c1ccc(Br)cc1)N1CCC1,O=C(c1nnn(N2NS2=NS(=O)(=O)c2ccc(Br)cc2)c1-c1ccc(Br)cc1)N1CCC1,中毒,12.16313,23.43199,42.5,3.494166386448225,1.813759736155572,both<5,True,False,False,,6.4361744,-7.8489304
N#Cc1cncc(Cl)c1-n1nnc(C(=O)N2CCC2)c1-c1ccc(Br)cc1,N#Cc1cncc(Cl)c1-n1nnc(C(=O)N2CCC2)c1-c1ccc(Br)cc1,中毒,12.292116,38.349865,42.5,3.4575007264819173,1.1082177212357853,both<5,True,False,False,,-24.238861,21.36235
O=C(c1nnn(S(=O)[O-])c1-c1ccc(Br)cc1)N1CCC1,O=C(c1nnn(S(=O)[O-])c1-c1ccc(Br)cc1)N1CCC1,低毒,9.849177,90.672066,250.0,25.38283147921903,2.7571887465319254,one>10-other<5,True,False,False,,6.6982083,14.1323595
O=C(c1nnn([14F])c1-c1ccc(Br)cc1)N1CCC1,O=C(c1nnn([14F])c1-c1ccc(Br)cc1)N1CCC1,中毒,52.13683,24.851582,42.5,0.8151627170274832,1.7101526977236299,both<5,False,False,False,,-0.3777716,4.301053
O=C(c1nnn(C2=N[N+](=O)CC(c3ccccc3I)CC=CC2)c1-c1ccc(Br)cc1)N1CCC1,O=C(c1nnn(C2=N[N+](=O)CC(c3ccccc3I)CC=CC2)c1-c1ccc(Br)cc1)N1CCC1,中毒,14.729625,24.233145,42.5,2.885341615961031,1.7537962984168995,both<5,True,False,False,,-23.847866,15.674956
O=C(c1nnn(Cc2cccnc2)c1-c1ccc(Br)cc1)N1CCC1,O=C(c1nnn(Cc2cccnc2)c1-c1ccc(Br)cc1)N1CCC1,中毒,5.272383,14.137096,42.5,8.060871146879885,3.0062751218496357,one>5-other<=5,True,False,False,,0.04418129,-27.661455
O=C(c1nnn(C2(c3c[nH]nc3-c3cccc(Br)c3)N=N2)c1-c1ccc(Br)cc1)N1CCC1,O=C(c1nnn(C2(c3c[nH]nc3-c3cccc(Br)c3)N=N2)c1-c1ccc(Br)cc1)N1CCC1,中毒,9.822891,14.572463,42.5,4.326628484424799,2.9164596266259175,both<5,True,False,False,,4.5574884,6.543586
O=C(c1nnn(CN=NC=Cc2cc(Cl)ccc2Cl)c1-c1ccc(Br)cc1)N1CCC1,O=C(c1nnn(CN=NC=Cc2cc(Cl)ccc2Cl)c1-c1ccc(Br)cc1)N1CCC1,中毒,14.575108,15.757913,42.5,2.9159303656617843,2.69705766239476,both<5,True,False,False,,6.3465943,-34.28951
O=C(c1nnn(C=C2OC=CC2=S)c1-c1ccc(Br)cc1)N1CCC1,O=C(c1nnn(C=C2OC=CC2=S)c1-c1ccc(Br)cc1)N1CCC1,中毒,14.899384,59.954056,42.5,2.852466920780081,0.708876143425559,both<5,True,False,False,,30.511906,26.327616
O=C(c1nnn(C(O)CO[114Br])c1-c1ccc(Br)cc1)N1CCC1,O=C(c1nnn(C(O)CO[114Br])c1-c1ccc(Br)cc1)N1CCC1,低毒,9.921383,20.843096,250.0,25.198099901999548,11.994379337887231,both>10,True,False,False,,-10.864102,-15.9396105
O=C(c1nnn(C=C2C=C2Br)c1-c1ccc(Br)cc1)N1CCC1,O=C(c1nnn(C=C2C=C2Br)c1-c1ccc(Br)cc1)N1CCC1,中毒,12.645256,14.266494,42.5,3.360944214968839,2.9790080169661866,both<5,True,False,False,,31.350773,25.984724
O=C(c1nnn(Cc2cn(Cc3cc4cc(Cl)cc(F)c4o3)nn2)c1-c1ccc(Br)cc1)N1CCC1,O=C(c1nnn(Cc2cn(Cc3cc4cc(Cl)cc(F)c4o3)nn2)c1-c1ccc(Br)cc1)N1CCC1,中毒,7.748404,14.296197,42.5,5.485000523978874,2.972818575457515,one>5-other<=5,True,False,False,,4.007138,-26.963
O=C(c1nnn(C2CC([113I])OP2(=O)CF)c1-c1ccc(Br)cc1)N1CCC1,O=C(c1nnn(C2CC([113I])OP2(=O)CF)c1-c1ccc(Br)cc1)N1CCC1,中毒,6.8306613,20.641817,42.5,6.221945157784357,2.058927273698822,one>5-other<=5,True,False,False,,5.023177,23.722984
O=C(c1nnn([13F])c1-c1ccc(Br)cc1)N1CCC1,O=C(c1nnn([13F])c1-c1ccc(Br)cc1)N1CCC1,中毒,52.13683,24.851582,42.5,0.8151627170274832,1.7101526977236299,both<5,False,False,False,,-0.67973804,4.0266643
O=C(c1nnn(Cc2ccc(Cl)cc2CCCl)c1-c1ccc(Br)cc1)N1CCC1,O=C(c1nnn(Cc2ccc(Cl)cc2CCCl)c1-c1ccc(Br)cc1)N1CCC1,中毒,13.187359,21.145523,42.5,3.2227832729813453,2.0098817134955707,both<5,True,False,False,,-4.4853272,-23.998272
N=[SH]n1nnc(C(=O)N2CCC2)c1-c1ccc(Br)cc1,N=[SH]n1nnc(C(=O)N2CCC2)c1-c1ccc(Br)cc1,低毒,14.064521,92.90239,250.0,17.77522320170022,2.6909964318463713,one>10-other<5,True,False,False,,3.0489297,-0.35360953
CC12CC3CC(C)(C1)CC(n1nnc(C(=O)N4CCC4)c1-c1ccc(Br)cc1)(C3)C2,CC12CC3CC(C)(C1)CC(n1nnc(C(=O)N4CCC4)c1-c1ccc(Br)cc1)(C3)C2,中毒,9.875283,16.547009,42.5,4.303674132680552,2.5684400123309294,both<5,True,False,False,,11.174229,7.80043
N#CCN(O)n1nnc(C(=O)N2CCC2)c1-c1ccc(Br)cc1,N#CCN(O)n1nnc(C(=O)N2CCC2)c1-c1ccc(Br)cc1,中毒,8.757632,48.995316,42.5,4.852910010377235,0.8674298579888738,both<5,True,False,False,,1.7753593,-11.148032
O=C(c1nnn(C(O)c2ccncc2)c1-c1ccc(Br)cc1)N1CCC1,O=C(c1nnn(C(O)c2ccncc2)c1-c1ccc(Br)cc1)N1CCC1,中毒,9.096299,12.910086,42.5,4.672229881625483,3.291999758948159,both<5,True,False,False,,-6.096861,-13.266588
O=C(c1nnn(Cc2nc3ccccc3o2)c1-c1ccc(Br)cc1)N1CCC1,O=C(c1nnn(Cc2nc3ccccc3o2)c1-c1ccc(Br)cc1)N1CCC1,中毒,7.155142,15.1006155,42.5,5.9397842838059685,2.814454814772285,one>5-other<=5,True,False,False,,0.7703441,-26.387577
O=C1C=NC(Cn2nnc(C(=O)N3CCC3)c2-c2ccc(Br)cc2)=C1,O=C1C=NC(Cn2nnc(C(=O)N3CCC3)c2-c2ccc(Br)cc2)=C1,低毒,20.679974,26.122011,250.0,12.088990053855966,9.570472962437693,both<5,False,False,False,,2.1538172,-29.489431
O=C(c1nnn(C=CSBr)c1-c1ccc(Br)cc1)N1CCC1,O=C(c1nnn(C=CSBr)c1-c1ccc(Br)cc1)N1CCC1,中毒,14.331081,16.651882,42.5,2.9655822892913664,2.5522640624044777,both<5,True,False,False,,33.209614,24.587368
O=C(c1nnn(-c2nc3c(F)c(F)cc(F)c3s2)c1-c1ccc(Br)cc1)N1CCC1,O=C(c1nnn(-c2nc3c(F)c(F)cc(F)c3s2)c1-c1ccc(Br)cc1)N1CCC1,中毒,6.8965364,23.524757,42.5,6.162513693105426,1.8066073966247558,one>5-other<=5,True,False,False,,-27.638674,-2.9969957
O=C(c1nnn(-c2c(F)cccc2Br)c1-c1ccc(Br)cc1)N1CCC1,O=C(c1nnn(-c2c(F)cccc2Br)c1-c1ccc(Br)cc1)N1CCC1,中毒,11.319439,29.349129,42.5,3.754603032888821,1.4480838596607075,both<5,True,False,False,,-24.031982,19.07363
O=C(c1nnn(C(=O)CO)c1-c1ccc(Br)cc1)N1CCC1,O=C(c1nnn(C(=O)CO)c1-c1ccc(Br)cc1)N1CCC1,低毒,9.921383,25.007778,250.0,25.198099901999548,9.996889767655487,both<5,True,False,False,,11.455351,-0.46056035
O=C(c1nnn(-c2ccncc2)c1-c1ccc(Br)cc1)N1CCC1,O=C(c1nnn(-c2ccncc2)c1-c1ccc(Br)cc1)N1CCC1,中毒,12.292116,33.677425,42.5,3.4575007264819173,1.261972968539014,both<5,True,False,False,,-18.832664,7.928569
O=C(c1nnn(C23N=NOC=CC=CC=C4C=CC=CC=C2P4(=O)N3)c1-c1ccc(Br)cc1)N1CCC1,O=C(c1nnn(C23N=NOC=CC=CC=C4C=CC=CC=C2P4(=O)N3)c1-c1ccc(Br)cc1)N1CCC1,中毒,5.215825,14.891448,42.5,8.14827951474599,2.85398706693936,one>5-other<=5,True,False,False,,4.985887,2.9277265
O=C(c1nnn(CCCCBr)c1-c1ccc(Br)cc1)N1CCC1,O=C(c1nnn(CCCCBr)c1-c1ccc(Br)cc1)N1CCC1,低毒,11.713761,25.001862,250.0,21.34241939885917,9.999255255468572,both<5,True,False,False,,1.653014,-45.402958
O=C(c1nnn(-c2nc(O)c3nc[nH]c3n2)c1-c1ccc(Br)cc1)N1CCC1,O=C(c1nnn(-c2nc(O)c3nc[nH]c3n2)c1-c1ccc(Br)cc1)N1CCC1,中毒,5.9303007,15.717751,42.5,7.16658431839721,2.7039491845875405,one>5-other<=5,True,False,False,,-20.217567,14.248871
O=C(c1nnn(C=NC(Cl)c2cn(-c3cccc(Cl)c3)nc2O)c1-c1ccc(Br)cc1)N1CCC1,O=C(c1nnn(C=NC(Cl)c2cn(-c3cccc(Cl)c3)nc2O)c1-c1ccc(Br)cc1)N1CCC1,中毒,8.724328,21.111927,42.5,4.871435370151145,2.0130800944887692,both<5,True,False,False,,27.269398,30.63973
O=C(c1nnn(C2=NNNN=NC2(Cl)NCCSCCBr)c1-c1ccc(Br)cc1)N1CCC1,O=C(c1nnn(C2=NNNN=NC2(Cl)NCCSCCBr)c1-c1ccc(Br)cc1)N1CCC1,中毒,6.4847784,22.175217,42.5,6.553809147896249,1.916553962019853,one>5-other<=5,True,False,False,,-12.580959,-1.1326227
O=C(c1nnn(C(F)(F)CF)c1-c1ccc(Br)cc1)N1CCC1,O=C(c1nnn(C(F)(F)CF)c1-c1ccc(Br)cc1)N1CCC1,中毒,12.376887,24.869268,42.5,3.4338198288471085,1.7089365074999392,both<5,True,False,False,,3.4832523,-5.6576376
O=C(c1nnn(CC=Cc2csc(-c3ccno3)n2)c1-c1ccc(Br)cc1)N1CCC1,O=C(c1nnn(CC=Cc2csc(-c3ccno3)n2)c1-c1ccc(Br)cc1)N1CCC1,低毒,10.48356,19.974249,250.0,23.846861180743943,12.516115124027943,both>10,True,False,False,,12.507639,-35.74042
O=C(c1nnn(Cc2cccc([N+](=O)[O-])c2I)c1-c1ccc(Br)cc1)N1CCC1,O=C(c1nnn(Cc2cccc([N+](=O)[O-])c2I)c1-c1ccc(Br)cc1)N1CCC1,中毒,10.601123,19.843538,42.5,4.009009234210376,2.1417551648299815,both<5,True,False,False,,1.0430121,-22.641062
O=C(c1nnn([18F])c1-c1ccc(Br)cc1)N1CCC1,O=C(c1nnn([18F])c1-c1ccc(Br)cc1)N1CCC1,中毒,52.13683,24.851582,42.5,0.8151627170274832,1.7101526977236299,both<5,False,False,False,,-1.8722059,4.2894235
O=C(c1nnn(C(=NO)OBr)c1-c1ccc(Br)cc1)N1CCC1,O=C(c1nnn(C(=NO)OBr)c1-c1ccc(Br)cc1)N1CCC1,低毒,12.376887,14.874384,250.0,20.19894016968887,16.807418713944728,both>10,True,False,False,,12.182947,1.0824938
O=C(c1nnn(OCCCCCCCCO)c1-c1ccc(Br)cc1)N1CCC1,O=C(c1nnn(OCCCCCCCCO)c1-c1ccc(Br)cc1)N1CCC1,中毒,20.38343,26.656855,42.5,2.085026906658987,1.5943366162287336,both<5,False,False,False,,20.774479,-17.309067
O=C(c1nnn([12C]Br)c1-c1ccc(Br)cc1)N1CCC1,O=C(c1nnn([12C]Br)c1-c1ccc(Br)cc1)N1CCC1,低毒,12.366438,16.651882,250.0,20.21600722859727,15.013318014143987,both>10,True,False,False,,3.0132833,8.666597
O=C(c1nnn([N+]2(O)NS2)c1-c1ccc(Br)cc1)N1CCC1,O=C(c1nnn([N+]2(O)NS2)c1-c1ccc(Br)cc1)N1CCC1,中毒,23.474909,19.313978,42.5,1.8104436528380152,2.200478844907041,both<5,False,False,False,,-1.4998666,6.549017
O=C(c1nnn([1213I])c1-c1ccc(Br)cc1)N1CCC1,O=C(c1nnn([1213I])c1-c1ccc(Br)cc1)N1CCC1,低毒,52.13683,45.58551,250.0,4.795074806044019,5.48419881668539,one>5-other<=5,False,False,False,,0.39654803,5.2870426
O=C(c1nnn(C2=[N+](NF)c3ccccc32)c1-c1ccc(Br)cc1)N1CCC1,O=C(c1nnn(C2=[N+](NF)c3ccccc32)c1-c1ccc(Br)cc1)N1CCC1,中毒,2.3452804,40.167973,42.5,18.121500525054486,1.05805687531208,one>10-other<5,True,True,False,,-18.573034,28.369965
N#CSC1CCCN1n1nnc(C(=O)N2CCC2)c1-c1ccc(Br)cc1,N#CSC1CCCN1n1nnc(C(=O)N2CCC2)c1-c1ccc(Br)cc1,中毒,29.870066,14.467111,42.5,1.422829129336373,2.9376977891439418,both<5,False,False,False,,-0.5526047,-3.9374585
O=C(c1nnn(CC(Br)Br)c1-c1ccc(Br)cc1)N1CCC1,O=C(c1nnn(CC(Br)Br)c1-c1ccc(Br)cc1)N1CCC1,中毒,14.7157955,25.001862,42.5,2.8880531806792233,1.6998733934296575,both<5,True,False,False,,-6.3989477,-30.896547
O=C(c1nnn(C=NCF)c1-c1ccc(Br)cc1)N1CCC1,O=C(c1nnn(C=NCF)c1-c1ccc(Br)cc1)N1CCC1,低毒,11.124961,16.617321,250.0,22.471988890567793,15.044542980183147,both>10,True,False,False,,32.915195,35.746136
O=C(c1nnn(Cc2ccc3ccoc3n2)c1-c1ccc(Br)cc1)N1CCC1,O=C(c1nnn(Cc2ccc3ccoc3n2)c1-c1ccc(Br)cc1)N1CCC1,中毒,9.118239,21.319351,42.5,4.660987719229557,1.9934940796274707,both<5,True,False,False,,6.2554336,-25.503216
N=S1CCCCCN1CCn1nnc(C(=O)N2CCC2)c1-c1ccc(Br)cc1,N=S1CCCCCN1CCn1nnc(C(=O)N2CCC2)c1-c1ccc(Br)cc1,低毒,13.314878,29.281906,250.0,18.775988784876585,8.537695599459953,both<5,True,False,False,,2.2476194,-39.1882
O=C(c1nnn(-c2ccon2)c1-c1ccc(Br)cc1)N1CCC1,O=C(c1nnn(-c2ccon2)c1-c1ccc(Br)cc1)N1CCC1,中毒,5.382577,26.42684,42.5,7.895846171824387,1.608213467822865,one>5-other<=5,True,False,False,,-12.346782,15.147712
O=C(c1nnn(CCOBr)c1-c1ccc(Br)cc1)N1CCC1,O=C(c1nnn(CCOBr)c1-c1ccc(Br)cc1)N1CCC1,低毒,9.921383,20.843096,250.0,25.198099901999548,11.994379337887231,both>10,True,False,False,,-3.0453656,-40.29696
O=C(c1nnn(N=C=Cc2cc([N+](=O)[O-])cc3ccccc23)c1-c1ccc(Br)cc1)N1CCC1,O=C(c1nnn(N=C=Cc2cc([N+](=O)[O-])cc3ccccc23)c1-c1ccc(Br)cc1)N1CCC1,中毒,28.361774,40.12971,42.5,1.4984958275177003,1.0590657146538063,both<5,False,False,False,,16.591286,16.194445
O=C(c1nnn(-c2c3cncc2N=C3)c1-c1ccc(Br)cc1)N1CCC1,O=C(c1nnn(-c2c3cncc2N=C3)c1-c1ccc(Br)cc1)N1CCC1,中毒,17.038677,46.812904,42.5,2.4943251169090184,0.9078693344894817,both<5,True,False,False,,-15.10109,4.6763353
O=C(c1nnn(C23CC4CC(CC(Br)(C4)C2)C3)c1-c1ccc(Br)cc1)N1CCC1,O=C(c1nnn(C23CC4CC(CC(Br)(C4)C2)C3)c1-c1ccc(Br)cc1)N1CCC1,中毒,9.940739,22.477419,42.5,4.275336069078969,1.8907864822024272,both<5,True,False,False,,10.818325,8.2211895
O=C(c1nnn(C=NNC(CCI)=C(Cl)Br)c1-c1ccc(Br)cc1)N1CCC1,O=C(c1nnn(C=NNC(CCI)=C(Cl)Br)c1-c1ccc(Br)cc1)N1CCC1,中毒,13.082877,14.391473,42.5,3.248520948412188,2.9531375975204206,both<5,True,False,False,,35.03092,33.42393
O=C(c1nnn(Oc2ccc(Br)nc2[135Br])c1-c1ccc(Br)cc1)N1CCC1,O=C(c1nnn(Oc2ccc(Br)nc2[135Br])c1-c1ccc(Br)cc1)N1CCC1,中毒,24.302301,24.215252,42.5,1.748805596638771,1.7550922038721712,both<5,False,False,False,,24.40664,-14.10354
O=C(c1nnn([12I])c1-c1ccc(Br)cc1)N1CCC1,O=C(c1nnn([12I])c1-c1ccc(Br)cc1)N1CCC1,低毒,52.13683,45.58551,250.0,4.795074806044019,5.48419881668539,one>5-other<=5,False,False,False,,0.87575763,3.0246997
O=C(c1nnn(-c2c[nH]c3c2CCSS3)c1-c1ccc(Br)cc1)N1CCC1,O=C(c1nnn(-c2c[nH]c3c2CCSS3)c1-c1ccc(Br)cc1)N1CCC1,中毒,3.9599922,22.729832,42.5,10.73234437178942,1.8697894467499805,one>10-other<5,True,True,False,,-26.304853,11.011696
O=C(c1nnn(CC=C=S)c1-c1ccc(Br)cc1)N1CCC1,O=C(c1nnn(CC=C=S)c1-c1ccc(Br)cc1)N1CCC1,低毒,16.814655,41.15582,250.0,14.867982721025202,6.0744750074230085,both<5,True,False,False,,9.123642,-36.2563
O=Nc1c(-n2nnc(C(=O)N3CCC3)c2-c2ccc(Br)cc2)sc2ccccc12,O=Nc1c(-n2nnc(C(=O)N3CCC3)c2-c2ccc(Br)cc2)sc2ccccc12,中毒,18.785078,31.733406,42.5,2.2624340447242224,1.3392826474409965,both<5,True,False,False,,-34.047127,4.6334395
O=C(c1nnn(CC=CCBr)c1-c1ccc(Br)cc1)N1CCC1,O=C(c1nnn(CC=CCBr)c1-c1ccc(Br)cc1)N1CCC1,低毒,16.814655,25.001862,250.0,14.867982721025202,9.999255255468572,both<5,True,False,False,,11.263551,-36.839664
O=C(c1nnn(C=NCl)c1-c1ccc(Br)cc1)N1CCC1,O=C(c1nnn(C=NCl)c1-c1ccc(Br)cc1)N1CCC1,低毒,9.972353,16.617321,250.0,25.06930911892108,15.044542980183147,both>10,True,False,False,,32.155502,33.167194
O=C(c1nnn(CC(Cl)Cl)c1-c1ccc(Br)cc1)N1CCC1,O=C(c1nnn(CC(Cl)Cl)c1-c1ccc(Br)cc1)N1CCC1,低毒,14.7157955,20.66404,250.0,16.988548121642488,12.098311849957705,both>10,True,False,False,,-6.6235766,-31.253477
Cn1nccc1CNCCN(Cc1cnon1)n1nnc(C(=O)N2CCC2)c1-c1ccc(Br)cc1,Cn1nccc1CNCCN(Cc1cnon1)n1nnc(C(=O)N2CCC2)c1-c1ccc(Br)cc1,中毒,17.954386,20.92407,42.5,2.3671096299255234,2.0311535948790076,both<5,True,False,False,,2.2761896,-8.936617
O=C(c1nnn(S(=O)(=S)I)c1-c1ccc(Br)cc1)N1CCC1,O=C(c1nnn(S(=O)(=S)I)c1-c1ccc(Br)cc1)N1CCC1,中毒,13.579444,142.30946,42.5,3.129730495593192,0.29864493899421723,both<5,True,False,False,,11.980469,-8.321317
O=C(c1nnn(-c2cc(Cl)no2)c1-c1ccc(Br)cc1)N1CCC1,O=C(c1nnn(-c2cc(Cl)no2)c1-c1ccc(Br)cc1)N1CCC1,中毒,3.4719014,14.482498,42.5,12.2411310413366,2.934576617928758,one>10-other<5,True,True,False,,-11.313648,13.696165
O=C(c1nnn(CC[O-])c1-c1ccc(Br)cc1)N1CCC1,O=C(c1nnn(CC[O-])c1-c1ccc(Br)cc1)N1CCC1,低毒,9.921383,20.843096,250.0,25.198099901999548,11.994379337887231,both>10,True,False,False,,2.0301077,-40.25345
O=C(c1nnn(C2=NC2C(Nc2ccco2)c2ccco2)c1-c1ccc(Br)cc1)N1CCC1,O=C(c1nnn(C2=NC2C(Nc2ccco2)c2ccco2)c1-c1ccc(Br)cc1)N1CCC1,中毒,5.6471553,26.122011,42.5,7.525913091145201,1.6269804036144078,one>5-other<=5,True,False,False,,-8.96568,11.984578
O=C(c1nnn(-c2cc(Br)cs2)c1-c1ccc(Br)cc1)N1CCC1,O=C(c1nnn(-c2cc(Br)cs2)c1-c1ccc(Br)cc1)N1CCC1,中毒,6.626817,64.49796,42.5,6.413335391636739,0.6589355694350643,one>5-other<=5,True,False,False,,-25.361467,3.5912707
O=C(c1nnn(Cc2nncn2Cl)c1-c1ccc(Br)cc1)N1CCC1,O=C(c1nnn(Cc2nncn2Cl)c1-c1ccc(Br)cc1)N1CCC1,中毒,16.814655,12.219396,42.5,2.5275570625742843,3.47807698514722,both<5,True,False,False,,1.3734009,-30.060446
O=C(c1nnn(Nc2csc3ccccc23)c1-c1ccc(Br)cc1)N1CCC1,O=C(c1nnn(Nc2csc3ccccc23)c1-c1ccc(Br)cc1)N1CCC1,中毒,5.3282766,32.17784,42.5,7.976312641126777,1.3207847388140408,one>5-other<=5,True,False,False,,24.511507,0.33592337
O=C(c1nnn(P2(=S)OCC2c2ccco2)c1-c1ccc(Br)cc1)N1CCC1,O=C(c1nnn(P2(=S)OCC2c2ccco2)c1-c1ccc(Br)cc1)N1CCC1,中毒,20.263716,63.402847,42.5,2.097344830533551,0.6703169023309,both<5,False,False,False,,-6.7814236,11.956514
O=C(c1nnn(-n2oc3ccc4ccccc4c32)c1-c1ccc(Br)cc1)N1CCC1,O=C(c1nnn(-n2oc3ccc4ccccc4c32)c1-c1ccc(Br)cc1)N1CCC1,中毒,7.452054,31.978407,42.5,5.703125608053833,1.3290217989908002,one>5-other<=5,True,False,False,,-6.246901,-2.333849
O=C(c1nnn(-c2ncnn2-c2ccccn2)c1-c1ccc(Br)cc1)N1CCC1,O=C(c1nnn(-c2ncnn2-c2ccccn2)c1-c1ccc(Br)cc1)N1CCC1,中毒,11.762359,13.2409725,42.5,3.613220783347966,3.20973402822187,both<5,True,False,False,,-18.14172,15.516228
O=C(c1nnn(-c2nsc3ccccc23)c1-c1ccc(Br)cc1)N1CCC1,O=C(c1nnn(-c2nsc3ccccc23)c1-c1ccc(Br)cc1)N1CCC1,中毒,6.3333983,50.34176,42.5,6.710457480623002,0.8442295223687054,one>5-other<=5,True,False,False,,-33.415,4.2959995
C=Nn1nnc(C(=O)N2CCC2)c1-c1ccc(Br)cc1,C=Nn1nnc(C(=O)N2CCC2)c1-c1ccc(Br)cc1,低毒,33.987186,49.925213,250.0,7.355713415050013,5.007489902947435,both5-10,False,False,False,,14.821742,18.526537
O=C(c1nnn(S(Cl)(Cl)Cl)c1-c1ccc(Br)cc1)N1CCC1,O=C(c1nnn(S(Cl)(Cl)Cl)c1-c1ccc(Br)cc1)N1CCC1,低毒,11.90429,75.55036,250.0,21.00083247299923,3.30905107533571,one>10-other<5,True,False,False,,10.466416,-8.437802
O=C(c1nnn(C=C(Br)Br)c1-c1ccc(Br)cc1)N1CCC1,O=C(c1nnn(C=C(Br)Br)c1-c1ccc(Br)cc1)N1CCC1,低毒,14.7157955,16.651882,250.0,16.988548121642488,15.013318014143987,both>10,True,False,False,,31.710527,28.268433
O=C(c1nnn(C=NNCO)c1-c1ccc(Br)cc1)N1CCC1,O=C(c1nnn(C=NNCO)c1-c1ccc(Br)cc1)N1CCC1,低毒,13.082877,13.846979,250.0,19.10894675536581,18.05447960887353,both>10,True,False,False,,34.70087,32.800056
O=C(c1nnn(C(CNc2cnccn2)CNN2C3=CC=CC(F)=C[PH](c4ccc(Cl)cc4Cl)=C32)c1-c1ccc(Br)cc1)N1CCC1,O=C(c1nnn(C(CNc2cnccn2)CNN2C3=CC=CC(F)=C[PH](c4ccc(Cl)cc4Cl)=C32)c1-c1ccc(Br)cc1)N1CCC1,中毒,4.3822165,15.60461,42.5,9.698288525909206,2.7235541291964362,one>5-other<=5,True,True,False,,-13.205548,-15.778829
O=C(c1nnn(C2=CC=CC=S2I)c1-c1ccc(Br)cc1)N1CCC1,O=C(c1nnn(C2=CC=CC=S2I)c1-c1ccc(Br)cc1)N1CCC1,中毒,12.041365,25.556175,42.5,3.5295001854025685,1.6630031685101545,both<5,True,False,False,,-14.643467,7.2058454
O=C(c1nnn(C[SH]2NN2CCCCCBr)c1-c1ccc(Br)cc1)N1CCC1,O=C(c1nnn(C[SH]2NN2CCCCCBr)c1-c1ccc(Br)cc1)N1CCC1,中毒,13.728627,16.223923,42.5,3.095721079755463,2.619588369594703,both<5,True,False,False,,2.4539242,-46.63263
O=C(c1nnn([14Br])c1-c1ccc(Br)cc1)N1CCC1,O=C(c1nnn([14Br])c1-c1ccc(Br)cc1)N1CCC1,中毒,52.13683,21.438635,42.5,0.8151627170274832,1.9824023311185621,both<5,False,False,False,,0.9603077,-33.495106
O=C(c1nnn(C2C(=S)NC=CS2(=O)=O)c1-c1ccc(Br)cc1)N1CCC1,O=C(c1nnn(C2C(=S)NC=CS2(=O)=O)c1-c1ccc(Br)cc1)N1CCC1,中毒,3.5351229,53.478058,42.5,12.022212862811642,0.7947184619157263,one>10-other<5,True,True,False,,3.9861114,29.523127
O=C(c1nnn(-c2nsnc2Oc2ccc(-n3ccnc3)cc2)c1-c1ccc(Br)cc1)N1CCC1,O=C(c1nnn(-c2nsnc2Oc2ccc(-n3ccnc3)cc2)c1-c1ccc(Br)cc1)N1CCC1,中毒,9.066617,16.032654,42.5,4.687525677989926,2.6508399669823848,both<5,True,False,False,,-33.197174,1.7371528
O=C(c1nnn(C2CC2)c1-c1ccc(Br)cc1)N1CCC1,O=C(c1nnn(C2CC2)c1-c1ccc(Br)cc1)N1CCC1,低毒,11.493674,25.001862,250.0,21.751095428667977,9.999255255468572,both<5,True,False,False,,1.5957023,25.435314
O=C(c1nnn(-c2cc(I)c(-c3nccs3)cc2F)c1-c1ccc(Br)cc1)N1CCC1,O=C(c1nnn(-c2cc(I)c(-c3nccs3)cc2F)c1-c1ccc(Br)cc1)N1CCC1,中毒,7.494243,22.46681,42.5,5.671019741420181,1.8916793260814508,one>5-other<=5,True,False,False,,-30.769085,9.079925
O=C(c1nnn(P2(=O)OCOCOC=C2Br)c1-c1ccc(Br)cc1)N1CCC1,O=C(c1nnn(P2(=O)OCOCOC=C2Br)c1-c1ccc(Br)cc1)N1CCC1,中毒,4.5349946,16.003674,42.5,9.371565734609694,2.655640198619392,one>5-other<=5,True,True,False,,-1.5524834,2.5162623
O=C(c1nnn(C[13F])c1-c1ccc(Br)cc1)N1CCC1,O=C(c1nnn(C[13F])c1-c1ccc(Br)cc1)N1CCC1,低毒,14.7157955,16.651882,250.0,16.988548121642488,15.013318014143987,both>10,True,False,False,,-0.24528198,-32.857056
O=C(c1nnn(C(Cl)Cl)c1-c1ccc(Br)cc1)N1CCC1,O=C(c1nnn(C(Cl)Cl)c1-c1ccc(Br)cc1)N1CCC1,低毒,12.366438,16.651882,250.0,20.21600722859727,15.013318014143987,both>10,True,False,False,,-10.386506,-13.794758
O=C(c1nnn(C2CCNO2)c1-c1ccc(Br)cc1)N1CCC1,O=C(c1nnn(C2CCNO2)c1-c1ccc(Br)cc1)N1CCC1,中毒,8.861523,34.375114,42.5,4.796015312491995,1.236359536145829,both<5,True,False,False,,-2.1503937,25.278545
O=C(Cl)Cn1nnc(C(=O)N2CCC2)c1-c1ccc(Br)cc1,O=C(Cl)Cn1nnc(C(=O)N2CCC2)c1-c1ccc(Br)cc1,低毒,14.7157955,25.001862,250.0,16.988548121642488,9.999255255468572,both<5,True,False,False,,-1.9151982,-33.237865
O=C(c1nnn(C2=Nc3ssc32)c1-c1ccc(Br)cc1)N1CCC1,O=C(c1nnn(C2=Nc3ssc32)c1-c1ccc(Br)cc1)N1CCC1,中毒,10.735547,22.478844,42.5,3.9588108551897725,1.8906666196891622,both<5,True,False,False,,-22.02968,1.4131272
O=C(c1nnn([18Br])c1-c1ccc(Br)cc1)N1CCC1,O=C(c1nnn([18Br])c1-c1ccc(Br)cc1)N1CCC1,中毒,52.13683,21.438635,42.5,0.8151627170274832,1.9824023311185621,both<5,False,False,False,,0.87632066,3.033693
O=C(c1nnn(C(Cl)=C(Cl)O[SH](c2ccccc2)C(F)Cl)c1-c1ccc(Br)cc1)N1CCC1,O=C(c1nnn(C(Cl)=C(Cl)O[SH](c2ccccc2)C(F)Cl)c1-c1ccc(Br)cc1)N1CCC1,中毒,8.267471,23.262547,42.5,5.1406288573615795,1.8269710535136157,one>5-other<=5,True,False,False,,12.85865,-2.560022
O=C(c1nnn(CC[18F])c1-c1ccc(Br)cc1)N1CCC1,O=C(c1nnn(CC[18F])c1-c1ccc(Br)cc1)N1CCC1,低毒,14.7157955,25.001862,250.0,16.988548121642488,9.999255255468572,both<5,True,False,False,,3.044479,-41.101505
O=C(c1nnn(C2C=C(F)S2)c1-c1ccc(Br)cc1)N1CCC1,O=C(c1nnn(C2C=C(F)S2)c1-c1ccc(Br)cc1)N1CCC1,低毒,7.493545,20.951405,250.0,33.36204693506211,11.93237398637466,both>10,True,False,False,,2.1782143,27.363659
O=C(c1nnn([15I]c2ccc(C3CCCC3)cc2)c1-c1ccc(Br)cc1)N1CCC1,O=C(c1nnn([15I]c2ccc(C3CCCC3)cc2)c1-c1ccc(Br)cc1)N1CCC1,中毒,19.27628,64.92599,42.5,2.204782250517216,0.6545914817779445,both<5,True,False,False,,-0.488633,7.6766562
O=C(c1nnn(C2=NCN2P(O)(O)=S)c1-c1ccc(Br)cc1)N1CCC1,O=C(c1nnn(C2=NCN2P(O)(O)=S)c1-c1ccc(Br)cc1)N1CCC1,中毒,5.7968946,36.64877,42.5,7.331511599331131,1.1596569270946884,one>5-other<=5,True,False,False,,-13.987794,1.1249437
O=C(c1nnn(-c2cc3ccccc3s2)c1-c1ccc(Br)cc1)N1CCC1,O=C(c1nnn(-c2cc3ccccc3s2)c1-c1ccc(Br)cc1)N1CCC1,中毒,6.052996,64.49796,42.5,7.021316386133412,0.6589355694350643,one>5-other<=5,True,False,False,,-27.74838,0.9723082
O=C(c1nnn(-c2[nH]nc3ccccc23)c1-c1ccc(Br)cc1)N1CCC1,O=C(c1nnn(-c2[nH]nc3ccccc23)c1-c1ccc(Br)cc1)N1CCC1,中毒,5.6530814,29.27914,42.5,7.518023710042456,1.4515453664281122,one>5-other<=5,True,False,False,,-20.676619,-1.7577789
O=C(c1nnn(S(=O)(=O)Cl)c1-c1ccc(Br)cc1)N1CCC1,O=C(c1nnn(S(=O)(=O)Cl)c1-c1ccc(Br)cc1)N1CCC1,低毒,11.90429,89.0446,250.0,21.00083247299923,2.807581818549356,one>10-other<5,True,False,False,,10.789733,-8.862815
O=C(c1nnn(-c2cncs2)c1-c1ccc(Br)cc1)N1CCC1,O=C(c1nnn(-c2cncs2)c1-c1ccc(Br)cc1)N1CCC1,低毒,18.730022,50.315456,250.0,13.347555064270612,4.968652177175936,one>10-other<5,True,False,False,,-24.963844,3.0596232
O=C(c1nnn(C2(c3ccc(Br)cc3)CCC2)c1-c1ccc(Br)cc1)N1CCC1,O=C(c1nnn(C2(c3ccc(Br)cc3)CCC2)c1-c1ccc(Br)cc1)N1CCC1,中毒,6.4982734,15.365069,42.5,6.5401988165040885,2.766014262610861,one>5-other<=5,True,False,False,,6.122743,4.9978724
O=C(c1nnn(C2CSO2)c1-c1ccc(Br)cc1)N1CCC1,O=C(c1nnn(C2CSO2)c1-c1ccc(Br)cc1)N1CCC1,低毒,13.415327,20.843096,250.0,18.635401134836297,11.994379337887231,both>10,True,False,False,,-0.9931905,27.311954
O=C(c1nnn(OCI)c1-c1ccc(Br)cc1)N1CCC1,O=C(c1nnn(OCI)c1-c1ccc(Br)cc1)N1CCC1,中毒,27.365192,26.656855,42.5,1.5530678534979765,1.5943366162287336,both<5,False,False,False,,22.02976,-16.411673
NCCCn1cc(CCn2nnc(C(=O)N3CCC3)c2-c2ccc(Br)cc2)nn1,NCCCn1cc(CCn2nnc(C(=O)N3CCC3)c2-c2ccc(Br)cc2)nn1,低毒,14.7157955,22.765898,250.0,16.988548121642488,10.981337085846558,both>10,True,False,False,,2.8994703,-43.285645
O=C(c1nnn(C2=NC2CCCCCl)c1-c1ccc(Br)cc1)N1CCC1,O=C(c1nnn(C2=NC2CCCCCl)c1-c1ccc(Br)cc1)N1CCC1,中毒,9.326939,26.122011,42.5,4.556693251665954,1.6269804036144078,both<5,True,False,False,,-16.751139,-5.409525
O=C(c1nnn(Cl)c1-c1ccc(Br)cc1)N1CCC1,O=C(c1nnn(Cl)c1-c1ccc(Br)cc1)N1CCC1,低毒,23.238869,51.18827,250.0,10.757838516151539,4.883931416318621,one>10-other<5,False,False,False,,-0.34634233,2.4097316
O=C(c1nnn(-c2c(=S)[n+]2S)c1-c1ccc(Br)cc1)N1CCC1,O=C(c1nnn(-c2c(=S)[n+]2S)c1-c1ccc(Br)cc1)N1CCC1,中毒,9.279569,48.07853,42.5,4.5799540905401965,0.8839704541715397,both<5,True,False,False,,-8.7718935,6.603467
N=Cc1ccccc1-n1nnc(C(=O)N2CCC2)c1-c1ccc(Br)cc1,N=Cc1ccccc1-n1nnc(C(=O)N2CCC2)c1-c1ccc(Br)cc1,中毒,8.122741,118.13047,42.5,5.2322239500188426,0.359771699884035,one>5-other<=5,True,False,False,,-27.552877,15.2234535
O=C(c1nnn(C(O)(Br)Br)c1-c1ccc(Br)cc1)N1CCC1,O=C(c1nnn(C(O)(Br)Br)c1-c1ccc(Br)cc1)N1CCC1,低毒,12.366438,14.537989,250.0,20.21600722859727,17.196326121859084,both>10,True,False,False,,3.7087421,-4.4086933
NOCn1nnc(C(=O)N2CCC2)c1-c1ccc(Br)cc1,NOCn1nnc(C(=O)N2CCC2)c1-c1ccc(Br)cc1,低毒,9.921383,14.537989,250.0,25.198099901999548,17.196326121859084,both>10,True,False,False,,-5.2355127,-34.90559
N#CN=C1OC2=C1S(=O)(n1nnc(C(=O)N3CCC3)c1-c1ccc(Br)cc1)=C2,N#CN=C1OC2=C1S(=O)(n1nnc(C(=O)N3CCC3)c1-c1ccc(Br)cc1)=C2,中毒,8.158529,14.5344095,42.5,5.20927240682726,2.924095402706247,one>5-other<=5,True,False,False,,-1.5797132,9.108802
O=C(c1nnn(Cc2ccccc2Cl)c1-c1ccc(Br)cc1)N1CCC1,O=C(c1nnn(Cc2ccccc2Cl)c1-c1ccc(Br)cc1)N1CCC1,中毒,5.816992,15.02365,42.5,7.306181614140092,2.828873143343994,one>5-other<=5,True,False,False,,0.6126787,-23.677282
O=C(c1nnn(-c2c(Cl)cccc2Cl)c1-c1ccc(Br)cc1)N1CCC1,O=C(c1nnn(-c2c(Cl)cccc2Cl)c1-c1ccc(Br)cc1)N1CCC1,中毒,12.292116,28.562063,42.5,3.4575007264819173,1.4879877549461327,both<5,True,False,False,,-24.310265,20.315138
O=C(c1nnn([13Br])c1-c1ccc(Br)cc1)N1CCC1,O=C(c1nnn([13Br])c1-c1ccc(Br)cc1)N1CCC1,中毒,52.13683,21.438635,42.5,0.8151627170274832,1.9824023311185621,both<5,False,False,False,,-0.093873404,5.7674384
[N-]=[N+]=Cn1nnc(C(=O)N2CCC2)c1-c1ccc(Br)cc1,[N-]=[N+]=Cn1nnc(C(=O)N2CCC2)c1-c1ccc(Br)cc1,低毒,9.972353,16.617321,250.0,25.06930911892108,15.044542980183147,both>10,True,False,False,,33.485973,28.844866
NS(=O)(=O)n1nnc(C(=O)N2CCC2)c1-c1ccc(Br)cc1,NS(=O)(=O)n1nnc(C(=O)N2CCC2)c1-c1ccc(Br)cc1,低毒,11.90429,47.420177,250.0,21.00083247299923,5.2720174367969985,both<5,True,False,False,,11.805595,-8.817906
O=C(c1nnn(-c2nc3cc[n+]([O-])cc3s2)c1-c1ccc(Br)cc1)N1CCC1,O=C(c1nnn(-c2nc3cc[n+]([O-])cc3s2)c1-c1ccc(Br)cc1)N1CCC1,中毒,22.602278,11.400649,42.5,1.8803414416900812,3.7278579491395623,both<5,False,False,False,,-29.780663,-3.8509438
O=C(c1nnn(SNc2cn[n+]([O-])s2)c1-c1ccc(Br)cc1)N1CCC1,O=C(c1nnn(SNc2cn[n+]([O-])s2)c1-c1ccc(Br)cc1)N1CCC1,中毒,10.659209,41.466076,42.5,3.9871626496862946,1.0249342136931403,both<5,True,False,False,,17.229828,8.184755
O=C(c1nnn(CCc2ccccc2)c1-c1ccc(Br)cc1)N1CCC1,O=C(c1nnn(CCc2ccccc2)c1-c1ccc(Br)cc1)N1CCC1,中毒,14.7157955,25.001862,42.5,2.8880531806792233,1.6998733934296575,both<5,True,False,False,,7.6993217,-43.077595
O=C(c1nnn(-c2cccc(Cl)c2)c1-c1ccc(Br)cc1)N1CCC1,O=C(c1nnn(-c2cccc(Cl)c2)c1-c1ccc(Br)cc1)N1CCC1,中毒,11.923352,49.925213,42.5,3.5644338940928693,0.8512732835010639,both<5,True,False,False,,-21.09262,9.44934
O=C(c1nnn(C=CCc2cc(=O)[nH]cn2)c1-c1ccc(Br)cc1)N1CCC1,O=C(c1nnn(C=CCc2cc(=O)[nH]cn2)c1-c1ccc(Br)cc1)N1CCC1,中毒,13.082877,18.855314,42.5,3.248520948412188,2.254006483265142,both<5,True,False,False,,37.39045,27.653667
O=C(c1nnn(Cc2cc3cc4cnc(-c5ccccn5)n4nc3s2)c1-c1ccc(Br)cc1)N1CCC1,O=C(c1nnn(Cc2cc3cc4cnc(-c5ccccn5)n4nc3s2)c1-c1ccc(Br)cc1)N1CCC1,中毒,2.4906788,24.688784,42.5,17.063621371009383,1.7214294555778853,one>10-other<5,True,True,False,,8.330367,-29.342001
O=C(c1nnn(C=Cc2ccc(Cl)cc2CN2CCNCC2)c1-c1ccc(Br)cc1)N1CCC1,O=C(c1nnn(C=Cc2ccc(Cl)cc2CN2CCNCC2)c1-c1ccc(Br)cc1)N1CCC1,中毒,15.667969,14.168703,42.5,2.712540470306011,2.999568838446257,both<5,True,False,False,,36.091434,24.19891
O=C(c1nnn(SC(=S)NCS)c1-c1ccc(Br)cc1)N1CCC1,O=C(c1nnn(SC(=S)NCS)c1-c1ccc(Br)cc1)N1CCC1,中毒,11.099145,71.228905,42.5,3.829123774849324,0.5966678836351619,both<5,True,False,False,,19.237164,6.791921
O=C(c1nnn(Sc2sc(Br)c(F)c2F)c1-c1ccc(Br)cc1)N1CCC1,O=C(c1nnn(Sc2sc(Br)c(F)c2F)c1-c1ccc(Br)cc1)N1CCC1,中毒,15.377731,65.33781,42.5,2.763736730730951,0.6504656339109008,both<5,True,False,False,,21.597822,9.281998
O=C(c1nnn(C(c2cccs2)C(Cl)Br)c1-c1ccc(Br)cc1)N1CCC1,O=C(c1nnn(C(c2cccs2)C(Cl)Br)c1-c1ccc(Br)cc1)N1CCC1,中毒,11.317488,26.764051,42.5,3.75525028168795,1.5879509421051397,both<5,True,False,False,,-13.839156,-11.100871
O=C(c1nnn(CC[PH](O)(O)O)c1-c1ccc(Br)cc1)N1CCC1,O=C(c1nnn(CC[PH](O)(O)O)c1-c1ccc(Br)cc1)N1CCC1,低毒,16.814655,24.869268,250.0,14.867982721025202,10.052567691176113,both>10,True,False,False,,1.0176351,-40.074978
O=C(c1nnn(ONCl)c1-c1ccc(Br)cc1)N1CCC1,O=C(c1nnn(ONCl)c1-c1ccc(Br)cc1)N1CCC1,中毒,39.976784,22.230555,42.5,1.0631170331260262,1.9117831291211578,both<5,False,False,False,,22.556442,-13.707205
O=C(c1nnn(CC(F)Cl)c1-c1ccc(Br)cc1)N1CCC1,O=C(c1nnn(CC(F)Cl)c1-c1ccc(Br)cc1)N1CCC1,低毒,14.7157955,25.001862,250.0,16.988548121642488,9.999255255468572,both<5,True,False,False,,-6.665044,-31.351849
O=C(c1nnn(C2C3=C(F)C=CC=C(F)S(=O)(=O)C32)c1-c1ccc(Br)cc1)N1CCC1,O=C(c1nnn(C2C3=C(F)C=CC=C(F)S(=O)(=O)C32)c1-c1ccc(Br)cc1)N1CCC1,中毒,9.812397,24.927197,42.5,4.3312556554733765,1.7049650628588526,both<5,True,False,False,,3.7165453,23.216839
NN=C(S)n1nnc(C(=O)N2CCC2)c1-c1ccc(Br)cc1,NN=C(S)n1nnc(C(=O)N2CCC2)c1-c1ccc(Br)cc1,中毒,12.530901,22.312931,42.5,3.391615654772151,1.9047251120885913,both<5,True,False,False,,13.230303,1.4821928
O=C(c1nnn(S(O)(F)c2cccnc2)c1-c1ccc(Br)cc1)N1CCC1,O=C(c1nnn(S(O)(F)c2cccnc2)c1-c1ccc(Br)cc1)N1CCC1,中毒,21.573357,64.31574,42.5,1.970022560698365,0.6608024723030473,both<5,False,False,False,,8.764878,-7.687462
O=C(c1nnn(C2CCCN3CSC=C4C3N42)c1-c1ccc(Br)cc1)N1CCC1,O=C(c1nnn(C2CCCN3CSC=C4C3N42)c1-c1ccc(Br)cc1)N1CCC1,低毒,13.451082,27.270645,250.0,18.585865434468396,9.167366595106204,both<5,True,False,False,,1.6969165,24.12613
O=C(c1nnn(C2OCSC2[N+](=O)[O-])c1-c1ccc(Br)cc1)N1CCC1,O=C(c1nnn(C2OCSC2[N+](=O)[O-])c1-c1ccc(Br)cc1)N1CCC1,低毒,8.009159,54.280376,250.0,31.2142635699953,4.6057160694686425,one>10-other<5,True,False,False,,-2.7809608,28.926895
O=C(c1nnn(C=CI)c1-c1ccc(Br)cc1)N1CCC1,O=C(c1nnn(C=CI)c1-c1ccc(Br)cc1)N1CCC1,低毒,14.7157955,16.651882,250.0,16.988548121642488,15.013318014143987,both>10,True,False,False,,34.271152,24.99162
O=C(c1nnn(-c2ccsc2Br)c1-c1ccc(Br)cc1)N1CCC1,O=C(c1nnn(-c2ccsc2Br)c1-c1ccc(Br)cc1)N1CCC1,中毒,12.90451,33.677425,42.5,3.2934222221533402,1.261972968539014,both<5,True,False,False,,-29.389442,8.090662
O=C(c1nnn(-n2ncs2)c1-c1ccc(Br)cc1)N1CCC1,O=C(c1nnn(-n2ncs2)c1-c1ccc(Br)cc1)N1CCC1,中毒,24.169611,30.788576,42.5,1.7584064551142342,1.3803821261496472,both<5,False,False,False,,-2.395319,-1.6001097
O=C(c1nnn(Cc2ccncn2)c1-c1ccc(Br)cc1)N1CCC1,O=C(c1nnn(Cc2ccncn2)c1-c1ccc(Br)cc1)N1CCC1,中毒,10.601123,17.08204,42.5,4.009009234210376,2.487993237341676,both<5,True,False,False,,-1.3691584,-28.489983
O=C(c1nnn(-c2c(Cl)cccc2Br)c1-c1ccc(Br)cc1)N1CCC1,O=C(c1nnn(-c2c(Cl)cccc2Br)c1-c1ccc(Br)cc1)N1CCC1,中毒,9.692266,28.95383,42.5,4.384939497120694,1.4678541664436104,both<5,True,False,False,,-24.226055,20.01634
O=C(c1nnn(C=Nc2nnnn2-c2nsc(=S)n2Cc2ccc(C(F)(F)F)nc2)c1-c1ccc(Br)cc1)N1CCC1,O=C(c1nnn(C=Nc2nnnn2-c2nsc(=S)n2Cc2ccc(C(F)(F)F)nc2)c1-c1ccc(Br)cc1)N1CCC1,中毒,3.5801644,69.41637,42.5,11.870963244034268,0.612247514527193,one>10-other<5,True,True,False,,31.615564,35.9073
O=C(c1nnn(C2=Cc3ccc(Br)cc32)c1-c1ccc(Br)cc1)N1CCC1,O=C(c1nnn(C2=Cc3ccc(Br)cc32)c1-c1ccc(Br)cc1)N1CCC1,中毒,5.8130693,15.692992,42.5,7.3111118768186705,2.708215233908231,one>5-other<=5,True,False,False,,-16.761133,24.80671
O=C(c1nnn(C2=NN3CCC(=N2)CC3)c1-c1ccc(Br)cc1)N1CCC1,O=C(c1nnn(C2=NN3CCC(=N2)CC3)c1-c1ccc(Br)cc1)N1CCC1,中毒,4.1021194,17.024872,42.5,10.360498039135575,2.496347696476074,one>10-other<5,True,True,False,,-13.848874,3.6827805
O=C(c1nnn(C2=NC2CC2CN[N+]3=Cc4n[nH]cc4N2CCN3)c1-c1ccc(Br)cc1)N1CCC1,O=C(c1nnn(C2=NC2CC2CN[N+]3=Cc4n[nH]cc4N2CCN3)c1-c1ccc(Br)cc1)N1CCC1,中毒,9.326939,23.947092,42.5,4.556693251665954,1.7747457603620513,both<5,True,False,False,,-17.711172,-4.9812064
O=C(c1nnn(CC(Br)=CCNCCCCCl)c1-c1ccc(Br)cc1)N1CCC1,O=C(c1nnn(CC(Br)=CCNCCCCCl)c1-c1ccc(Br)cc1)N1CCC1,中毒,14.351571,25.001862,42.5,2.961348273300533,1.6998733934296575,both<5,True,False,False,,-6.084863,-43.607063
O=C(c1nnn(C2N=CSc3nonc32)c1-c1ccc(Br)cc1)N1CCC1,O=C(c1nnn(C2N=CSc3nonc32)c1-c1ccc(Br)cc1)N1CCC1,中毒,9.1473875,11.933725,42.5,4.646135303659104,3.5613356265541563,both<5,True,False,False,,-0.9803286,30.020248
O=C(c1nnn(C2CCNN=C2Br)c1-c1ccc(Br)cc1)N1CCC1,O=C(c1nnn(C2CCNN=C2Br)c1-c1ccc(Br)cc1)N1CCC1,中毒,11.004025,22.852743,42.5,3.8622231410779237,1.859732986976662,both<5,True,False,False,,-0.62814593,23.098967
O=C(c1nnn(C=Nc2ccccc2)c1-c1ccc(Br)cc1)N1CCC1,O=C(c1nnn(C=Nc2ccccc2)c1-c1ccc(Br)cc1)N1CCC1,低毒,7.0292077,16.617321,250.0,35.56588603862139,15.044542980183147,both>10,True,False,False,,29.169682,33.910194
O=C(c1nnn(N2OC2=S)c1-c1ccc(Br)cc1)N1CCC1,O=C(c1nnn(N2OC2=S)c1-c1ccc(Br)cc1)N1CCC1,中毒,17.01474,85.75025,42.5,2.4978342307904793,0.49562537718548927,both<5,True,False,False,,-4.0988665,-2.3317404
O=C(c1nnn(-c2ncn[nH]2)c1-c1ccc(Br)cc1)N1CCC1,O=C(c1nnn(-c2ncn[nH]2)c1-c1ccc(Br)cc1)N1CCC1,中毒,37.454712,24.27908,42.5,1.1347036922884361,1.7504781894536365,both<5,False,False,False,,-20.758303,12.711745
O=C(c1nnn(-c2c3cc-3ccccc3c2=CC=3)c1-c1ccc(Br)cc1)N1CCC1,O=C(c1nnn(-c2c3cc-3ccccc3c2=CC=3)c1-c1ccc(Br)cc1)N1CCC1,中毒,15.27478,51.685917,42.5,2.7823641322493677,0.8222742763759032,both<5,True,False,False,,-23.03965,12.043212
O=CC=Nn1nnc(C(=O)N2CCC2)c1-c1ccc(Br)cc1,O=CC=Nn1nnc(C(=O)N2CCC2)c1-c1ccc(Br)cc1,低毒,33.987186,49.925213,250.0,7.355713415050013,5.007489902947435,both5-10,False,False,False,,16.970749,20.514528
O=C(c1nnn(-c2nc3sc2=CC=CC=3)c1-c1ccc(Br)cc1)N1CCC1,O=C(c1nnn(-c2nc3sc2=CC=CC=3)c1-c1ccc(Br)cc1)N1CCC1,中毒,15.739989,18.795744,42.5,2.700128951805494,2.261150183786287,both<5,True,False,False,,-34.174202,8.550463
O=C(c1nnn(-c2ccccc2S)c1-c1ccc(Br)cc1)N1CCC1,O=C(c1nnn(-c2ccccc2S)c1-c1ccc(Br)cc1)N1CCC1,中毒,15.658295,24.50958,42.5,2.7142163307052267,1.7340158419687322,both<5,True,False,False,,-26.85754,15.60556
O=C(c1nnn(COc2ccc(F)cc2F)c1-c1ccc(Br)cc1)N1CCC1,O=C(c1nnn(COc2ccc(F)cc2F)c1-c1ccc(Br)cc1)N1CCC1,低毒,9.921383,12.998508,250.0,25.198099901999548,19.23297658469726,both>10,True,False,False,,-7.662849,-33.78589
O=C(c1nnn(CCSCl)c1-c1ccc(Br)cc1)N1CCC1,O=C(c1nnn(CCSCl)c1-c1ccc(Br)cc1)N1CCC1,低毒,14.7157955,22.14021,250.0,16.988548121642488,11.291672481877995,both>10,True,False,False,,-0.4229426,-39.863613
O=C(c1nnn(-c2nc3ccc(Br)cc3s2)c1-c1ccc(Br)cc1)N1CCC1,O=C(c1nnn(-c2nc3ccc(Br)cc3s2)c1-c1ccc(Br)cc1)N1CCC1,中毒,8.046399,28.983236,42.5,5.28186583837068,1.4663649014209454,one>5-other<=5,True,False,False,,-29.4769,-3.3053565
O=C(c1nnn(N2NCN2C(=O)NC(CCl)CCCl)c1-c1ccc(Br)cc1)N1CCC1,O=C(c1nnn(N2NCN2C(=O)NC(CCl)CCCl)c1-c1ccc(Br)cc1)N1CCC1,中毒,18.645906,54.125748,42.5,2.279320725954534,0.7852085480647768,both<5,True,False,False,,-4.5737443,-6.5721216
O=C(c1nnn(S(=O)(=O)c2cc3ccccc3[nH]2)c1-c1ccc(Br)cc1)N1CCC1,O=C(c1nnn(S(=O)(=O)c2cc3ccccc3[nH]2)c1-c1ccc(Br)cc1)N1CCC1,中毒,5.8193536,60.93893,42.5,7.3032166321702805,0.6974195313242291,one>5-other<=5,True,False,False,,7.219246,-10.493597
O=C(c1nnn(C2SC2(Cl)C2CCNC2)c1-c1ccc(Br)cc1)N1CCC1,O=C(c1nnn(C2SC2(Cl)C2CCNC2)c1-c1ccc(Br)cc1)N1CCC1,中毒,5.2711606,21.369843,42.5,8.062740490206275,1.9887839138546783,one>5-other<=5,True,False,False,,0.79110736,26.501863
O=C(c1nnn(S([O-])=S)c1-c1ccc(Br)cc1)N1CCC1,O=C(c1nnn(S([O-])=S)c1-c1ccc(Br)cc1)N1CCC1,低毒,11.90429,144.6966,250.0,21.00083247299923,1.7277531054634319,one>10-other<5,True,False,False,,7.44834,13.915159
O=C1OCCN1CCN1CC1Cn1nnc(C(=O)N2CCC2)c1-c1ccc(Br)cc1,O=C1OCCN1CCN1CC1Cn1nnc(C(=O)N2CCC2)c1-c1ccc(Br)cc1,中毒,11.057361,32.006332,42.5,3.843593421612987,1.3278622492574281,both<5,True,False,False,,0.041736186,-37.740536
O=C(c1nnn(-c2scnc2Cl)c1-c1ccc(Br)cc1)N1CCC1,O=C(c1nnn(-c2scnc2Cl)c1-c1ccc(Br)cc1)N1CCC1,低毒,17.625916,22.750412,250.0,14.183660015173112,10.98881198283354,both>10,True,False,False,,-21.216627,23.237104
O=C(c1nnn(CC(F)(I)OCCCBr)c1-c1ccc(Br)cc1)N1CCC1,O=C(c1nnn(CC(F)(I)OCCCBr)c1-c1ccc(Br)cc1)N1CCC1,中毒,9.921383,32.631325,42.5,4.283676983339923,1.3024294906811171,both<5,True,False,False,,-4.2175436,-31.948256
O=C(c1nnn(CCCNO)c1-c1ccc(Br)cc1)N1CCC1,O=C(c1nnn(CCCNO)c1-c1ccc(Br)cc1)N1CCC1,低毒,14.7157955,25.001862,250.0,16.988548121642488,9.999255255468572,both<5,True,False,False,,-1.6362495,-48.007446
O=C(c1nnn(CC=NCNc2cccnc2Br)c1-c1ccc(Br)cc1)N1CCC1,O=C(c1nnn(CC=NCNc2cccnc2Br)c1-c1ccc(Br)cc1)N1CCC1,中毒,9.409719,24.657013,42.5,4.516606712697796,1.7236475480626952,both<5,True,False,False,,8.978527,-38.053394
[2H][14C]n1nnc(C(=O)N2CCC2)c1-c1ccc(Br)cc1,[2H][14C]n1nnc(C(=O)N2CCC2)c1-c1ccc(Br)cc1,低毒,14.7157955,16.651882,250.0,16.988548121642488,15.013318014143987,both>10,True,False,False,,0.84027594,7.618847
O=C(c1nnn(Oc2ccc(I)cc2)c1-c1ccc(Br)cc1)N1CCC1,O=C(c1nnn(Oc2ccc(I)cc2)c1-c1ccc(Br)cc1)N1CCC1,中毒,33.987186,20.31827,42.5,1.2504712805585023,2.0917135169480474,both<5,False,False,False,,25.214554,-12.974762
O=C(c1nnn(C=NCCO)c1-c1ccc(Br)cc1)N1CCC1,O=C(c1nnn(C=NCCO)c1-c1ccc(Br)cc1)N1CCC1,低毒,11.124961,14.167529,250.0,22.471988890567793,17.645984702060606,both>10,True,False,False,,33.70242,36.029392
O=C(c1nnn(C=NCBr)c1-c1ccc(Br)cc1)N1CCC1,O=C(c1nnn(C=NCBr)c1-c1ccc(Br)cc1)N1CCC1,低毒,9.384396,16.617321,250.0,26.639967026114412,15.044542980183147,both>10,True,False,False,,33.09656,35.632034
O=C(c1nnn(C=Cc2csc3cccnc23)c1-c1ccc(Br)cc1)N1CCC1,O=C(c1nnn(C=Cc2csc3cccnc23)c1-c1ccc(Br)cc1)N1CCC1,中毒,7.2753463,31.489946,42.5,5.841646328230452,1.3496371190982672,one>5-other<=5,True,False,False,,32.58764,21.069418
O=C(c1nnn(C[SH]=CN[O-])c1-c1ccc(Br)cc1)N1CCC1,O=C(c1nnn(C[SH]=CN[O-])c1-c1ccc(Br)cc1)N1CCC1,低毒,16.697662,16.651882,250.0,14.97215598207701,15.013318014143987,both>10,True,False,False,,2.9436927,-33.93719
O=C(c1nnn(S(=O)(=O)[N-][O-])c1-c1ccc(Br)cc1)N1CCC1,O=C(c1nnn(S(=O)(=O)[N-][O-])c1-c1ccc(Br)cc1)N1CCC1,中毒,8.819567,46.76066,42.5,4.818830675020667,0.9088836641741156,both<5,True,False,False,,10.412246,-9.847918
O=C(c1nnn(CCCI)c1-c1ccc(Br)cc1)N1CCC1,O=C(c1nnn(CCCI)c1-c1ccc(Br)cc1)N1CCC1,低毒,14.7157955,25.001862,250.0,16.988548121642488,9.999255255468572,both<5,True,False,False,,-0.64988077,-43.1937
O=C(c1nnn(C2C=NS(=O)(=O)CCC2)c1-c1ccc(Br)cc1)N1CCC1,O=C(c1nnn(C2C=NS(=O)(=O)CCC2)c1-c1ccc(Br)cc1)N1CCC1,中毒,11.579583,24.506243,42.5,3.670253065244232,1.7342519618368266,both<5,True,False,False,,2.381897,25.000982
CCCn1nnc(C(=O)N2CCC2)c1-c1ccc(Br)cc1,CCCn1nnc(C(=O)N2CCC2)c1-c1ccc(Br)cc1,低毒,10.457589,25.001862,250.0,23.906083897540817,9.999255255468572,both<5,True,False,False,,0.9667048,-41.850307
O=C(c1nnn(C2=NCCC=N2)c1-c1ccc(Br)cc1)N1CCC1,O=C(c1nnn(C2=NCCC=N2)c1-c1ccc(Br)cc1)N1CCC1,中毒,4.9301677,22.312931,42.5,8.620396421809343,1.9047251120885913,one>5-other<=5,True,True,False,,-12.570366,2.9754825
CCOn1nnc(C(=O)N2CCC2)c1-c1ccc(Br)cc1,CCOn1nnc(C(=O)N2CCC2)c1-c1ccc(Br)cc1,中毒,33.291145,26.656855,42.5,1.2766157487223704,1.5943366162287336,both<5,False,False,False,,21.886215,-16.63561
O=C(c1nnn(SN=Cc2n[nH]c3ccc(F)cc23)c1-c1ccc(Br)cc1)N1CCC1,O=C(c1nnn(SN=Cc2n[nH]c3ccc(F)cc23)c1-c1ccc(Br)cc1)N1CCC1,低毒,12.327903,46.76066,250.0,20.279199146845983,5.346374495141856,both<5,True,False,False,,20.222132,9.16266
O=C(c1nnn(C=Cc2c[nH]cn2)c1-c1ccc(Br)cc1)N1CCC1,O=C(c1nnn(C=Cc2c[nH]cn2)c1-c1ccc(Br)cc1)N1CCC1,低毒,8.859659,18.711687,250.0,28.217790323532768,13.360633918256541,both>10,True,False,False,,35.121586,23.420958
O=C(c1nnn(C=CSCl)c1-c1ccc(Br)cc1)N1CCC1,O=C(c1nnn(C=CSCl)c1-c1ccc(Br)cc1)N1CCC1,中毒,20.46231,15.107966,42.5,2.0769893526195236,2.8130854941029124,both<5,False,False,False,,33.19115,24.605444
O=C(c1nnn(CCNc2cccc(Cl)c2)c1-c1ccc(Br)cc1)N1CCC1,O=C(c1nnn(CCNc2cccc(Cl)c2)c1-c1ccc(Br)cc1)N1CCC1,低毒,8.591546,25.001862,250.0,29.098371818063946,9.999255255468572,both<5,True,False,False,,-10.757866,-45.327934
O=C(c1nnn(CCNC(Cl)=N[N+](=O)[O-])c1-c1ccc(Br)cc1)N1CCC1,O=C(c1nnn(CCNC(Cl)=N[N+](=O)[O-])c1-c1ccc(Br)cc1)N1CCC1,低毒,12.366438,36.440033,250.0,20.21600722859727,6.860586542278927,both<5,True,False,False,,-4.2017083,-47.83837
O=C(c1nnn(C=CCNCl)c1-c1ccc(Br)cc1)N1CCC1,O=C(c1nnn(C=CCNCl)c1-c1ccc(Br)cc1)N1CCC1,中毒,19.270475,16.651882,42.5,2.2054464147873882,2.5522640624044777,both<5,True,False,False,,36.51151,26.73883
O=C(c1nnn(C#[SH])c1-c1ccc(Br)cc1)N1CCC1,O=C(c1nnn(C#[SH])c1-c1ccc(Br)cc1)N1CCC1,低毒,14.7157955,16.651882,250.0,16.988548121642488,15.013318014143987,both>10,True,False,False,,3.0155241,8.648234
O=C(c1nnn(CSc2nnc(Cc3ccc(Cl)nc3Br)[nH]2)c1-c1ccc(Br)cc1)N1CCC1,O=C(c1nnn(CSc2nnc(Cc3ccc(Cl)nc3Br)[nH]2)c1-c1ccc(Br)cc1)N1CCC1,中毒,6.5660553,17.335777,42.5,6.472683834996029,2.451577451648115,one>5-other<=5,True,False,False,,-0.79114866,-32.344696
O=C(c1nnn(C(Cl)c2c(F)cccc2F)c1-c1ccc(Br)cc1)N1CCC1,O=C(c1nnn(C(Cl)c2c(F)cccc2F)c1-c1ccc(Br)cc1)N1CCC1,中毒,8.817272,19.917284,42.5,4.820084942372198,2.133825073739974,both<5,True,False,False,,-10.207586,-12.452395
O=C(c1nnn(C2=Nc3ccccc3SCOC2N=C=S)c1-c1ccc(Br)cc1)N1CCC1,O=C(c1nnn(C2=Nc3ccccc3SCOC2N=C=S)c1-c1ccc(Br)cc1)N1CCC1,中毒,6.064056,36.51699,42.5,7.008510475496928,1.1638418171924905,one>5-other<=5,True,False,False,,-18.010954,10.527355
O=C(c1nnn(C(Br)(Br)I)c1-c1ccc(Br)cc1)N1CCC1,O=C(c1nnn(C(Br)(Br)I)c1-c1ccc(Br)cc1)N1CCC1,低毒,12.366438,16.617321,250.0,20.21600722859727,15.044542980183147,both>10,True,False,False,,3.8480458,-4.7309885
O=C(c1nnn(C(O)=NBr)c1-c1ccc(Br)cc1)N1CCC1,O=C(c1nnn(C(O)=NBr)c1-c1ccc(Br)cc1)N1CCC1,低毒,9.972353,13.13029,250.0,25.06930911892108,19.039945043102627,both>10,True,False,False,,14.2173815,1.7067504
O=C(c1nnn(C2=NN3OC23)c1-c1ccc(Br)cc1)N1CCC1,O=C(c1nnn(C2=NN3OC23)c1-c1ccc(Br)cc1)N1CCC1,中毒,6.9862905,22.136751,42.5,6.08334279829904,1.9198842684728215,one>5-other<=5,True,False,False,,-12.694966,6.4594307
O=C(c1nnn(C2=NCS2)c1-c1ccc(Br)cc1)N1CCC1,O=C(c1nnn(C2=NCS2)c1-c1ccc(Br)cc1)N1CCC1,低毒,7.992567,22.312931,250.0,31.279062158628136,11.204265365227007,both>10,True,False,False,,-20.08602,2.0358875
O=C(c1nnn(C(=S)Nc2cccc(F)c2)c1-c1ccc(Br)cc1)N1CCC1,O=C(c1nnn(C(=S)Nc2cccc(F)c2)c1-c1ccc(Br)cc1)N1CCC1,中毒,14.259107,27.014734,42.5,2.980551306614082,1.5732155645137946,both<5,True,False,False,,17.673315,-1.0541518
O=C(c1nnn(Cc2ccccc2O)c1-c1ccc(Br)cc1)N1CCC1,O=C(c1nnn(Cc2ccccc2O)c1-c1ccc(Br)cc1)N1CCC1,中毒,11.68375,13.107025,42.5,3.6375307585321495,3.242535968307072,both<5,True,False,False,,1.7773328,-23.578829
O=C(c1nnn(-c2nc3cc(Cl)ccc3s2)c1-c1ccc(Br)cc1)N1CCC1,O=C(c1nnn(-c2nc3cc(Cl)ccc3s2)c1-c1ccc(Br)cc1)N1CCC1,中毒,8.046399,20.282017,42.5,5.28186583837068,2.095452340859393,one>5-other<=5,True,False,False,,-30.413088,-3.1649694
O=C(c1nnn([SH]=Cc2c(Cl)cccc2Cl)c1-c1ccc(Br)cc1)N1CCC1,O=C(c1nnn([SH]=Cc2c(Cl)cccc2Cl)c1-c1ccc(Br)cc1)N1CCC1,低毒,10.134259,88.51725,250.0,24.668799169233782,2.8243082563003257,one>10-other<5,True,False,False,,3.3476734,-1.1259503
O=C(c1nnn(CCCn2ccnc2C=NO)c1-c1ccc(Br)cc1)N1CCC1,O=C(c1nnn(CCCn2ccnc2C=NO)c1-c1ccc(Br)cc1)N1CCC1,中毒,22.586966,36.440033,42.5,1.8816161497741661,1.1662997121874177,both<5,False,False,False,,-0.03510594,-45.653603
O=C(c1nnn(C=N[18F])c1-c1ccc(Br)cc1)N1CCC1,O=C(c1nnn(C=N[18F])c1-c1ccc(Br)cc1)N1CCC1,低毒,9.972353,16.617321,250.0,25.06930911892108,15.044542980183147,both>10,True,False,False,,31.328667,33.741463
O=C(c1nnn(Cc2ccsc2Cl)c1-c1ccc(Br)cc1)N1CCC1,O=C(c1nnn(Cc2ccsc2Cl)c1-c1ccc(Br)cc1)N1CCC1,中毒,3.767605,15.02365,42.5,11.280375729409,2.828873143343994,one>10-other<5,True,True,False,,-2.4990044,-26.026224
O=C(c1nnn(C2[11C]N2)c1-c1ccc(Br)cc1)N1CCC1,O=C(c1nnn(C2[11C]N2)c1-c1ccc(Br)cc1)N1CCC1,中毒,16.814655,25.001862,42.5,2.5275570625742843,1.6998733934296575,both<5,True,False,False,,1.4850253,26.4025
O=C(c1nnn(N=C=S)c1-c1ccc(Br)cc1)N1CCC1,O=C(c1nnn(N=C=S)c1-c1ccc(Br)cc1)N1CCC1,低毒,33.987186,188.12292,250.0,7.355713415050013,1.328918347642063,one>5-other<=5,False,False,False,,16.007507,17.419132
O=C(c1nnn(C2=C3OCC3C2C2CCCNC2)c1-c1ccc(Br)cc1)N1CCC1,O=C(c1nnn(C2=C3OCC3C2C2CCCNC2)c1-c1ccc(Br)cc1)N1CCC1,中毒,8.841769,38.09031,42.5,4.806730417860951,1.115769338711079,both<5,True,False,False,,-10.895937,7.3122582
O=C(c1nnn(-c2cnsc2)c1-c1ccc(Br)cc1)N1CCC1,O=C(c1nnn(-c2cnsc2)c1-c1ccc(Br)cc1)N1CCC1,中毒,17.536926,24.233778,42.5,2.423457794142485,1.7537504882647683,both<5,True,False,False,,-20.057325,6.008177
O=C(c1nnn(C(CCl)c2cccc(C(F)(F)F)c2)c1-c1ccc(Br)cc1)N1CCC1,O=C(c1nnn(C(CCl)c2cccc(C(F)(F)F)c2)c1-c1ccc(Br)cc1)N1CCC1,中毒,8.411774,17.28152,42.5,5.052441970029152,2.459274415676399,one>5-other<=5,True,False,False,,-7.7308154,-15.248642
O=C(c1nnn(-c2ccc([N+](=O)[O-])cc2Br)c1-c1ccc(Br)cc1)N1CCC1,O=C(c1nnn(-c2ccc([N+](=O)[O-])cc2Br)c1-c1ccc(Br)cc1)N1CCC1,中毒,13.798724,44.548447,42.5,3.079994932864807,0.9540175440908186,both<5,True,False,False,,-25.37998,26.24313
O=C(c1nnn(C[N+](=O)[O-])c1-c1ccc(Br)cc1)N1CCC1,O=C(c1nnn(C[N+](=O)[O-])c1-c1ccc(Br)cc1)N1CCC1,中毒,12.388913,16.521198,42.5,3.430486597169582,2.5724526756473716,both<5,True,False,False,,-3.027287,-36.234207
O=C(c1nnn(CCOC=CBr)c1-c1ccc(Br)cc1)N1CCC1,O=C(c1nnn(CCOC=CBr)c1-c1ccc(Br)cc1)N1CCC1,低毒,9.921383,22.369738,250.0,25.198099901999548,11.175812608980936,both>10,True,False,False,,-2.5898025,-40.95993
O=C(c1nnn(CNC2CCCS2)c1-c1ccc(Br)cc1)N1CCC1,O=C(c1nnn(CNC2CCCS2)c1-c1ccc(Br)cc1)N1CCC1,中毒,15.185098,14.266494,42.5,2.798796556992915,2.9790080169661866,both<5,True,False,False,,-11.34845,-40.067024
O=C(c1nnn([13I])c1-c1ccc(Br)cc1)N1CCC1,O=C(c1nnn([13I])c1-c1ccc(Br)cc1)N1CCC1,低毒,52.13683,45.58551,250.0,4.795074806044019,5.48419881668539,one>5-other<=5,False,False,False,,-0.60435414,3.2948337
O=C(c1nnn(-c2cnsc2Br)c1-c1ccc(Br)cc1)N1CCC1,O=C(c1nnn(-c2cnsc2Br)c1-c1ccc(Br)cc1)N1CCC1,中毒,17.536926,32.451927,42.5,2.423457794142485,1.309629471309978,both<5,True,False,False,,-28.917639,9.69143
O=C(c1nnn(CCCCS)c1-c1ccc(Br)cc1)N1CCC1,O=C(c1nnn(CCCCS)c1-c1ccc(Br)cc1)N1CCC1,低毒,11.713761,25.001862,250.0,21.34241939885917,9.999255255468572,both<5,True,False,False,,0.8151649,-43.762863
O=C(c1nnn(C(O)c2sc3oc4ccccc4c3c2-c2cccc(-c3cc(Cl)ccc3Br)n2)c1-c1ccc(Br)cc1)N1CCC1,O=C(c1nnn(C(O)c2sc3oc4ccccc4c3c2-c2cccc(-c3cc(Cl)ccc3Br)n2)c1-c1ccc(Br)cc1)N1CCC1,中毒,5.9175053,15.382274,42.5,7.18208059737606,2.762920488869201,one>5-other<=5,True,False,False,,-14.859919,-14.447298
O=C(c1nnn(S(=O)(=O)P(F)F)c1-c1ccc(Br)cc1)N1CCC1,O=C(c1nnn(S(=O)(=O)P(F)F)c1-c1ccc(Br)cc1)N1CCC1,低毒,5.1914153,90.672066,250.0,48.156424703683406,2.7571887465319254,one>10-other<5,True,False,False,,10.932849,-10.47031
O=C(c1nnn(OCc2ccc(Cl)cc2)c1-c1ccc(Br)cc1)N1CCC1,O=C(c1nnn(OCc2ccc(Cl)cc2)c1-c1ccc(Br)cc1)N1CCC1,中毒,13.395416,21.728981,42.5,3.1727271478541614,1.9559131650029975,both<5,True,False,False,,23.4478,-17.705626
O=C(c1nnn(CCCCI)c1-c1ccc(Br)cc1)N1CCC1,O=C(c1nnn(CCCCI)c1-c1ccc(Br)cc1)N1CCC1,低毒,11.713761,25.001862,250.0,21.34241939885917,9.999255255468572,both<5,True,False,False,,-0.59262174,-43.297962
O=C(c1nnn(C23CN2CCN=N3)c1-c1ccc(Br)cc1)N1CCC1,O=C(c1nnn(C23CN2CCN=N3)c1-c1ccc(Br)cc1)N1CCC1,中毒,5.280081,22.932125,42.5,8.049118943440451,1.853295322609658,one>5-other<=5,True,False,False,,4.341524,5.3209386
O=C(c1nnn(C=Cc2nsnc2SCO)c1-c1ccc(Br)cc1)N1CCC1,O=C(c1nnn(C=Cc2nsnc2SCO)c1-c1ccc(Br)cc1)N1CCC1,中毒,10.038503,11.522686,42.5,4.233698988783487,3.688376130357106,both<5,True,False,False,,37.295414,20.747204
O=C(c1nnn(-c2c(Cl)sc(Cl)c2NCl)c1-c1ccc(Br)cc1)N1CCC1,O=C(c1nnn(-c2c(Cl)sc(Cl)c2NCl)c1-c1ccc(Br)cc1)N1CCC1,中毒,15.168651,20.134092,42.5,2.8018312241477505,2.110847611106575,both<5,True,False,False,,-22.828037,21.334488
O=C(c1nnn(N=Cc2ccon2)c1-c1ccc(Br)cc1)N1CCC1,O=C(c1nnn(N=Cc2ccon2)c1-c1ccc(Br)cc1)N1CCC1,低毒,26.244968,38.9894,250.0,9.525635542782906,6.41199915874571,both5-10,False,False,False,,17.652784,21.72757
O=C(c1nnn(-c2ccsc2F)c1-c1ccc(Br)cc1)N1CCC1,O=C(c1nnn(-c2ccsc2F)c1-c1ccc(Br)cc1)N1CCC1,中毒,10.072253,38.33328,42.5,4.219512754494947,1.1086971947091404,both<5,True,False,False,,-29.551212,8.080293
O=C(c1nnn(-c2ccnc(S)c2)c1-c1ccc(Br)cc1)N1CCC1,O=C(c1nnn(-c2ccnc(S)c2)c1-c1ccc(Br)cc1)N1CCC1,中毒,7.915277,17.624203,42.5,5.369363573757432,2.4114565634542453,one>5-other<=5,True,False,False,,-19.646719,8.437303
O=C(c1nnn(-c2nc3cc(S(F)(F)F)ccc3n2SSc2ccc(-c3ccnc(F)n3)s2)c1-c1ccc(Br)cc1)N1CCC1,O=C(c1nnn(-c2nc3cc(S(F)(F)F)ccc3n2SSc2ccc(-c3ccnc(F)n3)s2)c1-c1ccc(Br)cc1)N1CCC1,中毒,25.90454,18.24955,42.5,1.640639054003661,2.3288245463586774,both<5,False,False,False,,-26.440231,-0.7677876
[N-]=[N+]n1nnc(C(=O)N2CCC2)c1-c1ccc(Br)cc1,[N-]=[N+]n1nnc(C(=O)N2CCC2)c1-c1ccc(Br)cc1,中毒,33.291145,55.15302,42.5,1.2766157487223704,0.770583369686737,both<5,False,False,False,,0.6232884,9.881716
O=C(c1nnn(CCc2cccs2)c1-c1ccc(Br)cc1)N1CCC1,O=C(c1nnn(CCc2cccs2)c1-c1ccc(Br)cc1)N1CCC1,中毒,16.302973,25.001862,42.5,2.6068864862868875,1.6998733934296575,both<5,True,False,False,,9.961964,-32.0321
O=C(c1nnn(C(Cl)(Cl)Cl)c1-c1ccc(Br)cc1)N1CCC1,O=C(c1nnn(C(Cl)(Cl)Cl)c1-c1ccc(Br)cc1)N1CCC1,低毒,12.366438,16.651882,250.0,20.21600722859727,15.013318014143987,both>10,True,False,False,,3.249634,-4.316161
O=C(c1nnn(N2CCCCC2)c1-c1ccc(Br)cc1)N1CCC1,O=C(c1nnn(N2CCCCC2)c1-c1ccc(Br)cc1)N1CCC1,中毒,27.450092,33.172127,42.5,1.5482643919736225,1.2811961078046035,both<5,False,False,False,,-2.355557,-2.515551
O=C(c1nnn(C2NC2=S)c1-c1ccc(Br)cc1)N1CCC1,O=C(c1nnn(C2NC2=S)c1-c1ccc(Br)cc1)N1CCC1,中毒,23.463049,61.031887,42.5,1.811358788024523,0.6963572992589923,both<5,False,False,False,,3.3527155,29.31907
O=C(c1nnn(C2CNO2)c1-c1ccc(Br)cc1)N1CCC1,O=C(c1nnn(C2CNO2)c1-c1ccc(Br)cc1)N1CCC1,中毒,8.861523,32.836136,42.5,4.796015312491995,1.2943057611894406,both<5,True,False,False,,-2.1651945,25.34145
O=COn1nnc(C(=O)N2CCC2)c1-c1ccc(Br)cc1,O=COn1nnc(C(=O)N2CCC2)c1-c1ccc(Br)cc1,中毒,33.291145,26.656855,42.5,1.2766157487223704,1.5943366162287336,both<5,False,False,False,,21.364904,-13.9481535
O=C(c1nnn(-c2nccc([N+](=O)[O-])c2F)c1-c1ccc(Br)cc1)N1CCC1,O=C(c1nnn(-c2nccc([N+](=O)[O-])c2F)c1-c1ccc(Br)cc1)N1CCC1,中毒,7.9583755,19.499584,42.5,5.340285840998581,2.1795336762056055,one>5-other<=5,True,False,False,,-18.78894,21.422281
O=C(c1nnn(-c2c(Cl)cnc[n+]2[O-])c1-c1ccc(Br)cc1)N1CCC1,O=C(c1nnn(-c2c(Cl)cnc[n+]2[O-])c1-c1ccc(Br)cc1)N1CCC1,中毒,17.533562,42.57803,42.5,2.423922760246891,0.9981673647183771,both<5,True,False,False,,-25.048609,22.754463
O=C(c1nnn(-c2nn[nH]c2Br)c1-c1ccc(Br)cc1)N1CCC1,O=C(c1nnn(-c2nn[nH]c2Br)c1-c1ccc(Br)cc1)N1CCC1,中毒,18.588161,26.42684,42.5,2.286401543434017,1.608213467822865,both<5,True,False,False,,-16.666157,10.759108
O=C(c1nnn([N+]2(OC[N+](=O)[O-])CN2c2ccccc2)c1-c1ccc(Br)cc1)N1CCC1,O=C(c1nnn([N+]2(OC[N+](=O)[O-])CN2c2ccccc2)c1-c1ccc(Br)cc1)N1CCC1,中毒,8.491878,14.418226,42.5,5.004782216607445,2.94765805446523,one>5-other<=5,True,False,False,,-9.804458,-1.7661203
O=C(c1nnn(-c2ncccc2Cl)c1-c1ccc(Br)cc1)N1CCC1,O=C(c1nnn(-c2ncccc2Cl)c1-c1ccc(Br)cc1)N1CCC1,中毒,12.292116,44.608845,42.5,3.4575007264819173,0.9527258551527169,both<5,True,False,False,,-19.37466,19.823296
O=C(c1nnn(N2C(S)=NC3=CC=CC=CP32)c1-c1ccc(Br)cc1)N1CCC1,O=C(c1nnn(N2C(S)=NC3=CC=CC=CP32)c1-c1ccc(Br)cc1)N1CCC1,中毒,9.394462,80.26485,42.5,4.5239418712854444,0.5294970338822037,both<5,True,False,False,,-1.3530408,-1.6995447
O=C(c1nnn(C23CC2=CNc2ccccc2S3)c1-c1ccc(Br)cc1)N1CCC1,O=C(c1nnn(C23CC2=CNc2ccccc2S3)c1-c1ccc(Br)cc1)N1CCC1,中毒,13.815786,21.413763,42.5,3.076191249632848,1.984704883490118,both<5,True,False,False,,7.636137,4.50468
O=C(c1nnn(-c2cccc(CCN3CCSCC3)c2)c1-c1ccc(Br)cc1)N1CCC1,O=C(c1nnn(-c2cccc(CCN3CCSCC3)c2)c1-c1ccc(Br)cc1)N1CCC1,中毒,3.164355,19.916813,42.5,13.430857157303778,2.133875535207365,one>10-other<5,True,True,False,,-22.298063,9.333192
O=C(c1nnn(C(NCl)(c2ccccc2)c2cccs2)c1-c1ccc(Br)cc1)N1CCC1,O=C(c1nnn(C(NCl)(c2ccccc2)c2cccs2)c1-c1ccc(Br)cc1)N1CCC1,中毒,11.936821,15.312314,42.5,3.5604119388235778,2.7755439184436788,both<5,True,False,False,,2.9729216,-3.5420802
O=C(c1nnn(C(=S)Nc2cccc3nonc23)c1-c1ccc(Br)cc1)N1CCC1,O=C(c1nnn(C(=S)Nc2cccc3nonc23)c1-c1ccc(Br)cc1)N1CCC1,中毒,14.259107,28.131508,42.5,2.980551306614082,1.5107615276081183,both<5,True,False,False,,17.44996,-0.27121055
O=C(c1nnn(C=C=C2N=[C-]S2)c1-c1ccc(Br)cc1)N1CCC1,O=C(c1nnn(C=C=C2N=[C-]S2)c1-c1ccc(Br)cc1)N1CCC1,低毒,14.7157955,23.744467,250.0,16.988548121642488,10.528768660084053,both>10,True,False,False,,29.645853,27.408346
O=C(c1nnn(N=[SH](=O)[O-])c1-c1ccc(Br)cc1)N1CCC1,O=C(c1nnn(N=[SH](=O)[O-])c1-c1ccc(Br)cc1)N1CCC1,中毒,52.13683,33.172127,42.5,0.8151627170274832,1.2811961078046035,both<5,False,False,False,,14.266114,18.049616
O=C(c1nnn(C(O)c2ccsc2)c1-c1ccc(Br)cc1)N1CCC1,O=C(c1nnn(C(O)c2ccsc2)c1-c1ccc(Br)cc1)N1CCC1,中毒,7.177013,16.560421,42.5,5.921683575047168,2.566359876962065,one>5-other<=5,True,False,False,,-5.5241194,-12.456187
O=C(c1nnn(CCc2ccncc2)c1-c1ccc(Br)cc1)N1CCC1,O=C(c1nnn(CCc2ccncc2)c1-c1ccc(Br)cc1)N1CCC1,低毒,14.7157955,25.001862,250.0,16.988548121642488,9.999255255468572,both<5,True,False,False,,8.693261,-44.51789
O=C(c1nnn(C2=NC2CCCl)c1-c1ccc(Br)cc1)N1CCC1,O=C(c1nnn(C2=NC2CCCl)c1-c1ccc(Br)cc1)N1CCC1,中毒,5.635712,26.122011,42.5,7.541194440028163,1.6269804036144078,one>5-other<=5,True,False,False,,-16.846878,-5.3312855
O=C(c1nnn(S(=O)(=O)S)c1-c1ccc(Br)cc1)N1CCC1,O=C(c1nnn(S(=O)(=O)S)c1-c1ccc(Br)cc1)N1CCC1,低毒,11.90429,90.672066,250.0,21.00083247299923,2.7571887465319254,one>10-other<5,True,False,False,,11.805608,-9.688976
O=C(c1nnn(-c2nsnc2CCl)c1-c1ccc(Br)cc1)N1CCC1,O=C(c1nnn(-c2nsnc2CCl)c1-c1ccc(Br)cc1)N1CCC1,中毒,18.421913,23.628412,42.5,2.3070351054203764,1.7986820273829658,both<5,True,False,False,,-32.331387,1.9923244
O=C(c1nnn(CCCN=[SH]F)c1-c1ccc(Br)cc1)N1CCC1,O=C(c1nnn(CCCN=[SH]F)c1-c1ccc(Br)cc1)N1CCC1,低毒,14.7157955,25.001862,250.0,16.988548121642488,9.999255255468572,both<5,True,False,False,,2.4933505,-45.46554
O=C(c1nnn(-c2c3c(c4n2CC4)SC3=S)c1-c1ccc(Br)cc1)N1CCC1,O=C(c1nnn(-c2c3c(c4n2CC4)SC3=S)c1-c1ccc(Br)cc1)N1CCC1,中毒,11.98836,41.557953,42.5,3.545105418923022,1.022668272424294,both<5,True,False,False,,-18.335375,3.1300685
O=C(c1nnn(-c2cccnc2F)c1-c1ccc(Br)cc1)N1CCC1,O=C(c1nnn(-c2cccnc2F)c1-c1ccc(Br)cc1)N1CCC1,低毒,8.885191,52.997784,250.0,28.13670522108078,4.717178363533086,one>10-other<5,True,False,False,,-30.401491,16.61928
O=C(c1nnn(C2CN(NCl)C2Br)c1-c1ccc(Br)cc1)N1CCC1,O=C(c1nnn(C2CN(NCl)C2Br)c1-c1ccc(Br)cc1)N1CCC1,中毒,23.463049,46.544373,42.5,1.811358788024523,0.9131071547574612,both<5,False,False,False,,5.34677,26.453821
O=C(c1nnn(-c2c(Br)csc2Cl)c1-c1ccc(Br)cc1)N1CCC1,O=C(c1nnn(-c2c(Br)csc2Cl)c1-c1ccc(Br)cc1)N1CCC1,中毒,13.148104,22.536598,42.5,3.232405219794428,1.8858214536195745,both<5,True,False,False,,-23.076757,21.051289
O=C(c1nnn(SC2=CN2C2CCCCC2)c1-c1ccc(Br)cc1)N1CCC1,O=C(c1nnn(SC2=CN2C2CCCCC2)c1-c1ccc(Br)cc1)N1CCC1,中毒,9.107066,70.1714,42.5,4.666706050005567,0.6056598557246969,both<5,True,False,False,,17.811543,10.987691
O=C(c1nnn(-c2nccc3cccnc23)c1-c1ccc(Br)cc1)N1CCC1,O=C(c1nnn(-c2nccc3cccnc23)c1-c1ccc(Br)cc1)N1CCC1,中毒,13.591284,44.608845,42.5,3.1270040417079064,0.9527258551527169,both<5,True,False,False,,-19.350468,20.180399
O=C(c1nnn(-c2ccc(Cl)c(Br)c2Cl)c1-c1ccc(Br)cc1)N1CCC1,O=C(c1nnn(-c2ccc(Cl)c(Br)c2Cl)c1-c1ccc(Br)cc1)N1CCC1,中毒,14.409557,30.259153,42.5,2.9494314086130475,1.4045336959696129,both<5,True,False,False,,-28.193085,19.895239
O=C(c1nnn(C(=O)c2ccc(N3Cc4ccncc43)cc2)c1-c1ccc(Br)cc1)N1CCC1,O=C(c1nnn(C(=O)c2ccc(N3Cc4ccncc43)cc2)c1-c1ccc(Br)cc1)N1CCC1,中毒,4.5794477,13.880814,42.5,9.280595125040952,3.061780094452674,one>5-other<=5,True,True,False,,11.968724,2.3303688
O=C(c1nnn(C=NC2Nc3c(ccc4ccccc34)S2)c1-c1ccc(Br)cc1)N1CCC1,O=C(c1nnn(C=NC2Nc3c(ccc4ccccc34)S2)c1-c1ccc(Br)cc1)N1CCC1,中毒,4.6677194,20.863949,42.5,9.105088879164416,2.0370065130048007,one>5-other<=5,True,True,False,,30.77814,31.991472
O=C(c1nnn(C2=Nc3ccccc3CS2)c1-c1ccc(Br)cc1)N1CCC1,O=C(c1nnn(C2=Nc3ccccc3CS2)c1-c1ccc(Br)cc1)N1CCC1,中毒,5.8504324,22.312931,42.5,7.264420318744303,1.9047251120885913,one>5-other<=5,True,False,False,,-20.576487,1.1151311
O=C(c1nnn(CC=Cc2csc(Cl)c2)c1-c1ccc(Br)cc1)N1CCC1,O=C(c1nnn(CC=Cc2csc(Cl)c2)c1-c1ccc(Br)cc1)N1CCC1,中毒,9.051158,25.001862,42.5,4.695531776155051,1.6998733934296575,both<5,True,False,False,,11.358597,-35.439655
O=C(c1nnn(N=[IH])c1-c1ccc(Br)cc1)N1CCC1,O=C(c1nnn(N=[IH])c1-c1ccc(Br)cc1)N1CCC1,中毒,31.018295,55.15302,42.5,1.3701591270571127,0.770583369686737,both<5,False,False,False,,14.927436,18.424171
O=C(c1nnn(C=NOCI)c1-c1ccc(Br)cc1)N1CCC1,O=C(c1nnn(C=NOCI)c1-c1ccc(Br)cc1)N1CCC1,低毒,13.082877,15.390113,250.0,19.10894675536581,16.244195218059804,both>10,True,False,False,,36.544125,34.911
O=C(c1nnn(CC2C=N2)c1-c1ccc(Br)cc1)N1CCC1,O=C(c1nnn(CC2C=N2)c1-c1ccc(Br)cc1)N1CCC1,低毒,9.921383,25.001862,250.0,25.198099901999548,9.999255255468572,both<5,True,False,False,,-0.24570587,-36.08874
O=C(c1nnn(-c2ccc(Cl)cc2Cl)c1-c1ccc(Br)cc1)N1CCC1,O=C(c1nnn(-c2ccc(Cl)cc2Cl)c1-c1ccc(Br)cc1)N1CCC1,中毒,12.292116,30.259153,42.5,3.4575007264819173,1.4045336959696129,both<5,True,False,False,,-28.773872,21.242464
O=C(c1nnn(S(=O)(=O)CCl)c1-c1ccc(Br)cc1)N1CCC1,O=C(c1nnn(S(=O)(=O)CCl)c1-c1ccc(Br)cc1)N1CCC1,中毒,8.978762,79.720116,42.5,4.7333919754193285,0.533115129937844,both<5,True,False,False,,11.671701,-11.442694
O=C(c1nnn(Oc2ccccn2)c1-c1ccc(Br)cc1)N1CCC1,O=C(c1nnn(Oc2ccccn2)c1-c1ccc(Br)cc1)N1CCC1,中毒,12.697471,19.17324,42.5,3.347123218473978,2.2166310962570748,both<5,True,False,False,,24.239805,-11.995753
O=C(c1nnn(C=CCl)c1-c1ccc(Br)cc1)N1CCC1,O=C(c1nnn(C=CCl)c1-c1ccc(Br)cc1)N1CCC1,低毒,14.7157955,15.842161,250.0,16.988548121642488,15.780675376294937,both>10,True,False,False,,34.231003,24.955704
O=C(c1nnn(CN=NC2=CS2)c1-c1ccc(Br)cc1)N1CCC1,O=C(c1nnn(CN=NC2=CS2)c1-c1ccc(Br)cc1)N1CCC1,低毒,12.558582,16.09387,250.0,19.90670602779836,15.533864757202588,both>10,True,False,False,,4.990573,-35.186195
O=C(c1nnn(-c2cc(NI)c3nocc3n2)c1-c1ccc(Br)cc1)N1CCC1,O=C(c1nnn(-c2cc(NI)c3nocc3n2)c1-c1ccc(Br)cc1)N1CCC1,中毒,9.380714,27.386452,42.5,4.530571979915388,1.551862212746653,both<5,True,False,False,,-13.245455,14.81114
O=C(c1nnn(C2CCN=N2)c1-c1ccc(Br)cc1)N1CCC1,O=C(c1nnn(C2CCN=N2)c1-c1ccc(Br)cc1)N1CCC1,低毒,13.47821,24.41589,250.0,18.548457102241322,10.23923354831628,both>10,True,False,False,,1.3312302,24.854225
N=C(C(Cl)Cl)n1nnc(C(=O)N2CCC2)c1-c1ccc(Br)cc1,N=C(C(Cl)Cl)n1nnc(C(=O)N2CCC2)c1-c1ccc(Br)cc1,低毒,8.706197,19.244274,250.0,28.715178395342996,12.990877182480357,both>10,True,False,False,,12.839502,-1.4709085
O=C(c1nnn([C+]c2ccc3[nH]nnc3c2)c1-c1ccc(Br)cc1)N1CCC1,O=C(c1nnn([C+]c2ccc3[nH]nnc3c2)c1-c1ccc(Br)cc1)N1CCC1,中毒,8.411774,27.710857,42.5,5.052441970029152,1.5336948979961176,one>5-other<=5,True,False,False,,-2.106765,5.403189
O=C(c1nnn(C2N=NNC2=NP)c1-c1ccc(Br)cc1)N1CCC1,O=C(c1nnn(C2N=NNC2=NP)c1-c1ccc(Br)cc1)N1CCC1,低毒,8.425508,23.524118,250.0,29.671801391678695,10.627391003564936,both>10,True,False,False,,0.15909986,25.128363
O=C(c1nnn(N2CCOCC2)c1-c1ccc(Br)cc1)N1CCC1,O=C(c1nnn(N2CCOCC2)c1-c1ccc(Br)cc1)N1CCC1,低毒,41.424145,33.42394,250.0,6.0351275807865195,7.479668764364703,both5-10,False,False,False,,-2.7758865,-2.4140303
O=C(c1nnn(C(O)(CCl)Cn2ccnc2-c2c[nH]c3ccccc23)c1-c1ccc(Br)cc1)N1CCC1,O=C(c1nnn(C(O)(CCl)Cn2ccnc2-c2c[nH]c3ccccc23)c1-c1ccc(Br)cc1)N1CCC1,中毒,6.143881,13.560392,42.5,6.917451688924313,3.134127685984299,one>5-other<=5,True,False,False,,5.3651657,-4.5888295
O=C(c1nnn([SH]2C3C=NC2(C(=O)[O-])N(Cc2cccs2)C3)c1-c1ccc(Br)cc1)N1CCC1,O=C(c1nnn([SH]2C3C=NC2(C(=O)[O-])N(Cc2cccs2)C3)c1-c1ccc(Br)cc1)N1CCC1,中毒,5.1157894,29.628633,42.5,8.307613288381262,1.4344232486189963,one>5-other<=5,True,False,False,,10.05381,-30.684896
O=C(c1nnn(C2N=NCS2)c1-c1ccc(Br)cc1)N1CCC1,O=C(c1nnn(C2N=NCS2)c1-c1ccc(Br)cc1)N1CCC1,低毒,9.8992195,23.596052,250.0,25.254516277773213,10.594992755567754,both>10,True,False,False,,0.6978952,27.366108
O=C(c1nnn(-c2cccc3c2OCCO3)c1-c1ccc(Br)cc1)N1CCC1,O=C(c1nnn(-c2cccc3c2OCCO3)c1-c1ccc(Br)cc1)N1CCC1,中毒,13.256438,25.254671,42.5,3.205989421894479,1.6828570049477185,both<5,True,False,False,,-28.410622,14.891365
O=C(c1nnn(CSc2ncnn2Br)c1-c1ccc(Br)cc1)N1CCC1,O=C(c1nnn(CSc2ncnn2Br)c1-c1ccc(Br)cc1)N1CCC1,低毒,11.057361,15.927955,250.0,22.609373068311687,15.695674680145693,both>10,True,False,False,,3.0269706,-35.01926
O=C(c1nnn(C=Nc2ccc([N+](=O)[O-])cc2)c1-c1ccc(Br)cc1)N1CCC1,O=C(c1nnn(C=Nc2ccc([N+](=O)[O-])cc2)c1-c1ccc(Br)cc1)N1CCC1,低毒,7.0292077,25.040358,250.0,35.56588603862139,9.98388281828878,both<5,True,False,False,,28.716347,33.264072
O=C(c1nnn(NN=Cc2ccc3[nH]ccc3c2)c1-c1ccc(Br)cc1)N1CCC1,O=C(c1nnn(NN=Cc2ccc3[nH]ccc3c2)c1-c1ccc(Br)cc1)N1CCC1,中毒,28.842226,106.03973,42.5,1.4735339775785683,0.40079317440736595,both<5,False,False,False,,22.26884,-3.9079635
O=C(c1nnn(CCOCl)c1-c1ccc(Br)cc1)N1CCC1,O=C(c1nnn(CCOCl)c1-c1ccc(Br)cc1)N1CCC1,低毒,9.921383,18.738579,250.0,25.198099901999548,13.341459883377496,both>10,True,False,False,,-3.0855665,-40.34878
O=C(c1nnn(OC=S)c1-c1ccc(Br)cc1)N1CCC1,O=C(c1nnn(OC=S)c1-c1ccc(Br)cc1)N1CCC1,低毒,31.303555,32.4479,250.0,7.98631337558945,7.704658853115302,both5-10,False,False,False,,21.380293,-13.912895
O=C(c1nnn(-c2nccnn2)c1-c1ccc(Br)cc1)N1CCC1,O=C(c1nnn(-c2nccnn2)c1-c1ccc(Br)cc1)N1CCC1,中毒,24.199738,37.13117,42.5,1.7562173607003513,1.1445909191657575,both<5,False,False,False,,-19.369532,14.047037
O=C(c1nnn(C2(F)CN2CCCl)c1-c1ccc(Br)cc1)N1CCC1,O=C(c1nnn(C2(F)CN2CCCl)c1-c1ccc(Br)cc1)N1CCC1,中毒,7.841313,24.00193,42.5,5.420010653828,1.7706909402702198,one>5-other<=5,True,False,False,,4.173485,-17.62774
O=C(c1nnn(C2COS2)c1-c1ccc(Br)cc1)N1CCC1,O=C(c1nnn(C2COS2)c1-c1ccc(Br)cc1)N1CCC1,低毒,9.26331,34.543137,250.0,26.98819320523657,7.237327634719452,both<5,True,False,False,,-0.29643264,29.080112
O=C(c1nnn(CN[SH](=O)=O)c1-c1ccc(Br)cc1)N1CCC1,O=C(c1nnn(CN[SH](=O)=O)c1-c1ccc(Br)cc1)N1CCC1,低毒,14.7157955,16.617321,250.0,16.988548121642488,15.044542980183147,both>10,True,False,False,,-9.705461,-41.356297
O=C(c1nnn(C=NBr)c1-c1ccc(Br)cc1)N1CCC1,O=C(c1nnn(C=NBr)c1-c1ccc(Br)cc1)N1CCC1,低毒,9.972353,14.058437,250.0,25.06930911892108,17.782915696816083,both>10,True,False,False,,31.545721,32.975468
O=C(c1nnn(C=N[N+](=O)[O-])c1-c1ccc(Br)cc1)N1CCC1,O=C(c1nnn(C=N[N+](=O)[O-])c1-c1ccc(Br)cc1)N1CCC1,中毒,13.082877,25.040358,42.5,3.248520948412188,1.6972600791090926,both<5,True,False,False,,29.210138,31.444689
O=C(c1nnn(Cc2c[nH]c3cc(Br)ccc23)c1-c1ccc(Br)cc1)N1CCC1,O=C(c1nnn(Cc2c[nH]c3cc(Br)ccc23)c1-c1ccc(Br)cc1)N1CCC1,中毒,4.480236,13.634027,42.5,9.486107428269404,3.1172008094160297,one>5-other<=5,True,True,False,,13.861152,-28.830015
O=C(c1nnn(C2c3cccnc32)c1-c1ccc(Br)cc1)N1CCC1,O=C(c1nnn(C2c3cccnc32)c1-c1ccc(Br)cc1)N1CCC1,中毒,5.821621,11.840641,42.5,7.300372181562489,3.589332705889825,one>5-other<=5,True,False,False,,2.2430806,32.357853
O=C(c1nnn(CCOCC=CO)c1-c1ccc(Br)cc1)N1CCC1,O=C(c1nnn(CCOCC=CO)c1-c1ccc(Br)cc1)N1CCC1,低毒,9.921383,22.369738,250.0,25.198099901999548,11.175812608980936,both>10,True,False,False,,-4.430456,-41.47858
O=C(c1nnn(C2C3=NOC32)c1-c1ccc(Br)cc1)N1CCC1,O=C(c1nnn(C2C3=NOC32)c1-c1ccc(Br)cc1)N1CCC1,中毒,3.0661662,22.542078,42.5,13.860957700205553,1.885363008680921,one>10-other<5,True,True,False,,-2.3667197,30.504217
O=C(c1nnn(-c2ccc3nonc3c2)c1-c1ccc(Br)cc1)N1CCC1,O=C(c1nnn(-c2ccc3nonc3c2)c1-c1ccc(Br)cc1)N1CCC1,中毒,12.292116,49.925213,42.5,3.4575007264819173,0.8512732835010639,both<5,True,False,False,,-18.543253,9.63224
O=C(c1nnn(-c2csc(=S)s2)c1-c1ccc(Br)cc1)N1CCC1,O=C(c1nnn(-c2csc(=S)s2)c1-c1ccc(Br)cc1)N1CCC1,中毒,11.923352,99.32763,42.5,3.5644338940928693,0.4278769160202453,both<5,True,False,False,,-25.504877,2.784453
O=C(c1nnn(Sc2ccccc2Cl)c1-c1ccc(Br)cc1)N1CCC1,O=C(c1nnn(Sc2ccccc2Cl)c1-c1ccc(Br)cc1)N1CCC1,中毒,11.099145,114.557335,42.5,3.829123774849324,0.3709932672578321,both<5,True,False,False,,24.137518,9.584325
O=C(c1nnn(C2=[N+](CI)c3ccccc32)c1-c1ccc(Br)cc1)N1CCC1,O=C(c1nnn(C2=[N+](CI)c3ccccc32)c1-c1ccc(Br)cc1)N1CCC1,中毒,2.5744696,29.882605,42.5,16.508254748861667,1.4222320979044496,one>10-other<5,True,True,False,,-18.575148,28.36929
O=C(c1nnn(COF)c1-c1ccc(Br)cc1)N1CCC1,O=C(c1nnn(COF)c1-c1ccc(Br)cc1)N1CCC1,低毒,14.7157955,13.809015,250.0,16.988548121642488,18.104115318869592,both>10,True,False,False,,-5.195435,-34.715332
O=C(c1nnn(CNc2ccc(F)cc2)c1-c1ccc(Br)cc1)N1CCC1,O=C(c1nnn(CNc2ccc(F)cc2)c1-c1ccc(Br)cc1)N1CCC1,中毒,13.415327,16.09387,42.5,3.1680181929221702,2.64075700872444,both<5,True,False,False,,-10.762668,-42.81895
O=C(c1nnn(CN2CCCC2)c1-c1ccc(Br)cc1)N1CCC1,O=C(c1nnn(CN2CCCC2)c1-c1ccc(Br)cc1)N1CCC1,中毒,12.177278,16.651882,42.5,3.4901067381396733,2.5522640624044777,both<5,True,False,False,,-0.4738695,-33.968147
Nc1nc2ccccc2cc1Cn1nnc(C(=O)N2CCC2)c1-c1ccc(Br)cc1,Nc1nc2ccccc2cc1Cn1nnc(C(=O)N2CCC2)c1-c1ccc(Br)cc1,中毒,3.0208683,14.6490555,42.5,14.068802668424837,2.9012109347254507,one>10-other<5,True,True,False,,2.2166262,-22.49595
O=C(c1nnn(NC2=NC2=CCBr)c1-c1ccc(Br)cc1)N1CCC1,O=C(c1nnn(NC2=NC2=CCBr)c1-c1ccc(Br)cc1)N1CCC1,中毒,11.629481,61.243317,42.5,3.654505304234987,0.6939532684031468,both<5,True,False,False,,25.869068,-2.2191882
O=C(c1nnn(C2CC2O)c1-c1ccc(Br)cc1)N1CCC1,O=C(c1nnn(C2CC2O)c1-c1ccc(Br)cc1)N1CCC1,低毒,8.5773,20.843096,250.0,29.14670117636086,11.994379337887231,both>10,True,False,False,,4.3200316,25.685467
O=C(c1nnn(C2CCc3c([nH]c4cnccc34)C(=S)O2)c1-c1ccc(Br)cc1)N1CCC1,O=C(c1nnn(C2CCc3c([nH]c4cnccc34)C(=S)O2)c1-c1ccc(Br)cc1)N1CCC1,中毒,3.3982806,64.70254,42.5,12.506324521877328,0.6568521112154175,one>10-other<5,True,True,False,,-4.062843,25.418905
O=C(c1nnn(C=CNCc2ccccc2)c1-c1ccc(Br)cc1)N1CCC1,O=C(c1nnn(C=CNCc2ccccc2)c1-c1ccc(Br)cc1)N1CCC1,低毒,14.7157955,16.651882,250.0,16.988548121642488,15.013318014143987,both>10,True,False,False,,36.538364,25.437082
C[11I]n1nnc(C(=O)N2CCC2)c1-c1ccc(Br)cc1,C[11I]n1nnc(C(=O)N2CCC2)c1-c1ccc(Br)cc1,中毒,29.805176,127.46572,42.5,1.4259268255956616,0.33342297835057144,both<5,False,False,False,,0.55126816,1.1332356
O=C(c1nnn(-c2cccc(C3CN4C(c5cccc(-c6cn[nH]c6)c5)N4S3(=O)=O)c2O)c1-c1ccc(Br)cc1)N1CCC1,O=C(c1nnn(-c2cccc(C3CN4C(c5cccc(-c6cn[nH]c6)c5)N4S3(=O)=O)c2O)c1-c1ccc(Br)cc1)N1CCC1,中毒,7.6642957,16.348,42.5,5.545193148014892,2.599706386102276,one>5-other<=5,True,False,False,,-24.92528,12.885286
O=C(c1nnn(C(=S)Cl)c1-c1ccc(Br)cc1)N1CCC1,O=C(c1nnn(C(=S)Cl)c1-c1ccc(Br)cc1)N1CCC1,中毒,14.002979,28.018917,42.5,3.035068466502735,1.5168323600801559,both<5,True,False,False,,13.724175,-0.8452704
O=C(c1nnn(CNCl)c1-c1ccc(Br)cc1)N1CCC1,O=C(c1nnn(CNCl)c1-c1ccc(Br)cc1)N1CCC1,低毒,14.7157955,17.816908,250.0,16.988548121642488,14.031615362216607,both>10,True,False,False,,-9.327199,-40.677868
O=C(c1nnn(C2=Cc3sccc32)c1-c1ccc(Br)cc1)N1CCC1,O=C(c1nnn(C2=Cc3sccc32)c1-c1ccc(Br)cc1)N1CCC1,中毒,4.5794477,31.925337,42.5,9.280595125040952,1.3312310532540346,one>5-other<=5,True,True,False,,-17.833286,24.584475
O=C(c1nnn(C=NOCc2ccccc2)c1-c1ccc(Br)cc1)N1CCC1,O=C(c1nnn(C=NOCc2ccccc2)c1-c1ccc(Br)cc1)N1CCC1,低毒,9.972353,13.250632,250.0,25.06930911892108,18.867024606826302,both>10,True,False,False,,36.76852,34.969177
O=C(c1nnn(C2SC2=Nc2ccccc2Br)c1-c1ccc(Br)cc1)N1CCC1,O=C(c1nnn(C2SC2=Nc2ccccc2Br)c1-c1ccc(Br)cc1)N1CCC1,低毒,6.2895627,28.328722,250.0,39.748391410423494,8.824965700888308,both<5,True,False,False,,2.8312511,33.993275
O=C(c1nnn(-c2nccnc2Cl)c1-c1ccc(Br)cc1)N1CCC1,O=C(c1nnn(-c2nccnc2Cl)c1-c1ccc(Br)cc1)N1CCC1,中毒,27.418682,19.29736,42.5,1.550038036109832,2.202373796208393,both<5,False,False,False,,-18.786562,19.731415
O=C(c1nnn(C2=CC=[N+]C=N2)c1-c1ccc(Br)cc1)N1CCC1,O=C(c1nnn(C2=CC=[N+]C=N2)c1-c1ccc(Br)cc1)N1CCC1,中毒,9.180403,14.312071,42.5,4.629426398819311,2.969521322246096,both<5,True,False,False,,-14.907989,2.7990835
O=C(c1nnn(Cc2cc(Br)oc2Br)c1-c1ccc(Br)cc1)N1CCC1,O=C(c1nnn(Cc2cc(Br)oc2Br)c1-c1ccc(Br)cc1)N1CCC1,中毒,3.586003,23.0521,42.5,11.851635372307275,1.8436498193223179,one>10-other<5,True,True,False,,4.4119496,-25.569181
O=C(c1nnn(Cc2cc3occc3s2)c1-c1ccc(Br)cc1)N1CCC1,O=C(c1nnn(Cc2cc3occc3s2)c1-c1ccc(Br)cc1)N1CCC1,中毒,6.917994,15.842161,42.5,6.143399372708331,2.6827148139701396,one>5-other<=5,True,False,False,,6.530478,-25.6509
O=C(c1nnn(Oc2ccccc2)c1-c1ccc(Br)cc1)N1CCC1,O=C(c1nnn(Oc2ccccc2)c1-c1ccc(Br)cc1)N1CCC1,中毒,33.987186,20.31827,42.5,1.2504712805585023,2.0917135169480474,both<5,False,False,False,,24.852806,-12.978799
O=C(c1nnn(C=CNI)c1-c1ccc(Br)cc1)N1CCC1,O=C(c1nnn(C=CNI)c1-c1ccc(Br)cc1)N1CCC1,低毒,14.7157955,25.001862,250.0,16.988548121642488,9.999255255468572,both<5,True,False,False,,34.979275,25.537428
O=C(c1nnn(S(=O)(=O)C(Cl)Cl)c1-c1ccc(Br)cc1)N1CCC1,O=C(c1nnn(S(=O)(=O)C(Cl)Cl)c1-c1ccc(Br)cc1)N1CCC1,中毒,8.978762,79.720116,42.5,4.7333919754193285,0.533115129937844,both<5,True,False,False,,10.177467,-8.862495
O=C(c1nnn(-c2ccc([122I])cc2)c1-c1ccc(Br)cc1)N1CCC1,O=C(c1nnn(-c2ccc([122I])cc2)c1-c1ccc(Br)cc1)N1CCC1,中毒,12.292116,52.997784,42.5,3.4575007264819173,0.8019203218006247,both<5,True,False,False,,-17.923267,7.686021
O=C(c1nnn(-c2cccnc2S)c1-c1ccc(Br)cc1)N1CCC1,O=C(c1nnn(-c2cccnc2S)c1-c1ccc(Br)cc1)N1CCC1,中毒,8.899877,27.31082,42.5,4.775346895243608,1.5561597930783477,both<5,True,False,False,,-30.38471,16.609228
O=C(c1nnn(CC2=C=CON=CC2C=C=[IH])c1-c1ccc(Br)cc1)N1CCC1,O=C(c1nnn(CC2=C=CON=CC2C=C=[IH])c1-c1ccc(Br)cc1)N1CCC1,中毒,9.897185,26.663696,42.5,4.294150306374994,1.5939275635305772,both<5,True,False,False,,3.4706864,-32.905624
O=C(c1nnn(C(CBr)c2noc(CNc3cnsn3)n2)c1-c1ccc(Br)cc1)N1CCC1,O=C(c1nnn(C(CBr)c2noc(CNc3cnsn3)n2)c1-c1ccc(Br)cc1)N1CCC1,中毒,9.667592,15.423365,42.5,4.396130908296502,2.7555595033898244,both<5,True,False,False,,-10.281098,-16.610785
O=C(c1nnn(C23N=C2NS3)c1-c1ccc(Br)cc1)N1CCC1,O=C(c1nnn(C23N=C2NS3)c1-c1ccc(Br)cc1)N1CCC1,中毒,6.347237,19.76402,42.5,6.695826861357155,2.1503722420843534,one>5-other<=5,True,False,False,,6.768605,4.388521
N#Cc1cocc1-n1nnc(C(=O)N2CCC2)c1-c1ccc(Br)cc1,N#Cc1cocc1-n1nnc(C(=O)N2CCC2)c1-c1ccc(Br)cc1,中毒,9.413061,24.126593,42.5,4.515003142973364,1.7615417145719663,both<5,True,False,False,,-24.686392,17.193537
O=C(c1nnn(-c2ccc(OCNCC3CCC3)cc2)c1-c1ccc(Br)cc1)N1CCC1,O=C(c1nnn(-c2ccc(OCNCC3CCC3)cc2)c1-c1ccc(Br)cc1)N1CCC1,中毒,12.72509,48.100784,42.5,3.3398585000184675,0.8835614820748037,both<5,True,False,False,,-16.64124,7.6853456
O=C(c1nnn(N=Cc2cccs2)c1-c1ccc(Br)cc1)N1CCC1,O=C(c1nnn(N=Cc2cccs2)c1-c1ccc(Br)cc1)N1CCC1,中毒,26.244968,52.61498,42.5,1.619358042273094,0.8077547496929581,both<5,False,False,False,,15.991184,21.796377
O=C(c1nnn(CCc2ccco2)c1-c1ccc(Br)cc1)N1CCC1,O=C(c1nnn(CCc2ccco2)c1-c1ccc(Br)cc1)N1CCC1,中毒,17.840372,25.44526,42.5,2.382237321060346,1.670252141263245,both<5,True,False,False,,9.067343,-24.799377
O=C(c1nnn(-c2cc(I)cs2)c1-c1ccc(Br)cc1)N1CCC1,O=C(c1nnn(-c2cc(I)cs2)c1-c1ccc(Br)cc1)N1CCC1,中毒,6.052996,49.828938,42.5,7.021316386133412,0.8529180373059526,one>5-other<=5,True,False,False,,-25.333221,3.6205862
O=C(c1nnn(Cc2cc(I)c3[nH]cnc3c2)c1-c1ccc(Br)cc1)N1CCC1,O=C(c1nnn(Cc2cc(I)c3[nH]cnc3c2)c1-c1ccc(Br)cc1)N1CCC1,中毒,5.816992,16.023626,42.5,7.306181614140092,2.6523334980484443,one>5-other<=5,True,False,False,,1.3515118,-29.086138
O=C(c1nnn(C(=S)NCCBr)c1-c1ccc(Br)cc1)N1CCC1,O=C(c1nnn(C(=S)NCCBr)c1-c1ccc(Br)cc1)N1CCC1,中毒,13.26564,21.380163,42.5,3.2037655175325126,1.9878239468988146,both<5,True,False,False,,16.144464,-1.8903558
O=C(c1nnn(Cn2ccnc2)c1-c1ccc(Br)cc1)N1CCC1,O=C(c1nnn(Cn2ccnc2)c1-c1ccc(Br)cc1)N1CCC1,低毒,11.713761,14.1541815,250.0,21.34241939885917,17.662624998838684,both>10,True,False,False,,-11.183542,-27.394012
O=C(c1nnn(C(=S)Br)c1-c1ccc(Br)cc1)N1CCC1,O=C(c1nnn(C(=S)Br)c1-c1ccc(Br)cc1)N1CCC1,低毒,14.002979,23.372,250.0,17.853343920604324,10.696559986308403,both>10,True,False,False,,14.686318,-0.43829888
O=C(c1nnn(C2[121C]CO2)c1-c1ccc(Br)cc1)N1CCC1,O=C(c1nnn(C2[121C]CO2)c1-c1ccc(Br)cc1)N1CCC1,中毒,8.009159,21.611603,42.5,5.306424806899201,1.966536216679531,one>5-other<=5,True,False,False,,-1.670894,27.291382
O=C(c1nnn(-c2ccc3c(c2)SC(F)CN3Br)c1-c1ccc(Br)cc1)N1CCC1,O=C(c1nnn(-c2ccc3c(c2)SC(F)CN3Br)c1-c1ccc(Br)cc1)N1CCC1,中毒,6.608234,26.32129,42.5,6.431370317697588,1.614662503243572,one>5-other<=5,True,False,False,,-20.707462,6.950858
O=C(c1nnn([123I])c1-c1ccc(Br)cc1)N1CCC1,O=C(c1nnn([123I])c1-c1ccc(Br)cc1)N1CCC1,低毒,52.13683,45.58551,250.0,4.795074806044019,5.48419881668539,one>5-other<=5,False,False,False,,1.389009,5.820186
O=C(c1nnn(CC=C2OS2(=O)=O)c1-c1ccc(Br)cc1)N1CCC1,O=C(c1nnn(CC=C2OS2(=O)=O)c1-c1ccc(Br)cc1)N1CCC1,中毒,10.273835,22.369738,42.5,4.136722071164273,1.8998881435267592,both<5,True,False,False,,9.475362,-35.378323
[2H][N+]([2H])(Br)N1CC1Cn1nnc(C(=O)N2CCC2)c1-c1ccc(Br)cc1,[2H][N+]([2H])(Br)N1CC1Cn1nnc(C(=O)N2CCC2)c1-c1ccc(Br)cc1,中毒,14.7157955,26.660154,42.5,2.8880531806792233,1.5941393286775463,both<5,True,False,False,,0.560177,-36.852474
O=C(c1nnn(C23C(=CO)N4c5ccc(Br)cc5SC(Cc5ccccc52)C43)c1-c1ccc(Br)cc1)N1CCC1,O=C(c1nnn(C23C(=CO)N4c5ccc(Br)cc5SC(Cc5ccccc52)C43)c1-c1ccc(Br)cc1)N1CCC1,中毒,3.4448814,15.95398,42.5,12.33714461113233,2.663912077111793,one>10-other<5,True,True,False,,6.6772738,7.7829347
O=C(c1nnn(C=C=NNc2ccccc2)c1-c1ccc(Br)cc1)N1CCC1,O=C(c1nnn(C=C=NNc2ccccc2)c1-c1ccc(Br)cc1)N1CCC1,中毒,14.7157955,22.538069,42.5,2.8880531806792233,1.8856983710538822,both<5,True,False,False,,29.681814,28.473314
O=C(c1nnn(C23CCC4CC(CC(C4)C2)C3)c1-c1ccc(Br)cc1)N1CCC1,O=C(c1nnn(C23CCC4CC(CC(C4)C2)C3)c1-c1ccc(Br)cc1)N1CCC1,中毒,9.875283,22.477419,42.5,4.303674132680552,1.8907864822024272,both<5,True,False,False,,10.428978,8.143747
O=C(c1nnn(C=CNC(S)Cc2c[nH]c3ccccc23)c1-c1ccc(Br)cc1)N1CCC1,O=C(c1nnn(C=CNC(S)Cc2c[nH]c3ccccc23)c1-c1ccc(Br)cc1)N1CCC1,中毒,6.808969,15.326535,42.5,6.241767292522553,2.7729685803085955,one>5-other<=5,True,False,False,,39.39873,26.02731
O=C(c1nnn(-c2no[n+]([O-])c2Br)c1-c1ccc(Br)cc1)N1CCC1,O=C(c1nnn(-c2no[n+]([O-])c2Br)c1-c1ccc(Br)cc1)N1CCC1,中毒,13.682494,18.848907,42.5,3.106158862558244,2.254772650743091,both<5,True,False,False,,-10.030272,20.36343
O=C(c1nnn(S(=O)(=O)C2CCCCC2)c1-c1ccc(Br)cc1)N1CCC1,O=C(c1nnn(S(=O)(=O)C2CCCCC2)c1-c1ccc(Br)cc1)N1CCC1,中毒,5.650284,72.397064,42.5,7.521745809591164,0.5870403805325586,one>5-other<=5,True,False,False,,13.011371,-9.223242
O=C(c1nnn([114I])c1-c1ccc(Br)cc1)N1CCC1,O=C(c1nnn([114I])c1-c1ccc(Br)cc1)N1CCC1,低毒,52.13683,45.58551,250.0,4.795074806044019,5.48419881668539,one>5-other<=5,False,False,False,,0.0062911976,4.576148
O=C(c1nnn(C2CN2CCBr)c1-c1ccc(Br)cc1)N1CCC1,O=C(c1nnn(C2CN2CCBr)c1-c1ccc(Br)cc1)N1CCC1,中毒,13.26564,24.00193,42.5,3.2037655175325126,1.7706909402702198,both<5,True,False,False,,1.6599137,19.969646
O=C(c1nnn(C2=NN3CC2CS3)c1-c1ccc(Br)cc1)N1CCC1,O=C(c1nnn(C2=NN3CC2CS3)c1-c1ccc(Br)cc1)N1CCC1,中毒,9.354598,17.82242,42.5,4.543220350035352,2.3846368787179295,both<5,True,False,False,,-17.045132,2.699226
CCC12CC[SH]1(n1nnc(C(=O)N3CCC3)c1-c1ccc(Br)cc1)=NC2,CCC12CC[SH]1(n1nnc(C(=O)N3CCC3)c1-c1ccc(Br)cc1)=NC2,中毒,10.179511,29.344908,42.5,4.175053202457367,1.4482921534461788,both<5,True,False,False,,2.1172643,1.6655997
O=C(c1nnn(C(c2cccc(F)c2F)c2nncc3ccccc23)c1-c1ccc(Br)cc1)N1CCC1,O=C(c1nnn(C(c2cccc(F)c2F)c2nncc3ccccc23)c1-c1ccc(Br)cc1)N1CCC1,中毒,15.22562,14.578424,42.5,2.7913477415041226,2.9152671098055594,both<5,True,False,False,,-10.146446,-11.386413
O=C(c1nnn(N2CCCC2)c1-c1ccc(Br)cc1)N1CCC1,O=C(c1nnn(N2CCCC2)c1-c1ccc(Br)cc1)N1CCC1,中毒,27.450092,33.172127,42.5,1.5482643919736225,1.2811961078046035,both<5,False,False,False,,-2.351737,-2.5068235
O=C(c1nnn(CCCOS(=O)(=O)CI)c1-c1ccc(Br)cc1)N1CCC1,O=C(c1nnn(CCCOS(=O)(=O)CI)c1-c1ccc(Br)cc1)N1CCC1,低毒,14.7157955,20.843096,250.0,16.988548121642488,11.994379337887231,both>10,True,False,False,,-1.3287446,-43.57507
O=C(c1nnn(C(Br)c2cnccn2)c1-c1ccc(Br)cc1)N1CCC1,O=C(c1nnn(C(Br)c2cnccn2)c1-c1ccc(Br)cc1)N1CCC1,中毒,5.745936,21.393742,42.5,7.396532088070594,1.986562238620995,one>5-other<=5,True,False,False,,-8.4287405,-12.31954
O=C(c1nnn(C=NI)c1-c1ccc(Br)cc1)N1CCC1,O=C(c1nnn(C=NI)c1-c1ccc(Br)cc1)N1CCC1,低毒,8.773093,16.617321,250.0,28.496221344057336,15.044542980183147,both>10,True,False,False,,31.649578,32.67118
O=C(c1nnn(C=NO)c1-c1ccc(Br)cc1)N1CCC1,O=C(c1nnn(C=NO)c1-c1ccc(Br)cc1)N1CCC1,低毒,9.972353,16.617321,250.0,25.06930911892108,15.044542980183147,both>10,True,False,False,,31.594414,32.944912
O=C(c1nnn(S#[SH])c1-c1ccc(Br)cc1)N1CCC1,O=C(c1nnn(S#[SH])c1-c1ccc(Br)cc1)N1CCC1,低毒,9.197273,92.90239,250.0,27.181970133973408,2.6909964318463713,one>10-other<5,True,False,False,,19.031914,8.337309
O=C(c1nnn(OS(=O)(=O)c2ccc(C(F)(F)F)cc2)c1-c1ccc(Br)cc1)N1CCC1,O=C(c1nnn(OS(=O)(=O)c2ccc(C(F)(F)F)cc2)c1-c1ccc(Br)cc1)N1CCC1,中毒,16.597414,14.344612,42.5,2.5606398683553957,2.962784911854012,both<5,True,False,False,,18.361616,-12.832975
O=C(c1nnn(COc2ccc(OC(F)(F)Cl)cc2)c1-c1ccc(Br)cc1)N1CCC1,O=C(c1nnn(COc2ccc(OC(F)(F)Cl)cc2)c1-c1ccc(Br)cc1)N1CCC1,低毒,7.417796,12.146331,250.0,33.70273326470558,20.582347047845147,both>10,True,False,False,,-6.9684143,-35.15138
O=C(c1nnn(C2=CC3=CN=CC=CC32c2ccc(O)cc2)c1-c1ccc(Br)cc1)N1CCC1,O=C(c1nnn(C2=CC3=CN=CC=CC32c2ccc(O)cc2)c1-c1ccc(Br)cc1)N1CCC1,中毒,16.631933,17.80316,42.5,2.5553253491341024,2.387216651425927,both<5,True,False,False,,-17.389238,5.6103406
O=C(c1nnn(C2=CS(c3cccs3)=CC2Br)c1-c1ccc(Br)cc1)N1CCC1,O=C(c1nnn(C2=CS(c3cccs3)=CC2Br)c1-c1ccc(Br)cc1)N1CCC1,中毒,14.02864,18.434204,42.5,3.029516759999544,2.305496890454288,both<5,True,False,False,,-26.596184,5.0596204
O=C(c1nnn(-c2c(Br)n(Nc3ccc(Br)cc3)c3csc(-c4ccncc4)c23)c1-c1ccc(Br)cc1)N1CCC1,O=C(c1nnn(-c2c(Br)n(Nc3ccc(Br)cc3)c3csc(-c4ccncc4)c23)c1-c1ccc(Br)cc1)N1CCC1,中毒,4.996257,29.599339,42.5,8.506367866985226,1.4358428747344663,one>5-other<=5,True,False,False,,-23.324785,5.6603494
O=C(c1nnn([14C]P(=O)(CI)Oc2ccccc2)c1-c1ccc(Br)cc1)N1CCC1,O=C(c1nnn([14C]P(=O)(CI)Oc2ccccc2)c1-c1ccc(Br)cc1)N1CCC1,中毒,11.057361,11.336774,42.5,3.843593421612987,3.7488618896345645,both<5,True,False,False,,-0.09305376,-7.504124
O=C(c1nnn(-c2c(O)c(Br)c[s+]2Br)c1-c1ccc(Br)cc1)N1CCC1,O=C(c1nnn(-c2c(O)c(Br)c[s+]2Br)c1-c1ccc(Br)cc1)N1CCC1,中毒,6.515525,53.326653,42.5,6.522881885957003,0.7969748260780589,one>5-other<=5,True,False,False,,-15.065753,6.1216383
O=C(c1nnn(C=C(CCl)Nc2nsnc2-c2nc3ccccc3s2)c1-c1ccc(Br)cc1)N1CCC1,O=C(c1nnn(C=C(CCl)Nc2nsnc2-c2nc3ccccc3s2)c1-c1ccc(Br)cc1)N1CCC1,中毒,5.4657707,15.31561,42.5,7.775664646890511,2.7749466067626427,one>5-other<=5,True,False,False,,28.170317,27.040964
O=C(c1nnn(S(=O)(=O)C2N=CC=N2)c1-c1ccc(Br)cc1)N1CCC1,O=C(c1nnn(S(=O)(=O)C2N=CC=N2)c1-c1ccc(Br)cc1)N1CCC1,中毒,7.7232447,58.33449,42.5,5.502868502923389,0.7285569823272647,one>5-other<=5,True,False,False,,12.997892,-9.112853
O=C(c1nnn(-c2cc(=O)oc3ccsc23)c1-c1ccc(Br)cc1)N1CCC1,O=C(c1nnn(-c2cc(=O)oc3ccsc23)c1-c1ccc(Br)cc1)N1CCC1,中毒,7.02221,39.61578,42.5,6.052225723810595,1.0728048267634767,one>5-other<=5,True,False,False,,-28.794235,7.4801254
O=C(c1nnn(SCCCl)c1-c1ccc(Br)cc1)N1CCC1,O=C(c1nnn(SCCCl)c1-c1ccc(Br)cc1)N1CCC1,低毒,8.13859,75.83646,250.0,30.717851618032114,3.2965673766945343,one>10-other<5,True,False,False,,21.018845,6.418125
O=C(c1nnn(CCNc2ccn(-c3nc4ccc(Cl)cc4s3)c2)c1-c1ccc(Br)cc1)N1CCC1,O=C(c1nnn(CCNc2ccn(-c3nc4ccc(Cl)cc4s3)c2)c1-c1ccc(Br)cc1)N1CCC1,中毒,9.130998,33.789352,42.5,4.654474790159849,1.2577926916148021,both<5,True,False,False,,-10.554826,-45.96389
O=C(c1nnn(Cc2cn(-c3ccccc3)nc2-c2ccccn2)c1-c1ccc(Br)cc1)N1CCC1,O=C(c1nnn(Cc2cn(-c3ccccc3)nc2-c2ccccn2)c1-c1ccc(Br)cc1)N1CCC1,中毒,13.689534,26.764051,42.5,3.104561484707953,1.5879509421051397,both<5,True,False,False,,3.378649,-22.674284
O=C(c1nnn(N=Cc2c[nH]cc2Br)c1-c1ccc(Br)cc1)N1CCC1,O=C(c1nnn(N=Cc2c[nH]cc2Br)c1-c1ccc(Br)cc1)N1CCC1,中毒,4.8593864,118.13047,42.5,8.745960189541625,0.359771699884035,one>5-other<=5,True,True,False,,18.541233,21.553541
O=C(c1nnn(-c2nc(-c3ccc(F)cc3)cs2)c1-c1ccc(Br)cc1)N1CCC1,O=C(c1nnn(-c2nc(-c3ccc(F)cc3)cs2)c1-c1ccc(Br)cc1)N1CCC1,中毒,10.091483,21.230272,42.5,4.211472188973612,2.0018584783087094,both<5,True,False,False,,-23.92621,-4.6583643
O=C(c1nnn(-c2coc(Cl)c2Cl)c1-c1ccc(Br)cc1)N1CCC1,O=C(c1nnn(-c2coc(Cl)c2Cl)c1-c1ccc(Br)cc1)N1CCC1,中毒,4.4872713,11.1632805,42.5,9.471234779140723,3.8071246171768234,one>5-other<=5,True,True,False,,-28.896467,19.292665
O=C(c1nnn(C(CCl)(On2cncn2)c2ccccn2)c1-c1ccc(Br)cc1)N1CCC1,O=C(c1nnn(C(CCl)(On2cncn2)c2ccccn2)c1-c1ccc(Br)cc1)N1CCC1,中毒,2.763271,23.717396,42.5,15.3803228130719,1.7919336507262433,one>10-other<5,True,True,False,,2.311399,-4.5006247
O=C(c1nnn(C2=NC=NNC2S)c1-c1ccc(Br)cc1)N1CCC1,O=C(c1nnn(C2=NC=NNC2S)c1-c1ccc(Br)cc1)N1CCC1,中毒,6.581856,22.478844,42.5,6.457145218613109,1.8906666196891622,one>5-other<=5,True,False,False,,-13.278226,4.6482115
O=C(c1nnn(C2NCc3c4cnc(Cl)c3NS(=O)(=O)C42)c1-c1ccc(Br)cc1)N1CCC1,O=C(c1nnn(C2NCc3c4cnc(Cl)c3NS(=O)(=O)C42)c1-c1ccc(Br)cc1)N1CCC1,中毒,4.4134884,19.186583,42.5,9.62957102141698,2.2150895758770597,one>5-other<=5,True,True,False,,5.002216,28.602358
NS(=O)(=O)Nn1nnc(C(=O)N2CCC2)c1-c1ccc(Br)cc1,NS(=O)(=O)Nn1nnc(C(=O)N2CCC2)c1-c1ccc(Br)cc1,中毒,11.333333,24.50958,42.5,3.750000110294121,1.7340158419687322,both<5,True,False,False,,22.75119,-2.312072
O=C(c1nnn(NCCCOc2ccon2)c1-c1ccc(Br)cc1)N1CCC1,O=C(c1nnn(NCCCOc2ccon2)c1-c1ccc(Br)cc1)N1CCC1,中毒,23.238869,52.190636,42.5,1.8288325477457616,0.8143223240276283,both<5,False,False,False,,26.456514,-4.0096474
O=C(c1nnn(CC[S+]2CC2)c1-c1ccc(Br)cc1)N1CCC1,O=C(c1nnn(CC[S+]2CC2)c1-c1ccc(Br)cc1)N1CCC1,低毒,14.7157955,35.090282,250.0,16.988548121642488,7.124479649379848,both<5,True,False,False,,1.883346,-41.407578
O=C(c1nnn(C2=Cc3ssc3C2)c1-c1ccc(Br)cc1)N1CCC1,O=C(c1nnn(C2=Cc3ssc3C2)c1-c1ccc(Br)cc1)N1CCC1,中毒,11.704065,15.949178,42.5,3.63121701733543,2.6647141313489637,both<5,True,False,False,,-18.500391,4.1208057
O=C(c1nnn([N+](=O)S(=O)(=O)N[N+](=O)[O-])c1-c1ccc(Br)cc1)N1CCC1,O=C(c1nnn([N+](=O)S(=O)(=O)N[N+](=O)[O-])c1-c1ccc(Br)cc1)N1CCC1,中毒,7.5118675,20.391367,42.5,5.657714276776048,2.084215344660316,one>5-other<=5,True,False,False,,14.059523,10.4004755
O=C(c1nnn(C=Cc2c(F)cccc2Cl)c1-c1ccc(Br)cc1)N1CCC1,O=C(c1nnn(C=Cc2c(F)cccc2Cl)c1-c1ccc(Br)cc1)N1CCC1,中毒,15.667969,15.577059,42.5,2.712540470306011,2.7283712541629326,both<5,True,False,False,,33.56348,22.303507
O=C(c1nnn(C[PH]2=NC3Nc4cccn4Nc4cc(Br)ccc4N=C32)c1-c1ccc(Br)cc1)N1CCC1,O=C(c1nnn(C[PH]2=NC3Nc4cccn4Nc4cc(Br)ccc4N=C32)c1-c1ccc(Br)cc1)N1CCC1,中毒,3.7822757,21.764784,42.5,11.236621381143632,1.9526956941084277,one>10-other<5,True,True,False,,1.9176176,-37.14535
O=C(c1nnn(Cc2ccnc(Oc3c[nH]nn3)c2-c2cncs2)c1-c1ccc(Br)cc1)N1CCC1,O=C(c1nnn(Cc2ccnc(Oc3c[nH]nn3)c2-c2cncs2)c1-c1ccc(Br)cc1)N1CCC1,中毒,9.810173,8.742301,42.5,4.332237566044961,4.861420351461246,both<5,True,False,False,,-1.6652771,-27.368525
O=C(c1nnn(CC=Cc2c[nH]c3cccnc23)c1-c1ccc(Br)cc1)N1CCC1,O=C(c1nnn(CC=Cc2c[nH]c3cccnc23)c1-c1ccc(Br)cc1)N1CCC1,中毒,11.223214,35.38804,42.5,3.786794050260469,1.2009707234421574,both<5,True,False,False,,12.415931,-39.64979
O=C(c1nnn(C2=CC=C3C=CC(N=Nc4ccon4)=NC32F)c1-c1ccc(Br)cc1)N1CCC1,O=C(c1nnn(C2=CC=C3C=CC(N=Nc4ccon4)=NC32F)c1-c1ccc(Br)cc1)N1CCC1,中毒,9.684411,14.009461,42.5,4.388496109882159,3.0336641788003122,both<5,True,False,False,,-11.987577,15.641789
O=C(c1nnn(CNc2ccsc2Cl)c1-c1ccc(Br)cc1)N1CCC1,O=C(c1nnn(CNc2ccsc2Cl)c1-c1ccc(Br)cc1)N1CCC1,中毒,20.46231,19.666359,42.5,2.0769893526195236,2.1610507567770934,both<5,False,False,False,,-9.7468605,-38.719826
O=C(c1nnn(-c2c3c(-c4nccn4CO)c-3cc3conc3cc3c4[nH]c=4ccsc23)c1-c1ccc(Br)cc1)N1CCC1,O=C(c1nnn(-c2c3c(-c4nccn4CO)c-3cc3conc3cc3c4[nH]c=4ccsc23)c1-c1ccc(Br)cc1)N1CCC1,中毒,2.83125,26.235914,42.5,15.01103752759382,1.6199168818742125,one>10-other<5,True,True,False,,-30.357607,6.1595793
O=C(c1nnn(-c2cc(F)c(Br)cc2Br)c1-c1ccc(Br)cc1)N1CCC1,O=C(c1nnn(-c2cc(F)c(Br)cc2Br)c1-c1ccc(Br)cc1)N1CCC1,中毒,4.79636,27.31082,42.5,8.860886172013776,1.5561597930783477,one>5-other<=5,True,True,False,,-28.064493,12.046932
O=C(c1nnn(-c2ccc3occ(Cc4ccnc5ccccc45)c3n2)c1-c1ccc(Br)cc1)N1CCC1,O=C(c1nnn(-c2ccc3occ(Cc4ccnc5ccccc45)c3n2)c1-c1ccc(Br)cc1)N1CCC1,中毒,4.1096053,31.744123,42.5,10.341625751747983,1.3388304978530987,one>10-other<5,True,True,False,,-16.433397,16.800573
O=C(c1nnn(S(=O)(=O)C(F)(F)CN[SH](=O)(C=S)c2ccccc2)c1-c1ccc(Br)cc1)N1CCC1,O=C(c1nnn(S(=O)(=O)C(F)(F)CN[SH](=O)(C=S)c2ccccc2)c1-c1ccc(Br)cc1)N1CCC1,中毒,11.777148,76.28609,42.5,3.6086835284739562,0.5571133610334466,both<5,True,False,False,,10.435359,-12.335239
O=C(c1nnn(-c2ncc([123I])s2)c1-c1ccc(Br)cc1)N1CCC1,O=C(c1nnn(-c2ncc([123I])s2)c1-c1ccc(Br)cc1)N1CCC1,中毒,14.810587,20.282017,42.5,2.8695689104017283,2.095452340859393,both<5,True,False,False,,-24.242565,-1.1816201
O=C(c1nnn([SH]23=NC2=NC=NO3)c1-c1ccc(Br)cc1)N1CCC1,O=C(c1nnn([SH]23=NC2=NC=NO3)c1-c1ccc(Br)cc1)N1CCC1,中毒,6.6893587,34.40366,42.5,6.353374352611709,1.2353336825209875,one>5-other<=5,True,False,False,,-2.284839,3.540842
O=C(c1nnn(C23SSSC2ON=C3c2cc(I)cs2)c1-c1ccc(Br)cc1)N1CCC1,O=C(c1nnn(C23SSSC2ON=C3c2cc(I)cs2)c1-c1ccc(Br)cc1)N1CCC1,中毒,2.8322,14.2372675,42.5,15.006002400960385,2.9851233742710814,one>10-other<5,True,True,False,,-2.5900176,-8.714786
O=C(c1nnn(C23CC4CC(CC2C4)C3)c1-c1ccc(Br)cc1)N1CCC1,O=C(c1nnn(C23CC4CC(CC2C4)C3)c1-c1ccc(Br)cc1)N1CCC1,中毒,9.875283,22.477419,42.5,4.303674132680552,1.8907864822024272,both<5,True,False,False,,9.123837,8.015186
O=C(c1nnn(CCNC[SH](=O)=O)c1-c1ccc(Br)cc1)N1CCC1,O=C(c1nnn(CCNC[SH](=O)=O)c1-c1ccc(Br)cc1)N1CCC1,低毒,14.7157955,29.281906,250.0,16.988548121642488,8.537695599459953,both<5,True,False,False,,-5.994214,-47.04972
[C-][N+]=Cn1nnc(C(=O)N2CCC2)c1-c1ccc(Br)cc1,[C-][N+]=Cn1nnc(C(=O)N2CCC2)c1-c1ccc(Br)cc1,低毒,11.124961,16.617321,250.0,22.471988890567793,15.044542980183147,both>10,True,False,False,,33.536438,28.896889
[N-]=Cn1nnc(C(=O)N2CCC2)c1-c1ccc(Br)cc1,[N-]=Cn1nnc(C(=O)N2CCC2)c1-c1ccc(Br)cc1,低毒,9.972353,16.617321,250.0,25.06930911892108,15.044542980183147,both>10,True,False,False,,32.389194,27.288685
O=C(c1nnn(CCN=Nc2ccncc2)c1-c1ccc(Br)cc1)N1CCC1,O=C(c1nnn(CCN=Nc2ccncc2)c1-c1ccc(Br)cc1)N1CCC1,中毒,12.388913,25.130816,42.5,3.430486597169582,1.691150816591073,both<5,True,False,False,,5.562316,-46.16737
O=C(c1nnn(NSCc2ccc3ccccc3c2Br)c1-c1ccc(Br)cc1)N1CCC1,O=C(c1nnn(NSCc2ccc3ccccc3c2Br)c1-c1ccc(Br)cc1)N1CCC1,中毒,24.070057,25.981153,42.5,1.765679242055804,1.6358011517040834,both<5,False,False,False,,-21.83299,-11.61427
O=C(c1nnn(-c2cc(Cl)on2)c1-c1ccc(Br)cc1)N1CCC1,O=C(c1nnn(-c2cc(Cl)on2)c1-c1ccc(Br)cc1)N1CCC1,中毒,3.5195906,12.132093,42.5,12.075268072371827,3.503105358654933,one>10-other<5,True,True,False,,-12.073972,14.236662
O=C(c1nnn(-c2ccccc2SC2CCNS2(=O)=O)c1-c1ccc(Br)cc1)N1CCC1,O=C(c1nnn(-c2ccccc2SC2CCNS2(=O)=O)c1-c1ccc(Br)cc1)N1CCC1,中毒,12.829126,22.741465,42.5,3.3127743854101985,1.8688329885519688,both<5,True,False,False,,-25.257675,15.616181
O=C(c1nnn(-c2cccc3[nH]cnc23)c1-c1ccc(Br)cc1)N1CCC1,O=C(c1nnn(-c2cccc3[nH]cnc23)c1-c1ccc(Br)cc1)N1CCC1,中毒,16.688135,20.19103,42.5,2.5467195705212116,2.104895094504837,both<5,True,False,False,,-30.540916,14.9149065
O=C(c1nnn([N+]([O-])=S)c1-c1ccc(Br)cc1)N1CCC1,O=C(c1nnn([N+]([O-])=S)c1-c1ccc(Br)cc1)N1CCC1,中毒,52.13683,47.18668,42.5,0.8151627170274832,0.9006779031709795,both<5,False,False,False,,14.5695715,9.889221
O=C(c1nnn([14C]c2ccc(Cl)cc2)c1-c1ccc(Br)cc1)N1CCC1,O=C(c1nnn([14C]c2ccc(Cl)cc2)c1-c1ccc(Br)cc1)N1CCC1,中毒,9.096299,15.842161,42.5,4.672229881625483,2.6827148139701396,both<5,True,False,False,,-1.7692996,1.136778
N=[N+]=NCn1nnc(C(=O)N2CCC2)c1-c1ccc(Br)cc1,N=[N+]=NCn1nnc(C(=O)N2CCC2)c1-c1ccc(Br)cc1,低毒,9.154928,16.09387,250.0,27.30769701301856,15.533864757202588,both>10,True,False,False,,5.8667707,-35.91324
O=C(c1nnn(-c2sccc2-c2ccc([N+](=O)[O-])cc2)c1-c1ccc(Br)cc1)N1CCC1,O=C(c1nnn(-c2sccc2-c2ccc([N+](=O)[O-])cc2)c1-c1ccc(Br)cc1)N1CCC1,中毒,4.2969513,30.944326,42.5,9.89073346025588,1.3734343414039782,one>5-other<=5,True,True,False,,-21.144455,24.756546
O=C(c1nnn(COc2ccc(CSP(=O)(O)OS(=O)(=O)O)cc2)c1-c1ccc(Br)cc1)N1CCC1,O=C(c1nnn(COc2ccc(CSP(=O)(O)OS(=O)(=O)O)cc2)c1-c1ccc(Br)cc1)N1CCC1,低毒,8.449985,14.419208,250.0,29.585851335830775,17.33798416667545,both>10,True,False,False,,-7.57947,-35.46971
O=C(c1nnn([IH]c2ccccc2)c1-c1ccc(Br)cc1)N1CCC1,O=C(c1nnn([IH]c2ccccc2)c1-c1ccc(Br)cc1)N1CCC1,中毒,52.13683,60.556,42.5,0.8151627170274832,0.7018297113415681,both<5,False,False,False,,-3.4880915,6.434329
O=C(c1nnn(Cc2cnccn2)c1-c1ccc(Br)cc1)N1CCC1,O=C(c1nnn(Cc2cnccn2)c1-c1ccc(Br)cc1)N1CCC1,中毒,8.425508,11.840641,42.5,5.044206236585378,3.589332705889825,one>5-other<=5,True,False,False,,-1.3920119,-28.418667
N#Cc1ccccc1-n1nnc(C(=O)N2CCC2)c1-c1ccc(Br)cc1,N#Cc1ccccc1-n1nnc(C(=O)N2CCC2)c1-c1ccc(Br)cc1,中毒,11.923352,33.2783,42.5,3.5644338940928693,1.2771085061436431,both<5,True,False,False,,-25.05097,16.96743
O=C(c1nnn([SH](CI)c2ccc(I)nc2)c1-c1ccc(Br)cc1)N1CCC1,O=C(c1nnn([SH](CI)c2ccc(I)nc2)c1-c1ccc(Br)cc1)N1CCC1,中毒,15.128932,65.863365,42.5,2.8091870596020923,0.6452752603818527,both<5,True,False,False,,7.1266994,-2.1542635
O=C(c1nnn(-c2cc(Br)c(O)cc2Br)c1-c1ccc(Br)cc1)N1CCC1,O=C(c1nnn(-c2cc(Br)c(O)cc2Br)c1-c1ccc(Br)cc1)N1CCC1,中毒,6.971778,28.409443,42.5,6.096005925604631,1.4959814594041847,one>5-other<=5,True,False,False,,-27.794113,11.548642
O=C(c1nnn(C2=NCCSC2)c1-c1ccc(Br)cc1)N1CCC1,O=C(c1nnn(C2=NCCSC2)c1-c1ccc(Br)cc1)N1CCC1,低毒,9.384396,24.869268,250.0,26.639967026114412,10.052567691176113,both>10,True,False,False,,-19.56804,1.4332534
O=C(c1nnn(CCC(F)Br)c1-c1ccc(Br)cc1)N1CCC1,O=C(c1nnn(CCC(F)Br)c1-c1ccc(Br)cc1)N1CCC1,低毒,14.7157955,20.66404,250.0,16.988548121642488,12.098311849957705,both>10,True,False,False,,-3.3368282,-43.8779
O=C(c1nnn(CCc2ccsc2)c1-c1ccc(Br)cc1)N1CCC1,O=C(c1nnn(CCc2ccsc2)c1-c1ccc(Br)cc1)N1CCC1,中毒,14.7157955,23.908426,42.5,2.8880531806792233,1.7776159752214555,both<5,True,False,False,,-6.5907874,-38.129787
O=C(c1nnn(C=CNc2ccco2)c1-c1ccc(Br)cc1)N1CCC1,O=C(c1nnn(C=CNc2ccco2)c1-c1ccc(Br)cc1)N1CCC1,低毒,17.840372,22.538069,250.0,14.013160712119682,11.092343359140484,both>10,True,False,False,,31.605913,23.411495
O=C(c1nnn(C(=O)Cl)c1-c1ccc(Br)cc1)N1CCC1,O=C(c1nnn(C(=O)Cl)c1-c1ccc(Br)cc1)N1CCC1,低毒,10.66633,18.145395,250.0,23.438239769442724,13.777600322285627,both>10,True,False,False,,12.660818,-0.7582221
O=C(c1nnn(CN2C3CCCN2CC3)c1-c1ccc(Br)cc1)N1CCC1,O=C(c1nnn(CN2C3CCCN2CC3)c1-c1ccc(Br)cc1)N1CCC1,中毒,15.185098,25.001862,42.5,2.798796556992915,1.6998733934296575,both<5,True,False,False,,-0.9089078,-33.922523
O=C(c1nnn(C2=NCC=N2)c1-c1ccc(Br)cc1)N1CCC1,O=C(c1nnn(C2=NCC=N2)c1-c1ccc(Br)cc1)N1CCC1,中毒,4.9301677,25.040358,42.5,8.620396421809343,1.6972600791090926,one>5-other<=5,True,True,False,,-12.628417,3.0197318
O=C(c1nnn(Cc2ccncc2)c1-c1ccc(Br)cc1)N1CCC1,O=C(c1nnn(Cc2ccncc2)c1-c1ccc(Br)cc1)N1CCC1,中毒,9.096299,15.842161,42.5,4.672229881625483,2.6827148139701396,both<5,True,False,False,,-0.093053065,-28.463873
O=C(c1nnn(C2SC=CC3C2CC32CCCCCS2)c1-c1ccc(Br)cc1)N1CCC1,O=C(c1nnn(C2SC=CC3C2CC32CCCCCS2)c1-c1ccc(Br)cc1)N1CCC1,中毒,7.449511,29.72735,42.5,5.705072453748977,1.4296598923213808,one>5-other<=5,True,False,False,,1.563604,27.925606
O=C(c1nnn(C23CCC2NN3)c1-c1ccc(Br)cc1)N1CCC1,O=C(c1nnn(C23CCC2NN3)c1-c1ccc(Br)cc1)N1CCC1,中毒,10.179511,18.766386,42.5,4.175053202457367,2.2646875109570908,both<5,True,False,False,,7.2137246,5.6510215
O=C(c1nnn(ON=CNc2nn3c(Cc4ccccc4)nc4cc(Cl)ccc4n23)c1-c1ccc(Br)cc1)N1CCC1,O=C(c1nnn(ON=CNc2nn3c(Cc4ccccc4)nc4cc(Cl)ccc4n23)c1-c1ccc(Br)cc1)N1CCC1,中毒,8.267466,36.832535,42.5,5.140631966312289,1.153871163089915,one>5-other<=5,True,False,False,,24.449913,-16.376663
O=C(c1nnn(-c2cscc2Br)c1-c1ccc(Br)cc1)N1CCC1,O=C(c1nnn(-c2cscc2Br)c1-c1ccc(Br)cc1)N1CCC1,中毒,11.689742,33.677425,42.5,3.635666210597291,1.261972968539014,both<5,True,False,False,,-26.92175,9.471438
O=C(c1nnn(C=Nn2oc3c2=CC2=CC4=NC(=NC=CN=3)C=CC=CC=C24)c1-c1ccc(Br)cc1)N1CCC1,O=C(c1nnn(C=Nn2oc3c2=CC2=CC4=NC(=NC=CN=3)C=CC=CC=C24)c1-c1ccc(Br)cc1)N1CCC1,中毒,6.207752,28.230854,42.5,6.846278652884329,1.5054450708434113,one>5-other<=5,True,False,False,,32.513638,31.325195
[N-][S+]n1nnc(C(=O)N2CCC2)c1-c1ccc(Br)cc1,[N-][S+]n1nnc(C(=O)N2CCC2)c1-c1ccc(Br)cc1,低毒,11.90429,41.466076,250.0,21.00083247299923,6.029024786430237,both<5,True,False,False,,0.39344278,12.674547
Nc1c(-n2nnc(C(=O)N3CCC3)c2-c2ccc(Br)cc2)nc[s+]1[O-],Nc1c(-n2nnc(C(=O)N3CCC3)c2-c2ccc(Br)cc2)nc[s+]1[O-],中毒,7.977609,26.920568,42.5,5.327410756781887,1.5787185470975205,one>5-other<=5,True,False,False,,-16.479422,19.192738
O=C(c1nnn(COO)c1-c1ccc(Br)cc1)N1CCC1,O=C(c1nnn(COO)c1-c1ccc(Br)cc1)N1CCC1,低毒,14.7157955,14.537989,250.0,16.988548121642488,17.196326121859084,both>10,True,False,False,,-5.222821,-34.8334
O=C(c1nnn(CCNCCBr)c1-c1ccc(Br)cc1)N1CCC1,O=C(c1nnn(CCNCCBr)c1-c1ccc(Br)cc1)N1CCC1,低毒,11.965558,24.00193,250.0,20.893300588238343,10.415829060413058,both>10,True,False,False,,-6.1796117,-46.32701
O=C(c1nnn(Cc2cccc(Nc3n[nH]c4ccccc34)c2)c1-c1ccc(Br)cc1)N1CCC1,O=C(c1nnn(Cc2cccc(Nc3n[nH]c4ccccc34)c2)c1-c1ccc(Br)cc1)N1CCC1,中毒,9.096299,15.231631,42.5,4.672229881625483,2.7902461660212223,both<5,True,False,False,,1.6725906,-26.292702
O=C(c1nnn(-c2cn(O)nn2)c1-c1ccc(Br)cc1)N1CCC1,O=C(c1nnn(-c2cn(O)nn2)c1-c1ccc(Br)cc1)N1CCC1,中毒,18.730022,26.42684,42.5,2.269084360926004,1.608213467822865,both<5,True,False,False,,-15.46152,13.796906
O=C(c1nnn(C[SH](=O)=O)c1-c1ccc(Br)cc1)N1CCC1,O=C(c1nnn(C[SH](=O)=O)c1-c1ccc(Br)cc1)N1CCC1,低毒,13.415327,14.881171,250.0,18.635401134836297,16.799753191465914,both>10,True,False,False,,0.7933051,-32.79289
O=C(c1nnn(SCI)c1-c1ccc(Br)cc1)N1CCC1,O=C(c1nnn(SCI)c1-c1ccc(Br)cc1)N1CCC1,低毒,8.13859,79.19967,250.0,30.717851618032114,3.1565788089773608,one>10-other<5,True,False,False,,21.030527,6.9767838
O=C(c1nnn(CC=Cc2cncs2)c1-c1ccc(Br)cc1)N1CCC1,O=C(c1nnn(CC=Cc2cncs2)c1-c1ccc(Br)cc1)N1CCC1,低毒,16.814655,25.001862,250.0,14.867982721025202,9.999255255468572,both<5,True,False,False,,11.462259,-35.783855
O=C(c1nnn(S(=O)CCl)c1-c1ccc(Br)cc1)N1CCC1,O=C(c1nnn(S(=O)CCl)c1-c1ccc(Br)cc1)N1CCC1,中毒,8.971934,79.720116,42.5,4.736994275704659,0.533115129937844,both<5,True,False,False,,5.9013076,13.949117
O=C(c1nnn(CCc2ccccn2)c1-c1ccc(Br)cc1)N1CCC1,O=C(c1nnn(CCc2ccccn2)c1-c1ccc(Br)cc1)N1CCC1,中毒,14.7157955,25.001862,42.5,2.8880531806792233,1.6998733934296575,both<5,True,False,False,,7.092107,-41.94565
O=C(c1nnn(-c2nncs2)c1-c1ccc(Br)cc1)N1CCC1,O=C(c1nnn(-c2nncs2)c1-c1ccc(Br)cc1)N1CCC1,中毒,28.68211,44.965492,42.5,1.4817598844715398,0.945169242226906,both<5,False,False,False,,-23.476582,3.4786012
O=C(c1nnn(Cc2cncnc2)c1-c1ccc(Br)cc1)N1CCC1,O=C(c1nnn(Cc2cncnc2)c1-c1ccc(Br)cc1)N1CCC1,中毒,11.464878,14.137096,42.5,3.7069735936134687,3.0062751218496357,both<5,True,False,False,,0.3721342,-28.029495
O=C(c1nnn(S(=O)c2c3sc-3c2Br)c1-c1ccc(Br)cc1)N1CCC1,O=C(c1nnn(S(=O)c2c3sc-3c2Br)c1-c1ccc(Br)cc1)N1CCC1,中毒,11.87854,17.393509,42.5,3.5778807833285913,2.4434402511879574,both<5,True,False,False,,6.268723,15.131701
O=C(c1nnn(Cc2ccccc2Br)c1-c1ccc(Br)cc1)N1CCC1,O=C(c1nnn(Cc2ccccc2Br)c1-c1ccc(Br)cc1)N1CCC1,中毒,9.096299,15.842161,42.5,4.672229881625483,2.6827148139701396,both<5,True,False,False,,1.7664694,-23.615526
O=C(c1nnn(CCC(Cl)Br)c1-c1ccc(Br)cc1)N1CCC1,O=C(c1nnn(CCC(Cl)Br)c1-c1ccc(Br)cc1)N1CCC1,低毒,12.558582,20.66404,250.0,19.90670602779836,12.098311849957705,both>10,True,False,False,,-3.4036644,-43.94126
C=Cn1nnc(C(=O)N2CCC2)c1-c1ccc(Br)cc1,C=Cn1nnc(C(=O)N2CCC2)c1-c1ccc(Br)cc1,低毒,14.7157955,16.651882,250.0,16.988548121642488,15.013318014143987,both>10,True,False,False,,32.294735,27.085266
O=C(c1nnn(C2=C3CC(=[N+]2N2C=C4C=CC(Cl)=C42)NN3)c1-c1ccc(Br)cc1)N1CCC1,O=C(c1nnn(C2=C3CC(=[N+]2N2C=C4C=CC(Cl)=C42)NN3)c1-c1ccc(Br)cc1)N1CCC1,中毒,6.4844737,10.417259,42.5,6.5541171059110015,4.079768008071989,one>5-other<=5,True,False,False,,-16.419971,8.77806
O=C(c1nnn(CCOc2ccc3c(c2)Nc2nc(-c4ccoc4)cc-3n2)c1-c1ccc(Br)cc1)N1CCC1,O=C(c1nnn(CCOc2ccc3c(c2)Nc2nc(-c4ccoc4)cc-3n2)c1-c1ccc(Br)cc1)N1CCC1,中毒,4.661556,14.31446,42.5,9.11712741410808,2.9690257264332707,one>5-other<=5,True,True,False,,-2.9061306,-39.357685
O=C(c1nnn(-c2ccc(Br)cc2F)c1-c1ccc(Br)cc1)N1CCC1,O=C(c1nnn(-c2ccc(Br)cc2F)c1-c1ccc(Br)cc1)N1CCC1,中毒,5.1556325,26.122887,42.5,8.243411453395874,1.6269258447582766,one>5-other<=5,True,False,False,,-28.220861,12.949951
O=C(c1nnn(CC[S+]c2cccc(I)c2)c1-c1ccc(Br)cc1)N1CCC1,O=C(c1nnn(CC[S+]c2cccc(I)c2)c1-c1ccc(Br)cc1)N1CCC1,低毒,13.415327,20.66404,250.0,18.635401134836297,12.098311849957705,both>10,True,False,False,,-0.7410923,-41.41428
O=C(c1nnn(CO)c1-c1ccc(Br)cc1)N1CCC1,O=C(c1nnn(CO)c1-c1ccc(Br)cc1)N1CCC1,低毒,14.7157955,14.537989,250.0,16.988548121642488,17.196326121859084,both>10,True,False,False,,0.6839116,-33.776302
CC1CC2CC12n1nnc(C(=O)N2CCC2)c1-c1ccc(Br)cc1,CC1CC2CC12n1nnc(C(=O)N2CCC2)c1-c1ccc(Br)cc1,中毒,7.4449863,22.477419,42.5,5.70853971887094,1.8907864822024272,one>5-other<=5,True,False,False,,8.838607,7.2344913
O=C(c1nnn(CCNc2nc(-c3ccco3)cs2)c1-c1ccc(Br)cc1)N1CCC1,O=C(c1nnn(CCNc2nc(-c3ccco3)cs2)c1-c1ccc(Br)cc1)N1CCC1,中毒,17.840372,24.69289,42.5,2.382237321060346,1.721143211669432,both<5,True,False,False,,-5.8447237,-49.66473
O=C(c1nnn(NC(Cl)(Cl)Cl)c1-c1ccc(Br)cc1)N1CCC1,O=C(c1nnn(NC(Cl)(Cl)Cl)c1-c1ccc(Br)cc1)N1CCC1,中毒,23.238869,45.50951,42.5,1.8288325477457616,0.9338707448179513,both<5,False,False,False,,24.303173,-2.4320018
O=C(c1nnn(C2CN2CCCCC2CNS2(=O)=O)c1-c1ccc(Br)cc1)N1CCC1,O=C(c1nnn(C2CN2CCCCC2CNS2(=O)=O)c1-c1ccc(Br)cc1)N1CCC1,中毒,8.931201,29.819618,42.5,4.758598535628075,1.425236232067091,both<5,True,False,False,,1.5648133,19.261135
[3H]C1O[SH]1n1nnc(C(=O)N2CCC2)c1-c1ccc(Br)cc1,[3H]C1O[SH]1n1nnc(C(=O)N2CCC2)c1-c1ccc(Br)cc1,低毒,5.2901983,56.478096,250.0,47.257207730757465,4.426494830845573,one>10-other<5,True,False,False,,-5.261705,3.027996
O=C(c1nnn(-c2ccc(C3=Nn4cccc43)cc2)c1-c1ccc(Br)cc1)N1CCC1,O=C(c1nnn(-c2ccc(C3=Nn4cccc43)cc2)c1-c1ccc(Br)cc1)N1CCC1,中毒,7.0652995,70.59768,42.5,6.015314708173376,0.6020027853606521,one>5-other<=5,True,False,False,,-17.19677,8.465852
[131CH3]n1nnc(C(=O)N2CCC2)c1-c1ccc(Br)cc1,[131CH3]n1nnc(C(=O)N2CCC2)c1-c1ccc(Br)cc1,低毒,14.7157955,16.651882,250.0,16.988548121642488,15.013318014143987,both>10,True,False,False,,-0.9342027,5.245486
O=C(c1nnn(C2=NCCN=C2F)c1-c1ccc(Br)cc1)N1CCC1,O=C(c1nnn(C2=NCCN=C2F)c1-c1ccc(Br)cc1)N1CCC1,中毒,4.112333,34.40366,42.5,10.334766177739011,1.2353336825209875,one>10-other<5,True,True,False,,-17.222029,4.304729
O=C(c1nnn(OC=CCOCl)c1-c1ccc(Br)cc1)N1CCC1,O=C(c1nnn(OC=CCOCl)c1-c1ccc(Br)cc1)N1CCC1,中毒,33.291145,26.656855,42.5,1.2766157487223704,1.5943366162287336,both<5,False,False,False,,20.784958,-14.831736
O=C(c1nnn(-c2cnn3cccc3c2)c1-c1ccc(Br)cc1)N1CCC1,O=C(c1nnn(-c2cnn3cccc3c2)c1-c1ccc(Br)cc1)N1CCC1,中毒,12.431187,27.058155,42.5,3.4188207449538006,1.570690980223892,both<5,True,False,False,,-19.648312,9.228924
O=C(c1nnn(C2CCOS2)c1-c1ccc(Br)cc1)N1CCC1,O=C(c1nnn(C2CCOS2)c1-c1ccc(Br)cc1)N1CCC1,中毒,13.415327,34.543137,42.5,3.1680181929221702,1.2303456979023069,both<5,True,False,False,,-0.34446138,29.147873
O=C(c1nnn(CCc2c[n+]([O-])no2)c1-c1ccc(Br)cc1)N1CCC1,O=C(c1nnn(CCc2c[n+]([O-])no2)c1-c1ccc(Br)cc1)N1CCC1,中毒,14.7157955,23.908426,42.5,2.8880531806792233,1.7776159752214555,both<5,True,False,False,,5.2202253,-40.51394
O=C(c1nnn(-c2nsnc2Sc2cccnc2)c1-c1ccc(Br)cc1)N1CCC1,O=C(c1nnn(-c2nsnc2Sc2cccnc2)c1-c1ccc(Br)cc1)N1CCC1,中毒,11.95842,38.79912,42.5,3.5539812115647385,1.095385668540936,both<5,True,False,False,,-32.229332,3.1035457
O=C(c1nnn(N(Cc2nnn(-c3ccco3)c2-c2ccccc2)c2ccccc2)c1-c1ccc(Br)cc1)N1CCC1,O=C(c1nnn(N(Cc2nnn(-c3ccco3)c2-c2ccccc2)c2ccccc2)c1-c1ccc(Br)cc1)N1CCC1,中毒,4.9610205,55.25533,42.5,8.56678580546079,0.7691565682441857,one>5-other<=5,True,False,False,,-8.741311,12.834159
O=C(c1nnn(-c2nonc2NCCBr)c1-c1ccc(Br)cc1)N1CCC1,O=C(c1nnn(-c2nonc2NCCBr)c1-c1ccc(Br)cc1)N1CCC1,中毒,9.820495,21.040035,42.5,4.327684093317089,2.0199586169889927,both<5,True,False,False,,-12.964499,20.834002
O=C(c1nnn(Cc2ccc(O)cc2)c1-c1ccc(Br)cc1)N1CCC1,O=C(c1nnn(Cc2ccc(O)cc2)c1-c1ccc(Br)cc1)N1CCC1,中毒,9.096299,12.146331,42.5,4.672229881625483,3.498998998133675,both<5,True,False,False,,1.8341061,-28.556547
O=C(c1nnn(-c2cc3c([nH]2)SCCC3)c1-c1ccc(Br)cc1)N1CCC1,O=C(c1nnn(-c2cc3c([nH]2)SCCC3)c1-c1ccc(Br)cc1)N1CCC1,中毒,10.500892,27.665827,42.5,4.047275221952573,1.5361912007907805,both<5,True,False,False,,-21.00574,2.4231563
NCCCCn1nnc(C(=O)N2CCC2)c1-c1ccc(Br)cc1,NCCCCn1nnc(C(=O)N2CCC2)c1-c1ccc(Br)cc1,低毒,19.066305,25.001862,250.0,13.11213682986819,9.999255255468572,both<5,True,False,False,,2.1497324,-43.536537
O=C(c1nnn(CNCc2ccccc2OCI)c1-c1ccc(Br)cc1)N1CCC1,O=C(c1nnn(CNCc2ccccc2OCI)c1-c1ccc(Br)cc1)N1CCC1,中毒,20.46231,14.164352,42.5,2.0769893526195236,3.0004902448061164,both<5,False,False,False,,-7.856489,-41.465828
O=C(c1nnn(-c2cc(Sc3ncn[nH]3)ccc2OCl)c1-c1ccc(Br)cc1)N1CCC1,O=C(c1nnn(-c2cc(Sc3ncn[nH]3)ccc2OCl)c1-c1ccc(Br)cc1)N1CCC1,中毒,11.928073,22.395418,42.5,3.56302313039164,1.897709611850067,both<5,True,False,False,,-21.596407,13.121312
O=C(c1nnn(-c2nonc2NNCl)c1-c1ccc(Br)cc1)N1CCC1,O=C(c1nnn(-c2nonc2NNCl)c1-c1ccc(Br)cc1)N1CCC1,中毒,9.820495,13.329714,42.5,4.327684093317089,3.1883654818100373,both<5,True,False,False,,-13.126625,20.728437
O=C(c1nnn(-c2ccsc2S)c1-c1ccc(Br)cc1)N1CCC1,O=C(c1nnn(-c2ccsc2S)c1-c1ccc(Br)cc1)N1CCC1,中毒,20.863083,33.677425,42.5,2.037091066550423,1.261972968539014,both<5,False,False,False,,-29.338024,8.102074
O=C(c1nnn(S(O)=S)c1-c1ccc(Br)cc1)N1CCC1,O=C(c1nnn(S(O)=S)c1-c1ccc(Br)cc1)N1CCC1,低毒,11.90429,144.6966,250.0,21.00083247299923,1.7277531054634319,one>10-other<5,True,False,False,,7.4724402,13.932505
O=C(c1nnn(C(F)(CBr)NO)c1-c1ccc(Br)cc1)N1CCC1,O=C(c1nnn(C(F)(CBr)NO)c1-c1ccc(Br)cc1)N1CCC1,中毒,9.155033,29.349129,42.5,4.64225524910724,1.4480838596607075,both<5,True,False,False,,4.1600127,-5.9657626
[N-]=[C+]Sn1nnc(C(=O)N2CCC2)c1-c1ccc(Br)cc1,[N-]=[C+]Sn1nnc(C(=O)N2CCC2)c1-c1ccc(Br)cc1,低毒,8.13859,60.89405,250.0,30.717851618032114,4.105491423217868,one>10-other<5,True,False,False,,19.136292,8.787924
O=C(c1nnn(C2CN2Br)c1-c1ccc(Br)cc1)N1CCC1,O=C(c1nnn(C2CN2Br)c1-c1ccc(Br)cc1)N1CCC1,低毒,10.036403,17.820526,250.0,24.90932259296483,14.028766603185561,both>10,True,False,False,,0.78857017,24.621178
O=C(c1nnn(C=NCCl)c1-c1ccc(Br)cc1)N1CCC1,O=C(c1nnn(C=NCCl)c1-c1ccc(Br)cc1)N1CCC1,低毒,11.124961,16.617321,250.0,22.471988890567793,15.044542980183147,both>10,True,False,False,,33.474075,35.24567
O=C(c1nnn(C=Cc2ccc(Br)cc2)c1-c1ccc(Br)cc1)N1CCC1,O=C(c1nnn(C=Cc2ccc(Br)cc2)c1-c1ccc(Br)cc1)N1CCC1,低毒,15.667969,15.932148,250.0,15.95612041356477,15.69154391485693,both>10,True,False,False,,35.067856,22.111868
O=C(c1nnn([145I])c1-c1ccc(Br)cc1)N1CCC1,O=C(c1nnn([145I])c1-c1ccc(Br)cc1)N1CCC1,低毒,52.13683,45.58551,250.0,4.795074806044019,5.48419881668539,one>5-other<=5,False,False,False,,-1.505283,4.560802
O=C(c1nnn(C2CC2=CC(c2ccccc2Br)N2CC=CC3C[N+]3(CBr)COS(=O)(=O)O2)c1-c1ccc(Br)cc1)N1CCC1,O=C(c1nnn(C2CC2=CC(c2ccccc2Br)N2CC=CC3C[N+]3(CBr)COS(=O)(=O)O2)c1-c1ccc(Br)cc1)N1CCC1,中毒,9.4019,14.441496,42.5,4.520362905370192,2.9429084078270007,both<5,True,False,False,,-2.8792517,32.962086
O=C(c1nnn(-c2nc(-c3cnn(-c4cccnc4)c3)cs2)c1-c1ccc(Br)cc1)N1CCC1,O=C(c1nnn(-c2nc(-c3cnn(-c4cccnc4)c3)cs2)c1-c1ccc(Br)cc1)N1CCC1,中毒,9.837907,20.598349,42.5,4.320024574332732,2.0632721583657023,both<5,True,False,False,,-24.09372,-3.8437996
O=C(c1nnn(C2=C3SC=NN32)c1-c1ccc(Br)cc1)N1CCC1,O=C(c1nnn(C2=C3SC=NN32)c1-c1ccc(Br)cc1)N1CCC1,中毒,4.5667686,22.129879,42.5,9.306361614205722,1.9204804508872373,one>5-other<=5,True,True,False,,-19.9926,4.431873
O=C(c1nnn(C23CCOCN2CC(Cn2cncn2)P(O)(F)(Cl)O3)c1-c1ccc(Br)cc1)N1CCC1,O=C(c1nnn(C23CCOCN2CC(Cn2cncn2)P(O)(F)(Cl)O3)c1-c1ccc(Br)cc1)N1CCC1,中毒,3.1488998,20.921158,42.5,13.496777509401854,2.031436309596247,one>10-other<5,True,True,False,,-14.525115,-32.918045
O=C(c1nnn(C2OC2COC2=Cc3ccccc32)c1-c1ccc(Br)cc1)N1CCC1,O=C(c1nnn(C2OC2COC2=Cc3ccccc32)c1-c1ccc(Br)cc1)N1CCC1,中毒,8.200811,22.752361,42.5,5.182414275856376,1.8679380131143313,one>5-other<=5,True,False,False,,-6.3018355,27.738272
O=C(c1nnn(-c2cc(Cn3ccnc3)c[nH]2)c1-c1ccc(Br)cc1)N1CCC1,O=C(c1nnn(-c2cc(Cn3ccnc3)c[nH]2)c1-c1ccc(Br)cc1)N1CCC1,中毒,9.117543,25.35999,42.5,4.661343522043165,1.6758681687177321,both<5,True,False,False,,-11.62344,-26.97464
[N-]=[N+]=Nn1nnc(C(=O)N2CCC2)c1-c1ccc(Br)cc1,[N-]=[N+]=Nn1nnc(C(=O)N2CCC2)c1-c1ccc(Br)cc1,中毒,28.842226,55.15302,42.5,1.4735339775785683,0.770583369686737,both<5,False,False,False,,15.409013,18.852888
O=C(c1nnn(C23CCC2=CC=CC=COC3)c1-c1ccc(Br)cc1)N1CCC1,O=C(c1nnn(C23CCC2=CC=CC=COC3)c1-c1ccc(Br)cc1)N1CCC1,中毒,17.092937,41.998814,42.5,2.4864071048761254,1.0119333369747059,both<5,True,False,False,,5.7931385,5.435393
O=C(c1nnn(-c2cc3nc4ccccc4nc3s2)c1-c1ccc(Br)cc1)N1CCC1,O=C(c1nnn(-c2cc3nc4ccccc4nc3s2)c1-c1ccc(Br)cc1)N1CCC1,中毒,5.31428,29.800577,42.5,7.997320427226265,1.4261468829949164,one>5-other<=5,True,False,False,,-27.53957,1.1251813
O=C(c1nnn(C=C(Cl)Cl)c1-c1ccc(Br)cc1)N1CCC1,O=C(c1nnn(C=C(Cl)Cl)c1-c1ccc(Br)cc1)N1CCC1,低毒,14.7157955,15.842161,250.0,16.988548121642488,15.780675376294937,both>10,True,False,False,,31.761227,28.210947
O=C(c1nnn(-c2ccccc2C(Cl)Br)c1-c1ccc(Br)cc1)N1CCC1,O=C(c1nnn(-c2ccccc2C(Cl)Br)c1-c1ccc(Br)cc1)N1CCC1,中毒,9.885618,49.925213,42.5,4.299174821442626,0.8512732835010639,both<5,True,False,False,,-26.890911,16.815477
O=C(c1nnn(C(=O)C2=Nc3ccccc3OC2c2ccoc2)c1-c1ccc(Br)cc1)N1CCC1,O=C(c1nnn(C(=O)C2=Nc3ccccc3OC2c2ccoc2)c1-c1ccc(Br)cc1)N1CCC1,中毒,8.692873,16.493427,42.5,4.889062568842315,2.5767840728309523,both<5,True,False,False,,10.121614,0.11225319
O=C(c1nnn(C2CCC2F)c1-c1ccc(Br)cc1)N1CCC1,O=C(c1nnn(C2CCC2F)c1-c1ccc(Br)cc1)N1CCC1,中毒,11.713761,20.010084,42.5,3.628211297806059,2.123929114940247,both<5,True,False,False,,4.5132895,24.948156
O=C(c1nnn(Cc2c(OBr)n[nH]cc3[nH]c2-3)c1-c1ccc(Br)cc1)N1CCC1,O=C(c1nnn(Cc2c(OBr)n[nH]cc3[nH]c2-3)c1-c1ccc(Br)cc1)N1CCC1,中毒,8.380546,12.529803,42.5,5.071268626173044,3.3919128656691573,one>5-other<=5,True,False,False,,-3.9599156,-28.985209
O=C(c1nnn(C2=CN3C=C(C=C2)NCC3)c1-c1ccc(Br)cc1)N1CCC1,O=C(c1nnn(C2=CN3C=C(C=C2)NCC3)c1-c1ccc(Br)cc1)N1CCC1,中毒,9.105827,16.695631,42.5,4.667341033384448,2.54557614504058,both<5,True,False,False,,-15.406937,9.250025
CS(=O)(=O)n1nnc(C(=O)N2CCC2)c1-c1ccc(Br)cc1,CS(=O)(=O)n1nnc(C(=O)N2CCC2)c1-c1ccc(Br)cc1,低毒,8.978762,79.720116,250.0,27.84348220834899,3.135971352575553,one>10-other<5,True,False,False,,11.485969,-9.847824
O=C(c1nnn(OCc2cnc(Oc3ccccc3)s2)c1-c1ccc(Br)cc1)N1CCC1,O=C(c1nnn(OCc2cnc(Oc3ccccc3)s2)c1-c1ccc(Br)cc1)N1CCC1,中毒,62.416927,19.329258,42.5,0.680905037186467,2.1987393411583622,both<5,False,False,False,,23.02143,-19.047455
O=C(c1nnn(CCN2c3ccccc32)c1-c1ccc(Br)cc1)N1CCC1,O=C(c1nnn(CCN2c3ccccc32)c1-c1ccc(Br)cc1)N1CCC1,低毒,10.512981,41.466076,250.0,23.78012478097316,6.029024786430237,both<5,True,False,False,,2.6767356,-40.052025
O=C(c1nnn(CC2NCC2CCCI)c1-c1ccc(Br)cc1)N1CCC1,O=C(c1nnn(CC2NCC2CCCI)c1-c1ccc(Br)cc1)N1CCC1,低毒,9.152801,27.31082,250.0,27.31404299077408,9.153881135754986,both<5,True,False,False,,-1.4713181,-42.7163
O=C(c1nnn(-c2nc(F)c(S)s2)c1-c1ccc(Br)cc1)N1CCC1,O=C(c1nnn(-c2nc(F)c(S)s2)c1-c1ccc(Br)cc1)N1CCC1,中毒,28.68211,23.998161,42.5,1.4817598844715398,1.770969033835551,both<5,False,False,False,,-27.699192,-2.7254968
O=C(c1nnn(C2Nc3ccccc3NC2c2ccccc2O)c1-c1ccc(Br)cc1)N1CCC1,O=C(c1nnn(C2Nc3ccccc3NC2c2ccccc2O)c1-c1ccc(Br)cc1)N1CCC1,中毒,7.336743,20.217567,42.5,5.792761174815582,2.10213226942688,one>5-other<=5,True,False,False,,3.8501463,32.21969
O=C(c1nnn(Cc2ccccc2I)c1-c1ccc(Br)cc1)N1CCC1,O=C(c1nnn(Cc2ccccc2I)c1-c1ccc(Br)cc1)N1CCC1,中毒,9.096299,15.842161,42.5,4.672229881625483,2.6827148139701396,both<5,True,False,False,,1.46508,-23.306965
O=C(c1nnn(C(Br)c2ccccc2)c1-c1ccc(Br)cc1)N1CCC1,O=C(c1nnn(C(Br)c2ccccc2)c1-c1ccc(Br)cc1)N1CCC1,中毒,8.817272,33.834995,42.5,4.820084942372198,1.256095944450413,both<5,True,False,False,,-8.964658,-10.608982
[14CH3]n1nnc(C(=O)N2CCC2)c1-c1ccc(Br)cc1,[14CH3]n1nnc(C(=O)N2CCC2)c1-c1ccc(Br)cc1,低毒,14.7157955,16.651882,250.0,16.988548121642488,15.013318014143987,both>10,True,False,False,,0.7294825,4.752078
O=C(c1nnn(C2CO2)c1-c1ccc(Br)cc1)N1CCC1,O=C(c1nnn(C2CO2)c1-c1ccc(Br)cc1)N1CCC1,低毒,8.600213,26.75871,250.0,29.069047475917166,9.3427523225148,both<5,True,False,False,,-1.6259596,26.865778
O=C(c1nnn(C=C(Br)CCBr)c1-c1ccc(Br)cc1)N1CCC1,O=C(c1nnn(C=C(Br)CCBr)c1-c1ccc(Br)cc1)N1CCC1,低毒,19.270475,16.651882,250.0,12.973214204631697,15.013318014143987,both>10,True,False,False,,31.578283,28.931288
O=C(c1nnn(N=C2NN=C2c2c(Oc3cc(Cl)cc(Cl)c3)occc2=O)c1-c1ccc(Br)cc1)N1CCC1,O=C(c1nnn(N=C2NN=C2c2c(Oc3cc(Cl)cc(Cl)c3)occc2=O)c1-c1ccc(Br)cc1)N1CCC1,低毒,5.0943165,40.04771,250.0,49.07429681685463,6.242554193485719,both<5,True,False,False,,13.150478,20.411474
O=C(c1nnn(C2OCS2)c1-c1ccc(Br)cc1)N1CCC1,O=C(c1nnn(C2OCS2)c1-c1ccc(Br)cc1)N1CCC1,低毒,18.52549,18.78347,250.0,13.494919702528785,13.309574854912324,both>10,True,False,False,,-2.0942893,28.666048
O=C(c1nnn(C=NCc2nc3cccnc3[nH]2)c1-c1ccc(Br)cc1)N1CCC1,O=C(c1nnn(C=NCc2nc3cccnc3[nH]2)c1-c1ccc(Br)cc1)N1CCC1,低毒,11.124961,12.405386,250.0,22.471988890567793,20.152536970635175,both>10,True,False,False,,33.61172,37.420544
O=C(c1nnn(-c2ccccc2CO[N+](=O)[O-])c1-c1ccc(Br)cc1)N1CCC1,O=C(c1nnn(-c2ccccc2CO[N+](=O)[O-])c1-c1ccc(Br)cc1)N1CCC1,中毒,13.798724,71.64854,42.5,3.079994932864807,0.5931732872714504,both<5,True,False,False,,-28.54705,16.924583
O=C(c1nnn(NCCl)c1-c1ccc(Br)cc1)N1CCC1,O=C(c1nnn(NCCl)c1-c1ccc(Br)cc1)N1CCC1,中毒,23.238869,55.15302,42.5,1.8288325477457616,0.770583369686737,both<5,False,False,False,,25.399979,-3.0833719
O=C(c1nnn(SCF)c1-c1ccc(Br)cc1)N1CCC1,O=C(c1nnn(SCF)c1-c1ccc(Br)cc1)N1CCC1,中毒,6.4702015,60.89405,42.5,6.568574409931437,0.6979335419470375,one>5-other<=5,True,False,False,,21.21147,7.2931786
[N-]=[S+]n1nnc(C(=O)N2CCC2)c1-c1ccc(Br)cc1,[N-]=[S+]n1nnc(C(=O)N2CCC2)c1-c1ccc(Br)cc1,低毒,14.064521,92.90239,250.0,17.77522320170022,2.6909964318463713,one>10-other<5,True,False,False,,0.39560542,12.674115
O=C(c1nnn(-c2nc(-c3ccco3)cs2)c1-c1ccc(Br)cc1)N1CCC1,O=C(c1nnn(-c2nc(-c3ccco3)cs2)c1-c1ccc(Br)cc1)N1CCC1,中毒,19.61364,21.954512,42.5,2.166859389690032,1.9358207552051259,both<5,True,False,False,,-23.73806,-4.966204
O=C(c1nnn(CC=CCl)c1-c1ccc(Br)cc1)N1CCC1,O=C(c1nnn(CC=CCl)c1-c1ccc(Br)cc1)N1CCC1,低毒,16.814655,25.001862,250.0,14.867982721025202,9.999255255468572,both<5,True,False,False,,11.223032,-36.391174
O=C(c1nnn(NCl)c1-c1ccc(Br)cc1)N1CCC1,O=C(c1nnn(NCl)c1-c1ccc(Br)cc1)N1CCC1,低毒,28.842226,55.15302,250.0,8.667846926932755,4.532843351098453,one>5-other<=5,False,False,False,,23.70712,-2.2830565
O=C(c1nnn(C2=Cc3occ2c3Br)c1-c1ccc(Br)cc1)N1CCC1,O=C(c1nnn(C2=Cc3occ2c3Br)c1-c1ccc(Br)cc1)N1CCC1,中毒,3.159711,14.20653,42.5,13.450597222340903,2.9915820400900146,one>10-other<5,True,True,False,,-16.292791,24.86377
O=C(c1nnn(OC(=S)Cl)c1-c1ccc(Br)cc1)N1CCC1,O=C(c1nnn(OC(=S)Cl)c1-c1ccc(Br)cc1)N1CCC1,低毒,31.303555,32.4479,250.0,7.98631337558945,7.704658853115302,both5-10,False,False,False,,22.37819,-14.449878
O=C(c1nnn(C(=S)NBr)c1-c1ccc(Br)cc1)N1CCC1,O=C(c1nnn(C(=S)NBr)c1-c1ccc(Br)cc1)N1CCC1,低毒,16.814655,29.177204,250.0,14.867982721025202,8.568333004080857,both<5,True,False,False,,15.999509,-0.75775355
O=C(c1nnn(C(O)CBr)c1-c1ccc(Br)cc1)N1CCC1,O=C(c1nnn(C(O)CBr)c1-c1ccc(Br)cc1)N1CCC1,中毒,14.7157955,20.843096,42.5,2.8880531806792233,2.0390444874408296,both<5,True,False,False,,-10.4556465,-15.629806
O=C(c1nnn(Cc2c3[nH]n2[11C]3Br)c1-c1ccc(Br)cc1)N1CCC1,O=C(c1nnn(Cc2c3[nH]n2[11C]3Br)c1-c1ccc(Br)cc1)N1CCC1,中毒,9.329421,12.116638,42.5,4.555480988584393,3.50757363552497,both<5,True,False,False,,0.32178226,-30.540195
CC(c1c[nH]c2ccccc12)n1nnc(C(=O)N2CCC2)c1-c1ccc(Br)cc1,CC(c1c[nH]c2ccccc12)n1nnc(C(=O)N2CCC2)c1-c1ccc(Br)cc1,中毒,4.480236,20.617338,42.5,9.486107428269404,2.061371841505436,one>5-other<=5,True,True,False,,-6.2280807,-9.719579
O=C(c1nnn(C[18Br])c1-c1ccc(Br)cc1)N1CCC1,O=C(c1nnn(C[18Br])c1-c1ccc(Br)cc1)N1CCC1,低毒,12.366438,16.651882,250.0,20.21600722859727,15.013318014143987,both>10,True,False,False,,0.751317,-34.627483
O=C(c1nnn(C=NCCBr)c1-c1ccc(Br)cc1)N1CCC1,O=C(c1nnn(C=NCCBr)c1-c1ccc(Br)cc1)N1CCC1,低毒,11.124961,16.617321,250.0,22.471988890567793,15.044542980183147,both>10,True,False,False,,33.69734,36.031918
O=C(c1nnn(N=Cc2c(Cl)cccc2Cl)c1-c1ccc(Br)cc1)N1CCC1,O=C(c1nnn(N=Cc2c(Cl)cccc2Cl)c1-c1ccc(Br)cc1)N1CCC1,低毒,8.019166,118.13047,250.0,31.175311746882407,2.1163041169649115,one>10-other<5,True,False,False,,17.264965,22.820293
O=C(c1nnn(CC2=Cc3ccccc32)c1-c1ccc(Br)cc1)N1CCC1,O=C(c1nnn(CC2=Cc3ccccc32)c1-c1ccc(Br)cc1)N1CCC1,中毒,14.258441,41.466076,42.5,2.980690525703336,1.0249342136931403,both<5,True,False,False,,0.6677046,-25.584833
O=C(c1nnn(C(Br)CCCNc2nc3ccccc3o2)c1-c1ccc(Br)cc1)N1CCC1,O=C(c1nnn(C(Br)CCCNc2nc3ccccc3o2)c1-c1ccc(Br)cc1)N1CCC1,中毒,8.853912,24.869268,42.5,4.800138063265142,1.7089365074999392,both<5,True,False,False,,-8.521291,-17.010443
O=C(c1nnn(N2OCCCS2)c1-c1ccc(Br)cc1)N1CCC1,O=C(c1nnn(N2OCCCS2)c1-c1ccc(Br)cc1)N1CCC1,中毒,24.69617,43.07814,42.5,1.7209146195543683,0.9865792719927091,both<5,False,False,False,,-3.3980813,-1.973607
O=C(c1nnn(CNCNc2ccc([N+](=O)[O-])c3ccccc23)c1-c1ccc(Br)cc1)N1CCC1,O=C(c1nnn(CNCNc2ccc([N+](=O)[O-])c3ccccc23)c1-c1ccc(Br)cc1)N1CCC1,中毒,7.9788213,41.466076,42.5,5.326601311399217,1.0249342136931403,one>5-other<=5,True,False,False,,-8.622149,-43.12379
O=C(c1nnn(C=[117I])c1-c1ccc(Br)cc1)N1CCC1,O=C(c1nnn(C=[117I])c1-c1ccc(Br)cc1)N1CCC1,低毒,17.840372,26.355457,250.0,14.013160712119682,9.485701575958254,both<5,True,False,False,,31.461079,26.878637
O=C(c1nnn(CCCCSc2no[n+]([O-])c2SCCl)c1-c1ccc(Br)cc1)N1CCC1,O=C(c1nnn(CCCCSc2no[n+]([O-])c2SCCl)c1-c1ccc(Br)cc1)N1CCC1,中毒,7.291567,17.175453,42.5,5.828651097905293,2.474461663398339,one>5-other<=5,True,False,False,,-1.0381863,-45.05227
O=C(c1nnn(C2NNS2)c1-c1ccc(Br)cc1)N1CCC1,O=C(c1nnn(C2NNS2)c1-c1ccc(Br)cc1)N1CCC1,中毒,10.512981,17.820526,42.5,4.042621212765438,2.3848903225415454,both<5,True,False,False,,2.5025835,29.109951
O=C(c1nnn(CCc2cc3cnccc3[nH]2)c1-c1ccc(Br)cc1)N1CCC1,O=C(c1nnn(CCc2cc3cnccc3[nH]2)c1-c1ccc(Br)cc1)N1CCC1,中毒,12.388913,26.122011,42.5,3.430486597169582,1.6269804036144078,both<5,True,False,False,,8.702549,-45.283115
O=C(c1nnn(-c2ccc(Br)cc2Cl)c1-c1ccc(Br)cc1)N1CCC1,O=C(c1nnn(-c2ccc(Br)cc2Cl)c1-c1ccc(Br)cc1)N1CCC1,中毒,8.643074,28.562063,42.5,4.917231994079883,1.4879877549461327,both<5,True,False,False,,-28.82965,20.57218
O=C(c1nnn(N=Cc2ccnc3cc[nH]c23)c1-c1ccc(Br)cc1)N1CCC1,O=C(c1nnn(N=Cc2ccnc3cc[nH]c23)c1-c1ccc(Br)cc1)N1CCC1,中毒,4.848078,99.75359,42.5,8.766360607234454,0.4260498293845866,one>5-other<=5,True,True,False,,19.23437,21.853489
O=C(c1nnn(-c2ccc3n2CCOC3Cn2cncn2)c1-c1ccc(Br)cc1)N1CCC1,O=C(c1nnn(-c2ccc3n2CCOC3Cn2cncn2)c1-c1ccc(Br)cc1)N1CCC1,中毒,15.657547,28.839985,42.5,2.7143459955764464,1.4736484779725094,both<5,True,False,False,,-15.255195,-33.805515
O=C(c1nnn(-c2n[s+]co2)c1-c1ccc(Br)cc1)N1CCC1,O=C(c1nnn(-c2n[s+]co2)c1-c1ccc(Br)cc1)N1CCC1,中毒,21.916403,21.248602,42.5,1.9391868273274588,2.0001315851273413,both<5,False,False,False,,-10.951015,9.464453
N=CCCn1nnc(C(=O)N2CCC2)c1-c1ccc(Br)cc1,N=CCCn1nnc(C(=O)N2CCC2)c1-c1ccc(Br)cc1,低毒,9.921383,25.001862,250.0,25.198099901999548,9.999255255468572,both<5,True,False,False,,4.5570626,-42.65655
O=C(c1nnn(S23CCOC2O3)c1-c1ccc(Br)cc1)N1CCC1,O=C(c1nnn(S23CCOC2O3)c1-c1ccc(Br)cc1)N1CCC1,低毒,4.462923,32.7454,250.0,56.017099107468354,7.63466013546941,both<5,True,True,False,,-1.9472024,10.6758995
O=C(c1nnn(-n2c(S)nnc2NC2(SN3CCCC3)CS2)c1-c1ccc(Br)cc1)N1CCC1,O=C(c1nnn(-n2c(S)nnc2NC2(SN3CCCC3)CS2)c1-c1ccc(Br)cc1)N1CCC1,中毒,11.170673,12.656375,42.5,3.804605147782949,3.3579915260096196,both<5,True,False,False,,-0.9966876,-2.7272627
O=C(c1nnn(N2N=CC2CCl)c1-c1ccc(Br)cc1)N1CCC1,O=C(c1nnn(N2N=CC2CCl)c1-c1ccc(Br)cc1)N1CCC1,中毒,15.252261,49.925213,42.5,2.786472117150369,0.8512732835010639,both<5,True,False,False,,-0.42208543,-0.6050361
O=C(c1nnn([14O-])c1-c1ccc(Br)cc1)N1CCC1,O=C(c1nnn([14O-])c1-c1ccc(Br)cc1)N1CCC1,中毒,33.291145,20.882534,42.5,1.2766157487223704,2.0351936216169935,both<5,False,False,False,,0.8168604,3.7822495
O=C(c1nnn(-c2ccccc2CBr)c1-c1ccc(Br)cc1)N1CCC1,O=C(c1nnn(-c2ccccc2CBr)c1-c1ccc(Br)cc1)N1CCC1,中毒,16.269833,49.925213,42.5,2.6121964497115617,0.8512732835010639,both<5,True,False,False,,-28.105967,16.529219
O=C(c1nnn(CCCn2c3ccccc3c3nnn[nH+]c32)c1-c1ccc(Br)cc1)N1CCC1,O=C(c1nnn(CCCn2c3ccccc3c3nnn[nH+]c32)c1-c1ccc(Br)cc1)N1CCC1,中毒,6.8103776,32.438095,42.5,6.240476298994053,1.310187913316118,one>5-other<=5,True,False,False,,3.7533152,-44.43812
O=C(c1nnn(N=c2cc3ccccc3n[nH]2)c1-c1ccc(Br)cc1)N1CCC1,O=C(c1nnn(N=c2cc3ccccc3n[nH]2)c1-c1ccc(Br)cc1)N1CCC1,中毒,14.685975,54.125748,42.5,2.8939174961144905,0.7852085480647768,both<5,True,False,False,,14.624551,19.891312
O=C(c1nnn(C23ON2CS3(=O)=O)c1-c1ccc(Br)cc1)N1CCC1,O=C(c1nnn(C23ON2CS3(=O)=O)c1-c1ccc(Br)cc1)N1CCC1,中毒,7.348448,23.96113,42.5,5.783534155783642,1.773705998005937,one>5-other<=5,True,False,False,,5.6359167,1.8806399
NP1(c2conc2C2=NC(S)NN2)(C(F)(Oc2ccccc2)c2ccccc2)C(n2nnc(C(=O)N3CCC3)c2-c2ccc(Br)cc2)[S+]1[O-],NP1(c2conc2C2=NC(S)NN2)(C(F)(Oc2ccccc2)c2ccccc2)C(n2nnc(C(=O)N3CCC3)c2-c2ccc(Br)cc2)[S+]1[O-],中毒,2.7458005,13.503714,42.5,15.4781820456366,3.147282295818765,one>10-other<5,True,True,False,,6.8464494,29.39002
O=C(c1nnn(-c2ccc(Br)s2)c1-c1ccc(Br)cc1)N1CCC1,O=C(c1nnn(-c2ccc(Br)s2)c1-c1ccc(Br)cc1)N1CCC1,中毒,6.052996,64.49796,42.5,7.021316386133412,0.6589355694350643,one>5-other<=5,True,False,False,,-24.764448,1.5467895
O=C(c1nnn(-c2ncncc2N2c3ccccc32)c1-c1ccc(Br)cc1)N1CCC1,O=C(c1nnn(-c2ncncc2N2c3ccccc32)c1-c1ccc(Br)cc1)N1CCC1,中毒,10.562849,19.916813,42.5,4.023535695719971,2.133875535207365,both<5,True,False,False,,-25.469269,14.6185
O=C(c1nnn(Cc2c[nH]c3cccc(Br)c23)c1-c1ccc(Br)cc1)N1CCC1,O=C(c1nnn(Cc2c[nH]c3cccc(Br)c23)c1-c1ccc(Br)cc1)N1CCC1,中毒,4.2193694,12.929598,42.5,10.072595208184428,3.2870318164570933,one>10-other<5,True,True,False,,13.25075,-28.920713
O=C(c1nnn(P2(=O)OC2CCBr)c1-c1ccc(Br)cc1)N1CCC1,O=C(c1nnn(P2(=O)OC2CCBr)c1-c1ccc(Br)cc1)N1CCC1,中毒,9.329421,20.92851,42.5,4.555480988584393,2.0307226840324515,both<5,True,False,False,,-2.876889,2.5729344
O=C(c1nnn(NNc2ccccc2)c1-c1ccc(Br)cc1)N1CCC1,O=C(c1nnn(NNc2ccccc2)c1-c1ccc(Br)cc1)N1CCC1,中毒,33.291145,140.23427,42.5,1.2766157487223704,0.3030642937707024,both<5,False,False,False,,24.846119,-0.1886831
O=C(c1nnn(N=C=CBr)c1-c1ccc(Br)cc1)N1CCC1,O=C(c1nnn(N=C=CBr)c1-c1ccc(Br)cc1)N1CCC1,低毒,30.76733,49.925213,250.0,8.12550195288314,5.007489902947435,both5-10,False,False,False,,16.49581,17.109886
O=C(c1nnn(CNF)c1-c1ccc(Br)cc1)N1CCC1,O=C(c1nnn(CNF)c1-c1ccc(Br)cc1)N1CCC1,低毒,14.681183,16.651882,250.0,17.028600488121427,15.013318014143987,both>10,True,False,False,,-9.422133,-40.907177
O=C(c1nnn(C=C2Sc3ccccc3C2(Cl)CBr)c1-c1ccc(Br)cc1)N1CCC1,O=C(c1nnn(C=C2Sc3ccccc3C2(Cl)CBr)c1-c1ccc(Br)cc1)N1CCC1,中毒,7.8389835,25.425053,42.5,5.421621310977374,1.6715796030002377,one>5-other<=5,True,False,False,,33.836384,27.467556
O=C(c1nnn(CCC[123I])c1-c1ccc(Br)cc1)N1CCC1,O=C(c1nnn(CCC[123I])c1-c1ccc(Br)cc1)N1CCC1,低毒,14.7157955,25.001862,250.0,16.988548121642488,9.999255255468572,both<5,True,False,False,,0.87225974,-44.967182
O=C(c1nnn(C=C2CSC2c2ccccc2Cl)c1-c1ccc(Br)cc1)N1CCC1,O=C(c1nnn(C=C2CSC2c2ccccc2Cl)c1-c1ccc(Br)cc1)N1CCC1,中毒,7.472845,22.995258,42.5,5.687258333338908,1.8482071390544954,one>5-other<=5,True,False,False,,29.591599,25.52444
[N-]=[N+]=NCn1nnc(C(=O)N2CCC2)c1-c1ccc(Br)cc1,[N-]=[N+]=NCn1nnc(C(=O)N2CCC2)c1-c1ccc(Br)cc1,低毒,9.154928,16.09387,250.0,27.30769701301856,15.533864757202588,both>10,True,False,False,,5.8636756,-35.83663
O=C(c1nnn([SH](c2ccccc2)c2c[nH]cn2)c1-c1ccc(Br)cc1)N1CCC1,O=C(c1nnn([SH](c2ccccc2)c2c[nH]cn2)c1-c1ccc(Br)cc1)N1CCC1,中毒,14.133073,65.17384,42.5,3.007130862481217,0.6521021317755713,both<5,True,False,False,,6.309573,-0.75165474
O=C(c1nnn(C(=O)c2cc[nH]n2)c1-c1ccc(Br)cc1)N1CCC1,O=C(c1nnn(C(=O)c2cc[nH]n2)c1-c1ccc(Br)cc1)N1CCC1,中毒,10.601123,16.113152,42.5,4.009009234210376,2.6375969146198086,both<5,True,False,False,,11.487527,0.51299495
O=C(c1nnn(C2N=NN3CC=CN23)c1-c1ccc(Br)cc1)N1CCC1,O=C(c1nnn(C2N=NN3CC=CN23)c1-c1ccc(Br)cc1)N1CCC1,中毒,13.370327,26.205067,42.5,3.1786806710112625,1.6218237488192646,both<5,True,False,False,,1.1070964,22.841574
O=C(c1nnn(N=CF)c1-c1ccc(Br)cc1)N1CCC1,O=C(c1nnn(N=CF)c1-c1ccc(Br)cc1)N1CCC1,低毒,33.987186,49.925213,250.0,7.355713415050013,5.007489902947435,both5-10,False,False,False,,16.758839,20.788382
O=C(c1nnn(-c2occc2F)c1-c1ccc(Br)cc1)N1CCC1,O=C(c1nnn(-c2occc2F)c1-c1ccc(Br)cc1)N1CCC1,中毒,8.3712635,57.646595,42.5,5.076891917211781,0.7372508298191767,one>5-other<=5,True,False,False,,-12.677544,11.339998
O=C(c1nnn(-c2ncnn2-c2ccccc2Br)c1-c1ccc(Br)cc1)N1CCC1,O=C(c1nnn(-c2ncnn2-c2ccccc2Br)c1-c1ccc(Br)cc1)N1CCC1,中毒,12.429091,14.030973,42.5,3.4193972833572466,3.0290130271079563,both<5,True,False,False,,-24.427309,14.512585
O=C(c1nnn(C2=[C+]S2)c1-c1ccc(Br)cc1)N1CCC1,O=C(c1nnn(C2=[C+]S2)c1-c1ccc(Br)cc1)N1CCC1,中毒,16.697662,16.651882,42.5,2.5452665169530917,2.5522640624044777,both<5,True,False,False,,-19.426168,3.935555
O=C(c1nnn(C2=Nc3cc[nH]c3NN2C(=P#[SH])c2cccnc2)c1-c1ccc(Br)cc1)N1CCC1,O=C(c1nnn(C2=Nc3cc[nH]c3NN2C(=P#[SH])c2cccnc2)c1-c1ccc(Br)cc1)N1CCC1,中毒,8.88037,10.684173,42.5,4.7858366261766125,3.9778464837662213,both<5,True,False,False,,-23.228464,7.8362184
O=C(c1nnn(C(CO)CSCCBr)c1-c1ccc(Br)cc1)N1CCC1,O=C(c1nnn(C(CO)CSCCBr)c1-c1ccc(Br)cc1)N1CCC1,低毒,8.5773,22.369738,250.0,29.14670117636086,11.175812608980936,both>10,True,False,False,,-12.000311,-15.735372
O=C(c1nnn(C2=Cc3ccccc32)c1-c1ccc(Br)cc1)N1CCC1,O=C(c1nnn(C2=Cc3ccccc32)c1-c1ccc(Br)cc1)N1CCC1,中毒,5.8130693,15.692992,42.5,7.3111118768186705,2.708215233908231,one>5-other<=5,True,False,False,,-16.760653,24.806456
O=C(c1nnn(C2=Nc3nsnc32)c1-c1ccc(Br)cc1)N1CCC1,O=C(c1nnn(C2=Nc3nsnc32)c1-c1ccc(Br)cc1)N1CCC1,中毒,6.361053,19.602928,42.5,6.681283743430529,2.1680434677921587,one>5-other<=5,True,False,False,,-31.091005,1.3771429
O=C(c1nnn(-c2conc2S)c1-c1ccc(Br)cc1)N1CCC1,O=C(c1nnn(-c2conc2S)c1-c1ccc(Br)cc1)N1CCC1,中毒,19.738789,18.832886,42.5,2.153120943741787,2.2566907695400484,both<5,True,False,False,,-14.746156,18.951643
O=C(c1nnn(S(=O)(=O)C=C2OC2CBr)c1-c1ccc(Br)cc1)N1CCC1,O=C(c1nnn(S(=O)(=O)C=C2OC2CBr)c1-c1ccc(Br)cc1)N1CCC1,中毒,16.90203,33.164642,42.5,2.514490862931849,1.2814852637335872,both<5,True,False,False,,13.627454,-10.50358
O=C(c1nnn([14C]O)c1-c1ccc(Br)cc1)N1CCC1,O=C(c1nnn([14C]O)c1-c1ccc(Br)cc1)N1CCC1,低毒,14.7157955,14.537989,250.0,16.988548121642488,17.196326121859084,both>10,True,False,False,,-1.5471231,1.3872412
O=C(c1nnn(-c2nccc3sccc23)c1-c1ccc(Br)cc1)N1CCC1,O=C(c1nnn(-c2nccc3sccc23)c1-c1ccc(Br)cc1)N1CCC1,中毒,6.3333983,55.981754,42.5,6.710457480623002,0.7591759272137132,one>5-other<=5,True,False,False,,-31.31832,6.7532763
O=C(c1nnn(OCc2ccc(Br)nc2)c1-c1ccc(Br)cc1)N1CCC1,O=C(c1nnn(OCc2ccc(Br)nc2)c1-c1ccc(Br)cc1)N1CCC1,中毒,12.9747,24.990705,42.5,3.2756056016709443,1.7006322950873136,both<5,True,False,False,,23.308405,-17.809763
O=C(c1nnn(-c2ccc(Cl)cc2S)c1-c1ccc(Br)cc1)N1CCC1,O=C(c1nnn(-c2ccc(Cl)cc2S)c1-c1ccc(Br)cc1)N1CCC1,中毒,15.072725,23.846197,42.5,2.819662668827302,1.782254839209791,both<5,True,False,False,,-29.061228,21.673801
O=C(c1nnn(CSC=Cc2ccco2)c1-c1ccc(Br)cc1)N1CCC1,O=C(c1nnn(CSC=Cc2ccco2)c1-c1ccc(Br)cc1)N1CCC1,中毒,8.539708,12.322111,42.5,4.976750961508286,3.44908433303352,both<5,True,False,False,,10.492936,-26.00822
O=C(c1nnn(S(=O)(=O)c2ccccc2Cl)c1-c1ccc(Br)cc1)N1CCC1,O=C(c1nnn(S(=O)(=O)c2ccccc2Cl)c1-c1ccc(Br)cc1)N1CCC1,中毒,12.385275,62.294617,42.5,3.43149425426565,0.6822419343231535,both<5,True,False,False,,8.499472,-9.612065
N=C1SC=NC1NC1=NN=C1n1nnc(C(=O)N2CCC2)c1-c1ccc(Br)cc1,N=C1SC=NC1NC1=NN=C1n1nnc(C(=O)N2CCC2)c1-c1ccc(Br)cc1,中毒,3.5231447,27.108425,42.5,12.063086707735847,1.56777828295078,one>10-other<5,True,True,False,,-20.529385,3.680809
O=C(c1nnn(-n2cc(Br)s2)c1-c1ccc(Br)cc1)N1CCC1,O=C(c1nnn(-n2cc(Br)s2)c1-c1ccc(Br)cc1)N1CCC1,中毒,25.406092,15.860393,42.5,1.6728271313825045,2.6796309523982162,both<5,False,False,False,,-2.6677027,-1.2933987
O=C(c1nnn(C(Br)c2c(O)ccc([N+](=O)[O-])c2Cl)c1-c1ccc(Br)cc1)N1CCC1,O=C(c1nnn(C(Br)c2c(O)ccc([N+](=O)[O-])c2Cl)c1-c1ccc(Br)cc1)N1CCC1,中毒,3.7715328,19.363712,42.5,11.26862797003913,2.194827107529796,one>10-other<5,True,True,False,,-9.194863,-12.978066
O=C(c1nnn(NCCc2c[nH]nn2)c1-c1ccc(Br)cc1)N1CCC1,O=C(c1nnn(NCCc2c[nH]nn2)c1-c1ccc(Br)cc1)N1CCC1,中毒,18.236856,45.50951,42.5,2.330445554869765,0.9338707448179513,both<5,True,False,False,,25.7224,-3.994577
O=C(c1nnn(CC2C(=O)C23CC2CC(=O)N2O3)c1-c1ccc(Br)cc1)N1CCC1,O=C(c1nnn(CC2C(=O)C23CC2CC(=O)N2O3)c1-c1ccc(Br)cc1)N1CCC1,中毒,7.5655417,30.618319,42.5,5.6175752755417365,1.3880579139566742,one>5-other<=5,True,False,False,,-0.88441116,-37.170326
N#CC12C=C=CC(O)N(c3cccs3)C(n3nnc(C(=O)N4CCC4)c3-c3ccc(Br)cc3)=C(C1)S2,N#CC12C=C=CC(O)N(c3cccs3)C(n3nnc(C(=O)N4CCC4)c3-c3ccc(Br)cc3)=C(C1)S2,中毒,5.0812817,10.915311,42.5,8.364031460802497,3.8936132923743534,one>5-other<=5,True,False,False,,-26.843039,3.9919696
O=C(c1nnn(OCc2cncn2C(c2cccc(Br)c2)c2ccccn2)c1-c1ccc(Br)cc1)N1CCC1,O=C(c1nnn(OCc2cncn2C(c2cccc(Br)c2)c2ccccn2)c1-c1ccc(Br)cc1)N1CCC1,中毒,11.917645,18.684507,42.5,3.5661407937558134,2.274611794681016,both<5,True,False,False,,24.326315,-17.61993
O=C(c1nnn(C2=NN3CCCOCOCC2=CC(Cn2ccnc2)=NSC3CCl)c1-c1ccc(Br)cc1)N1CCC1,O=C(c1nnn(C2=NN3CCCOCOCC2=CC(Cn2ccnc2)=NSC3CCl)c1-c1ccc(Br)cc1)N1CCC1,中毒,2.4692235,21.079233,42.5,17.211888676743925,2.0162023921838146,one>10-other<5,True,True,False,,-11.358573,-27.281229
O=CS(=O)(=O)n1nnc(C(=O)N2CCC2)c1-c1ccc(Br)cc1,O=CS(=O)(=O)n1nnc(C(=O)N2CCC2)c1-c1ccc(Br)cc1,低毒,6.957508,79.19967,250.0,35.93240568318427,3.1565788089773608,one>10-other<5,True,False,False,,12.756752,-10.122218
O=C(c1nnn(S(=O)(=O)c2ccsc2)c1-c1ccc(Br)cc1)N1CCC1,O=C(c1nnn(S(=O)(=O)c2ccsc2)c1-c1ccc(Br)cc1)N1CCC1,中毒,6.629984,76.15969,42.5,6.41027187999247,0.5580379857113389,one>5-other<=5,True,False,False,,8.920668,-10.607311
O=C(c1nnn(N(Cc2cc3ccccc3[nH]2)CC2CNS2(=O)=O)c1-c1ccc(Br)cc1)N1CCC1,O=C(c1nnn(N(Cc2cc3ccccc3[nH]2)CC2CNS2(=O)=O)c1-c1ccc(Br)cc1)N1CCC1,中毒,9.63438,16.3919,42.5,4.411285417432154,2.5927439772082552,both<5,True,False,False,,6.033445,-10.635963
O=C(c1nnn([N+]n2ccnn2)c1-c1ccc(Br)cc1)N1CCC1,O=C(c1nnn([N+]n2ccnn2)c1-c1ccc(Br)cc1)N1CCC1,中毒,69.804344,49.925213,42.5,0.608844630070587,0.8512732835010639,both<5,False,False,False,,0.56595045,10.048416
O=C(c1nnn(Cc2cccc(-c3cccc4ccccc34)c2)c1-c1ccc(Br)cc1)N1CCC1,O=C(c1nnn(Cc2cccc(-c3cccc4ccccc34)c2)c1-c1ccc(Br)cc1)N1CCC1,中毒,9.096299,13.934675,42.5,4.672229881625483,3.0499455495015133,both<5,True,False,False,,1.6761608,-25.416742
O=C(c1nnn(CCC[n+]2ccn(CCc3ccsc3Cl)c2)c1-c1ccc(Br)cc1)N1CCC1,O=C(c1nnn(CCC[n+]2ccn(CCc3ccsc3Cl)c2)c1-c1ccc(Br)cc1)N1CCC1,中毒,16.98248,36.15272,42.5,2.502579128607836,1.1755685326028027,both<5,True,False,False,,1.9957101,-49.226078
O=C(c1nnn(C23OC2CNc2ccccc23)c1-c1ccc(Br)cc1)N1CCC1,O=C(c1nnn(C23OC2CNc2ccccc23)c1-c1ccc(Br)cc1)N1CCC1,中毒,3.0302444,15.864446,42.5,14.025271360950292,2.678946368502247,one>10-other<5,True,True,False,,5.4273663,8.1300535
O=C(c1nnn(-c2cncc3cccnc23)c1-c1ccc(Br)cc1)N1CCC1,O=C(c1nnn(-c2cncc3cccnc23)c1-c1ccc(Br)cc1)N1CCC1,中毒,5.6328483,38.398697,42.5,7.545028329628547,1.1068083898784378,one>5-other<=5,True,False,False,,-31.598238,16.187765
O=C(c1nnn(Nc2cnccc2Cl)c1-c1ccc(Br)cc1)N1CCC1,O=C(c1nnn(Nc2cnccc2Cl)c1-c1ccc(Br)cc1)N1CCC1,中毒,21.042536,33.80168,42.5,2.0197185358266703,1.2573339549986866,both<5,False,False,False,,24.39855,-1.5575285
O=C(c1nnn(C2CCOP2(O)=S)c1-c1ccc(Br)cc1)N1CCC1,O=C(c1nnn(C2CCOP2(O)=S)c1-c1ccc(Br)cc1)N1CCC1,中毒,9.81166,27.677082,42.5,4.331580996487852,1.5355665022779497,both<5,True,False,False,,-1.0992653,26.149284
O=C(c1nnn(Cc2ccc[nH]2)c1-c1ccc(Br)cc1)N1CCC1,O=C(c1nnn(Cc2ccc[nH]2)c1-c1ccc(Br)cc1)N1CCC1,中毒,10.601123,12.815344,42.5,4.009009234210376,3.316337040972135,both<5,True,False,False,,-0.5524606,-26.391825
CC=Nn1nnc(C(=O)N2CCC2)c1-c1ccc(Br)cc1,CC=Nn1nnc(C(=O)N2CCC2)c1-c1ccc(Br)cc1,低毒,33.987186,49.925213,250.0,7.355713415050013,5.007489902947435,both5-10,False,False,False,,16.840307,20.716236
O=C(c1nnn(C(Cl)CBr)c1-c1ccc(Br)cc1)N1CCC1,O=C(c1nnn(C(Cl)CBr)c1-c1ccc(Br)cc1)N1CCC1,低毒,12.366438,25.001862,250.0,20.21600722859727,9.999255255468572,both<5,True,False,False,,-9.669156,-15.381576
O=C(c1nnn(C2(c3nc4cc(Br)cnc4[nH]3)SCC2Br)c1-c1ccc(Br)cc1)N1CCC1,O=C(c1nnn(C2(c3nc4cc(Br)cnc4[nH]3)SCC2Br)c1-c1ccc(Br)cc1)N1CCC1,中毒,3.232877,18.359741,42.5,13.146185270890294,2.314847469798185,one>10-other<5,True,True,False,,7.814175,3.3608482
O=C(c1nnn([1111I])c1-c1ccc(Br)cc1)N1CCC1,O=C(c1nnn([1111I])c1-c1ccc(Br)cc1)N1CCC1,低毒,52.13683,45.58551,250.0,4.795074806044019,5.48419881668539,one>5-other<=5,False,False,False,,-0.37540442,4.984563
O=C(c1nnn(C(Cl)c2nccs2)c1-c1ccc(Br)cc1)N1CCC1,O=C(c1nnn(C(Cl)c2nccs2)c1-c1ccc(Br)cc1)N1CCC1,中毒,14.002979,21.319351,42.5,3.035068466502735,1.9934940796274707,both<5,True,False,False,,-12.316771,-7.8901095
O=C(c1nnn(-c2ccc(SC(CCO)c3ccc(Cl)cc3Br)cc2)c1-c1ccc(Br)cc1)N1CCC1,O=C(c1nnn(-c2ccc(SC(CCO)c3ccc(Cl)cc3Br)cc2)c1-c1ccc(Br)cc1)N1CCC1,中毒,8.910401,41.476196,42.5,4.769706773017286,1.0246841344852358,both<5,True,False,False,,-19.163021,6.4365416
O=C(c1nnn(-c2cccc(Br)c2CC(=CCl)CCl)c1-c1ccc(Br)cc1)N1CCC1,O=C(c1nnn(-c2cccc(Br)c2CC(=CCl)CCl)c1-c1ccc(Br)cc1)N1CCC1,中毒,5.3713965,21.434364,42.5,7.912281284764585,1.9827973435554236,one>5-other<=5,True,False,False,,-26.198997,17.564451
O=C(c1nnn(N=Nc2ccc(OC(F)(F)c3cc(Cl)ccc3-n3nccn3)cc2)c1-c1ccc(Br)cc1)N1CCC1,O=C(c1nnn(N=Nc2ccc(OC(F)(F)c3cc(Cl)ccc3-n3nccn3)cc2)c1-c1ccc(Br)cc1)N1CCC1,中毒,16.122791,24.381538,42.5,2.636020029038397,1.7431221935220003,both<5,True,False,False,,12.058724,18.757639
O=C(c1nnn(-n2c(SCCCS)nnc2-c2ccoc2)c1-c1ccc(Br)cc1)N1CCC1,O=C(c1nnn(-n2c(SCCCS)nnc2-c2ccoc2)c1-c1ccc(Br)cc1)N1CCC1,中毒,7.1539016,17.121897,42.5,5.940814170549955,2.482201592498775,one>5-other<=5,True,False,False,,21.08385,4.7420363
O=C(c1nnn(CC(F)(F)CCl)c1-c1ccc(Br)cc1)N1CCC1,O=C(c1nnn(CC(F)(F)CCl)c1-c1ccc(Br)cc1)N1CCC1,低毒,14.7157955,21.145523,250.0,16.988548121642488,11.822833608797474,both>10,True,False,False,,-3.5000298,-31.454845
O=C(c1nnn(-c2cc3sc2=CC=CC=3)c1-c1ccc(Br)cc1)N1CCC1,O=C(c1nnn(-c2cc3sc2=CC=CC=3)c1-c1ccc(Br)cc1)N1CCC1,中毒,5.657272,17.8952,42.5,7.512454766184126,2.374938531002727,one>5-other<=5,True,False,False,,-33.966526,8.783539
O=C(c1nnn(C(c2ccccc2)c2cc(Br)c[nH]2)c1-c1ccc(Br)cc1)N1CCC1,O=C(c1nnn(C(c2ccccc2)c2cc(Br)c[nH]2)c1-c1ccc(Br)cc1)N1CCC1,中毒,10.601123,12.815344,42.5,4.009009234210376,3.316337040972135,both<5,True,False,False,,-9.122832,-9.646268
O=C(c1nnn(SCCCS)c1-c1ccc(Br)cc1)N1CCC1,O=C(c1nnn(SCCCS)c1-c1ccc(Br)cc1)N1CCC1,低毒,6.962303,75.83646,250.0,35.90765871580137,3.2965673766945343,one>10-other<5,True,False,False,,20.977804,5.739521
O=C(c1nnn([SH](=O)(O)Cc2nc[nH]n2)c1-c1ccc(Br)cc1)N1CCC1,O=C(c1nnn([SH](=O)(O)Cc2nc[nH]n2)c1-c1ccc(Br)cc1)N1CCC1,中毒,3.7276733,79.720116,42.5,11.401213727608585,0.533115129937844,one>10-other<5,True,True,False,,6.76898,-20.88216
O=C(c1nnn(CCCCNBr)c1-c1ccc(Br)cc1)N1CCC1,O=C(c1nnn(CCCCNBr)c1-c1ccc(Br)cc1)N1CCC1,低毒,19.066305,25.001862,250.0,13.11213682986819,9.999255255468572,both<5,True,False,False,,-1.0480565,-47.43227
O=C(c1nnn(C=Nc2ccccc2F)c1-c1ccc(Br)cc1)N1CCC1,O=C(c1nnn(C=Nc2ccccc2F)c1-c1ccc(Br)cc1)N1CCC1,低毒,7.0292077,25.040358,250.0,35.56588603862139,9.98388281828878,both<5,True,False,False,,29.438261,35.107826
O=C(c1nnn(C23CNc4ccsc4S(=O)(=O)N2C=N[N+]3)c1-c1ccc(Br)cc1)N1CCC1,O=C(c1nnn(C23CNc4ccsc4S(=O)(=O)N2C=N[N+]3)c1-c1ccc(Br)cc1)N1CCC1,中毒,2.0215404,18.21115,42.5,21.0235719256464,2.3337351018469454,one>10-other<5,True,True,False,,6.372319,2.7886202
O=C(c1nnn(-c2n[nH]c3cc(I)ccc23)c1-c1ccc(Br)cc1)N1CCC1,O=C(c1nnn(-c2n[nH]c3cc(I)ccc23)c1-c1ccc(Br)cc1)N1CCC1,中毒,4.991485,29.27914,42.5,8.514500193830093,1.4515453664281122,one>5-other<=5,True,False,False,,-16.650902,10.066374
O=C(c1nnn(-c2ccc(O)c3cccc(Cl)c23)c1-c1ccc(Br)cc1)N1CCC1,O=C(c1nnn(-c2ccc(O)c3cccc(Cl)c23)c1-c1ccc(Br)cc1)N1CCC1,中毒,5.4593105,30.515831,42.5,7.784865872714146,1.3927197329150238,one>5-other<=5,True,False,False,,-26.787443,19.434435
O=C(c1nnn(C2CONN2CP(=S)(Cl)c2ccccc2)c1-c1ccc(Br)cc1)N1CCC1,O=C(c1nnn(C2CONN2CP(=S)(Cl)c2ccccc2)c1-c1ccc(Br)cc1)N1CCC1,中毒,7.8107824,40.440647,42.5,5.441196262233602,1.0509228499731966,one>5-other<=5,True,False,False,,-4.171423,30.203142
NN=Cn1nnc(C(=O)N2CCC2)c1-c1ccc(Br)cc1,NN=Cn1nnc(C(=O)N2CCC2)c1-c1ccc(Br)cc1,低毒,13.082877,16.617321,250.0,19.10894675536581,15.044542980183147,both>10,True,False,False,,31.866913,33.05453
O=C(c1nnn(C=NOCc2c[nH]c(=O)[nH]2)c1-c1ccc(Br)cc1)N1CCC1,O=C(c1nnn(C=NOCc2c[nH]c(=O)[nH]2)c1-c1ccc(Br)cc1)N1CCC1,低毒,9.972353,22.393997,250.0,25.06930911892108,11.163706059262221,both>10,True,False,False,,37.199028,35.052773
O=C(c1nnn(C=Cc2ccccc2Cc2cccs2)c1-c1ccc(Br)cc1)N1CCC1,O=C(c1nnn(C=Cc2ccccc2Cc2cccs2)c1-c1ccc(Br)cc1)N1CCC1,中毒,10.156803,12.126413,42.5,4.184387547932159,3.5047462097819033,both<5,True,False,False,,32.93846,19.849335
O=C(c1nnn(Cc2cnno2)c1-c1ccc(Br)cc1)N1CCC1,O=C(c1nnn(Cc2cnno2)c1-c1ccc(Br)cc1)N1CCC1,中毒,11.464878,13.406676,42.5,3.7069735936134687,3.1700624375497704,both<5,True,False,False,,7.2216597,-27.71338
O=C(c1nnn(COCCc2ccncc2)c1-c1ccc(Br)cc1)N1CCC1,O=C(c1nnn(COCCc2ccncc2)c1-c1ccc(Br)cc1)N1CCC1,中毒,12.558582,16.108147,42.5,3.3841400247257214,2.6384164485213604,both<5,True,False,False,,9.85447,-44.855724
O=C(c1nnn(CC[N+]2(Cc3sccc3F)CNC(c3ccccn3)C2)c1-c1ccc(Br)cc1)N1CCC1,O=C(c1nnn(CC[N+]2(Cc3sccc3F)CNC(c3ccccn3)C2)c1-c1ccc(Br)cc1)N1CCC1,中毒,18.206121,22.195513,42.5,2.3343797396490995,1.9148014285590067,both<5,True,False,False,,6.592872,-41.62696
O=C(c1nnn(C=NP(F)F)c1-c1ccc(Br)cc1)N1CCC1,O=C(c1nnn(C=NP(F)F)c1-c1ccc(Br)cc1)N1CCC1,低毒,9.972353,16.617321,250.0,25.06930911892108,15.044542980183147,both>10,True,False,False,,31.810207,34.108818
O=C(c1nnn(-c2cc(Cl)ccc2Sc2ccc(Br)cc2)c1-c1ccc(Br)cc1)N1CCC1,O=C(c1nnn(-c2cc(Cl)ccc2Sc2ccc(Br)cc2)c1-c1ccc(Br)cc1)N1CCC1,中毒,15.658295,24.50958,42.5,2.7142163307052267,1.7340158419687322,both<5,True,False,False,,-28.51053,22.169655
O=C(c1nnn(CNc2cccc(Cl)c2)c1-c1ccc(Br)cc1)N1CCC1,O=C(c1nnn(CNc2cccc(Cl)c2)c1-c1ccc(Br)cc1)N1CCC1,中毒,11.712073,16.09387,42.5,3.6287342129783515,2.64075700872444,both<5,True,False,False,,-10.900453,-44.813477
O=C(c1nnn(C2CSCP2(=O)O)c1-c1ccc(Br)cc1)N1CCC1,O=C(c1nnn(C2CSCP2(=O)O)c1-c1ccc(Br)cc1)N1CCC1,中毒,5.4936633,21.827747,42.5,7.736185797917393,1.9470630661057233,one>5-other<=5,True,False,False,,0.3694236,28.029991
[11CH3]CCn1nnc(C(=O)N2CCC2)c1-c1ccc(Br)cc1,[11CH3]CCn1nnc(C(=O)N2CCC2)c1-c1ccc(Br)cc1,低毒,10.457589,25.001862,250.0,23.906083897540817,9.999255255468572,both<5,True,False,False,,0.96669674,-41.85046
O=C(c1nnn(C2(c3ccccc3)OCO2)c1-c1ccc(Br)cc1)N1CCC1,O=C(c1nnn(C2(c3ccccc3)OCO2)c1-c1ccc(Br)cc1)N1CCC1,中毒,5.4819345,18.087477,42.5,7.752737651279853,2.3496919996083476,one>5-other<=5,True,False,False,,6.5927386,9.499161
O=C(c1nnn(CCc2ccc(Cl)cc2)c1-c1ccc(Br)cc1)N1CCC1,O=C(c1nnn(CCc2ccc(Cl)cc2)c1-c1ccc(Br)cc1)N1CCC1,中毒,14.7157955,25.001862,42.5,2.8880531806792233,1.6998733934296575,both<5,True,False,False,,8.710011,-43.08418
O=C(O)CN(C1=NN=C(n2nnc(C(=O)N3CCC3)c2-c2ccc(Br)cc2)CN1)c1cc(Br)cc2[nH]ncc12,O=C(O)CN(C1=NN=C(n2nnc(C(=O)N3CCC3)c2-c2ccc(Br)cc2)CN1)c1cc(Br)cc2[nH]ncc12,中毒,10.469868,22.734936,42.5,4.059267986950743,1.8693696784543399,both<5,True,False,False,,-24.686506,8.766102
O=C(c1nnn(C23CNC(CCCN2)CCCN(CCBr)C3Cc2ccccc2)c1-c1ccc(Br)cc1)N1CCC1,O=C(c1nnn(C23CNC(CCCN2)CCCN(CCBr)C3Cc2ccccc2)c1-c1ccc(Br)cc1)N1CCC1,中毒,7.8389835,19.89001,42.5,5.421621310977374,2.136751062468043,one>5-other<=5,True,False,False,,3.7936184,-15.557059
O=C(c1nnn(C2CN2C2CC3C2CC2Sc4cc(Br)ccc4C2CN3CC2CC2)c1-c1ccc(Br)cc1)N1CCC1,O=C(c1nnn(C2CN2C2CC3C2CC2Sc4cc(Br)ccc4C2CN3CC2CC2)c1-c1ccc(Br)cc1)N1CCC1,中毒,5.004276,21.962286,42.5,8.492737011307929,1.9351355318840673,one>5-other<=5,True,False,False,,3.1502686,21.76223
O=C(c1nnn(CC(F)(F)F)c1-c1ccc(Br)cc1)N1CCC1,O=C(c1nnn(CC(F)(F)F)c1-c1ccc(Br)cc1)N1CCC1,低毒,14.7157955,25.001862,250.0,16.988548121642488,9.999255255468572,both<5,True,False,False,,-3.518784,-31.72938
O=C(c1nnn(-c2cccnc2[N+](=O)[O-])c1-c1ccc(Br)cc1)N1CCC1,O=C(c1nnn(-c2cccnc2[N+](=O)[O-])c1-c1ccc(Br)cc1)N1CCC1,中毒,6.151345,35.170273,42.5,6.909058100301642,1.2084068838476174,one>5-other<=5,True,False,False,,-30.51816,17.354586
O=C(c1nnn(SS(=O)(=O)[O-])c1-c1ccc(Br)cc1)N1CCC1,O=C(c1nnn(SS(=O)(=O)[O-])c1-c1ccc(Br)cc1)N1CCC1,低毒,8.428709,84.007965,250.0,29.66053282893027,2.9759082963145223,one>10-other<5,True,False,False,,18.126759,7.3989987
O=C(c1nnn(CCCCCSS)c1-c1ccc(Br)cc1)N1CCC1,O=C(c1nnn(CCCCCSS)c1-c1ccc(Br)cc1)N1CCC1,低毒,11.713761,25.001862,250.0,21.34241939885917,9.999255255468572,both<5,True,False,False,,0.38148746,-44.081196
O=C(c1nnn(-c2ccc3cc[nH]c3n2)c1-c1ccc(Br)cc1)N1CCC1,O=C(c1nnn(-c2ccc3cc[nH]c3n2)c1-c1ccc(Br)cc1)N1CCC1,中毒,7.805059,42.886635,42.5,5.445186256759879,0.9909847205312331,one>5-other<=5,True,False,False,,-15.491902,15.607854
O=C(c1nnn(-c2cscc2S(=O)(=O)F)c1-c1ccc(Br)cc1)N1CCC1,O=C(c1nnn(-c2cscc2S(=O)(=O)F)c1-c1ccc(Br)cc1)N1CCC1,中毒,6.2665625,37.521526,42.5,6.782027626789009,1.132683143004365,one>5-other<=5,True,False,False,,-26.730837,9.460855
O=C(c1nnn(CC=CCNBr)c1-c1ccc(Br)cc1)N1CCC1,O=C(c1nnn(CC=CCNBr)c1-c1ccc(Br)cc1)N1CCC1,低毒,16.814655,25.001862,250.0,14.867982721025202,9.999255255468572,both<5,True,False,False,,11.579397,-37.02943
O=C(c1nnn(C2=NCCS2)c1-c1ccc(Br)cc1)N1CCC1,O=C(c1nnn(C2=NCCS2)c1-c1ccc(Br)cc1)N1CCC1,中毒,12.606856,35.51807,42.5,3.371181522181264,1.1965740255593842,both<5,True,False,False,,-19.983824,1.8351307
NS(=O)(=S)n1nnc(C(=O)N2CCC2)c1-c1ccc(Br)cc1,NS(=O)(=S)n1nnc(C(=O)N2CCC2)c1-c1ccc(Br)cc1,低毒,11.90429,61.003983,250.0,21.00083247299923,4.098093070414763,one>10-other<5,True,False,False,,11.83099,-7.7588015
O=C(c1nnn(-c2no[n+]([O-])c2F)c1-c1ccc(Br)cc1)N1CCC1,O=C(c1nnn(-c2no[n+]([O-])c2F)c1-c1ccc(Br)cc1)N1CCC1,中毒,10.330023,18.571041,42.5,4.114221236487082,2.2885092978901937,both<5,True,False,False,,-10.020862,20.36581
O=C(c1nnn(N2CO[11C]2)c1-c1ccc(Br)cc1)N1CCC1,O=C(c1nnn(N2CO[11C]2)c1-c1ccc(Br)cc1)N1CCC1,中毒,16.423025,29.76995,42.5,2.5878301957160756,1.4276140873599048,both<5,True,False,False,,-4.240509,-1.4526634
O=C(c1nnn(C2OC=CN2Br)c1-c1ccc(Br)cc1)N1CCC1,O=C(c1nnn(C2OC=CN2Br)c1-c1ccc(Br)cc1)N1CCC1,中毒,13.621215,15.276982,42.5,3.12013282221887,2.7819630866881955,both<5,True,False,False,,-0.047749754,24.31847
O=C(c1nnn(C=Nc2cc(I)co2)c1-c1ccc(Br)cc1)N1CCC1,O=C(c1nnn(C=Nc2cc(I)co2)c1-c1ccc(Br)cc1)N1CCC1,中毒,8.154767,16.617321,42.5,5.211675575770589,2.557572306631135,one>5-other<=5,True,False,False,,31.1769,31.265297
CCN1CN1n1nnc(C(=O)N2CCC2)c1-c1ccc(Br)cc1,CCN1CN1n1nnc(C(=O)N2CCC2)c1-c1ccc(Br)cc1,中毒,20.901005,55.764713,42.5,2.0333950448794207,0.7621307044115873,both<5,False,False,False,,-4.3331327,-4.386832
O=C(c1nnn(C=C2SSN=C2Cl)c1-c1ccc(Br)cc1)N1CCC1,O=C(c1nnn(C=C2SSN=C2Cl)c1-c1ccc(Br)cc1)N1CCC1,中毒,24.106747,22.23167,42.5,1.7629919125960878,1.9116872461672918,both<5,False,False,False,,31.060715,25.39282
O=C(c1nnn(NC(=S)Sc2ccns2)c1-c1ccc(Br)cc1)N1CCC1,O=C(c1nnn(NC(=S)Sc2ccns2)c1-c1ccc(Br)cc1)N1CCC1,中毒,16.42125,57.6484,42.5,2.5881099185506584,0.737227746129988,both<5,True,False,False,,21.957642,-1.6849704
O=C(c1nnn(-c2noc(CBr)n2)c1-c1ccc(Br)cc1)N1CCC1,O=C(c1nnn(-c2noc(CBr)n2)c1-c1ccc(Br)cc1)N1CCC1,中毒,25.232553,23.613739,42.5,1.6843321403109706,1.7997996844125363,both<5,False,False,False,,-8.460577,9.698907
O=C(c1nnn(CCc2ccccc2Br)c1-c1ccc(Br)cc1)N1CCC1,O=C(c1nnn(CCc2ccccc2Br)c1-c1ccc(Br)cc1)N1CCC1,中毒,14.7157955,25.001862,42.5,2.8880531806792233,1.6998733934296575,both<5,True,False,False,,8.345957,-41.152393
O=C(c1nnn(CCc2c[n+]([O-])on2)c1-c1ccc(Br)cc1)N1CCC1,O=C(c1nnn(CCc2c[n+]([O-])on2)c1-c1ccc(Br)cc1)N1CCC1,低毒,11.493674,25.001862,250.0,21.751095428667977,9.999255255468572,both<5,True,False,False,,5.261448,-40.530205
O=C(c1nnn(-c2cc(-c3ccco3)no2)c1-c1ccc(Br)cc1)N1CCC1,O=C(c1nnn(-c2cc(-c3ccco3)no2)c1-c1ccc(Br)cc1)N1CCC1,中毒,4.974359,27.15339,42.5,8.54381438894941,1.5651821006511524,one>5-other<=5,True,False,False,,-9.670871,13.091146
O=C(c1nnn(CC(S)=NN2C3=C(Cl)C=CC(F)=C(Cl)CN32)c1-c1ccc(Br)cc1)N1CCC1,O=C(c1nnn(CC(S)=NN2C3=C(Cl)C=CC(F)=C(Cl)CN32)c1-c1ccc(Br)cc1)N1CCC1,中毒,10.376772,15.077467,42.5,4.09568601873492,2.8187758593668284,both<5,True,False,False,,-2.4643915,-33.649353
O=C(c1nnn(-c2nnc(-c3c[nH]c4ccccc34)s2)c1-c1ccc(Br)cc1)N1CCC1,O=C(c1nnn(-c2nnc(-c3c[nH]c4ccccc34)s2)c1-c1ccc(Br)cc1)N1CCC1,中毒,21.466677,28.442144,42.5,1.9798127115808375,1.494261473396661,both<5,False,False,False,,-21.01098,-2.9063716
[N-]=[N+]=COC1OC1n1nnc(C(=O)N2CCC2)c1-c1ccc(Br)cc1,[N-]=[N+]=COC1OC1n1nnc(C(=O)N2CCC2)c1-c1ccc(Br)cc1,低毒,7.301215,29.062479,250.0,34.24087634729288,8.602156753386385,both<5,True,False,False,,7.1071095,25.882713
O=C(c1nnn(-c2ccc3ccccc3c2CBr)c1-c1ccc(Br)cc1)N1CCC1,O=C(c1nnn(-c2ccc3ccccc3c2CBr)c1-c1ccc(Br)cc1)N1CCC1,中毒,17.489609,49.98003,42.5,2.430014301634759,0.8503396256464832,both<5,True,False,False,,-34.0352,14.961778
O=C(c1nnn(C2N=NS([O-])=NN2CCNCCCN=C=S)c1-c1ccc(Br)cc1)N1CCC1,O=C(c1nnn(C2N=NS([O-])=NN2CCNCCCN=C=S)c1-c1ccc(Br)cc1)N1CCC1,中毒,10.416614,23.568663,42.5,4.080020628584299,1.8032418724812689,both<5,True,False,False,,6.8460646,-15.823801
O=C(c1nnn(C=N[N+]([O-])=S)c1-c1ccc(Br)cc1)N1CCC1,O=C(c1nnn(C=N[N+]([O-])=S)c1-c1ccc(Br)cc1)N1CCC1,低毒,13.082877,29.177204,250.0,19.10894675536581,8.568333004080857,both<5,True,False,False,,29.104713,31.357128
O=C(c1nnn(C2CS(=O)(=O)NO2)c1-c1ccc(Br)cc1)N1CCC1,O=C(c1nnn(C2CS(=O)(=O)NO2)c1-c1ccc(Br)cc1)N1CCC1,低毒,7.3835497,15.572779,250.0,33.85905291597076,16.053653622131282,both>10,True,False,False,,-2.6029477,25.591984
O=C(c1nnn([SH]2CO2)c1-c1ccc(Br)cc1)N1CCC1,O=C(c1nnn([SH]2CO2)c1-c1ccc(Br)cc1)N1CCC1,低毒,8.705061,56.478096,250.0,28.71892569161778,4.426494830845573,one>10-other<5,True,False,False,,-5.2891927,3.0550952
O=C(c1nnn(C2c3ccc(Br)cc32)c1-c1ccc(Br)cc1)N1CCC1,O=C(c1nnn(C2c3ccc(Br)cc32)c1-c1ccc(Br)cc1)N1CCC1,中毒,5.902988,16.023626,42.5,7.199743587484847,2.6523334980484443,one>5-other<=5,True,False,False,,1.6626143,32.40783
O=C(c1nnn(C=NN=C(c2ccc(F)cc2)N2CCCNC(=S)NC2C2CCCCO2)c1-c1ccc(Br)cc1)N1CCC1,O=C(c1nnn(C=NN=C(c2ccc(F)cc2)N2CCCNC(=S)NC2C2CCCCO2)c1-c1ccc(Br)cc1)N1CCC1,中毒,5.9018207,49.19611,42.5,7.201167599008896,0.8638894416652049,one>5-other<=5,True,False,False,,27.65869,33.16043
N#CN1CCCCC1n1nnc(C(=O)N2CCC2)c1-c1ccc(Br)cc1,N#CN1CCCCC1n1nnc(C(=O)N2CCC2)c1-c1ccc(Br)cc1,低毒,17.771996,23.851976,250.0,14.067074964455314,10.481311904724372,both>10,True,False,False,,0.7517787,23.706633
N=C(Cl)n1nnc(C(=O)N2CCC2)c1-c1ccc(Br)cc1,N=C(Cl)n1nnc(C(=O)N2CCC2)c1-c1ccc(Br)cc1,低毒,8.773093,16.617321,250.0,28.496221344057336,15.044542980183147,both>10,True,False,False,,12.81507,-0.9598478
O=C(c1nnn(C(CCI)c2ccncc2)c1-c1ccc(Br)cc1)N1CCC1,O=C(c1nnn(C(CCI)c2ccncc2)c1-c1ccc(Br)cc1)N1CCC1,中毒,10.601123,18.661703,42.5,4.009009234210376,2.2773912970322163,both<5,True,False,False,,-5.811076,-13.9289665
O=C(c1nnn(C2(NCCCNc3ncccn3)CNO2)c1-c1ccc(Br)cc1)N1CCC1,O=C(c1nnn(C2(NCCCNc3ncccn3)CNO2)c1-c1ccc(Br)cc1)N1CCC1,中毒,6.917994,17.201508,42.5,6.143399372708331,2.470713614178478,one>5-other<=5,True,False,False,,4.7551446,4.0304685
O=C(c1nnn(C2N=CCN2)c1-c1ccc(Br)cc1)N1CCC1,O=C(c1nnn(C2N=CCN2)c1-c1ccc(Br)cc1)N1CCC1,中毒,9.921383,24.69289,42.5,4.283676983339923,1.721143211669432,both<5,True,False,False,,0.504825,25.738237
O=C(c1nnn(-c2ccc(COCBr)nc2)c1-c1ccc(Br)cc1)N1CCC1,O=C(c1nnn(-c2ccc(COCBr)nc2)c1-c1ccc(Br)cc1)N1CCC1,中毒,8.885191,47.06901,42.5,4.783239887583733,0.902929549612367,both<5,True,False,False,,-18.18544,6.2473664
O=C(c1nnn(Cc2cc(O)ns2)c1-c1ccc(Br)cc1)N1CCC1,O=C(c1nnn(Cc2cc(O)ns2)c1-c1ccc(Br)cc1)N1CCC1,中毒,6.010255,13.107025,42.5,7.071247392997469,3.242535968307072,one>5-other<=5,True,False,False,,7.136278,-29.508492
O=C(c1nnn(C2OCCCNCO2)c1-c1ccc(Br)cc1)N1CCC1,O=C(c1nnn(C2OCCCNCO2)c1-c1ccc(Br)cc1)N1CCC1,中毒,12.925589,15.917273,42.5,3.28805132207128,2.6700553543311094,both<5,True,False,False,,-2.559082,27.5118
O=C(c1nnn(-c2c[nH]nc2Br)c1-c1ccc(Br)cc1)N1CCC1,O=C(c1nnn(-c2c[nH]nc2Br)c1-c1ccc(Br)cc1)N1CCC1,中毒,6.800437,33.677425,42.5,6.24959837139878,1.261972968539014,one>5-other<=5,True,False,False,,-25.675102,11.892659
O=C(c1nnn(C[n+]2ccc(NC3CCCCS3)cc2)c1-c1ccc(Br)cc1)N1CCC1,O=C(c1nnn(C[n+]2ccc(NC3CCCCS3)cc2)c1-c1ccc(Br)cc1)N1CCC1,中毒,16.785074,19.974249,42.5,2.532011476386699,2.12773957108475,both<5,True,False,False,,-11.721654,-39.872204
O=C(c1nnn(N2CCC2CCBr)c1-c1ccc(Br)cc1)N1CCC1,O=C(c1nnn(N2CCC2CCBr)c1-c1ccc(Br)cc1)N1CCC1,中毒,22.15207,30.259153,42.5,1.9185565953881512,1.4045336959696129,both<5,False,False,False,,-1.5013728,-4.6610365
O=C(c1nnn(C(c2cccs2)N2N=C2c2ccco2)c1-c1ccc(Br)cc1)N1CCC1,O=C(c1nnn(C(c2cccs2)N2N=C2c2ccco2)c1-c1ccc(Br)cc1)N1CCC1,中毒,11.936821,16.300875,42.5,3.5604119388235778,2.6072220049537216,both<5,True,False,False,,-14.237729,-10.425889
O=C(c1nnn([S+]([O-])Cl)c1-c1ccc(Br)cc1)N1CCC1,O=C(c1nnn([S+]([O-])Cl)c1-c1ccc(Br)cc1)N1CCC1,低毒,11.90429,79.720116,250.0,21.00083247299923,3.135971352575553,one>10-other<5,True,False,False,,3.1312208,11.82141
O=C(c1nnn(-c2csnc2-c2ccco2)c1-c1ccc(Br)cc1)N1CCC1,O=C(c1nnn(-c2csnc2-c2ccco2)c1-c1ccc(Br)cc1)N1CCC1,中毒,11.712045,14.761401,42.5,3.628742888197578,2.8791305107150738,both<5,True,False,False,,-23.382442,-5.5259476
O=C(c1nnn([14I](Cl)Cl)c1-c1ccc(Br)cc1)N1CCC1,O=C(c1nnn([14I](Cl)Cl)c1-c1ccc(Br)cc1)N1CCC1,中毒,52.13683,47.696495,42.5,0.8151627170274832,0.8910507994350528,both<5,False,False,False,,-0.3672307,1.8402983
O=C(c1nnn(Cc2ccsc2)c1-c1ccc(Br)cc1)N1CCC1,O=C(c1nnn(Cc2ccsc2)c1-c1ccc(Br)cc1)N1CCC1,中毒,7.177013,15.842161,42.5,5.921683575047168,2.6827148139701396,one>5-other<=5,True,False,False,,-6.619591,-38.048832
O=C(c1nnn(-c2ccsn2)c1-c1ccc(Br)cc1)N1CCC1,O=C(c1nnn(-c2ccsn2)c1-c1ccc(Br)cc1)N1CCC1,中毒,11.689742,26.42684,42.5,3.635666210597291,1.608213467822865,both<5,True,False,False,,-16.511572,13.176626
O=C(c1nnn(-c2cccc3cc(Cl)nn23)c1-c1ccc(Br)cc1)N1CCC1,O=C(c1nnn(-c2cccc3cc(Cl)nn23)c1-c1ccc(Br)cc1)N1CCC1,中毒,6.4543715,25.35181,42.5,6.58468450413801,1.6764089033485183,one>5-other<=5,True,False,False,,-22.550549,19.404211
O=C(c1nnn(CCNCCCl)c1-c1ccc(Br)cc1)N1CCC1,O=C(c1nnn(CCNCCCl)c1-c1ccc(Br)cc1)N1CCC1,低毒,11.965558,29.281906,250.0,20.893300588238343,8.537695599459953,both<5,True,False,False,,-6.2242465,-45.9998
O=C(c1nnn(CC(Cl)=NF)c1-c1ccc(Br)cc1)N1CCC1,O=C(c1nnn(CC(Cl)=NF)c1-c1ccc(Br)cc1)N1CCC1,低毒,12.281665,27.710857,250.0,20.355546255332644,9.021734694094809,both<5,True,False,False,,-2.223077,-33.2975
CS(=S)n1nnc(C(=O)N2CCC2)c1-c1ccc(Br)cc1,CS(=S)n1nnc(C(=O)N2CCC2)c1-c1ccc(Br)cc1,低毒,11.90429,108.822,250.0,21.00083247299923,2.297329584091452,one>10-other<5,True,False,False,,7.6281757,13.874934
O=C(c1nnn(CNCBr)c1-c1ccc(Br)cc1)N1CCC1,O=C(c1nnn(CNCBr)c1-c1ccc(Br)cc1)N1CCC1,中毒,14.7157955,16.651882,42.5,2.8880531806792233,2.5522640624044777,both<5,True,False,False,,-8.849501,-41.895164
O=C(c1nnn(C23CC2C3)c1-c1ccc(Br)cc1)N1CCC1,O=C(c1nnn(C23CC2C3)c1-c1ccc(Br)cc1)N1CCC1,中毒,6.0377626,25.001862,42.5,7.039031312691891,1.6998733934296575,one>5-other<=5,True,False,False,,7.9806933,6.94191
O=C(c1nnn(C=NCCCl)c1-c1ccc(Br)cc1)N1CCC1,O=C(c1nnn(C=NCCCl)c1-c1ccc(Br)cc1)N1CCC1,低毒,11.124961,16.617321,250.0,22.471988890567793,15.044542980183147,both>10,True,False,False,,33.90254,35.64073
O=C(c1nnn(-c2cn[nH]c2)c1-c1ccc(Br)cc1)N1CCC1,O=C(c1nnn(-c2cn[nH]c2)c1-c1ccc(Br)cc1)N1CCC1,低毒,14.604603,33.677425,250.0,17.117890845783347,7.42337040317067,both<5,True,False,False,,-18.268583,8.675611
O=C(c1nnn(CCn2cnnc2)c1-c1ccc(Br)cc1)N1CCC1,O=C(c1nnn(CCn2cnnc2)c1-c1ccc(Br)cc1)N1CCC1,低毒,13.415327,25.001862,250.0,18.635401134836297,9.999255255468572,both<5,True,False,False,,0.6840835,-40.758907
[N-]=[S+]SSNCCCn1nnc(C(=O)N2CCC2)c1-c1ccc(Br)cc1,[N-]=[S+]SSNCCCn1nnc(C(=O)N2CCC2)c1-c1ccc(Br)cc1,低毒,11.965558,25.001862,250.0,20.893300588238343,9.999255255468572,both<5,True,False,False,,-0.65051574,-48.50526
CSC(Br)(Br)n1nnc(C(=O)N2CCC2)c1-c1ccc(Br)cc1,CSC(Br)(Br)n1nnc(C(=O)N2CCC2)c1-c1ccc(Br)cc1,低毒,9.6648655,16.617321,250.0,25.866888680447754,15.044542980183147,both>10,True,False,False,,4.0610523,-3.8875067
O=C(c1nnn(C2=NC2CCBr)c1-c1ccc(Br)cc1)N1CCC1,O=C(c1nnn(C2=NC2CCBr)c1-c1ccc(Br)cc1)N1CCC1,中毒,5.861901,26.122011,42.5,7.2502077397758855,1.6269804036144078,one>5-other<=5,True,False,False,,-16.968607,-5.2420635
O=C(c1nnn(C2C3=Nc4ccccc4SC(n4nnc(-c5ccc(Oc6cc(Br)cnc6Br)nn5)c4Cl)OOC32)c1-c1ccc(Br)cc1)N1CCC1,O=C(c1nnn(C2C3=Nc4ccccc4SC(n4nnc(-c5ccc(Oc6cc(Br)cnc6Br)nn5)c4Cl)OOC32)c1-c1ccc(Br)cc1)N1CCC1,中毒,5.6055093,18.222574,42.5,7.581826686113963,2.33227204894325,one>5-other<=5,True,False,False,,-2.4644668,30.946276
Cc1cc(Cl)oc1S(=O)(=O)n1nnc(C(=O)N2CCC2)c1-c1ccc(Br)cc1,Cc1cc(Cl)oc1S(=O)(=O)n1nnc(C(=O)N2CCC2)c1-c1ccc(Br)cc1,中毒,5.4256053,56.92409,42.5,7.83322738202132,0.7466083340111366,one>5-other<=5,True,False,False,,9.232257,-8.976104
O=C(c1nnn(CCN=CI)c1-c1ccc(Br)cc1)N1CCC1,O=C(c1nnn(CCN=CI)c1-c1ccc(Br)cc1)N1CCC1,低毒,14.7157955,25.001862,250.0,16.988548121642488,9.999255255468572,both<5,True,False,False,,5.9111786,-47.253975
O=C(c1nnn(C(I)c2nc(-c3ccc(CCc4cc(Cl)cc(Cl)c4)cc3)cs2)c1-c1ccc(Br)cc1)N1CCC1,O=C(c1nnn(C(I)c2nc(-c3ccc(CCc4cc(Cl)cc(Cl)c4)cc3)cs2)c1-c1ccc(Br)cc1)N1CCC1,中毒,12.988989,26.938435,42.5,3.272002155056102,1.5776714571577748,both<5,True,False,False,,-9.078216,-14.147386
O=C(c1nnn(SSc2cn[nH]n2)c1-c1ccc(Br)cc1)N1CCC1,O=C(c1nnn(SSc2cn[nH]n2)c1-c1ccc(Br)cc1)N1CCC1,中毒,5.514562,88.51725,42.5,7.706867743984019,0.48013240357105536,one>5-other<=5,True,False,False,,18.217127,8.522919
O=C(c1nnn(I2CC(C(F)(F)F)N(CCO)N2c2ccncc2)c1-c1ccc(Br)cc1)N1CCC1,O=C(c1nnn(I2CC(C(F)(F)F)N(CCO)N2c2ccncc2)c1-c1ccc(Br)cc1)N1CCC1,中毒,6.2472095,12.680216,42.5,6.803037420147347,3.3516779209439336,one>5-other<=5,True,False,False,,-15.643724,-22.076248
O=C(c1nnn(C2=C3CC(CN2)CO3)c1-c1ccc(Br)cc1)N1CCC1,O=C(c1nnn(C2=C3CC(CN2)CO3)c1-c1ccc(Br)cc1)N1CCC1,中毒,3.9845347,29.732786,42.5,10.666239147070296,1.4293985097797428,one>10-other<5,True,True,False,,-12.103442,8.118984
O=C(c1nnn(ON2CC2C[SH]2NC2CCO)c1-c1ccc(Br)cc1)N1CCC1,O=C(c1nnn(ON2CC2C[SH]2NC2CCO)c1-c1ccc(Br)cc1)N1CCC1,中毒,35.180527,17.335955,42.5,1.208054671835928,2.4515522796407816,both<5,False,False,False,,19.964663,-15.778296
O=C(c1nnn(N2C(CCF)C2(Br)C2CC2)c1-c1ccc(Br)cc1)N1CCC1,O=C(c1nnn(N2C(CCF)C2(Br)C2CC2)c1-c1ccc(Br)cc1)N1CCC1,中毒,6.8247924,72.70506,42.5,6.22729564638479,0.5845535372641188,one>5-other<=5,True,False,False,,-2.5295377,-5.9073706
O=C(c1nnn(C2=C([N+](=O)[O-])c3cccn32)c1-c1ccc(Br)cc1)N1CCC1,O=C(c1nnn(C2=C([N+](=O)[O-])c3cccn32)c1-c1ccc(Br)cc1)N1CCC1,中毒,5.9104104,20.287006,42.5,7.190702019609332,2.0949370252071695,one>5-other<=5,True,False,False,,-14.067289,12.072764
O=C(c1nnn(C23OC(CBr)C2(Br)C3Cl)c1-c1ccc(Br)cc1)N1CCC1,O=C(c1nnn(C23OC(CBr)C2(Br)C3Cl)c1-c1ccc(Br)cc1)N1CCC1,中毒,2.3346143,17.163313,42.5,18.204291818138866,2.476211906174525,one>10-other<5,True,True,False,,9.074942,3.996535
O=C(c1nnn(-c2ccc(CBr)s2)c1-c1ccc(Br)cc1)N1CCC1,O=C(c1nnn(-c2ccc(CBr)s2)c1-c1ccc(Br)cc1)N1CCC1,中毒,6.052996,48.958317,42.5,7.021316386133412,0.8680853959910427,one>5-other<=5,True,False,False,,-24.468874,1.4731226
O=C(c1nnn(-c2nnc3cccsc2-3)c1-c1ccc(Br)cc1)N1CCC1,O=C(c1nnn(-c2nnc3cccsc2-3)c1-c1ccc(Br)cc1)N1CCC1,中毒,16.761433,22.171108,42.5,2.5355827273240896,1.9169091594339804,both<5,True,False,False,,-27.080025,4.677082
O=C(c1nnn([SH]=S)c1-c1ccc(Br)cc1)N1CCC1,O=C(c1nnn([SH]=S)c1-c1ccc(Br)cc1)N1CCC1,低毒,11.90429,144.6966,250.0,21.00083247299923,1.7277531054634319,one>10-other<5,True,False,False,,3.0566454,-0.4000259
O=C(c1nnn([19Br])c1-c1ccc(Br)cc1)N1CCC1,O=C(c1nnn([19Br])c1-c1ccc(Br)cc1)N1CCC1,中毒,52.13683,36.7276,42.5,0.8151627170274832,1.157167906424596,both<5,False,False,False,,-0.6497259,3.3019247
O=C(c1nnn([15I])c1-c1ccc(Br)cc1)N1CCC1,O=C(c1nnn([15I])c1-c1ccc(Br)cc1)N1CCC1,低毒,52.13683,45.58551,250.0,4.795074806044019,5.48419881668539,one>5-other<=5,False,False,False,,2.038519,3.2071862
O=C(c1nnn(-c2[nH]nc(-c3c[nH]c4ccccc34)c2I)c1-c1ccc(Br)cc1)N1CCC1,O=C(c1nnn(-c2[nH]nc(-c3c[nH]c4ccccc34)c2I)c1-c1ccc(Br)cc1)N1CCC1,中毒,10.179511,27.524584,42.5,4.175053202457367,1.544074199268552,both<5,True,False,False,,-20.869242,-2.5527499
O=C(c1nnn(-c2cc(F)ccc2Cl)c1-c1ccc(Br)cc1)N1CCC1,O=C(c1nnn(-c2cc(F)ccc2Cl)c1-c1ccc(Br)cc1)N1CCC1,中毒,10.821984,15.472514,42.5,3.9271911693826196,2.7468063690231594,both<5,True,False,False,,-27.772566,20.93513
O=C(c1nnn(-n2cnnc2Br)c1-c1ccc(Br)cc1)N1CCC1,O=C(c1nnn(-n2cnnc2Br)c1-c1ccc(Br)cc1)N1CCC1,中毒,16.07892,14.952628,42.5,2.6432123550586732,2.8423097264240105,both<5,True,False,False,,-1.7646564,-2.7125437
O=C(c1nnn(Cc2nc([N+](=O)[O-])ccc2Br)c1-c1ccc(Br)cc1)N1CCC1,O=C(c1nnn(Cc2nc([N+](=O)[O-])ccc2Br)c1-c1ccc(Br)cc1)N1CCC1,中毒,10.601123,14.348369,42.5,4.009009234210376,2.9620091314908334,both<5,True,False,False,,4.568079,-33.198
O=C(c1nnn(Cc2nsnc2O)c1-c1ccc(Br)cc1)N1CCC1,O=C(c1nnn(Cc2nsnc2O)c1-c1ccc(Br)cc1)N1CCC1,中毒,12.337636,11.268588,42.5,3.4447441957276093,3.7715461777464934,both<5,True,False,False,,5.069979,-30.5547
O=C(c1nnn(C=Cc2cc3cc4n(c3nc2Br)C=C=C=C4)c1-c1ccc(Br)cc1)N1CCC1,O=C(c1nnn(C=Cc2cc3cc4n(c3nc2Br)C=C=C=C4)c1-c1ccc(Br)cc1)N1CCC1,中毒,7.412854,11.165211,42.5,5.733284373333132,3.806466353390008,one>5-other<=5,True,False,False,,37.328934,22.225433
O=C(c1nnn(N=Cc2ccoc2Cl)c1-c1ccc(Br)cc1)N1CCC1,O=C(c1nnn(N=Cc2ccoc2Cl)c1-c1ccc(Br)cc1)N1CCC1,低毒,10.369816,113.980835,250.0,24.108431625016298,2.1933511892591415,one>10-other<5,True,False,False,,18.176346,21.039022
O=C(c1nnn(Cc2cscn2)c1-c1ccc(Br)cc1)N1CCC1,O=C(c1nnn(Cc2cscn2)c1-c1ccc(Br)cc1)N1CCC1,中毒,8.017762,12.815344,42.5,5.300731051882059,3.316337040972135,one>5-other<=5,True,False,False,,-2.0389662,-29.611938
O=C(c1nnn(NSc2ccc(S(F)(F)F)cn2)c1-c1ccc(Br)cc1)N1CCC1,O=C(c1nnn(NSc2ccc(S(F)(F)F)cn2)c1-c1ccc(Br)cc1)N1CCC1,中毒,9.690503,24.305304,42.5,4.385737252235514,1.7485895259734254,both<5,True,False,False,,24.101141,-4.4956527
O=C(c1nnn(-c2ccc3ccccc3c2Br)c1-c1ccc(Br)cc1)N1CCC1,O=C(c1nnn(-c2ccc3ccccc3c2Br)c1-c1ccc(Br)cc1)N1CCC1,中毒,13.798724,42.57803,42.5,3.079994932864807,0.9981673647183771,both<5,True,False,False,,-33.731556,15.106543
O=C(c1nnn(C(SCI)c2cccs2)c1-c1ccc(Br)cc1)N1CCC1,O=C(c1nnn(C(SCI)c2cccs2)c1-c1ccc(Br)cc1)N1CCC1,中毒,4.427966,17.095165,42.5,9.598086344836434,2.4860830533077625,one>5-other<=5,True,True,False,,-14.03007,-11.285998
O=C(c1nnn(-c2cccc3[nH]c(-c4ccncc4)nc23)c1-c1ccc(Br)cc1)N1CCC1,O=C(c1nnn(-c2cccc3[nH]c(-c4ccncc4)nc23)c1-c1ccc(Br)cc1)N1CCC1,中毒,8.972628,22.862211,42.5,4.736627886501034,1.858962809852468,both<5,True,False,False,,-31.486727,14.014081
Nc1c(Cc2cccs2)n[nH]c1-n1nnc(C(=O)N2CCC2)c1-c1ccc(Br)cc1,Nc1c(Cc2cccs2)n[nH]c1-n1nnc(C(=O)N2CCC2)c1-c1ccc(Br)cc1,中毒,9.080192,18.330435,42.5,4.680517768787268,2.3185483595997582,both<5,True,False,False,,-28.6171,3.96409
O=C(c1nnn(S(=O)(=O)Nc2ccccc2C(F)(F)F)c1-c1ccc(Br)cc1)N1CCC1,O=C(c1nnn(S(=O)(=O)Nc2ccccc2C(F)(F)F)c1-c1ccc(Br)cc1)N1CCC1,中毒,14.064521,40.167973,42.5,3.021787944289038,1.05805687531208,both<5,True,False,False,,10.383619,-11.152072
O=C(c1nnn(C(=S)S[S+]F)c1-c1ccc(Br)cc1)N1CCC1,O=C(c1nnn(C(=S)S[S+]F)c1-c1ccc(Br)cc1)N1CCC1,中毒,11.124592,27.139992,42.5,3.8203648277617734,1.5659547725732565,both<5,True,False,False,,14.922103,0.39821732
O=C(c1nnn(C2=NS(=O)(=O)NC(c3ccccn3)OC2C=CI)c1-c1ccc(Br)cc1)N1CCC1,O=C(c1nnn(C2=NS(=O)(=O)NC(c3ccccn3)OC2C=CI)c1-c1ccc(Br)cc1)N1CCC1,中毒,2.8740282,18.058743,42.5,14.7876071640494,2.3534306900541195,one>10-other<5,True,True,False,,-19.32838,15.779892
O=C(c1nnn(S2(=O)=NN2)c1-c1ccc(Br)cc1)N1CCC1,O=C(c1nnn(S2(=O)=NN2)c1-c1ccc(Br)cc1)N1CCC1,低毒,9.902543,47.420177,250.0,25.246040335295692,5.2720174367969985,both<5,True,False,False,,-2.6432414,9.045059
O=C(c1nnn(C(=S)NCF)c1-c1ccc(Br)cc1)N1CCC1,O=C(c1nnn(C(=S)NCF)c1-c1ccc(Br)cc1)N1CCC1,中毒,13.26564,26.355457,42.5,3.2037655175325126,1.6125692679129031,both<5,True,False,False,,16.199356,-1.7751439
O=C(c1nnn(C(F)c2ccccc2Br)c1-c1ccc(Br)cc1)N1CCC1,O=C(c1nnn(C(F)c2ccccc2Br)c1-c1ccc(Br)cc1)N1CCC1,中毒,6.7425137,23.908426,42.5,6.303287155352758,1.7776159752214555,one>5-other<=5,True,False,False,,-11.322633,-10.364661
O=C(c1nnn(CNS(=O)(=O)Cl)c1-c1ccc(Br)cc1)N1CCC1,O=C(c1nnn(CNS(=O)(=O)Cl)c1-c1ccc(Br)cc1)N1CCC1,中毒,14.7157955,16.617321,42.5,2.8880531806792233,2.557572306631135,both<5,True,False,False,,-9.526751,-40.026154
O=C(c1nnn(Oc2cc(Cl)cc(Br)c2I)c1-c1ccc(Br)cc1)N1CCC1,O=C(c1nnn(Oc2cc(Cl)cc(Br)c2I)c1-c1ccc(Br)cc1)N1CCC1,中毒,26.019564,19.603746,42.5,1.6333863242289532,2.167953002451674,both<5,False,False,False,,26.041687,-13.558741
O=C(c1nnn(C2=CS2)c1-c1ccc(Br)cc1)N1CCC1,O=C(c1nnn(C2=CS2)c1-c1ccc(Br)cc1)N1CCC1,中毒,16.697662,16.651882,42.5,2.5452665169530917,2.5522640624044777,both<5,True,False,False,,-19.682598,3.9454095
O=C(c1nnn(C(=O)CNSc2ccccn2)c1-c1ccc(Br)cc1)N1CCC1,O=C(c1nnn(C(=O)CNSc2ccccn2)c1-c1ccc(Br)cc1)N1CCC1,中毒,9.925348,24.185074,42.5,4.281965730571866,1.7572821981028464,both<5,True,False,False,,10.831295,-0.8052189
O=C(c1nnn(SCc2ncco2)c1-c1ccc(Br)cc1)N1CCC1,O=C(c1nnn(SCc2ncco2)c1-c1ccc(Br)cc1)N1CCC1,中毒,8.13859,57.999695,42.5,5.22203477506546,0.7327624740095615,one>5-other<=5,True,False,False,,22.00456,7.3509336
O=C(c1nnn(C(=S)CCl)c1-c1ccc(Br)cc1)N1CCC1,O=C(c1nnn(C(=S)CCl)c1-c1ccc(Br)cc1)N1CCC1,中毒,16.814655,41.7118,42.5,2.5275570625742843,1.018896331493726,both<5,True,False,False,,14.597786,-1.6261235
O=C(c1nnn(C(=O)Cc2ccco2)c1-c1ccc(Br)cc1)N1CCC1,O=C(c1nnn(C(=O)Cc2ccco2)c1-c1ccc(Br)cc1)N1CCC1,中毒,22.361301,23.740387,42.5,1.9006049782166072,1.790198281097945,both<5,False,False,False,,9.192066,-23.69558
O=C(c1nnn(C2CSS2)c1-c1ccc(Br)cc1)N1CCC1,O=C(c1nnn(C2CSS2)c1-c1ccc(Br)cc1)N1CCC1,中毒,13.415327,38.886806,42.5,3.1680181929221702,1.0929156794209327,both<5,True,False,False,,0.7981728,28.565954
O=C(c1nnn(COCl)c1-c1ccc(Br)cc1)N1CCC1,O=C(c1nnn(COCl)c1-c1ccc(Br)cc1)N1CCC1,低毒,12.366438,14.537989,250.0,20.21600722859727,17.196326121859084,both>10,True,False,False,,-5.2862973,-34.565117
O=C(c1nnn(CCOCI)c1-c1ccc(Br)cc1)N1CCC1,O=C(c1nnn(CCOCI)c1-c1ccc(Br)cc1)N1CCC1,低毒,9.921383,22.369738,250.0,25.198099901999548,11.175812608980936,both>10,True,False,False,,-3.7232857,-41.209328
O=C(c1nnn(Cc2c[nH]c3ccc(-n4nnnc4O)cc23)c1-c1ccc(Br)cc1)N1CCC1,O=C(c1nnn(Cc2c[nH]c3ccc(-n4nnnc4O)cc23)c1-c1ccc(Br)cc1)N1CCC1,中毒,5.753758,23.083828,42.5,7.386476803508246,1.8411157802769973,one>5-other<=5,False,False,False,,13.79781,-28.37033
O=C(c1nnn(CS)c1-c1ccc(Br)cc1)N1CCC1,O=C(c1nnn(CS)c1-c1ccc(Br)cc1)N1CCC1,低毒,13.415327,16.651882,250.0,18.635401134836297,15.013318014143987,both>10,True,False,False,,1.1183593,-34.154305
[N+]n1nnc(C(=O)N2CCC2)c1-c1ccc(Br)cc1,[N+]n1nnc(C(=O)N2CCC2)c1-c1ccc(Br)cc1,低毒,33.291145,55.15302,250.0,7.509504404249238,4.532843351098453,one>5-other<=5,False,False,False,,1.9652057,5.108757
O=C(c1nnn(C2C3=CC=NC=CSP2(=S)O3)c1-c1ccc(Br)cc1)N1CCC1,O=C(c1nnn(C2C3=CC=NC=CSP2(=S)O3)c1-c1ccc(Br)cc1)N1CCC1,中毒,4.3880067,27.712835,42.5,9.685491136556378,1.5335854307219021,one>5-other<=5,True,True,False,,0.27382004,30.154078
O=C(c1nnn(-c2nc3sccc3s2)c1-c1ccc(Br)cc1)N1CCC1,O=C(c1nnn(-c2nc3sccc3s2)c1-c1ccc(Br)cc1)N1CCC1,中毒,43.357235,19.932411,42.5,0.9802285593165707,2.1322056824937037,both<5,False,False,False,,-29.051336,-2.6597228
O=C(c1nnn(OCCCl)c1-c1ccc(Br)cc1)N1CCC1,O=C(c1nnn(OCCCl)c1-c1ccc(Br)cc1)N1CCC1,中毒,33.291145,26.656855,42.5,1.2766157487223704,1.5943366162287336,both<5,False,False,False,,21.405699,-17.047773
O=C(c1nnn(-c2cc3c4cc2c4-c2ccccc2CN=3)c1-c1ccc(Br)cc1)N1CCC1,O=C(c1nnn(-c2cc3c4cc2c4-c2ccccc2CN=3)c1-c1ccc(Br)cc1)N1CCC1,中毒,13.230218,80.63812,42.5,3.212343137505368,0.5270460174418748,both<5,True,False,False,,-26.957151,14.079949
O=NOSn1nnc(C(=O)N2CCC2)c1-c1ccc(Br)cc1,O=NOSn1nnc(C(=O)N2CCC2)c1-c1ccc(Br)cc1,低毒,8.13859,92.90239,250.0,30.717851618032114,2.6909964318463713,one>10-other<5,True,False,False,,19.555468,8.004697
O=C(c1nnn(C2=C3CC3C2O)c1-c1ccc(Br)cc1)N1CCC1,O=C(c1nnn(C2=C3CC3C2O)c1-c1ccc(Br)cc1)N1CCC1,中毒,8.828989,14.21117,42.5,4.8136881810590095,2.9906052773979908,both<5,True,False,False,,-10.801936,6.50822
O=C(c1nnn(S2(C(=O)OP(=O)(O)O)N=C3NC4=NC(CC(=CS3)CO2)OC4O)c1-c1ccc(Br)cc1)N1CCC1,O=C(c1nnn(S2(C(=O)OP(=O)(O)O)N=C3NC4=NC(CC(=CS3)CO2)OC4O)c1-c1ccc(Br)cc1)N1CCC1,中毒,3.6929421,13.466203,42.5,11.508439301011517,3.156049259022755,one>10-other<5,True,True,False,,-3.6958623,8.318721
O=C(c1nnn(C=Cc2cncn2Cc2ccccc2)c1-c1ccc(Br)cc1)N1CCC1,O=C(c1nnn(C=Cc2cncn2Cc2ccccc2)c1-c1ccc(Br)cc1)N1CCC1,中毒,7.941079,18.711687,42.5,5.351917541684196,2.271307766103612,one>5-other<=5,True,False,False,,37.285698,25.140009
O=C(c1nnn(-c2coc(CBr)n2)c1-c1ccc(Br)cc1)N1CCC1,O=C(c1nnn(-c2coc(CBr)n2)c1-c1ccc(Br)cc1)N1CCC1,中毒,11.923352,23.578888,42.5,3.5644338940928693,1.8024598954793798,both<5,True,False,False,,-8.346947,9.719643
O=C(c1nnn(N=Cc2ccnn2-c2ccccc2Br)c1-c1ccc(Br)cc1)N1CCC1,O=C(c1nnn(N=Cc2ccnn2-c2ccccc2Br)c1-c1ccc(Br)cc1)N1CCC1,中毒,10.016849,29.27914,42.5,4.242851219979457,1.4515453664281122,both<5,True,False,False,,14.692501,22.690527
O=C(c1nnn(O[124I])c1-c1ccc(Br)cc1)N1CCC1,O=C(c1nnn(O[124I])c1-c1ccc(Br)cc1)N1CCC1,低毒,33.291145,29.181976,250.0,7.509504404249238,8.566931862324882,both5-10,False,False,False,,21.562235,-13.996975
O=C(c1nnn(-c2cnc3ccccc3n2)c1-c1ccc(Br)cc1)N1CCC1,O=C(c1nnn(-c2cnc3ccccc3n2)c1-c1ccc(Br)cc1)N1CCC1,中毒,30.101704,42.57803,42.5,1.4118802045226408,0.9981673647183771,both<5,False,False,False,,-16.481504,15.964871
O=C(c1nnn(C=[SH]I)c1-c1ccc(Br)cc1)N1CCC1,O=C(c1nnn(C=[SH]I)c1-c1ccc(Br)cc1)N1CCC1,低毒,19.637897,16.617321,250.0,12.730487383654166,15.044542980183147,both>10,True,False,False,,33.263443,26.546368
O=C(c1nnn(COc2ccccc2)c1-c1ccc(Br)cc1)N1CCC1,O=C(c1nnn(COc2ccccc2)c1-c1ccc(Br)cc1)N1CCC1,低毒,9.921383,12.998508,250.0,25.198099901999548,19.23297658469726,both>10,True,False,False,,-6.968341,-34.97681
O=C(c1nnn(-c2cnn(Cc3ccncc3)c2)c1-c1ccc(Br)cc1)N1CCC1,O=C(c1nnn(-c2cnn(Cc3ccncc3)c2)c1-c1ccc(Br)cc1)N1CCC1,中毒,14.982665,41.871918,42.5,2.836611510702535,1.0150000771400058,both<5,True,False,False,,-16.220007,-0.38780376
[N+]=Cn1nnc(C(=O)N2CCC2)c1-c1ccc(Br)cc1,[N+]=Cn1nnc(C(=O)N2CCC2)c1-c1ccc(Br)cc1,低毒,9.972353,16.617321,250.0,25.06930911892108,15.044542980183147,both>10,True,False,False,,32.20796,26.732355
O=C(c1nnn(C2=C(Br)Oc3ccccc3S2)c1-c1ccc(Br)cc1)N1CCC1,O=C(c1nnn(C2=C(Br)Oc3ccccc3S2)c1-c1ccc(Br)cc1)N1CCC1,低毒,8.152288,14.209966,250.0,30.66623750289489,17.59328628935495,both>10,True,False,False,,-23.905615,10.360028
O=C(c1nnn(SS#[SH])c1-c1ccc(Br)cc1)N1CCC1,O=C(c1nnn(SS#[SH])c1-c1ccc(Br)cc1)N1CCC1,低毒,10.659209,92.90239,250.0,23.453897939331146,2.6909964318463713,one>10-other<5,True,False,False,,18.869509,8.327948
[N-]=C=Nn1nnc(C(=O)N2CCC2)c1-c1ccc(Br)cc1,[N-]=C=Nn1nnc(C(=O)N2CCC2)c1-c1ccc(Br)cc1,低毒,33.987186,49.925213,250.0,7.355713415050013,5.007489902947435,both5-10,False,False,False,,16.099623,17.366934
O=C(c1nnn(C(c2ccccc2)N(Cc2ccccc2Cl)C2NS2(=O)=O)c1-c1ccc(Br)cc1)N1CCC1,O=C(c1nnn(C(c2ccccc2)N(Cc2ccccc2Cl)C2NS2(=O)=O)c1-c1ccc(Br)cc1)N1CCC1,中毒,6.4982734,15.997271,42.5,6.5401988165040885,2.6567031339282807,one>5-other<=5,True,False,False,,-8.369874,-9.065504
O=C(c1nnn(OCc2ccc3cnccc3c2NO)c1-c1ccc(Br)cc1)N1CCC1,O=C(c1nnn(OCc2ccc3cnccc3c2NO)c1-c1ccc(Br)cc1)N1CCC1,中毒,8.244987,29.077002,42.5,5.154647302657967,1.461636244341834,one>5-other<=5,True,False,False,,22.921125,-16.600113
O=C(c1nnn(CCc2nc[nH]n2)c1-c1ccc(Br)cc1)N1CCC1,O=C(c1nnn(CCc2nc[nH]n2)c1-c1ccc(Br)cc1)N1CCC1,低毒,14.7157955,25.001862,250.0,16.988548121642488,9.999255255468572,both<5,True,False,False,,5.2020407,-38.85908
O=C(c1nnn([SH]2C(=O)C(N3CCSCC3)NN2NC2CCO2)c1-c1ccc(Br)cc1)N1CCC1,O=C(c1nnn([SH]2C(=O)C(N3CCSCC3)NN2NC2CCO2)c1-c1ccc(Br)cc1)N1CCC1,中毒,14.788087,22.64878,42.5,2.8739349450676075,1.8764807640853063,both<5,True,False,False,,-2.209719,15.785252
N=Nc1cc(Br)ccc1-n1nnc(C(=O)N2CCC2)c1-c1ccc(Br)cc1,N=Nc1cc(Br)ccc1-n1nnc(C(=O)N2CCC2)c1-c1ccc(Br)cc1,中毒,26.304476,25.35999,42.5,1.6156946064996693,1.6758681687177321,both<5,False,False,False,,-29.06378,12.578089
O=C(c1nnn(CCCc2nc3[nH]c2-c2ccccc2S3)c1-c1ccc(Br)cc1)N1CCC1,O=C(c1nnn(CCCc2nc3[nH]c2-c2ccccc2S3)c1-c1ccc(Br)cc1)N1CCC1,中毒,9.794077,16.764717,42.5,4.33935734832389,2.5350860381359253,both<5,True,False,False,,6.4522524,-44.232937
O=C(c1nnn(C2=NO2)c1-c1ccc(Br)cc1)N1CCC1,O=C(c1nnn(C2=NO2)c1-c1ccc(Br)cc1)N1CCC1,低毒,7.0292077,15.390113,250.0,35.56588603862139,16.244195218059804,both>10,True,False,False,,-13.33463,8.89483
O=C(c1nnn(-c2csc3cc(Br)c(O)n23)c1-c1ccc(Br)cc1)N1CCC1,O=C(c1nnn(-c2csc3cc(Br)c(O)n23)c1-c1ccc(Br)cc1)N1CCC1,中毒,9.018722,37.94517,42.5,4.712419342784931,1.1200371483379836,both<5,True,False,False,,-24.811186,4.6596513
O=C(c1nnn(C=NCI)c1-c1ccc(Br)cc1)N1CCC1,O=C(c1nnn(C=NCI)c1-c1ccc(Br)cc1)N1CCC1,低毒,11.124961,14.058437,250.0,22.471988890567793,17.782915696816083,both>10,True,False,False,,32.836903,35.65274
O=C(c1nnn(S(=O)(=O)F)c1-c1ccc(Br)cc1)N1CCC1,O=C(c1nnn(S(=O)(=O)F)c1-c1ccc(Br)cc1)N1CCC1,低毒,10.134259,131.35587,250.0,24.668799169233782,1.9032267077215506,one>10-other<5,True,False,False,,11.21009,-9.850649
O=C(c1nnn(-c2ccc(CS)s2)c1-c1ccc(Br)cc1)N1CCC1,O=C(c1nnn(-c2ccc(CS)s2)c1-c1ccc(Br)cc1)N1CCC1,中毒,6.052996,48.958317,42.5,7.021316386133412,0.8680853959910427,one>5-other<=5,True,False,False,,-24.40253,1.4429699
O=C(c1nnn(C=Nc2ncn[nH]2)c1-c1ccc(Br)cc1)N1CCC1,O=C(c1nnn(C=Nc2ncn[nH]2)c1-c1ccc(Br)cc1)N1CCC1,低毒,7.248517,16.178974,250.0,34.489813571520905,15.452154135361118,both>10,True,False,False,,30.350458,33.449707
O=C(c1nnn(-c2ccncc2-c2cccc3nscc23)c1-c1ccc(Br)cc1)N1CCC1,O=C(c1nnn(-c2ccncc2-c2cccc3nscc23)c1-c1ccc(Br)cc1)N1CCC1,中毒,12.659405,10.887969,42.5,3.3571877983206955,3.903390981366681,both<5,True,False,False,,-32.45857,11.959516
O=C(c1nnn(C2C[S+]S2)c1-c1ccc(Br)cc1)N1CCC1,O=C(c1nnn(C2C[S+]S2)c1-c1ccc(Br)cc1)N1CCC1,中毒,13.415327,38.886806,42.5,3.1680181929221702,1.0929156794209327,both<5,True,False,False,,0.7833118,29.093357
O=C(c1nnn(C(=O)c2c[nH]c3ccccc23)c1-c1ccc(Br)cc1)N1CCC1,O=C(c1nnn(C(=O)c2c[nH]c3ccccc23)c1-c1ccc(Br)cc1)N1CCC1,中毒,4.9114203,12.962215,42.5,8.653301367834475,3.278760613058802,one>5-other<=5,True,True,False,,10.143588,-2.4059365
O=C(c1nnn([SH]2CCCS2)c1-c1ccc(Br)cc1)N1CCC1,O=C(c1nnn([SH]2CCCS2)c1-c1ccc(Br)cc1)N1CCC1,低毒,10.134259,72.397064,250.0,24.668799169233782,3.4531787090150505,one>10-other<5,True,False,False,,-5.4039564,4.4206395
CC1(Cl)CC2CC3(n4nnc(C(=O)N5CCC5)c4-c4ccc(Br)cc4)OC23C1,CC1(Cl)CC2CC3(n4nnc(C(=O)N5CCC5)c4-c4ccc(Br)cc4)OC23C1,中毒,3.885437,21.422453,42.5,10.938280558917826,1.9838997896272663,one>10-other<5,True,True,False,,8.908165,6.364808
COCCN1CCC1n1nnc(C(=O)N2CCC2)c1-c1ccc(Br)cc1,COCCN1CCC1n1nnc(C(=O)N2CCC2)c1-c1ccc(Br)cc1,低毒,23.463049,43.222775,250.0,10.6550516942619,5.783987724064454,both<5,False,False,False,,0.34355694,20.704334
O=C(c1nnn(N=C=Cc2c[nH]s2)c1-c1ccc(Br)cc1)N1CCC1,O=C(c1nnn(N=C=Cc2c[nH]s2)c1-c1ccc(Br)cc1)N1CCC1,中毒,39.052593,42.57803,42.5,1.0882760076904496,0.9981673647183771,both<5,False,False,False,,16.987492,16.886055
C=NCn1nnc(C(=O)N2CCC2)c1-c1ccc(Br)cc1,C=NCn1nnc(C(=O)N2CCC2)c1-c1ccc(Br)cc1,低毒,9.921383,16.651882,250.0,25.198099901999548,15.013318014143987,both>10,True,False,False,,5.5032506,-34.94835
O=C(c1nnn(CC2N=CSO2)c1-c1ccc(Br)cc1)N1CCC1,O=C(c1nnn(CC2N=CSO2)c1-c1ccc(Br)cc1)N1CCC1,低毒,9.921383,20.843096,250.0,25.198099901999548,11.994379337887231,both>10,True,False,False,,-0.9124972,-36.06111
[14CH]n1nnc(C(=O)N2CCC2)c1-c1ccc(Br)cc1,[14CH]n1nnc(C(=O)N2CCC2)c1-c1ccc(Br)cc1,低毒,14.7157955,16.651882,250.0,16.988548121642488,15.013318014143987,both>10,True,False,False,,0.7788008,7.420309
O=C(c1nnn([N+]23CCC2C3)c1-c1ccc(Br)cc1)N1CCC1,O=C(c1nnn([N+]23CCC2C3)c1-c1ccc(Br)cc1)N1CCC1,中毒,24.257956,30.259153,42.5,1.7520025182665844,1.4045336959696129,both<5,False,False,False,,-1.7180744,6.8286185
O=C(c1nnn(CCCc2c[nH]c3cccnc23)c1-c1ccc(Br)cc1)N1CCC1,O=C(c1nnn(CCCc2c[nH]c3cccnc23)c1-c1ccc(Br)cc1)N1CCC1,中毒,12.366438,39.6188,42.5,3.4367212288615363,1.0727230506729128,both<5,True,False,False,,12.470395,-40.315174
O=C(c1nnn([SH]2(CCl)=N[N+]2CCC2CS2)c1-c1ccc(Br)cc1)N1CCC1,O=C(c1nnn([SH]2(CCl)=N[N+]2CCC2CS2)c1-c1ccc(Br)cc1)N1CCC1,低毒,3.3866267,19.300623,250.0,73.81976879825581,12.952949757114057,both>10,True,True,False,,-0.9146065,-10.819402
O=C(c1nnn(C(O)Nc2ccc(Cl)cc2)c1-c1ccc(Br)cc1)N1CCC1,O=C(c1nnn(C(O)Nc2ccc(Cl)cc2)c1-c1ccc(Br)cc1)N1CCC1,中毒,13.415327,12.421817,42.5,3.1680181929221702,3.4213996229376105,both<5,True,False,False,,-14.068249,-14.372807
O=C(c1nnn(CCNCCO)c1-c1ccc(Br)cc1)N1CCC1,O=C(c1nnn(CCNCCO)c1-c1ccc(Br)cc1)N1CCC1,低毒,11.965558,25.007778,250.0,20.893300588238343,9.996889767655487,both<5,True,False,False,,-6.1221147,-46.398933
CN(Cl)n1nnc(C(=O)N2CCC2)c1-c1ccc(Br)cc1,CN(Cl)n1nnc(C(=O)N2CCC2)c1-c1ccc(Br)cc1,中毒,17.063189,55.825974,42.5,2.4907419123119365,0.761294375266968,both<5,True,False,False,,3.0924256,-10.446385
O=C(c1nnn(C=Cc2c[nH]c3c(Br)cccc23)c1-c1ccc(Br)cc1)N1CCC1,O=C(c1nnn(C=Cc2c[nH]c3c(Br)cccc23)c1-c1ccc(Br)cc1)N1CCC1,中毒,8.859659,15.41168,42.5,4.797024355000571,2.7576487443289763,both<5,True,False,False,,34.099087,23.37773
O=C(c1nnn(COCC[n+]2ccc([N+](=O)[O-])cc2)c1-c1ccc(Br)cc1)N1CCC1,O=C(c1nnn(COCC[n+]2ccc([N+](=O)[O-])cc2)c1-c1ccc(Br)cc1)N1CCC1,中毒,14.285197,20.576344,42.5,2.9751077286508543,2.06547868756471,both<5,True,False,False,,-4.3070874,-36.54998
O=C(c1nnn(-c2nonc2Cl)c1-c1ccc(Br)cc1)N1CCC1,O=C(c1nnn(-c2nonc2Cl)c1-c1ccc(Br)cc1)N1CCC1,中毒,14.982665,20.343115,42.5,2.836611510702535,2.0891589119955327,both<5,True,False,False,,-13.590643,20.167816
O=C(c1nnn(Cc2c[nH]cn2)c1-c1ccc(Br)cc1)N1CCC1,O=C(c1nnn(Cc2c[nH]cn2)c1-c1ccc(Br)cc1)N1CCC1,中毒,11.464878,14.641361,42.5,3.7069735936134687,2.9027356131714805,both<5,True,False,False,,6.1761446,-38.677135
NCCCn1nnc(C(=O)N2CCC2)c1-c1ccc(Br)cc1,NCCCn1nnc(C(=O)N2CCC2)c1-c1ccc(Br)cc1,低毒,14.7157955,25.001862,250.0,16.988548121642488,9.999255255468572,both<5,True,False,False,,2.2594454,-43.427696
O=C(c1nnn(COc2ccccc2Cl)c1-c1ccc(Br)cc1)N1CCC1,O=C(c1nnn(COc2ccccc2Cl)c1-c1ccc(Br)cc1)N1CCC1,低毒,9.921383,12.998508,250.0,25.198099901999548,19.23297658469726,both>10,True,False,False,,-7.175329,-34.38446
O=C(c1nnn(-c2nc[nH]c2SF)c1-c1ccc(Br)cc1)N1CCC1,O=C(c1nnn(-c2nc[nH]c2SF)c1-c1ccc(Br)cc1)N1CCC1,中毒,10.113695,44.608845,42.5,4.202222827562034,0.9527258551527169,both<5,True,False,False,,-17.089705,11.601921
O=C(c1nnn(C=Cc2ccc(F)cc2)c1-c1ccc(Br)cc1)N1CCC1,O=C(c1nnn(C=Cc2ccc(F)cc2)c1-c1ccc(Br)cc1)N1CCC1,低毒,15.667969,15.932148,250.0,15.95612041356477,15.69154391485693,both>10,True,False,False,,35.026356,22.000174
O=C(c1nnn(-c2cc(Cl)c(Cl)s2)c1-c1ccc(Br)cc1)N1CCC1,O=C(c1nnn(-c2cc(Cl)c(Cl)s2)c1-c1ccc(Br)cc1)N1CCC1,中毒,9.116808,29.732306,42.5,4.661719321060616,1.4294215860687025,both<5,True,False,False,,-26.231703,1.708704
O=C(c1nnn(CCCNBr)c1-c1ccc(Br)cc1)N1CCC1,O=C(c1nnn(CCCNBr)c1-c1ccc(Br)cc1)N1CCC1,低毒,14.7157955,25.001862,250.0,16.988548121642488,9.999255255468572,both<5,True,False,False,,-1.2516634,-47.601612
O=C(c1nnn(C(=O)S)c1-c1ccc(Br)cc1)N1CCC1,O=C(c1nnn(C(=O)S)c1-c1ccc(Br)cc1)N1CCC1,低毒,13.415327,18.145395,250.0,18.635401134836297,13.777600322285627,both>10,True,False,False,,12.955203,0.5966823
O=C(c1nnn(C2=NCC2CP)c1-c1ccc(Br)cc1)N1CCC1,O=C(c1nnn(C2=NCC2CP)c1-c1ccc(Br)cc1)N1CCC1,中毒,9.384396,25.065264,42.5,4.52879439443945,1.6955736033739761,both<5,True,False,False,,-16.91552,-2.466649
O=C(c1nnn(N=CSC2C3=CC=CC(=Nc4ccc(Cl)cc42)O3)c1-c1ccc(Br)cc1)N1CCC1,O=C(c1nnn(N=CSC2C3=CC=CC(=Nc4ccc(Cl)cc42)O3)c1-c1ccc(Br)cc1)N1CCC1,中毒,8.926322,49.03973,42.5,4.761199517561656,0.8666442494687471,both<5,True,False,False,,18.054996,19.677204
O=C(c1nnn(-c2nnc(NC3CC3)[nH]2)c1-c1ccc(Br)cc1)N1CCC1,O=C(c1nnn(-c2nnc(NC3CC3)[nH]2)c1-c1ccc(Br)cc1)N1CCC1,中毒,37.454712,26.42684,42.5,1.1347036922884361,1.608213467822865,both<5,False,False,False,,-15.1697035,10.34613
O=C(c1nnn(C2=NN=CSSC2)c1-c1ccc(Br)cc1)N1CCC1,O=C(c1nnn(C2=NN=CSSC2)c1-c1ccc(Br)cc1)N1CCC1,中毒,10.346635,43.461544,42.5,4.107615664416499,0.9778759815804058,both<5,True,False,False,,-18.409136,1.9595417
O=C(c1nnn(C2=C3CCN2C3)c1-c1ccc(Br)cc1)N1CCC1,O=C(c1nnn(C2=C3CCN2C3)c1-c1ccc(Br)cc1)N1CCC1,中毒,8.804325,15.669715,42.5,4.827173008720146,2.7122382251368324,both<5,True,False,False,,-13.869865,5.9478807
O=C(c1nnn(CC2=CN=CNOC2O)c1-c1ccc(Br)cc1)N1CCC1,O=C(c1nnn(CC2=CN=CNOC2O)c1-c1ccc(Br)cc1)N1CCC1,低毒,11.223214,21.326416,250.0,22.27525911917923,11.722551037173805,both>10,True,False,False,,-0.78720677,-30.830633
O=C(c1nnn(-c2[nH]nc3c2CSNC3)c1-c1ccc(Br)cc1)N1CCC1,O=C(c1nnn(-c2[nH]nc3c2CSNC3)c1-c1ccc(Br)cc1)N1CCC1,中毒,3.9974039,20.70201,42.5,10.631900369137078,2.0529407530959554,one>10-other<5,True,True,False,,-20.359495,-1.2408192
O=CN=Cn1nnc(C(=O)N2CCC2)c1-c1ccc(Br)cc1,O=CN=Cn1nnc(C(=O)N2CCC2)c1-c1ccc(Br)cc1,低毒,11.124961,16.617321,250.0,22.471988890567793,15.044542980183147,both>10,True,False,False,,31.021551,32.84829
O=C(c1nnn(C(CCl)c2ccc(I)cn2)c1-c1ccc(Br)cc1)N1CCC1,O=C(c1nnn(C(CCl)c2ccc(I)cn2)c1-c1ccc(Br)cc1)N1CCC1,中毒,10.601123,18.67194,42.5,4.009009234210376,2.2761427039718423,both<5,True,False,False,,-8.627212,-15.333478
O=C(c1nnn(-c2cccc(Cl)c2Cl)c1-c1ccc(Br)cc1)N1CCC1,O=C(c1nnn(-c2cccc(Cl)c2Cl)c1-c1ccc(Br)cc1)N1CCC1,中毒,10.506813,15.472514,42.5,4.044994424094157,2.7468063690231594,both<5,True,False,False,,-27.327547,18.824598
O=C(c1nnn([SH](CBr)c2ccncc2)c1-c1ccc(Br)cc1)N1CCC1,O=C(c1nnn([SH](CBr)c2ccncc2)c1-c1ccc(Br)cc1)N1CCC1,中毒,11.90429,86.473206,42.5,3.570141520409869,0.49148171978265726,both<5,True,False,False,,6.864689,-1.966512
O=C(c1nnn(CCc2c[nH]c3ccoc23)c1-c1ccc(Br)cc1)N1CCC1,O=C(c1nnn(CCc2c[nH]c3ccoc23)c1-c1ccc(Br)cc1)N1CCC1,中毒,10.36083,25.44526,42.5,4.1019879681454094,1.670252141263245,both<5,True,False,False,,14.431299,-30.6053
O=C(c1nnn(-c2ccn[nH]2)c1-c1ccc(Br)cc1)N1CCC1,O=C(c1nnn(-c2ccn[nH]2)c1-c1ccc(Br)cc1)N1CCC1,中毒,12.292116,44.608845,42.5,3.4575007264819173,0.9527258551527169,both<5,True,False,False,,-19.15671,11.618093
O=C(c1nnn(-c2c(-c3ccccc3)[o+]([O-])c3sccc23)c1-c1ccc(Br)cc1)N1CCC1,O=C(c1nnn(-c2c(-c3ccccc3)[o+]([O-])c3sccc23)c1-c1ccc(Br)cc1)N1CCC1,中毒,3.2164645,15.16701,42.5,13.213265683485703,2.8021343692659264,one>10-other<5,True,True,False,,-27.243242,6.878888
O=C(c1nnn(C=Nc2ccc(F)cc2)c1-c1ccc(Br)cc1)N1CCC1,O=C(c1nnn(C=Nc2ccc(F)cc2)c1-c1ccc(Br)cc1)N1CCC1,低毒,7.0292077,16.617321,250.0,35.56588603862139,15.044542980183147,both>10,True,False,False,,28.920942,33.77227
O=C(c1nnn(C2OCC23CCCC3)c1-c1ccc(Br)cc1)N1CCC1,O=C(c1nnn(C2OCC23CCCC3)c1-c1ccc(Br)cc1)N1CCC1,中毒,5.5942593,18.285938,42.5,7.597073664425959,2.324190314984115,one>5-other<=5,True,False,False,,-2.8413274,26.7195
O=C(c1nnn(Cc2ccc(NS(=O)(=O)c3cc(F)ccc3F)cc2)c1-c1ccc(Br)cc1)N1CCC1,O=C(c1nnn(Cc2ccc(NS(=O)(=O)c3cc(F)ccc3F)cc2)c1-c1ccc(Br)cc1)N1CCC1,中毒,8.817272,21.15253,42.5,4.820084942372198,2.0092159188522603,both<5,True,False,False,,2.8434374,-27.460663
O=C(c1nnn(C2=NNC3OOSc4ccccc4N=C23)c1-c1ccc(Br)cc1)N1CCC1,O=C(c1nnn(C2=NNC3OOSc4ccccc4N=C23)c1-c1ccc(Br)cc1)N1CCC1,中毒,3.5231447,45.95157,42.5,12.063086707735847,0.9248867884165873,one>10-other<5,True,True,False,,-8.397596,17.065472
O=C(c1nnn(-c2ccc(Br)nc2)c1-c1ccc(Br)cc1)N1CCC1,O=C(c1nnn(-c2ccc(Br)nc2)c1-c1ccc(Br)cc1)N1CCC1,中毒,8.885191,49.925213,42.5,4.783239887583733,0.8512732835010639,both<5,True,False,False,,-18.230612,6.757607
O=C(c1nnn(-c2ncc[nH]2)c1-c1ccc(Br)cc1)N1CCC1,O=C(c1nnn(-c2ncc[nH]2)c1-c1ccc(Br)cc1)N1CCC1,中毒,24.199738,25.192263,42.5,1.7562173607003513,1.6870258936245623,both<5,False,False,False,,-20.188318,12.524038
O=C(c1nnn(-c2cccc3cnccc23)c1-c1ccc(Br)cc1)N1CCC1,O=C(c1nnn(-c2cccc3cnccc23)c1-c1ccc(Br)cc1)N1CCC1,中毒,7.1874294,49.925213,42.5,5.913101560343675,0.8512732835010639,one>5-other<=5,True,False,False,,-32.76593,13.752829
O=C(c1nnn(OC2CO2)c1-c1ccc(Br)cc1)N1CCC1,O=C(c1nnn(OC2CO2)c1-c1ccc(Br)cc1)N1CCC1,中毒,33.291145,26.656855,42.5,1.2766157487223704,1.5943366162287336,both<5,False,False,False,,21.363312,-12.61878
O=C(c1nnn(C(=O)c2csc(Cl)c2)c1-c1ccc(Br)cc1)N1CCC1,O=C(c1nnn(C(=O)c2csc(Cl)c2)c1-c1ccc(Br)cc1)N1CCC1,中毒,7.177013,14.85285,42.5,5.921683575047168,2.8614037036662996,one>5-other<=5,True,False,False,,11.778383,-1.9595708
O=C(c1nnn(C=NSO)c1-c1ccc(Br)cc1)N1CCC1,O=C(c1nnn(C=NSO)c1-c1ccc(Br)cc1)N1CCC1,低毒,9.972353,15.897148,250.0,25.06930911892108,15.726091246052437,both>10,True,False,False,,32.24167,32.02712
O=C(c1nnn(-n2[nH]o2)c1-c1ccc(Br)cc1)N1CCC1,O=C(c1nnn(-n2[nH]o2)c1-c1ccc(Br)cc1)N1CCC1,中毒,10.869196,24.750515,42.5,3.9101328193916087,1.717135986867344,both<5,True,False,False,,-3.6642516,-2.6564462
O=C(c1nnn(C2OC2OC2C=CN(c3cc4ccncc4nn3)CC2O)c1-c1ccc(Br)cc1)N1CCC1,O=C(c1nnn(C2OC2OC2C=CN(c3cc4ccncc4nn3)CC2O)c1-c1ccc(Br)cc1)N1CCC1,中毒,5.092364,23.782024,42.5,8.3458291669645,1.7870640446750874,one>5-other<=5,True,False,False,,7.2384505,26.355585
O=C(c1nnn(Cc2cn(-c3ccc4nonc4n3)n3nnnc23)c1-c1ccc(Br)cc1)N1CCC1,O=C(c1nnn(Cc2cn(-c3ccc4nonc4n3)n3nnnc23)c1-c1ccc(Br)cc1)N1CCC1,中毒,8.04006,15.997793,42.5,5.286030203754698,2.6566164470311624,one>5-other<=5,True,False,False,,4.830876,-24.156008
O=C(c1nnn(Cc2ccc(Br)cc2)c1-c1ccc(Br)cc1)N1CCC1,O=C(c1nnn(Cc2ccc(Br)cc2)c1-c1ccc(Br)cc1)N1CCC1,中毒,9.096299,15.842161,42.5,4.672229881625483,2.6827148139701396,both<5,True,False,False,,1.7264463,-28.868324
O=C(c1nnn(N=CCl)c1-c1ccc(Br)cc1)N1CCC1,O=C(c1nnn(N=CCl)c1-c1ccc(Br)cc1)N1CCC1,低毒,19.058973,24.50958,250.0,13.117181077910125,10.200093188051365,both>10,True,False,False,,16.959461,20.987625
O=C(c1nnn(Sc2nnc(O)n2-c2ccncc2)c1-c1ccc(Br)cc1)N1CCC1,O=C(c1nnn(Sc2nnc(O)n2-c2ccncc2)c1-c1ccc(Br)cc1)N1CCC1,中毒,5.6411395,35.404285,42.5,7.53393884338439,1.2004196667154836,one>5-other<=5,True,False,False,,18.398294,9.73168
O=C(c1nnn(CC2=CCN2C2COC2)c1-c1ccc(Br)cc1)N1CCC1,O=C(c1nnn(CC2=CCN2C2COC2)c1-c1ccc(Br)cc1)N1CCC1,中毒,11.464878,20.709352,42.5,3.7069735936134687,2.052212932592,both<5,True,False,False,,4.403713,-31.808424
O=C(c1nnn(Nc2ccccc2)c1-c1ccc(Br)cc1)N1CCC1,O=C(c1nnn(Nc2ccccc2)c1-c1ccc(Br)cc1)N1CCC1,中毒,22.832052,31.311668,42.5,1.861418325431284,1.3573214943387877,both<5,False,False,False,,24.886415,-0.17490652
O=C(c1nnn(C(O)NS(=O)(=O)O)c1-c1ccc(Br)cc1)N1CCC1,O=C(c1nnn(C(O)NS(=O)(=O)O)c1-c1ccc(Br)cc1)N1CCC1,低毒,14.7157955,11.811848,250.0,16.988548121642488,21.165189392887548,both>10,True,False,False,,-12.698993,-13.957472
O=C(c1nnn(-c2cc(Br)c(Br)o2)c1-c1ccc(Br)cc1)N1CCC1,O=C(c1nnn(-c2cc(Br)c(Br)o2)c1-c1ccc(Br)cc1)N1CCC1,中毒,6.1594343,44.369373,42.5,6.899984305376876,0.9578679419247146,one>5-other<=5,True,False,False,,-10.813229,12.395627
N[n+]1c(-n2nnc(C(=O)N3CCC3)c2-c2ccc(Br)cc2)cc2ccccnc1-2,N[n+]1c(-n2nnc(C(=O)N3CCC3)c2-c2ccc(Br)cc2)cc2ccccnc1-2,中毒,9.955412,36.388405,42.5,4.269034772242474,1.1679544624173552,both<5,True,False,False,,-18.767395,14.970777
O=C(c1nnn(Cc2ccccc2C(F)(F)F)c1-c1ccc(Br)cc1)N1CCC1,O=C(c1nnn(Cc2ccccc2C(F)(F)F)c1-c1ccc(Br)cc1)N1CCC1,中毒,8.411774,15.842161,42.5,5.052441970029152,2.6827148139701396,one>5-other<=5,True,False,False,,2.378545,-23.443678
O=C(c1nnn(CCCNCc2s[n+]([O-])cc2O)c1-c1ccc(Br)cc1)N1CCC1,O=C(c1nnn(CCCNCc2s[n+]([O-])cc2O)c1-c1ccc(Br)cc1)N1CCC1,中毒,13.54759,22.339228,42.5,3.137089327326853,1.9024829327137,both<5,True,False,False,,-2.600067,-48.575813
O=C(c1nnn(CC[n+]2ccccc2)c1-c1ccc(Br)cc1)N1CCC1,O=C(c1nnn(CC[n+]2ccccc2)c1-c1ccc(Br)cc1)N1CCC1,低毒,13.415327,20.66404,250.0,18.635401134836297,12.098311849957705,both>10,True,False,False,,3.04043,-42.063763
Cc1c(On2nnc(C(=O)N3CCC3)c2-c2ccc(Br)cc2)c(Cl)c(Cl)c2[nH]cnc12,Cc1c(On2nnc(C(=O)N3CCC3)c2-c2ccc(Br)cc2)c(Cl)c(Cl)c2[nH]cnc12,中毒,14.78385,12.541499,42.5,2.874758604828918,3.3887496223537554,both<5,True,False,False,,23.183996,-12.542849
O=C(c1nnn(C=NNCc2ccn(Cc3nc(Cl)ns3)c2)c1-c1ccc(Br)cc1)N1CCC1,O=C(c1nnn(C=NNCc2ccn(Cc3nc(Cl)ns3)c2)c1-c1ccc(Br)cc1)N1CCC1,中毒,5.370636,14.6851845,42.5,7.913401690228122,2.894073275007202,one>5-other<=5,True,False,False,,35.43416,32.385223
O=C(c1nnn(C=NF)c1-c1ccc(Br)cc1)N1CCC1,O=C(c1nnn(C=NF)c1-c1ccc(Br)cc1)N1CCC1,低毒,9.972353,16.617321,250.0,25.06930911892108,15.044542980183147,both>10,True,False,False,,31.328697,33.741653
O=C(c1nnn(C2=CCS(=O)(=O)N=N2)c1-c1ccc(Br)cc1)N1CCC1,O=C(c1nnn(C2=CCS(=O)(=O)N=N2)c1-c1ccc(Br)cc1)N1CCC1,中毒,5.295983,21.004576,42.5,8.02495023114689,2.0233686221516685,one>5-other<=5,True,False,False,,-16.111074,3.609365
O=C(c1nnn(C(CCCP(=O)(O)Cc2ccccc2Cl)OS(=O)(=O)O)c1-c1ccc(Br)cc1)N1CCC1,O=C(c1nnn(C(CCCP(=O)(O)Cc2ccccc2Cl)OS(=O)(=O)O)c1-c1ccc(Br)cc1)N1CCC1,中毒,5.961532,16.759693,42.5,7.129039985023984,2.5358459728349443,one>5-other<=5,True,False,False,,-6.2084956,-17.195253
O=C(c1nnn(OC2N=C(S)O2)c1-c1ccc(Br)cc1)N1CCC1,O=C(c1nnn(OC2N=C(S)O2)c1-c1ccc(Br)cc1)N1CCC1,中毒,35.64363,28.70428,42.5,1.1923589151834422,1.4806154343533438,both<5,False,False,False,,21.28326,-12.348916
[11CH3]n1nnc(C(=O)N2CCC2)c1-c1ccc(Br)cc1,[11CH3]n1nnc(C(=O)N2CCC2)c1-c1ccc(Br)cc1,低毒,14.7157955,16.651882,250.0,16.988548121642488,15.013318014143987,both>10,True,False,False,,1.0154972,1.5884007
O=C(c1nnn(-c2ccccc2I)c1-c1ccc(Br)cc1)N1CCC1,O=C(c1nnn(-c2ccccc2I)c1-c1ccc(Br)cc1)N1CCC1,中毒,16.927023,49.925213,42.5,2.5107781799552114,0.8512732835010639,both<5,True,False,False,,-26.056894,15.50248
O=C(c1nnn(C=CNc2cc[o+]([O-])c2)c1-c1ccc(Br)cc1)N1CCC1,O=C(c1nnn(C=CNc2cc[o+]([O-])c2)c1-c1ccc(Br)cc1)N1CCC1,低毒,10.344834,22.538069,250.0,24.16665168334262,11.092343359140484,both>10,True,False,False,,34.69122,26.04719
O=C(c1nnn(NBr)c1-c1ccc(Br)cc1)N1CCC1,O=C(c1nnn(NBr)c1-c1ccc(Br)cc1)N1CCC1,中毒,27.599102,24.382784,42.5,1.5399051751756272,1.743033117137075,both<5,False,False,False,,23.516144,-2.291028
O=C(c1nnn(-c2ncccn2)c1-c1ccc(Br)cc1)N1CCC1,O=C(c1nnn(-c2ncccn2)c1-c1ccc(Br)cc1)N1CCC1,中毒,24.199738,24.27908,42.5,1.7562173607003513,1.7504781894536365,both<5,False,False,False,,-19.33477,14.044182
O=C(c1nnn(-c2cc(Br)sc2Br)c1-c1ccc(Br)cc1)N1CCC1,O=C(c1nnn(-c2cc(Br)sc2Br)c1-c1ccc(Br)cc1)N1CCC1,中毒,12.90451,33.677425,42.5,3.2934222221533402,1.261972968539014,both<5,True,False,False,,-28.498188,9.920008
O=C(c1nnn(Nc2ccc(OCCN3CCCCC3)cc2)c1-c1ccc(Br)cc1)N1CCC1,O=C(c1nnn(Nc2ccc(OCCN3CCCCC3)cc2)c1-c1ccc(Br)cc1)N1CCC1,中毒,3.9848332,32.975136,42.5,10.665440149414534,1.2888498776775326,one>10-other<5,True,True,False,,25.697626,-0.025056234
O=C(c1nnn(N=Cc2c[nH]c3nc(Br)cn23)c1-c1ccc(Br)cc1)N1CCC1,O=C(c1nnn(N=Cc2c[nH]c3nc(Br)cn23)c1-c1ccc(Br)cc1)N1CCC1,中毒,13.374196,21.730644,42.5,3.177761115509299,1.9557634831254884,both<5,True,False,False,,19.099672,20.458796
O=C(c1nnn(-c2c[nH]c(Nc3ccc(Br)cc3)n2)c1-c1ccc(Br)cc1)N1CCC1,O=C(c1nnn(-c2c[nH]c(Nc3ccc(Br)cc3)n2)c1-c1ccc(Br)cc1)N1CCC1,中毒,19.118706,19.255533,42.5,2.222953791956422,2.2071578075766585,both<5,True,False,False,,-14.950519,15.157726
O=C(c1nnn(-c2cscc2-c2cns[n+]2[O-])c1-c1ccc(Br)cc1)N1CCC1,O=C(c1nnn(-c2cscc2-c2cns[n+]2[O-])c1-c1ccc(Br)cc1)N1CCC1,中毒,6.9398155,14.674011,42.5,6.124082117168677,2.896276962038532,one>5-other<=5,True,False,False,,-27.14477,8.91625
O=C(c1nnn(CNOCO)c1-c1ccc(Br)cc1)N1CCC1,O=C(c1nnn(CNOCO)c1-c1ccc(Br)cc1)N1CCC1,低毒,12.558582,14.050815,250.0,19.90670602779836,17.792562210804142,both>10,True,False,False,,-8.496743,-40.263935
O=C(c1nnn([N+](=O)O)c1-c1ccc(Br)cc1)N1CCC1,O=C(c1nnn([N+](=O)O)c1-c1ccc(Br)cc1)N1CCC1,中毒,17.297848,84.19775,42.5,2.456953026758011,0.5047640821755925,both<5,True,False,False,,14.791131,10.079522
O=C(c1nnn(CCNCCI)c1-c1ccc(Br)cc1)N1CCC1,O=C(c1nnn(CCNCCI)c1-c1ccc(Br)cc1)N1CCC1,低毒,11.965558,29.281906,250.0,20.893300588238343,8.537695599459953,both<5,True,False,False,,-6.0024996,-46.307495
O=C(c1nnn(CCCNCl)c1-c1ccc(Br)cc1)N1CCC1,O=C(c1nnn(CCCNCl)c1-c1ccc(Br)cc1)N1CCC1,低毒,14.7157955,25.001862,250.0,16.988548121642488,9.999255255468572,both<5,True,False,False,,-2.8199024,-47.236656
O=C(c1nnn([12C](=O)[O-])c1-c1ccc(Br)cc1)N1CCC1,O=C(c1nnn([12C](=O)[O-])c1-c1ccc(Br)cc1)N1CCC1,低毒,14.7157955,13.301589,250.0,16.988548121642488,18.79474700353469,both>10,True,False,False,,12.236375,0.16620517
O=C(c1nnn(C2CCO2)c1-c1ccc(Br)cc1)N1CCC1,O=C(c1nnn(C2CCO2)c1-c1ccc(Br)cc1)N1CCC1,中毒,8.009159,21.611603,42.5,5.306424806899201,1.966536216679531,one>5-other<=5,True,False,False,,-1.6406465,26.68629
O=C(c1nnn(-c2cscn2)c1-c1ccc(Br)cc1)N1CCC1,O=C(c1nnn(-c2cscn2)c1-c1ccc(Br)cc1)N1CCC1,中毒,16.011244,42.57803,42.5,2.654384631200424,0.9981673647183771,both<5,True,False,False,,-16.94196,14.057032
O=C(c1nnn(CCOP(=O)(O)O)c1-c1ccc(Br)cc1)N1CCC1,O=C(c1nnn(CCOP(=O)(O)O)c1-c1ccc(Br)cc1)N1CCC1,低毒,4.545177,20.843096,250.0,55.003358505070324,11.994379337887231,both>10,True,True,False,,-3.4531274,-39.991596
O=C(c1nnn(NCCF)c1-c1ccc(Br)cc1)N1CCC1,O=C(c1nnn(NCCF)c1-c1ccc(Br)cc1)N1CCC1,中毒,23.238869,55.15302,42.5,1.8288325477457616,0.770583369686737,both<5,False,False,False,,25.926273,-3.4000819
O=C(c1nnn(C2=CC=C(Br)C(CO)=CC=C2CN[PH](F)(Cl)Cl)c1-c1ccc(Br)cc1)N1CCC1,O=C(c1nnn(C2=CC=C(Br)C(CO)=CC=C2CN[PH](F)(Cl)Cl)c1-c1ccc(Br)cc1)N1CCC1,中毒,7.8446274,21.893682,42.5,5.41772066828821,1.94119929210628,one>5-other<=5,True,False,False,,-11.636803,1.192125
O=C(c1nnn(CC2=Cc3cc(c4ccccc4c3Cl)CO2)c1-c1ccc(Br)cc1)N1CCC1,O=C(c1nnn(CC2=Cc3cc(c4ccccc4c3Cl)CO2)c1-c1ccc(Br)cc1)N1CCC1,中毒,9.118239,20.279678,42.5,4.660987719229557,2.095694024333128,both<5,True,False,False,,-0.31856135,-25.229359
O=C(c1nnn(C(CO)CF)c1-c1ccc(Br)cc1)N1CCC1,O=C(c1nnn(C(CO)CF)c1-c1ccc(Br)cc1)N1CCC1,低毒,8.5773,19.671131,250.0,29.14670117636086,12.708979468440326,both>10,True,False,False,,-11.89496,-15.422377
O=C(c1nnn(-c2sccc2Cl)c1-c1ccc(Br)cc1)N1CCC1,O=C(c1nnn(-c2sccc2Cl)c1-c1ccc(Br)cc1)N1CCC1,中毒,6.626817,64.49796,42.5,6.413335391636739,0.6589355694350643,one>5-other<=5,True,False,False,,-21.240044,23.489618
O=C(c1nnn(N=Cc2c[nH]cn2)c1-c1ccc(Br)cc1)N1CCC1,O=C(c1nnn(N=Cc2c[nH]cn2)c1-c1ccc(Br)cc1)N1CCC1,中毒,10.920208,35.335342,42.5,3.891867261136418,1.2027618128048683,both<5,True,False,False,,18.260326,22.077778
O=C(c1nnn(C=NC2=C3C=CC(Cl)=CC2=[N+]3Cc2c[nH]c3cc(Br)sc23)c1-c1ccc(Br)cc1)N1CCC1,O=C(c1nnn(C=NC2=C3C=CC(Cl)=CC2=[N+]3Cc2c[nH]c3cc(Br)sc23)c1-c1ccc(Br)cc1)N1CCC1,中毒,3.3422756,21.847067,42.5,12.715887343341764,1.945341221318175,one>10-other<5,True,True,False,,33.144653,33.956474
[C+]n1nnc(C(=O)N2CCC2)c1-c1ccc(Br)cc1,[C+]n1nnc(C(=O)N2CCC2)c1-c1ccc(Br)cc1,低毒,14.7157955,16.651882,250.0,16.988548121642488,15.013318014143987,both>10,True,False,False,,-0.8305747,5.23024
Cc1c(-n2nnc(C(=O)N3CCC3)c2-c2ccc(Br)cc2)ccc(Cl)c1Cl,Cc1c(-n2nnc(C(=O)N3CCC3)c2-c2ccc(Br)cc2)ccc(Cl)c1Cl,中毒,10.262888,77.193924,42.5,4.141134542245808,0.5505614664698222,both<5,True,False,False,,-28.156172,19.93448
O=C(c1nnn(-c2ccn(C3OC(CO)C(O)CC3O)c2Cl)c1-c1ccc(Br)cc1)N1CCC1,O=C(c1nnn(-c2ccn(C3OC(CO)C(O)CC3O)c2Cl)c1-c1ccc(Br)cc1)N1CCC1,中毒,3.659794,11.541951,42.5,11.612675467526314,3.6822197564345927,one>10-other<5,True,True,False,,-30.024311,19.693176
O=C(c1nnn(C(CN2C(c3ccccn3)SCCCN2CCBr)=NCc2ccoc2)c1-c1ccc(Br)cc1)N1CCC1,O=C(c1nnn(C(CN2C(c3ccccn3)SCCCN2CCBr)=NCc2ccoc2)c1-c1ccc(Br)cc1)N1CCC1,中毒,11.836261,15.897541,42.5,3.590660935915489,2.6733694223528026,both<5,True,False,False,,9.74751,-20.137142
O=C(c1nnn(C=Cc2c(NCCN3CCOCC3)[nH]c3ccccc23)c1-c1ccc(Br)cc1)N1CCC1,O=C(c1nnn(C=Cc2c(NCCN3CCOCC3)[nH]c3ccccc23)c1-c1ccc(Br)cc1)N1CCC1,中毒,7.880187,11.979134,42.5,5.393273027657846,3.5478357617503904,one>5-other<=5,True,False,False,,37.995426,23.67563
O=C(c1nnn(-c2ccc3sccc3c2)c1-c1ccc(Br)cc1)N1CCC1,O=C(c1nnn(-c2ccc3sccc3c2)c1-c1ccc(Br)cc1)N1CCC1,中毒,7.1874294,49.925213,42.5,5.913101560343675,0.8512732835010639,one>5-other<=5,True,False,False,,-21.677437,7.2407246
O=C(c1nnn(-c2nonc2Sc2ccccc2Br)c1-c1ccc(Br)cc1)N1CCC1,O=C(c1nnn(-c2nonc2Sc2ccccc2Br)c1-c1ccc(Br)cc1)N1CCC1,中毒,14.399388,25.78784,42.5,2.9515143282478395,1.6480635834563888,both<5,True,False,False,,-14.555299,20.627205
O=C(c1nnn(S(=O)(=O)N=C=S)c1-c1ccc(Br)cc1)N1CCC1,O=C(c1nnn(S(=O)(=O)N=C=S)c1-c1ccc(Br)cc1)N1CCC1,中毒,11.90429,71.44288,42.5,3.570141520409869,0.5948808334714389,both<5,True,False,False,,12.982359,-7.631079
O=C(c1nnn(-c2ccccc2CCl)c1-c1ccc(Br)cc1)N1CCC1,O=C(c1nnn(-c2ccccc2CCl)c1-c1ccc(Br)cc1)N1CCC1,中毒,11.923352,49.925213,42.5,3.5644338940928693,0.8512732835010639,both<5,True,False,False,,-28.085402,16.641201
O=C(c1nnn(C(Cl)S(=O)(=O)Cl)c1-c1ccc(Br)cc1)N1CCC1,O=C(c1nnn(C(Cl)S(=O)(=O)Cl)c1-c1ccc(Br)cc1)N1CCC1,低毒,11.610726,10.829594,250.0,21.531814634158106,23.084891271085507,both>10,True,False,False,,-10.526153,-14.197255
O=C(c1nnn([N+](O)(F)Br)c1-c1ccc(Br)cc1)N1CCC1,O=C(c1nnn([N+](O)(F)Br)c1-c1ccc(Br)cc1)N1CCC1,低毒,17.67845,86.473206,250.0,14.141511275026938,2.891068939897984,one>10-other<5,True,False,False,,-2.6532235,4.375108
O=C(c1nnn(-c2cc(I)ccc2CSCl)c1-c1ccc(Br)cc1)N1CCC1,O=C(c1nnn(-c2cc(I)ccc2CSCl)c1-c1ccc(Br)cc1)N1CCC1,中毒,7.1874294,53.0751,42.5,5.913101560343675,0.8007521417764639,one>5-other<=5,True,False,False,,-31.48379,20.770496
O=C(c1nnn(-c2cc(Br)cc(Br)n2)c1-c1ccc(Br)cc1)N1CCC1,O=C(c1nnn(-c2cc(Br)cc(Br)n2)c1-c1ccc(Br)cc1)N1CCC1,中毒,12.90451,44.608845,42.5,3.2934222221533402,0.9527258551527169,both<5,True,False,False,,-14.284483,14.115204
O=C(c1nnn(C2N(CCOCF)P2(O)=S)c1-c1ccc(Br)cc1)N1CCC1,O=C(c1nnn(C2N(CCOCF)P2(O)=S)c1-c1ccc(Br)cc1)N1CCC1,中毒,20.885384,25.441305,42.5,2.0349159009956437,1.6705117917496763,both<5,False,False,False,,5.5022745,22.145105
O=C(c1nnn(C2CC2F)c1-c1ccc(Br)cc1)N1CCC1,O=C(c1nnn(C2CC2F)c1-c1ccc(Br)cc1)N1CCC1,中毒,11.493674,20.010084,42.5,3.697686222873556,2.123929114940247,both<5,True,False,False,,4.57587,25.170916
O=C(c1nnn([SH]2SSSS2)c1-c1ccc(Br)cc1)N1CCC1,O=C(c1nnn([SH]2SSSS2)c1-c1ccc(Br)cc1)N1CCC1,低毒,11.90429,92.90239,250.0,21.00083247299923,2.6909964318463713,one>10-other<5,True,False,False,,-5.673718,3.8541875
N[n+]1cccc(Cl)c1-n1nnc(C(=O)N2CCC2)c1-c1ccc(Br)cc1,N[n+]1cccc(Cl)c1-n1nnc(C(=O)N2CCC2)c1-c1ccc(Br)cc1,中毒,6.28783,44.608845,42.5,6.759088588590977,0.9527258551527169,one>5-other<=5,True,False,False,,-25.434082,21.094057
COCn1nnc(C(=O)N2CCC2)c1-c1ccc(Br)cc1,COCn1nnc(C(=O)N2CCC2)c1-c1ccc(Br)cc1,低毒,12.558582,18.78347,250.0,19.90670602779836,13.309574854912324,both>10,True,False,False,,-5.2854824,-34.91871
N#CC12C=C1C(CCl)S1(n3nnc(C(=O)N4CCC4)c3-c3ccc(Br)cc3)CC1C2,N#CC12C=C1C(CCl)S1(n3nnc(C(=O)N4CCC4)c3-c3ccc(Br)cc3)CC1C2,中毒,3.296223,28.44219,42.5,12.893545127256257,1.4942590567041427,one>10-other<5,True,True,False,,9.708774,-17.133493
O=C(c1nnn(OS(=O)(=O)S)c1-c1ccc(Br)cc1)N1CCC1,O=C(c1nnn(OS(=O)(=O)S)c1-c1ccc(Br)cc1)N1CCC1,中毒,18.730022,18.964716,42.5,2.269084360926004,2.241003767206427,both<5,True,False,False,,18.977102,-13.137212
O=C(c1nnn(-c2nonc2P(=S)(Br)Br)c1-c1ccc(Br)cc1)N1CCC1,O=C(c1nnn(-c2nonc2P(=S)(Br)Br)c1-c1ccc(Br)cc1)N1CCC1,中毒,7.4338155,27.89882,42.5,5.717117945690204,1.5233619199665076,one>5-other<=5,True,False,False,,-13.70419,19.764587
O=C(c1nnn(-c2ccc(Br)cc2Br)c1-c1ccc(Br)cc1)N1CCC1,O=C(c1nnn(-c2ccc(Br)cc2Br)c1-c1ccc(Br)cc1)N1CCC1,中毒,11.319439,27.31082,42.5,3.754603032888821,1.5561597930783477,both<5,True,False,False,,-27.990175,12.123964
O=C(c1nnn(C(F)C2CC[IH]2)c1-c1ccc(Br)cc1)N1CCC1,O=C(c1nnn(C(F)C2CC[IH]2)c1-c1ccc(Br)cc1)N1CCC1,中毒,6.3685656,30.087488,42.5,6.67340224932283,1.4125473020545949,one>5-other<=5,True,False,False,,-11.736123,-12.511862
O=C(c1nnn(C=P)c1-c1ccc(Br)cc1)N1CCC1,O=C(c1nnn(C=P)c1-c1ccc(Br)cc1)N1CCC1,低毒,20.46231,16.651882,250.0,12.217584427173668,15.013318014143987,both>10,False,False,False,,32.083775,27.445972
O=C(c1nnn(OC23C[N+](NC=N2)O3)c1-c1ccc(Br)cc1)N1CCC1,O=C(c1nnn(OC23C[N+](NC=N2)O3)c1-c1ccc(Br)cc1)N1CCC1,中毒,14.499236,20.060001,42.5,2.9311889260923816,2.1186439621812583,both<5,True,False,False,,20.385796,-13.949729
O=C(c1nnn(C=NOc2ccccc2F)c1-c1ccc(Br)cc1)N1CCC1,O=C(c1nnn(C=NOc2ccccc2F)c1-c1ccc(Br)cc1)N1CCC1,低毒,9.972353,18.848566,250.0,25.06930911892108,13.263608488836763,both>10,True,False,False,,29.820423,35.941406
O=C(c1nnn(S(=O)Cl)c1-c1ccc(Br)cc1)N1CCC1,O=C(c1nnn(S(=O)Cl)c1-c1ccc(Br)cc1)N1CCC1,低毒,11.90429,89.0446,250.0,21.00083247299923,2.807581818549356,one>10-other<5,True,False,False,,6.2522993,14.097784
O=C(c1nnn(S2(c3ccccc3)CS2(=O)=O)c1-c1ccc(Br)cc1)N1CCC1,O=C(c1nnn(S2(c3ccccc3)CS2(=O)=O)c1-c1ccc(Br)cc1)N1CCC1,中毒,6.0996733,52.539658,42.5,6.96758628039964,0.808912764525418,one>5-other<=5,True,False,False,,-2.6350443,9.518428
O=C(c1nnn([S+]([O-])[O-])c1-c1ccc(Br)cc1)N1CCC1,O=C(c1nnn([S+]([O-])[O-])c1-c1ccc(Br)cc1)N1CCC1,低毒,10.134259,92.90239,250.0,24.668799169233782,2.6909964318463713,one>10-other<5,True,False,False,,3.0916827,11.7301445
N=CN1Cn2ncc1c2-n1nnc(C(=O)N2CCC2)c1-c1ccc(Br)cc1,N=CN1Cn2ncc1c2-n1nnc(C(=O)N2CCC2)c1-c1ccc(Br)cc1,中毒,11.633335,20.237833,42.5,3.6532946055451854,2.1000272114114193,both<5,True,False,False,,-6.0742936,15.002375
O=C(c1nnn(S(=O)(=O)c2c(CBr)ccn2Cc2c[nH]c3ccccc23)c1-c1ccc(Br)cc1)N1CCC1,O=C(c1nnn(S(=O)(=O)c2c(CBr)ccn2Cc2c[nH]c3ccccc23)c1-c1ccc(Br)cc1)N1CCC1,中毒,2.4002762,38.868034,42.5,17.70629563381081,1.0934435222527592,one>10-other<5,True,True,False,,14.954468,-28.425802
O=C(c1nnn([SH]2(c3ccccc3)=NS(=O)(=O)O2)c1-c1ccc(Br)cc1)N1CCC1,O=C(c1nnn([SH]2(c3ccccc3)=NS(=O)(=O)O2)c1-c1ccc(Br)cc1)N1CCC1,中毒,9.06992,20.85532,42.5,4.685818618025297,2.037849335325471,both<5,True,False,False,,-3.2874935,5.052527
O=C(c1nnn(-c2cc(Br)ccc2Cc2cccs2)c1-c1ccc(Br)cc1)N1CCC1,O=C(c1nnn(-c2cc(Br)ccc2Cc2cccs2)c1-c1ccc(Br)cc1)N1CCC1,中毒,7.673298,23.962868,42.5,5.538687536962594,1.7735773530947965,one>5-other<=5,True,False,False,,-28.741976,4.7993774
O=C(c1nnn(Sc2ccc(Cl)cc2Br)c1-c1ccc(Br)cc1)N1CCC1,O=C(c1nnn(Sc2ccc(Cl)cc2Br)c1-c1ccc(Br)cc1)N1CCC1,中毒,8.245636,114.557335,42.5,5.154241589126661,0.3709932672578321,one>5-other<=5,True,False,False,,24.232609,9.609025
O=C(c1nnn(-c2cc(Cl)cc(Cl)c2CCl)c1-c1ccc(Br)cc1)N1CCC1,O=C(c1nnn(-c2cc(Cl)cc(Cl)c2CCl)c1-c1ccc(Br)cc1)N1CCC1,中毒,11.923352,49.98003,42.5,3.5644338940928693,0.8503396256464832,both<5,True,False,False,,-27.340788,22.012962
O=C(c1nnn(CCC2=C3N=CN=C3S2)c1-c1ccc(Br)cc1)N1CCC1,O=C(c1nnn(CCC2=C3N=CN=C3S2)c1-c1ccc(Br)cc1)N1CCC1,中毒,19.050009,17.691555,42.5,2.230970074607314,2.40227611422512,both<5,True,False,False,,0.8855347,-39.18764
O=C(c1nnn(CCc2nc3n(n2)CCS3)c1-c1ccc(Br)cc1)N1CCC1,O=C(c1nnn(CCc2nc3n(n2)CCS3)c1-c1ccc(Br)cc1)N1CCC1,中毒,25.465038,16.848984,42.5,1.6689549020111418,2.522407285804295,both<5,False,False,False,,3.4722445,-39.282368
O=C(c1nnn(CC2C=Cc3ccccc3C2CO)c1-c1ccc(Br)cc1)N1CCC1,O=C(c1nnn(CC2C=Cc3ccccc3C2CO)c1-c1ccc(Br)cc1)N1CCC1,中毒,20.982931,15.194154,42.5,2.0254558336011304,2.7971284218917356,both<5,False,False,False,,-1.8226123,-35.290344
O=C(c1nnn([S+]([O-])CCCl)c1-c1ccc(Br)cc1)N1CCC1,O=C(c1nnn([S+]([O-])CCCl)c1-c1ccc(Br)cc1)N1CCC1,低毒,11.90429,75.83646,250.0,21.00083247299923,3.2965673766945343,one>10-other<5,True,False,False,,3.2497394,12.15499
O=C(c1nnn(Oc2c(Br)cccc2I)c1-c1ccc(Br)cc1)N1CCC1,O=C(c1nnn(Oc2c(Br)cccc2I)c1-c1ccc(Br)cc1)N1CCC1,中毒,23.03291,24.776972,42.5,1.8451858666577519,1.7153024187136345,both<5,False,False,False,,25.576227,-12.378274
O=C(c1nnn(-c2cnc(Br)s2)c1-c1ccc(Br)cc1)N1CCC1,O=C(c1nnn(-c2cnc(Br)s2)c1-c1ccc(Br)cc1)N1CCC1,低毒,18.730022,50.315456,250.0,13.347555064270612,4.968652177175936,one>10-other<5,True,False,False,,-25.194214,1.590286
O=C(c1nnn(C2C=NC2=CI)c1-c1ccc(Br)cc1)N1CCC1,O=C(c1nnn(C2C=NC2=CI)c1-c1ccc(Br)cc1)N1CCC1,中毒,12.367602,35.436047,42.5,3.436397775413536,1.1993437078351317,both<5,True,False,False,,2.7230353,24.148624
O=C(c1nnn(Cc2nc3ccccc3s2)c1-c1ccc(Br)cc1)N1CCC1,O=C(c1nnn(Cc2nc3ccccc3s2)c1-c1ccc(Br)cc1)N1CCC1,中毒,7.066692,21.319351,42.5,6.014129383309758,1.9934940796274707,one>5-other<=5,True,False,False,,-0.102534875,-20.531765
O=C(c1nnn(C2COP3(=O)C=CN2SPCC=CS(=O)(=O)O3)c1-c1ccc(Br)cc1)N1CCC1,O=C(c1nnn(C2COP3(=O)C=CN2SPCC=CS(=O)(=O)O3)c1-c1ccc(Br)cc1)N1CCC1,中毒,5.0431056,20.519423,42.5,8.427346831682446,2.071208337583372,one>5-other<=5,True,False,False,,-1.038686,24.54257
O=C(c1nnn(CCOCO)c1-c1ccc(Br)cc1)N1CCC1,O=C(c1nnn(CCOCO)c1-c1ccc(Br)cc1)N1CCC1,低毒,9.921383,22.369738,250.0,25.198099901999548,11.175812608980936,both>10,True,False,False,,-3.8105478,-41.087864
O=C(c1nnn(C2(c3ccccc3)CC2I)c1-c1ccc(Br)cc1)N1CCC1,O=C(c1nnn(C2(c3ccccc3)CC2I)c1-c1ccc(Br)cc1)N1CCC1,中毒,7.748404,18.071333,42.5,5.485000523978874,2.3517910936619897,one>5-other<=5,True,False,False,,6.738419,9.417768
O=C(c1nnn(SC=S)c1-c1ccc(Br)cc1)N1CCC1,O=C(c1nnn(SC=S)c1-c1ccc(Br)cc1)N1CCC1,低毒,10.659209,96.8648,250.0,23.453897939331146,2.580916906864,one>10-other<5,True,False,False,,19.755146,9.241885
O=C(c1nnn(CCCNc2cc3[nH]ccc3o2)c1-c1ccc(Br)cc1)N1CCC1,O=C(c1nnn(CCCNc2cc3[nH]ccc3o2)c1-c1ccc(Br)cc1)N1CCC1,中毒,11.879071,25.44526,42.5,3.577720850393099,1.670252141263245,both<5,True,False,False,,-1.5452062,-49.01679
O=C(c1nnn(-c2nc3c(s2)CN(c2ccnn4ccnc24)CC3)c1-c1ccc(Br)cc1)N1CCC1,O=C(c1nnn(-c2nc3c(s2)CN(c2ccnn4ccnc24)CC3)c1-c1ccc(Br)cc1)N1CCC1,中毒,6.272201,16.971914,42.5,6.775930809615317,2.50413712914171,one>5-other<=5,True,False,False,,-29.133408,-1.5011368
NS(=O)(=O)NCc1cccc(Br)c1OSn1nnc(C(=O)N2CCC2)c1-c1ccc(Br)cc1,NS(=O)(=O)NCc1cccc(Br)c1OSn1nnc(C(=O)N2CCC2)c1-c1ccc(Br)cc1,中毒,12.818633,69.18646,42.5,3.315486136470246,0.6142820430471512,both<5,True,False,False,,19.04721,5.3812976
O=C(c1nnn(CCC=Cc2cccc3nc4cc(Cl)ccc4cc23)c1-c1ccc(Br)cc1)N1CCC1,O=C(c1nnn(CCC=Cc2cccc3nc4cc(Cl)ccc4cc23)c1-c1ccc(Br)cc1)N1CCC1,低毒,10.66633,32.134583,250.0,23.438239769442724,7.779780431568072,both<5,True,False,False,,5.138362,-43.036377
O=C(c1nnn(CNI)c1-c1ccc(Br)cc1)N1CCC1,O=C(c1nnn(CNI)c1-c1ccc(Br)cc1)N1CCC1,低毒,14.7157955,25.001862,250.0,16.988548121642488,9.999255255468572,both<5,True,False,False,,-9.233135,-40.89909
O=C(c1nnn(C2(Br)CC2)c1-c1ccc(Br)cc1)N1CCC1,O=C(c1nnn(C2(Br)CC2)c1-c1ccc(Br)cc1)N1CCC1,低毒,15.228822,24.869268,250.0,16.416240205578607,10.052567691176113,both>10,True,False,False,,6.1515074,4.734463
O=C(c1nnn(-c2oc3ccccc3c(=S)c2Br)c1-c1ccc(Br)cc1)N1CCC1,O=C(c1nnn(-c2oc3ccccc3c(=S)c2Br)c1-c1ccc(Br)cc1)N1CCC1,中毒,5.397961,71.63804,42.5,7.873343286474283,0.5932602287834787,one>5-other<=5,True,False,False,,-15.294684,11.635038
NC=Nn1nnc(C(=O)N2CCC2)c1-c1ccc(Br)cc1,NC=Nn1nnc(C(=O)N2CCC2)c1-c1ccc(Br)cc1,低毒,28.891598,49.925213,250.0,8.653034698876816,5.007489902947435,both5-10,False,False,False,,16.691502,20.705612
O=C(c1nnn(Oc2ccccc2F)c1-c1ccc(Br)cc1)N1CCC1,O=C(c1nnn(Oc2ccccc2F)c1-c1ccc(Br)cc1)N1CCC1,中毒,22.419744,12.975376,42.5,1.895650548016962,3.2754349469333297,both<5,False,False,False,,24.83091,-13.468373
O=C(c1nnn(-c2nc3c(I)cccc3s2)c1-c1ccc(Br)cc1)N1CCC1,O=C(c1nnn(-c2nc3c(I)cccc3s2)c1-c1ccc(Br)cc1)N1CCC1,中毒,18.017187,20.282017,42.5,2.3588587941058723,2.095452340859393,both<5,True,False,False,,-28.594397,-4.4694963
O=C(c1nnn(-c2cc(F)cc(F)c2)c1-c1ccc(Br)cc1)N1CCC1,O=C(c1nnn(-c2cc(F)cc(F)c2)c1-c1ccc(Br)cc1)N1CCC1,中毒,10.721868,24.50958,42.5,3.9638615211453825,1.7340158419687322,both<5,True,False,False,,-20.14366,7.9882374
O=C(c1nnn(-c2ccnc3[nH]ncc23)c1-c1ccc(Br)cc1)N1CCC1,O=C(c1nnn(-c2ccnc3[nH]ncc23)c1-c1ccc(Br)cc1)N1CCC1,中毒,10.506813,16.76646,42.5,4.044994424094157,2.5348224968180526,both<5,True,False,False,,-31.870544,10.50131
O=C(c1nnn(-c2ccsc2Cl)c1-c1ccc(Br)cc1)N1CCC1,O=C(c1nnn(-c2ccsc2Cl)c1-c1ccc(Br)cc1)N1CCC1,中毒,13.148104,22.536598,42.5,3.232405219794428,1.8858214536195745,both<5,True,False,False,,-29.38259,8.148964
O=C(c1nnn([PH](=O)S)c1-c1ccc(Br)cc1)N1CCC1,O=C(c1nnn([PH](=O)S)c1-c1ccc(Br)cc1)N1CCC1,中毒,12.543286,17.816877,42.5,3.3882668385301904,2.3853787619457663,both<5,True,False,False,,2.028039,6.6980762
O=C(c1nnn(C=CC=NNO)c1-c1ccc(Br)cc1)N1CCC1,O=C(c1nnn(C=CC=NNO)c1-c1ccc(Br)cc1)N1CCC1,中毒,19.270475,18.145395,42.5,2.2054464147873882,2.3421920547885566,both<5,True,False,False,,35.256035,24.827812
O=C(c1nnn(-c2nc[n-][n+]2Nc2ccc(Br)cc2)c1-c1ccc(Br)cc1)N1CCC1,O=C(c1nnn(-c2nc[n-][n+]2Nc2ccc(Br)cc2)c1-c1ccc(Br)cc1)N1CCC1,中毒,11.214031,33.382027,42.5,3.789894998506781,1.2731401840876828,both<5,True,False,False,,-15.442971,8.067644
O=C(c1nnn(C(F)(Br)I)c1-c1ccc(Br)cc1)N1CCC1,O=C(c1nnn(C(F)(Br)I)c1-c1ccc(Br)cc1)N1CCC1,中毒,12.366438,25.040358,42.5,3.4367212288615363,1.6972600791090926,both<5,True,False,False,,3.8925047,-5.1324215
O=C(c1nnn([112I])c1-c1ccc(Br)cc1)N1CCC1,O=C(c1nnn([112I])c1-c1ccc(Br)cc1)N1CCC1,低毒,52.13683,45.58551,250.0,4.795074806044019,5.48419881668539,one>5-other<=5,False,False,False,,0.08891164,3.8144553
O=C(c1nnn(C2C(=NBr)SCc3ccc(Cl)c(c3)C3NCC(CCCSS3)OSc3cccc2c3)c1-c1ccc(Br)cc1)N1CCC1,O=C(c1nnn(C2C(=NBr)SCc3ccc(Cl)c(c3)C3NCC(CCCSS3)OSc3cccc2c3)c1-c1ccc(Br)cc1)N1CCC1,中毒,3.2424877,17.423336,42.5,13.10722011374168,2.4392573270698565,one>10-other<5,True,True,False,,1.2057722,31.652067
O=C(c1nnn(C=NSF)c1-c1ccc(Br)cc1)N1CCC1,O=C(c1nnn(C=NSF)c1-c1ccc(Br)cc1)N1CCC1,低毒,9.972353,12.298765,250.0,25.06930911892108,20.327244239563893,both>10,True,False,False,,32.32084,32.025837
O=C(c1nnn(Cc2ccc(OCc3ccccc3Cl)cc2)c1-c1ccc(Br)cc1)N1CCC1,O=C(c1nnn(Cc2ccc(OCc3ccccc3Cl)cc2)c1-c1ccc(Br)cc1)N1CCC1,中毒,6.4863405,12.431548,42.5,6.552230799477765,3.4187214657418368,one>5-other<=5,True,False,False,,-0.06325534,-23.707718
O=C(c1nnn(CCc2cn(C3CCOCC3)cc2-n2cncn2)c1-c1ccc(Br)cc1)N1CCC1,O=C(c1nnn(CCc2cn(C3CCOCC3)cc2-n2cncn2)c1-c1ccc(Br)cc1)N1CCC1,中毒,10.250472,24.979471,42.5,4.146150538238629,1.7013971192584503,both<5,True,False,False,,-13.964309,-34.431057
N#Cc1sccc1-n1nnc(C(=O)N2CCC2)c1-c1ccc(Br)cc1,N#Cc1sccc1-n1nnc(C(=O)N2CCC2)c1-c1ccc(Br)cc1,中毒,11.689742,27.855282,42.5,3.635666210597291,1.5257429452697697,both<5,True,False,False,,-29.751657,8.434838
O=C(c1nnn(CCOO[SH](=O)(O)I)c1-c1ccc(Br)cc1)N1CCC1,O=C(c1nnn(CCOO[SH](=O)(O)I)c1-c1ccc(Br)cc1)N1CCC1,低毒,9.062519,32.376095,250.0,27.586149060763347,7.721746554054774,both<5,True,False,False,,-2.8593826,-41.669132
O=C(c1nnn(S(=O)(=S)Cl)c1-c1ccc(Br)cc1)N1CCC1,O=C(c1nnn(S(=O)(=S)Cl)c1-c1ccc(Br)cc1)N1CCC1,低毒,11.90429,137.69727,250.0,21.00083247299923,1.8155770263273918,one>10-other<5,True,False,False,,10.915652,-8.21279
O=C(c1nnn(OCCl)c1-c1ccc(Br)cc1)N1CCC1,O=C(c1nnn(OCCl)c1-c1ccc(Br)cc1)N1CCC1,中毒,33.291145,26.656855,42.5,1.2766157487223704,1.5943366162287336,both<5,False,False,False,,21.782652,-16.698866
O=C(c1nnn(C=CS)c1-c1ccc(Br)cc1)N1CCC1,O=C(c1nnn(C=CS)c1-c1ccc(Br)cc1)N1CCC1,中毒,20.46231,16.651882,42.5,2.0769893526195236,2.5522640624044777,both<5,False,False,False,,34.21516,24.77295
O=C(c1nnn(-c2c(Br)ccnc2OC2CCCCC2)c1-c1ccc(Br)cc1)N1CCC1,O=C(c1nnn(-c2c(Br)ccnc2OC2CCCCC2)c1-c1ccc(Br)cc1)N1CCC1,中毒,6.1529093,40.821724,42.5,6.907301558955208,1.0411123253883152,one>5-other<=5,True,False,False,,-21.135733,15.654602
O=C(c1nnn(C2CSCN2c2c[nH]c(=S)n2N=Cc2c[nH]nn2)c1-c1ccc(Br)cc1)N1CCC1,O=C(c1nnn(C2CSCN2c2c[nH]c(=S)n2N=Cc2c[nH]nn2)c1-c1ccc(Br)cc1)N1CCC1,中毒,6.878174,58.121693,42.5,6.178965521953938,0.7312243984358817,one>5-other<=5,True,False,False,,2.7318819,30.270113
O=C(c1nnn(C(CBr)c2ncncc2Cl)c1-c1ccc(Br)cc1)N1CCC1,O=C(c1nnn(C(CBr)c2ncncc2Cl)c1-c1ccc(Br)cc1)N1CCC1,中毒,5.5241666,23.04941,42.5,7.693468187581454,1.843864983962713,one>5-other<=5,True,False,False,,-9.427589,-16.152039
O=C(c1nnn(N=C2OCSS2)c1-c1ccc(Br)cc1)N1CCC1,O=C(c1nnn(N=C2OCSS2)c1-c1ccc(Br)cc1)N1CCC1,中毒,33.987186,24.596378,42.5,1.2504712805585023,1.7278966846256794,both<5,False,False,False,,19.043541,17.296844
O=C(c1nnn(C2CNNS2)c1-c1ccc(Br)cc1)N1CCC1,O=C(c1nnn(C2CNNS2)c1-c1ccc(Br)cc1)N1CCC1,中毒,13.415327,42.048264,42.5,3.1680181929221702,1.0107432734916237,both<5,True,False,False,,1.6407218,29.612255
O=C(c1nnn(CC=Cc2cccc3c2nnn3CCc2cccs2)c1-c1ccc(Br)cc1)N1CCC1,O=C(c1nnn(CC=Cc2cccc3c2nnn3CCc2cccs2)c1-c1ccc(Br)cc1)N1CCC1,中毒,15.228822,25.342918,42.5,2.790760834948363,1.676997100333908,both<5,True,False,False,,10.356825,-32.610172
O=C(c1nnn(C=Cc2ccc3cc(Br)ccc3c2)c1-c1ccc(Br)cc1)N1CCC1,O=C(c1nnn(C=Cc2ccc3cc(Br)ccc3c2)c1-c1ccc(Br)cc1)N1CCC1,低毒,8.859659,15.932148,250.0,28.217790323532768,15.69154391485693,both>10,True,False,False,,35.83447,21.71528
O=C(c1nnn(S(=O)(=O)CBr)c1-c1ccc(Br)cc1)N1CCC1,O=C(c1nnn(S(=O)(=O)CBr)c1-c1ccc(Br)cc1)N1CCC1,中毒,8.978762,79.720116,42.5,4.7333919754193285,0.533115129937844,both<5,True,False,False,,11.80338,-11.36913
O=C(c1nnn(-n2ccnc2)c1-c1ccc(Br)cc1)N1CCC1,O=C(c1nnn(-n2ccnc2)c1-c1ccc(Br)cc1)N1CCC1,中毒,18.14801,24.02771,42.5,2.3418545614643147,1.7687911165899706,both<5,True,False,False,,-0.21532299,-2.075739
O=C(c1nnn(Cc2cccc[n+]2C2CO2)c1-c1ccc(Br)cc1)N1CCC1,O=C(c1nnn(Cc2cccc[n+]2C2CO2)c1-c1ccc(Br)cc1)N1CCC1,中毒,11.124091,15.655244,42.5,3.8205368870139593,2.71474529556997,both<5,True,False,False,,2.9480472,-26.042908
O=C(c1nnn(OC2SOC3(OCCc4ccccc4)NC4OC423)c1-c1ccc(Br)cc1)N1CCC1,O=C(c1nnn(OC2SOC3(OCCc4ccccc4)NC4OC423)c1-c1ccc(Br)cc1)N1CCC1,中毒,5.686248,18.64577,42.5,7.474172776143425,2.2793373510453043,one>5-other<=5,True,False,False,,25.626053,-17.750978
O=C(c1nnn(S(=O)(=O)OCC=Cc2ccncn2)c1-c1ccc(Br)cc1)N1CCC1,O=C(c1nnn(S(=O)(=O)OCC=Cc2ccncn2)c1-c1ccc(Br)cc1)N1CCC1,低毒,6.643831,107.44468,250.0,37.62889212564257,2.3267787665243174,one>10-other<5,True,False,False,,12.997208,-11.518625
O=C(c1nnn(N=Nc2nccs2)c1-c1ccc(Br)cc1)N1CCC1,O=C(c1nnn(N=Nc2nccs2)c1-c1ccc(Br)cc1)N1CCC1,中毒,30.670681,55.15302,42.5,1.3856881756228367,0.770583369686737,both<5,False,False,False,,12.75637,17.524803
O=C(c1nnn(C=CCCCF)c1-c1ccc(Br)cc1)N1CCC1,O=C(c1nnn(C=CCCCF)c1-c1ccc(Br)cc1)N1CCC1,中毒,14.899384,22.23167,42.5,2.852466920780081,1.9116872461672918,both<5,True,False,False,,35.968044,27.582129
O=C(c1nnn(-c2ccnc3sccc23)c1-c1ccc(Br)cc1)N1CCC1,O=C(c1nnn(-c2ccnc3sccc23)c1-c1ccc(Br)cc1)N1CCC1,中毒,13.247101,38.278908,42.5,3.208249110503498,1.110272006714507,both<5,True,False,False,,-30.934126,7.2775197
CCCCn1nnc(C(=O)N2CCC2)c1-c1ccc(Br)cc1,CCCCn1nnc(C(=O)N2CCC2)c1-c1ccc(Br)cc1,低毒,8.293504,25.001862,250.0,30.144074205546893,9.999255255468572,both<5,True,False,False,,0.9726199,-42.924698
O=C(c1nnn(CC2=[N+]3CCS[S+]3SS2)c1-c1ccc(Br)cc1)N1CCC1,O=C(c1nnn(CC2=[N+]3CCS[S+]3SS2)c1-c1ccc(Br)cc1)N1CCC1,中毒,12.281665,24.312138,42.5,3.4604428634065494,1.748098007670078,both<5,True,False,False,,1.3385452,-31.267397
O=C(c1nnn(-c2sccc2[N+](=O)[O-])c1-c1ccc(Br)cc1)N1CCC1,O=C(c1nnn(-c2sccc2[N+](=O)[O-])c1-c1ccc(Br)cc1)N1CCC1,中毒,18.785078,32.89409,42.5,2.2624340447242224,1.2920254063875913,both<5,True,False,False,,-21.13182,24.619339
O=C(c1nnn(-c2c(I)cnn2CC(Br)I)c1-c1ccc(Br)cc1)N1CCC1,O=C(c1nnn(-c2c(I)cnn2CC(Br)I)c1-c1ccc(Br)cc1)N1CCC1,中毒,6.2058644,31.810823,42.5,6.848361043789484,1.3360232773606644,one>5-other<=5,True,False,False,,-10.055137,-23.619778
O=C(c1nnn(C=Cc2ccco2)c1-c1ccc(Br)cc1)N1CCC1,O=C(c1nnn(C=Cc2ccco2)c1-c1ccc(Br)cc1)N1CCC1,中毒,15.667969,15.051627,42.5,2.712540470306011,2.823615015174107,both<5,True,False,False,,31.86257,22.888342
O=C(c1nnn(C=Cc2ccncc2)c1-c1ccc(Br)cc1)N1CCC1,O=C(c1nnn(C=Cc2ccncc2)c1-c1ccc(Br)cc1)N1CCC1,低毒,15.667969,15.051627,250.0,15.95612041356477,16.609500089259452,both>10,True,False,False,,34.952007,22.024782
O=C(c1nnn(CCON=Cc2cccc3nc[nH]c23)c1-c1ccc(Br)cc1)N1CCC1,O=C(c1nnn(CCON=Cc2cccc3nc[nH]c23)c1-c1ccc(Br)cc1)N1CCC1,中毒,7.094801,30.928812,42.5,5.9903019126258785,1.3741232608611025,one>5-other<=5,True,False,False,,-2.371396,-40.115067
O=C(c1nnn(-c2cc3ccoc3o2)c1-c1ccc(Br)cc1)N1CCC1,O=C(c1nnn(-c2cc3ccoc3o2)c1-c1ccc(Br)cc1)N1CCC1,中毒,8.376883,68.91855,42.5,5.073486164245102,0.6166699676647289,one>5-other<=5,True,False,False,,-10.5961895,12.446864
O=C(c1nnn(CN(Br)CBr)c1-c1ccc(Br)cc1)N1CCC1,O=C(c1nnn(CN(Br)CBr)c1-c1ccc(Br)cc1)N1CCC1,低毒,13.415327,16.651882,250.0,18.635401134836297,15.013318014143987,both>10,True,False,False,,2.1430776,-34.526516
O=C(c1nnn(C2c3ccsc32)c1-c1ccc(Br)cc1)N1CCC1,O=C(c1nnn(C2c3ccsc32)c1-c1ccc(Br)cc1)N1CCC1,中毒,5.3980007,15.842161,42.5,7.873285381382036,2.6827148139701396,one>5-other<=5,True,False,False,,0.015826382,33.107044
O=C(c1nnn(C2=CCCC[S+]2[O-])c1-c1ccc(Br)cc1)N1CCC1,O=C(c1nnn(C2=CCCC[S+]2[O-])c1-c1ccc(Br)cc1)N1CCC1,中毒,7.8140655,22.477419,42.5,5.438910129432624,1.8907864822024272,one>5-other<=5,True,False,False,,-10.09177,2.949128
O=C(c1nnn(C2CN2CCN=c2cc3n(o2)CC=Nc2ccsc2-3)c1-c1ccc(Br)cc1)N1CCC1,O=C(c1nnn(C2CN2CCN=c2cc3n(o2)CC=Nc2ccsc2-3)c1-c1ccc(Br)cc1)N1CCC1,中毒,11.652769,26.706884,42.5,3.6472017938397303,1.5913500054892216,both<5,True,False,False,,2.3936832,19.980383
O=C(c1nnn(S23CNC2=N3)c1-c1ccc(Br)cc1)N1CCC1,O=C(c1nnn(S23CNC2=N3)c1-c1ccc(Br)cc1)N1CCC1,中毒,8.978762,24.575344,42.5,4.7333919754193285,1.7293755888015239,both<5,True,False,False,,-3.1904972,8.842158
O=C(c1nnn(C(CF)(CCl)CCCl)c1-c1ccc(Br)cc1)N1CCC1,O=C(c1nnn(C(CF)(CCl)CCCl)c1-c1ccc(Br)cc1)N1CCC1,中毒,7.4449863,23.596052,42.5,5.70853971887094,1.8011487684465182,one>5-other<=5,True,False,False,,2.685223,-5.758572
O=C(c1nnn(-c2nccnc2S)c1-c1ccc(Br)cc1)N1CCC1,O=C(c1nnn(-c2nccnc2S)c1-c1ccc(Br)cc1)N1CCC1,中毒,33.242657,44.608845,42.5,1.278477830457415,0.9527258551527169,both<5,False,False,False,,-18.526854,19.702686
O=C(c1nnn([PH]2(c3ccc(F)cc3F)C=N2)c1-c1ccc(Br)cc1)N1CCC1,O=C(c1nnn([PH]2(c3ccc(F)cc3F)C=N2)c1-c1ccc(Br)cc1)N1CCC1,中毒,6.1764975,15.412362,42.5,6.880922399790496,2.7575267178385765,one>5-other<=5,True,False,False,,-3.85818,13.016849
O=C(c1nnn(C2(C(Cl)(Cl)Cl)CS2(=O)=O)c1-c1ccc(Br)cc1)N1CCC1,O=C(c1nnn(C2(C(Cl)(Cl)Cl)CS2(=O)=O)c1-c1ccc(Br)cc1)N1CCC1,中毒,9.007849,15.582233,42.5,4.718107508240869,2.727465312577472,both<5,True,False,False,,6.633378,1.5689387
O=C(c1nnn(CNCCl)c1-c1ccc(Br)cc1)N1CCC1,O=C(c1nnn(CNCCl)c1-c1ccc(Br)cc1)N1CCC1,中毒,14.7157955,16.651882,42.5,2.8880531806792233,2.5522640624044777,both<5,True,False,False,,-8.610262,-42.018772
O=C(c1nnn(N[SH]2c3cnoc3C23c2ccccc2-[n+]2ccccc23)c1-c1ccc(Br)cc1)N1CCC1,O=C(c1nnn(N[SH]2c3cnoc3C23c2ccccc2-[n+]2ccccc23)c1-c1ccc(Br)cc1)N1CCC1,中毒,4.634449,15.574545,42.5,9.170453704420957,2.7288116603085353,one>5-other<=5,True,True,False,,23.18717,-0.6024882
O=C(c1nnn(C(=S)NC2CS2)c1-c1ccc(Br)cc1)N1CCC1,O=C(c1nnn(C(=S)NC2CS2)c1-c1ccc(Br)cc1)N1CCC1,中毒,13.26564,20.0126,42.5,3.2037655175325126,2.1236620928814847,both<5,True,False,False,,16.23115,0.04963424
O=C(c1nnn(-c2cccc(O)c2)c1-c1ccc(Br)cc1)N1CCC1,O=C(c1nnn(-c2cccc(O)c2)c1-c1ccc(Br)cc1)N1CCC1,中毒,11.196653,30.515831,42.5,3.7957771844853996,1.3927197329150238,both<5,True,False,False,,-21.158148,9.242673
O=C(c1nnn(C=Nc2csnn2)c1-c1ccc(Br)cc1)N1CCC1,O=C(c1nnn(C=Nc2csnn2)c1-c1ccc(Br)cc1)N1CCC1,中毒,6.462587,18.107738,42.5,6.576313788889805,2.347062896536276,one>5-other<=5,True,False,False,,30.608305,34.52006
O=C(c1nnn(C=Cc2ccc(C3CC3)cc2)c1-c1ccc(Br)cc1)N1CCC1,O=C(c1nnn(C=Cc2ccc(C3CC3)cc2)c1-c1ccc(Br)cc1)N1CCC1,低毒,15.667969,28.459833,250.0,15.95612041356477,8.784310153893033,both<5,True,False,False,,35.2003,21.61548
O=C(c1nnn(I(O)Br)c1-c1ccc(Br)cc1)N1CCC1,O=C(c1nnn(I(O)Br)c1-c1ccc(Br)cc1)N1CCC1,中毒,73.9168,45.58551,42.5,0.5749707779557557,0.9323137988365162,both<5,False,False,False,,2.5920904,5.1031127
O=C(c1nnn(Cc2cccc3ccccc23)c1-c1ccc(Br)cc1)N1CCC1,O=C(c1nnn(Cc2cccc3ccccc23)c1-c1ccc(Br)cc1)N1CCC1,中毒,9.096299,15.842161,42.5,4.672229881625483,2.6827148139701396,both<5,True,False,False,,1.5259234,-23.823225
O=C(c1nnn(COCC(Cl)Cl)c1-c1ccc(Br)cc1)N1CCC1,O=C(c1nnn(COCC(Cl)Cl)c1-c1ccc(Br)cc1)N1CCC1,低毒,12.558582,16.108147,250.0,19.90670602779836,15.520096756008002,both>10,True,False,False,,-5.8578324,-33.43062
O=C(c1nnn(-c2ccc([N+](=O)[O-])cc2[N+](=O)[O-])c1-c1ccc(Br)cc1)N1CCC1,O=C(c1nnn(-c2ccc([N+](=O)[O-])cc2[N+](=O)[O-])c1-c1ccc(Br)cc1)N1CCC1,中毒,17.72199,56.994137,42.5,2.398150546298694,0.7456907365752375,both<5,True,False,False,,-25.335403,26.255148
O=C(c1nnn(C(c2cccs2)c2ccccc2Br)c1-c1ccc(Br)cc1)N1CCC1,O=C(c1nnn(C(c2cccs2)c2ccccc2Br)c1-c1ccc(Br)cc1)N1CCC1,中毒,5.6518364,13.699202,42.5,7.519679798233367,3.1023704884415895,one>5-other<=5,True,False,False,,-13.283539,-10.725131
O=C(c1nnn(C2OCCO2)c1-c1ccc(Br)cc1)N1CCC1,O=C(c1nnn(C2OCCO2)c1-c1ccc(Br)cc1)N1CCC1,低毒,12.925589,16.108147,250.0,19.34147836512518,15.520096756008002,both>10,True,False,False,,-2.2585661,27.32317
N=C(Cl)C(O)n1nnc(C(=O)N2CCC2)c1-c1ccc(Br)cc1,N=C(Cl)C(O)n1nnc(C(=O)N2CCC2)c1-c1ccc(Br)cc1,中毒,8.591546,23.628323,42.5,4.94672320907087,1.798688802417336,both<5,True,False,False,,-11.161886,-14.117093
O=C(c1nnn(-c2c(Cl)cc(Cl)cc2Cl)c1-c1ccc(Br)cc1)N1CCC1,O=C(c1nnn(-c2c(Cl)cc(Cl)cc2Cl)c1-c1ccc(Br)cc1)N1CCC1,中毒,12.292116,30.259153,42.5,3.4575007264819173,1.4045336959696129,both<5,True,False,False,,-24.435507,20.933666
O=C(c1nnn(-c2cccc([N+](=O)[O-])c2)c1-c1ccc(Br)cc1)N1CCC1,O=C(c1nnn(-c2cccc([N+](=O)[O-])c2)c1-c1ccc(Br)cc1)N1CCC1,中毒,16.011244,76.19437,42.5,2.654384631200424,0.5577839937517692,both<5,True,False,True,271p,-21.603474,10.095092
O=C(c1nnn(S23c4ccccc4NC2c2ncccc23)c1-c1ccc(Br)cc1)N1CCC1,O=C(c1nnn(S23c4ccccc4NC2c2ncccc23)c1-c1ccc(Br)cc1)N1CCC1,中毒,3.8396838,14.3937645,42.5,11.068619764992107,2.952667455410987,one>10-other<5,True,True,False,,-3.5804527,10.312571
O=C(c1nnn(-c2ccc3[nH]cnc3c2)c1-c1ccc(Br)cc1)N1CCC1,O=C(c1nnn(-c2ccc3[nH]cnc3c2)c1-c1ccc(Br)cc1)N1CCC1,中毒,6.3066387,49.925213,42.5,6.738930517773279,0.8512732835010639,one>5-other<=5,True,False,False,,-20.239595,10.784344
O=C(c1nnn(CCSc2nnc[nH]2)c1-c1ccc(Br)cc1)N1CCC1,O=C(c1nnn(CCSc2nnc[nH]2)c1-c1ccc(Br)cc1)N1CCC1,低毒,14.7157955,15.303449,250.0,16.988548121642488,16.33618669882848,both>10,True,False,False,,-0.5988243,-39.62365
O=C(c1nnn(CCO[N+](=O)[O-])c1-c1ccc(Br)cc1)N1CCC1,O=C(c1nnn(CCO[N+](=O)[O-])c1-c1ccc(Br)cc1)N1CCC1,低毒,9.921383,32.836136,250.0,25.198099901999548,7.613563301114357,both<5,True,False,False,,-3.9348855,-37.62517
CCC1NC[SH]1n1nnc(C(=O)N2CCC2)c1-c1ccc(Br)cc1,CCC1NC[SH]1n1nnc(C(=O)N2CCC2)c1-c1ccc(Br)cc1,低毒,11.90429,45.06679,250.0,21.00083247299923,5.5473220968256225,both<5,True,False,False,,-4.507651,1.8674966
O=C(c1nnn(Cc2ccc3c(c2)OCO3)c1-c1ccc(Br)cc1)N1CCC1,O=C(c1nnn(Cc2ccc3c(c2)OCO3)c1-c1ccc(Br)cc1)N1CCC1,中毒,9.096299,13.107025,42.5,4.672229881625483,3.242535968307072,both<5,True,False,False,,4.9096813,-28.26533
O=C(c1nnn(-c2ccccc2CCO)c1-c1ccc(Br)cc1)N1CCC1,O=C(c1nnn(-c2ccccc2CCO)c1-c1ccc(Br)cc1)N1CCC1,中毒,8.049129,18.86946,42.5,5.280074403081376,2.2523167064664276,one>5-other<=5,True,False,False,,-28.165823,16.548922
O=C(c1nnn(C=Cc2c3cccc(Cl)c3c(Cl)n2Cc2cccs2)c1-c1ccc(Br)cc1)N1CCC1,O=C(c1nnn(C=Cc2c3cccc(Cl)c3c(Cl)n2Cc2cccs2)c1-c1ccc(Br)cc1)N1CCC1,中毒,5.457919,24.06832,42.5,7.7868506293332675,1.7658066703450843,one>5-other<=5,True,False,False,,33.293694,19.358732
O=C(c1nnn(-c2cc3ccc(CO)cc3s2)c1-c1ccc(Br)cc1)N1CCC1,O=C(c1nnn(-c2cc3ccc(CO)cc3s2)c1-c1ccc(Br)cc1)N1CCC1,中毒,6.626817,61.09055,42.5,6.413335391636739,0.6956886130506273,one>5-other<=5,True,False,False,,-27.89172,0.88111514
O=C(c1nnn(C2SO[S+]2)c1-c1ccc(Br)cc1)N1CCC1,O=C(c1nnn(C2SO[S+]2)c1-c1ccc(Br)cc1)N1CCC1,中毒,13.415327,22.23167,42.5,3.1680181929221702,1.9116872461672918,both<5,True,False,False,,-0.7350728,28.345015
O=C(c1nnn(-c2ncc3nc2C(I)=CC=C3)c1-c1ccc(Br)cc1)N1CCC1,O=C(c1nnn(-c2ncc3nc2C(I)=CC=C3)c1-c1ccc(Br)cc1)N1CCC1,中毒,19.355242,22.002628,42.5,2.1957875804394487,1.9315874449179433,both<5,True,False,False,,-19.312372,17.660192
O=C(c1nnn(-c2nnon2)c1-c1ccc(Br)cc1)N1CCC1,O=C(c1nnn(-c2nnon2)c1-c1ccc(Br)cc1)N1CCC1,中毒,22.438305,24.27908,42.5,1.8940824630024415,1.7504781894536365,both<5,False,False,False,,-13.181913,17.142645
O=C(c1nnn(C2CC[N+](SC3Oc4ccsc43)C(c3ccc(Br)cc3)=C2Sc2ccccn2)c1-c1ccc(Br)cc1)N1CCC1,O=C(c1nnn(C2CC[N+](SC3Oc4ccsc43)C(c3ccc(Br)cc3)=C2Sc2ccccn2)c1-c1ccc(Br)cc1)N1CCC1,中毒,6.6535254,15.78,42.5,6.387591155810422,2.6932826362484157,one>5-other<=5,True,False,False,,-0.6796888,32.927876
Cn1c(NCc2scnc2-c2ccc([SH]3C(N4CC4)P(CCCCc4ccoc4)OP3(=O)O)cc2)ccc1-n1nnc(C(=O)N2CCC2)c1-c1ccc(Br)cc1,Cn1c(NCc2scnc2-c2ccc([SH]3C(N4CC4)P(CCCCc4ccoc4)OP3(=O)O)cc2)ccc1-n1nnc(C(=O)N2CCC2)c1-c1ccc(Br)cc1,中毒,6.5492473,19.93801,42.5,6.489295342382322,2.131606915635011,one>5-other<=5,True,False,False,,-14.578848,-1.6636548
O=C(c1nnn(C2NCCS2)c1-c1ccc(Br)cc1)N1CCC1,O=C(c1nnn(C2NCCS2)c1-c1ccc(Br)cc1)N1CCC1,中毒,13.415327,28.355547,42.5,3.1680181929221702,1.4988249036423102,both<5,True,False,False,,2.102721,28.663603
O=C(c1nnn(C2=CC3=CC4=CC=C2SC(CC3)CO4)c1-c1ccc(Br)cc1)N1CCC1,O=C(c1nnn(C2=CC3=CC4=CC=C2SC(CC3)CO4)c1-c1ccc(Br)cc1)N1CCC1,中毒,3.8964434,16.305914,42.5,10.90738287126152,2.606416297792322,one>10-other<5,True,True,False,,-16.373718,1.4703476
[2H]S(=O)(=O)n1nnc(C(=O)N2CCC2)c1-c1ccc(Br)cc1,[2H]S(=O)(=O)n1nnc(C(=O)N2CCC2)c1-c1ccc(Br)cc1,低毒,17.93811,86.39223,250.0,13.936808281362973,2.893778757649849,one>10-other<5,True,False,False,,6.3620067,-1.4792547
O=C(c1nnn(C2Nc3ccccc32)c1-c1ccc(Br)cc1)N1CCC1,O=C(c1nnn(C2Nc3ccccc32)c1-c1ccc(Br)cc1)N1CCC1,中毒,8.051607,13.406676,42.5,5.278449382837488,3.1700624375497704,one>5-other<=5,True,False,False,,3.6158333,32.05055
O=C(c1nnn(C(Br)CBr)c1-c1ccc(Br)cc1)N1CCC1,O=C(c1nnn(C(Br)CBr)c1-c1ccc(Br)cc1)N1CCC1,低毒,12.366438,24.869268,250.0,20.21600722859727,10.052567691176113,both>10,True,False,False,,-10.1189995,-15.413872
CN1CC([SH]=Cc2ccc(Cl)cc2-n2cnnc2)N=C1n1nnc(C(=O)N2CCC2)c1-c1ccc(Br)cc1,CN1CC([SH]=Cc2ccc(Cl)cc2-n2cnnc2)N=C1n1nnc(C(=O)N2CCC2)c1-c1ccc(Br)cc1,中毒,6.4586854,12.979462,42.5,6.580286446526719,3.2744038235174924,one>5-other<=5,True,False,False,,-28.733679,23.006495
O=C(c1nnn(CC#[SH])c1-c1ccc(Br)cc1)N1CCC1,O=C(c1nnn(CC#[SH])c1-c1ccc(Br)cc1)N1CCC1,低毒,14.7157955,25.001862,250.0,16.988548121642488,9.999255255468572,both<5,True,False,False,,3.2638333,-36.483852
O=C(c1nnn(-c2cc(Br)on2)c1-c1ccc(Br)cc1)N1CCC1,O=C(c1nnn(-c2cc(Br)on2)c1-c1ccc(Br)cc1)N1CCC1,中毒,3.986685,26.42684,42.5,10.660486093082348,1.608213467822865,one>10-other<5,True,True,False,,-12.207319,14.343701
O=C(c1nnn(CNCCCl)c1-c1ccc(Br)cc1)N1CCC1,O=C(c1nnn(CNCCCl)c1-c1ccc(Br)cc1)N1CCC1,中毒,14.7157955,16.651882,42.5,2.8880531806792233,2.5522640624044777,both<5,True,False,False,,-8.505099,-42.521584
O=C(c1nnn(C=NOCCO)c1-c1ccc(Br)cc1)N1CCC1,O=C(c1nnn(C=NOCCO)c1-c1ccc(Br)cc1)N1CCC1,低毒,9.972353,15.390113,250.0,25.06930911892108,16.244195218059804,both>10,True,False,False,,36.563725,34.929012
O=C(c1nnn(N2CCCCN2c2cccs2)c1-c1ccc(Br)cc1)N1CCC1,O=C(c1nnn(N2CCCCN2c2cccs2)c1-c1ccc(Br)cc1)N1CCC1,中毒,30.58619,38.00663,42.5,1.3895159874440066,1.1182259516300181,both<5,False,False,False,,-7.899597,-3.7344563
O=C(c1nnn(C=NNCCl)c1-c1ccc(Br)cc1)N1CCC1,O=C(c1nnn(C=NNCCl)c1-c1ccc(Br)cc1)N1CCC1,低毒,13.082877,14.792451,250.0,19.10894675536581,16.900512295088895,both>10,True,False,False,,34.771988,32.88833
O=C(c1nnn(C(=S)CBr)c1-c1ccc(Br)cc1)N1CCC1,O=C(c1nnn(C(=S)CBr)c1-c1ccc(Br)cc1)N1CCC1,中毒,16.814655,41.7118,42.5,2.5275570625742843,1.018896331493726,both<5,True,False,False,,14.621022,-1.4628086
O=C(c1nnn(C2CNc3sccc32)c1-c1ccc(Br)cc1)N1CCC1,O=C(c1nnn(C2CNc3sccc32)c1-c1ccc(Br)cc1)N1CCC1,中毒,5.9353147,17.28152,42.5,7.16053017374125,2.459274415676399,one>5-other<=5,True,False,False,,-0.12084328,33.457714
O=C(c1nnn(-c2cc(CNc3nsc4ccncc34)ccc2Br)c1-c1ccc(Br)cc1)N1CCC1,O=C(c1nnn(-c2cc(CNc3nsc4ccncc34)ccc2Br)c1-c1ccc(Br)cc1)N1CCC1,中毒,7.5887036,17.503733,42.5,5.600429564807354,2.428053490075517,one>5-other<=5,True,False,False,,-30.616295,11.413031
O=C(c1nnn(CCC[n+]2c3c(cc4c(O)cccc42)NC2=CC=C2C3)c1-c1ccc(Br)cc1)N1CCC1,O=C(c1nnn(CCC[n+]2c3c(cc4c(O)cccc42)NC2=CC=C2C3)c1-c1ccc(Br)cc1)N1CCC1,中毒,6.111718,13.251189,42.5,6.95385487353965,3.207259363669177,one>5-other<=5,True,False,False,,3.3613787,-45.70354
O=C(c1nnn(CC2OCc3cnc(Br)cc32)c1-c1ccc(Br)cc1)N1CCC1,O=C(c1nnn(CC2OCc3cnc(Br)cc32)c1-c1ccc(Br)cc1)N1CCC1,中毒,17.47563,27.226135,42.5,2.4319581039424616,1.5610001199215386,both<5,True,False,False,,-1.5039195,-36.8309
O=C(c1nnn(C=CCCBr)c1-c1ccc(Br)cc1)N1CCC1,O=C(c1nnn(C=CCCBr)c1-c1ccc(Br)cc1)N1CCC1,中毒,19.270475,16.651882,42.5,2.2054464147873882,2.5522640624044777,both<5,True,False,False,,36.03274,27.13614
NCC(F)n1nnc(C(=O)N2CCC2)c1-c1ccc(Br)cc1,NCC(F)n1nnc(C(=O)N2CCC2)c1-c1ccc(Br)cc1,中毒,9.972353,25.001862,42.5,4.261782550216584,1.6998733934296575,both<5,True,False,False,,-11.137502,-12.818683
O=C(c1nnn(CC2=CC=CC=[N+]2)c1-c1ccc(Br)cc1)N1CCC1,O=C(c1nnn(CC2=CC=CC=[N+]2)c1-c1ccc(Br)cc1)N1CCC1,低毒,20.679974,26.122011,250.0,12.088990053855966,9.570472962437693,both<5,False,False,False,,0.3359716,-31.578121
O=C(c1nnn(C=Cn2cc(Sc3nccc4sccc34)cn2)c1-c1ccc(Br)cc1)N1CCC1,O=C(c1nnn(C=Cn2cc(Sc3nccc4sccc34)cn2)c1-c1ccc(Br)cc1)N1CCC1,中毒,7.225126,14.1541815,42.5,5.882250357986837,3.002646249802576,one>5-other<=5,True,False,False,,29.419172,23.17861
O=C(c1nnn(C=Nc2cccnn2)c1-c1ccc(Br)cc1)N1CCC1,O=C(c1nnn(C=Nc2cccnn2)c1-c1ccc(Br)cc1)N1CCC1,低毒,7.248517,18.107738,250.0,34.489813571520905,13.80625233256633,both>10,True,False,False,,27.877054,35.035492
O=C(c1nnn(Cc2c(Cl)cccc2I)c1-c1ccc(Br)cc1)N1CCC1,O=C(c1nnn(Cc2c(Cl)cccc2I)c1-c1ccc(Br)cc1)N1CCC1,中毒,5.816992,15.02365,42.5,7.306181614140092,2.828873143343994,one>5-other<=5,True,False,False,,-1.677808,-23.86668
O=C(c1nnn(C=Cc2cccc3nc4ccccc4n23)c1-c1ccc(Br)cc1)N1CCC1,O=C(c1nnn(C=Cc2cccc3nc4ccccc4n23)c1-c1ccc(Br)cc1)N1CCC1,中毒,14.673306,14.631342,42.5,2.89641611781285,2.904723298792414,both<5,True,False,False,,36.66475,23.288929
O=C(c1nnn(-c2c3cc-3ccccn2[O-])c1-c1ccc(Br)cc1)N1CCC1,O=C(c1nnn(-c2c3cc-3ccccn2[O-])c1-c1ccc(Br)cc1)N1CCC1,中毒,7.640255,31.163084,42.5,5.562641561047373,1.363793134209695,one>5-other<=5,True,False,False,,-22.70927,11.663709
O=C(c1nnn(C2NC(=S)S2)c1-c1ccc(Br)cc1)N1CCC1,O=C(c1nnn(C2NC(=S)S2)c1-c1ccc(Br)cc1)N1CCC1,中毒,11.73801,65.58063,42.5,3.6207159475924797,0.6480572083555769,both<5,True,False,False,,2.754731,29.232737
NC(=S)n1nnc(C(=O)N2CCC2)c1-c1ccc(Br)cc1,NC(=S)n1nnc(C(=O)N2CCC2)c1-c1ccc(Br)cc1,低毒,16.814655,29.177204,250.0,14.867982721025202,8.568333004080857,both<5,True,False,False,,14.418199,-0.14659446
O=C(c1nnn(C23CC4CC(C2)OC(C4)C3)c1-c1ccc(Br)cc1)N1CCC1,O=C(c1nnn(C23CC4CC(C2)OC(C4)C3)c1-c1ccc(Br)cc1)N1CCC1,中毒,7.502496,21.800407,42.5,5.664781427407625,1.9495048876839776,one>5-other<=5,True,False,False,,10.459835,7.987568
O=C(c1nnn(P2C3=CC=CC=CN=[PH]32)c1-c1ccc(Br)cc1)N1CCC1,O=C(c1nnn(P2C3=CC=CC=CN=[PH]32)c1-c1ccc(Br)cc1)N1CCC1,中毒,7.0448213,16.982899,42.5,6.032800292606429,2.5025173852826894,one>5-other<=5,True,False,False,,3.1702735,1.5288495
O=C(c1nnn(COCc2cccs2)c1-c1ccc(Br)cc1)N1CCC1,O=C(c1nnn(COCc2cccs2)c1-c1ccc(Br)cc1)N1CCC1,中毒,12.558582,18.78347,42.5,3.3841400247257214,2.262627725335095,both<5,True,False,False,,9.461832,-31.421343
O=C(c1nnn(C2=NC2CCCCN2CCCCC2)c1-c1ccc(Br)cc1)N1CCC1,O=C(c1nnn(C2=NC2CCCCN2CCCCC2)c1-c1ccc(Br)cc1)N1CCC1,中毒,9.326939,30.059496,42.5,4.556693251665954,1.4138626941715855,both<5,True,False,False,,-16.588202,-5.544484
O=C(c1nnn(N=Cc2c3ccncc3nc3ncccc23)c1-c1ccc(Br)cc1)N1CCC1,O=C(c1nnn(N=Cc2c3ccncc3nc3ncccc23)c1-c1ccc(Br)cc1)N1CCC1,中毒,6.4861035,130.76042,42.5,6.552470215746634,0.32502189882840693,one>5-other<=5,True,False,False,,16.622839,23.332336
O=C(c1nnn(CC2=NCC3CNON23)c1-c1ccc(Br)cc1)N1CCC1,O=C(c1nnn(CC2=NCC3CNON23)c1-c1ccc(Br)cc1)N1CCC1,中毒,6.252459,16.981007,42.5,6.797325660192254,2.5027962122623233,one>5-other<=5,True,False,False,,2.252767,-30.770557
O=C(c1nnn(-c2noc3cccc(I)c23)c1-c1ccc(Br)cc1)N1CCC1,O=C(c1nnn(-c2noc3cccc(I)c23)c1-c1ccc(Br)cc1)N1CCC1,中毒,5.046358,37.506287,42.5,8.42191536946051,1.133143358072208,one>5-other<=5,True,False,False,,-21.53506,17.994806
O=C(c1nnn(-c2nc3ccc(F)cc3s2)c1-c1ccc(Br)cc1)N1CCC1,O=C(c1nnn(-c2nc3ccc(F)cc3s2)c1-c1ccc(Br)cc1)N1CCC1,中毒,6.8965364,24.051994,42.5,6.162513693105426,1.767005263680009,one>5-other<=5,True,False,False,,-29.441525,-3.3134503
O=C(c1nnn(-n2sc3oc4cn[nH]c(=O)c4c32)c1-c1ccc(Br)cc1)N1CCC1,O=C(c1nnn(-n2sc3oc4cn[nH]c(=O)c4c32)c1-c1ccc(Br)cc1)N1CCC1,中毒,16.029278,20.412188,42.5,2.6513982725859515,2.082089386987813,both<5,True,False,False,,-3.5828192,-0.61130977
O=C(c1nnn(CCCNCc2cnn[nH]2)c1-c1ccc(Br)cc1)N1CCC1,O=C(c1nnn(CCCNCc2cnn[nH]2)c1-c1ccc(Br)cc1)N1CCC1,低毒,14.7157955,41.466076,250.0,16.988548121642488,6.029024786430237,both<5,True,False,False,,-1.9194981,-47.194473
O=C(c1nnn([SH](=O)(Cl)CCl)c1-c1ccc(Br)cc1)N1CCC1,O=C(c1nnn([SH](=O)(Cl)CCl)c1-c1ccc(Br)cc1)N1CCC1,中毒,8.971934,59.5146,42.5,4.736994275704659,0.7141104871745756,both<5,True,False,False,,0.7134847,-15.002044
O=C(c1nnn(C2CCN2CCN=C2NOCS2)c1-c1ccc(Br)cc1)N1CCC1,O=C(c1nnn(C2CCN2CCN=C2NOCS2)c1-c1ccc(Br)cc1)N1CCC1,低毒,23.463049,29.816435,250.0,10.6550516942619,8.384637532957914,both<5,False,False,False,,-0.035117146,20.800219
O=C(c1nnn(C2N=N2)c1-c1ccc(Br)cc1)N1CCC1,O=C(c1nnn(C2N=N2)c1-c1ccc(Br)cc1)N1CCC1,中毒,12.558582,16.09387,42.5,3.3841400247257214,2.64075700872444,both<5,True,False,False,,1.0537523,25.402369
CNC(c1ccccc1)n1nnc(C(=O)N2CCC2)c1-c1ccc(Br)cc1,CNC(c1ccccc1)n1nnc(C(=O)N2CCC2)c1-c1ccc(Br)cc1,中毒,9.096299,15.842161,42.5,4.672229881625483,2.6827148139701396,both<5,True,False,False,,-9.291168,-10.289174
O=C(c1nnn(-c2nc(Nc3ccc(Oc4ccc(F)cc4)c(Br)c3)sc2Br)c1-c1ccc(Br)cc1)N1CCC1,O=C(c1nnn(-c2nc(Nc3ccc(Oc4ccc(F)cc4)c(Br)c3)sc2Br)c1-c1ccc(Br)cc1)N1CCC1,中毒,7.843804,12.652781,42.5,5.418289391218853,3.3589453575462977,one>5-other<=5,True,False,False,,-24.86481,6.9068084
[N-]=[N+]=NOS(=O)(=O)Oc1ccc(-n2nnc(C(=O)N3CCC3)c2-c2ccc(Br)cc2)c(C(O)(CSS)c2ccc([N+](=O)[O-])s2)c1,[N-]=[N+]=NOS(=O)(=O)Oc1ccc(-n2nnc(C(=O)N3CCC3)c2-c2ccc(Br)cc2)c(C(O)(CSS)c2ccc([N+](=O)[O-])s2)c1,中毒,13.175929,11.343716,42.5,3.225579008508622,3.7465677032111873,both<5,True,False,False,,-26.43301,26.135223
O=C(c1nnn(C23CC4C(CBr)CCN4C2C3)c1-c1ccc(Br)cc1)N1CCC1,O=C(c1nnn(C23CC4C(CBr)CCN4C2C3)c1-c1ccc(Br)cc1)N1CCC1,中毒,3.8838508,22.384533,42.5,10.942747852208948,1.8986324173035014,one>10-other<5,True,True,False,,7.8663116,7.537856
O=C(c1nnn(OS(=O)(=O)CBr)c1-c1ccc(Br)cc1)N1CCC1,O=C(c1nnn(OS(=O)(=O)CBr)c1-c1ccc(Br)cc1)N1CCC1,中毒,18.730022,22.230555,42.5,2.269084360926004,1.9117831291211578,both<5,True,False,False,,18.738876,-13.244396
O=C(c1nnn(-c2ccc3c(=O)ccoc3c2)c1-c1ccc(Br)cc1)N1CCC1,O=C(c1nnn(-c2ccc3c(=O)ccoc3c2)c1-c1ccc(Br)cc1)N1CCC1,中毒,9.969531,48.995316,42.5,4.262988900882098,0.8674298579888738,both<5,True,False,False,,-17.579807,9.277116
O=C(c1nnn(C(F)c2ccccc2)c1-c1ccc(Br)cc1)N1CCC1,O=C(c1nnn(C(F)c2ccccc2)c1-c1ccc(Br)cc1)N1CCC1,中毒,6.7425137,23.908426,42.5,6.303287155352758,1.7776159752214555,one>5-other<=5,True,False,False,,-10.059734,-10.385689
O=C(c1nnn(-c2cccn[n+]2-c2ccc[nH]2)c1-c1ccc(Br)cc1)N1CCC1,O=C(c1nnn(-c2cccn[n+]2-c2ccc[nH]2)c1-c1ccc(Br)cc1)N1CCC1,中毒,7.968241,26.32129,42.5,5.33367401914676,1.614662503243572,one>5-other<=5,True,False,False,,-18.725508,12.208259
O=C(c1nnn([S+](F)F)c1-c1ccc(Br)cc1)N1CCC1,O=C(c1nnn([S+](F)F)c1-c1ccc(Br)cc1)N1CCC1,低毒,10.134259,178.6894,250.0,24.668799169233782,1.3990757146198936,one>10-other<5,True,False,False,,2.9802964,11.490892
O=C(c1nnn(-c2coc3c4sc-4cccnc23)c1-c1ccc(Br)cc1)N1CCC1,O=C(c1nnn(-c2coc3c4sc-4cccnc23)c1-c1ccc(Br)cc1)N1CCC1,中毒,5.6328483,50.095814,42.5,7.545028329628547,0.8483742773398193,one>5-other<=5,True,False,False,,-31.67144,17.464314
O=C(c1nnn(-c2nsnc2Br)c1-c1ccc(Br)cc1)N1CCC1,O=C(c1nnn(-c2nsnc2Br)c1-c1ccc(Br)cc1)N1CCC1,中毒,16.938856,23.628412,42.5,2.5090242221788768,1.7986820273829658,both<5,True,False,False,,-32.17103,2.3036797
O=C(c1nnn(S23CCNCCN2CCNCC3)c1-c1ccc(Br)cc1)N1CCC1,O=C(c1nnn(S23CCNCCN2CCNCC3)c1-c1ccc(Br)cc1)N1CCC1,低毒,13.350813,16.341145,250.0,18.725451401349115,15.298805561054625,both>10,True,False,False,,-2.3856263,8.446827
O=C(c1nnn(C(F)(Br)Br)c1-c1ccc(Br)cc1)N1CCC1,O=C(c1nnn(C(F)(Br)Br)c1-c1ccc(Br)cc1)N1CCC1,中毒,9.794077,22.538069,42.5,4.33935734832389,1.8856983710538822,both<5,True,False,False,,3.7568495,-5.1925197
O=C(c1nnn(C2OCN2CN2C(c3cccs3)=NC2Br)c1-c1ccc(Br)cc1)N1CCC1,O=C(c1nnn(C2OCN2CN2C(c3cccs3)=NC2Br)c1-c1ccc(Br)cc1)N1CCC1,中毒,15.777735,26.077808,42.5,2.6936692750892317,1.6297382049902354,both<5,True,False,False,,-4.275789,28.324657
O=C(c1nnn(N(CF)SSS)c1-c1ccc(Br)cc1)N1CCC1,O=C(c1nnn(N(CF)SSS)c1-c1ccc(Br)cc1)N1CCC1,中毒,17.293732,22.472712,42.5,2.457537794618305,1.8911825150431332,both<5,True,False,False,,3.427025,-11.59103
O=C(c1nnn(N=C2OCCOCC=CCSS2)c1-c1ccc(Br)cc1)N1CCC1,O=C(c1nnn(N=C2OCCOCC=CCSS2)c1-c1ccc(Br)cc1)N1CCC1,中毒,15.272773,54.967697,42.5,2.782729763612672,0.7731813832404149,both<5,True,False,False,,19.15197,17.23328
O=C(c1nnn(C23CC4CC2C(OS(C(F)(F)F)(S(=O)(=O)c2cc(Cl)cc(NC5=NCCS5)c2)C4)S3)c1-c1ccc(Br)cc1)N1CCC1,O=C(c1nnn(C23CC4CC2C(OS(C(F)(F)F)(S(=O)(=O)c2cc(Cl)cc(NC5=NCCS5)c2)C4)S3)c1-c1ccc(Br)cc1)N1CCC1,中毒,4.546667,22.093523,42.5,9.347506646077225,1.9236406977737321,one>5-other<=5,True,True,False,,10.581399,6.390735
O=C(c1nnn(C2c3ccc(Br)cc3-c3[nH]ncc32)c1-c1ccc(Br)cc1)N1CCC1,O=C(c1nnn(C2c3ccc(Br)cc3-c3[nH]ncc32)c1-c1ccc(Br)cc1)N1CCC1,中毒,5.753881,13.844113,42.5,7.386318903710383,3.0698969301969723,one>5-other<=5,True,False,False,,1.4100288,32.839275
O=C(c1nnn(C23CC4CC(CS2)CC(C4)C3)c1-c1ccc(Br)cc1)N1CCC1,O=C(c1nnn(C23CC4CC(CS2)CC(C4)C3)c1-c1ccc(Br)cc1)N1CCC1,中毒,9.6648655,28.355547,42.5,4.397371075676118,1.4988249036423102,both<5,True,False,False,,10.159781,8.898759
O=C(c1nnn(-c2cc(Br)c(Br)cc2Br)c1-c1ccc(Br)cc1)N1CCC1,O=C(c1nnn(-c2cc(Br)c(Br)cc2Br)c1-c1ccc(Br)cc1)N1CCC1,中毒,10.614689,27.31082,42.5,4.003885558964563,1.5561597930783477,both<5,True,False,False,,-27.815775,11.658044
O=C(c1nnn(CCCC[S+]2CSCCN2)c1-c1ccc(Br)cc1)N1CCC1,O=C(c1nnn(CCCC[S+]2CSCCN2)c1-c1ccc(Br)cc1)N1CCC1,中毒,11.713761,25.001862,42.5,3.628211297806059,1.6998733934296575,both<5,True,False,False,,1.477871,-46.41259
O=C(c1nnn(CCn2ncc3c(N4CCOCC4)c[nH]c32)c1-c1ccc(Br)cc1)N1CCC1,O=C(c1nnn(CCn2ncc3c(N4CCOCC4)c[nH]c32)c1-c1ccc(Br)cc1)N1CCC1,中毒,6.5218377,22.054382,42.5,6.516568175255266,1.9270546778413469,one>5-other<=5,True,False,False,,3.5718293,-40.344826
O=C(c1nnn(C(Cl)CCl)c1-c1ccc(Br)cc1)N1CCC1,O=C(c1nnn(C(Cl)CCl)c1-c1ccc(Br)cc1)N1CCC1,低毒,12.366438,25.001862,250.0,20.21600722859727,9.999255255468572,both<5,True,False,False,,-9.312444,-15.254759
O=C(c1nnn(Cc2ccc(F)cc2)c1-c1ccc(Br)cc1)N1CCC1,O=C(c1nnn(Cc2ccc(F)cc2)c1-c1ccc(Br)cc1)N1CCC1,中毒,9.096299,15.842161,42.5,4.672229881625483,2.6827148139701396,both<5,True,False,False,,2.4371383,-27.94684
O=C(c1nnn(-c2oc(Nc3cnc4ccc5ccccc5c4c3)nc2Cl)c1-c1ccc(Br)cc1)N1CCC1,O=C(c1nnn(-c2oc(Nc3cnc4ccc5ccccc5c4c3)nc2Cl)c1-c1ccc(Br)cc1)N1CCC1,中毒,12.235301,38.15531,42.5,3.4735557384325895,1.1138685545996088,both<5,True,False,False,,-34.310062,16.192652
O=C(c1nnn(CNc2c(Br)ccc3nsnc23)c1-c1ccc(Br)cc1)N1CCC1,O=C(c1nnn(CNc2c(Br)ccc3nsnc23)c1-c1ccc(Br)cc1)N1CCC1,中毒,7.093295,18.806505,42.5,5.991573732658799,2.259856363529534,one>5-other<=5,True,False,False,,-10.481688,-41.42176
O=C(c1nnn(C2(O)NS2(=O)=O)c1-c1ccc(Br)cc1)N1CCC1,O=C(c1nnn(C2(O)NS2(=O)=O)c1-c1ccc(Br)cc1)N1CCC1,低毒,12.281665,26.85301,250.0,20.355546255332644,9.30994328010156,both<5,True,False,False,,6.0083,2.9550593
O=C(c1nnn(CC2=CCSS2)c1-c1ccc(Br)cc1)N1CCC1,O=C(c1nnn(CC2=CCSS2)c1-c1ccc(Br)cc1)N1CCC1,低毒,9.5013275,25.35999,250.0,26.312112702146095,9.858048051280777,both<5,True,False,False,,2.8692791,-31.708477
NC(=S)Sn1nnc(C(=O)N2CCC2)c1-c1ccc(Br)cc1,NC(=S)Sn1nnc(C(=O)N2CCC2)c1-c1ccc(Br)cc1,低毒,10.659209,96.8648,250.0,23.453897939331146,2.580916906864,one>10-other<5,True,False,False,,19.203909,7.2790837
O=C(c1nnn(OCc2cnnn2-c2nnc(C3(c4ccccc4)CC3)o2)c1-c1ccc(Br)cc1)N1CCC1,O=C(c1nnn(OCc2cnnn2-c2nnc(C3(c4ccccc4)CC3)o2)c1-c1ccc(Br)cc1)N1CCC1,中毒,9.263802,23.297852,42.5,4.587749176849851,1.824202505879083,both<5,True,False,False,,24.01866,-18.77031
O=C(c1nnn(CCNC(Cl)Br)c1-c1ccc(Br)cc1)N1CCC1,O=C(c1nnn(CCNC(Cl)Br)c1-c1ccc(Br)cc1)N1CCC1,低毒,14.7157955,29.281906,250.0,16.988548121642488,8.537695599459953,both<5,True,False,False,,-3.838003,-45.768974
O=C(c1nnn(C2SC3=NN=NN2C(=S)N3C=Cc2cccs2)c1-c1ccc(Br)cc1)N1CCC1,O=C(c1nnn(C2SC3=NN=NN2C(=S)N3C=Cc2cccs2)c1-c1ccc(Br)cc1)N1CCC1,中毒,4.359111,50.496372,42.5,9.74969437575689,0.8416446234988921,one>5-other<=5,True,True,False,,31.826017,18.970888
O=C(c1nnn(C(=O)c2ccn[nH]2)c1-c1ccc(Br)cc1)N1CCC1,O=C(c1nnn(C(=O)c2ccn[nH]2)c1-c1ccc(Br)cc1)N1CCC1,中毒,10.601123,16.113152,42.5,4.009009234210376,2.6375969146198086,both<5,True,False,False,,10.951326,1.310323
O=C(c1nnn(-c2ccc(Br)cn2)c1-c1ccc(Br)cc1)N1CCC1,O=C(c1nnn(-c2ccc(Br)cn2)c1-c1ccc(Br)cc1)N1CCC1,中毒,10.152318,44.608845,42.5,4.186236089137476,0.9527258551527169,both<5,True,False,False,,-16.654411,14.399492
O=C(c1nnn(C#[S+]S[S-])c1-c1ccc(Br)cc1)N1CCC1,O=C(c1nnn(C#[S+]S[S-])c1-c1ccc(Br)cc1)N1CCC1,低毒,14.754608,16.651882,250.0,16.943859165895834,15.013318014143987,both>10,True,False,False,,3.1554265,9.113296
O=C(c1nnn(C=NCc2c[nH]nn2)c1-c1ccc(Br)cc1)N1CCC1,O=C(c1nnn(C=NCc2c[nH]nn2)c1-c1ccc(Br)cc1)N1CCC1,低毒,9.384396,18.107738,250.0,26.639967026114412,13.80625233256633,both>10,True,False,False,,32.555996,36.60803
N=c1oon1-n1nnc(C(=O)N2CCC2)c1-c1ccc(Br)cc1,N=c1oon1-n1nnc(C(=O)N2CCC2)c1-c1ccc(Br)cc1,中毒,10.659639,14.904946,42.5,3.9870018112245638,2.851402480760413,both<5,True,False,False,,-4.935579,-1.5206202
O=C(c1nnn(CC=CNCCO)c1-c1ccc(Br)cc1)N1CCC1,O=C(c1nnn(CC=CNCCO)c1-c1ccc(Br)cc1)N1CCC1,中毒,14.259107,20.843096,42.5,2.980551306614082,2.0390444874408296,both<5,True,False,False,,12.901558,-37.051968
O=C(c1nnn(SCc2c[nH]c3ccc(O)cc23)c1-c1ccc(Br)cc1)N1CCC1,O=C(c1nnn(SCc2c[nH]c3ccc(O)cc23)c1-c1ccc(Br)cc1)N1CCC1,中毒,9.760325,41.07136,42.5,4.354363199995902,1.0347843363355878,both<5,True,False,False,,22.199915,6.449134
O=C(c1nnn(C=NCCNC2=CO2)c1-c1ccc(Br)cc1)N1CCC1,O=C(c1nnn(C=NCCNC2=CO2)c1-c1ccc(Br)cc1)N1CCC1,低毒,11.124961,21.57851,250.0,22.471988890567793,11.585600674003905,both>10,True,False,False,,34.389473,36.777683
O=C(c1nnn(CCCn2cncn2)c1-c1ccc(Br)cc1)N1CCC1,O=C(c1nnn(CCCn2cncn2)c1-c1ccc(Br)cc1)N1CCC1,中毒,11.493674,37.757687,42.5,3.697686222873556,1.1255986098936623,both<5,True,False,False,,-14.511266,-33.830116
